IndicatorId,IndicatorName,IndicatorShortName,Source,SourceYear,Author,LocationId,Location,Iso2,Iso3,TimeId,Time,VariantId,Variant,SexId,Sex,AgeId,AgeStart,AgeEnd,Age,CategoryId,Category,EstimateTypeId,EstimateType,EstimateMethodId,EstimateMethod,Value
49,"Total population by sex","Total population by sex","World Population Prospects",2024,"United Nations Population Division",840,"United States of America","US","USA",41,"1990",4,"Median",3,"Both sexes",188,0,-1,"Total",0,"Not applicable",1,"Model-based Estimates",2,"Interpolation",253373387
49,"Total population by sex","Total population by sex","World Population Prospects",2024,"United Nations Population Division",840,"United States of America","US","USA",42,"1991",4,"Median",3,"Both sexes",188,0,-1,"Total",0,"Not applicable",1,"Model-based Estimates",2,"Interpolation",256471422.5
49,"Total population by sex","Total population by sex","World Population Prospects",2024,"United Nations Population Division",840,"United States of America","US","USA",43,"1992",4,"Median",3,"Both sexes",188,0,-1,"Total",0,"Not applicable",1,"Model-based Estimates",2,"Interpolation",259606019.5
49,"Total population by sex","Total population by sex","World Population Prospects",2024,"United Nations Population Division",840,"United States of America","US","USA",44,"1993",4,"Median",3,"Both sexes",188,0,-1,"Total",0,"Not applicable",1,"Model-based Estimates",2,"Interpolation",262633231.00000003
49,"Total population by sex","Total population by sex","World Population Prospects",2024,"United Nations Population Division",840,"United States of America","US","USA",45,"1994",4,"Median",3,"Both sexes",188,0,-1,"Total",0,"Not applicable",1,"Model-based Estimates",2,"Interpolation",265474810
49,"Total population by sex","Total population by sex","World Population Prospects",2024,"United Nations Population Division",840,"United States of America","US","USA",46,"1995",4,"Median",3,"Both sexes",188,0,-1,"Total",0,"Not applicable",1,"Model-based Estimates",2,"Interpolation",268205794.50000003
49,"Total population by sex","Total population by sex","World Population Prospects",2024,"United Nations Population Division",840,"United States of America","US","USA",47,"1996",4,"Median",3,"Both sexes",188,0,-1,"Total",0,"Not applicable",1,"Model-based Estimates",2,"Interpolation",270860696
49,"Total population by sex","Total population by sex","World Population Prospects",2024,"United Nations Population Division",840,"United States of America","US","USA",48,"1997",4,"Median",3,"Both sexes",188,0,-1,"Total",0,"Not applicable",1,"Model-based Estimates",2,"Interpolation",273468012.5
49,"Total population by sex","Total population by sex","World Population Prospects",2024,"United Nations Population Division",840,"United States of America","US","USA",49,"1998",4,"Median",3,"Both sexes",188,0,-1,"Total",0,"Not applicable",1,"Model-based Estimates",2,"Interpolation",276119332.5
49,"Total population by sex","Total population by sex","World Population Prospects",2024,"United Nations Population Division",840,"United States of America","US","USA",50,"1999",4,"Median",3,"Both sexes",188,0,-1,"Total",0,"Not applicable",1,"Model-based Estimates",2,"Interpolation",278785484
49,"Total population by sex","Total population by sex","World Population Prospects",2024,"United Nations Population Division",840,"United States of America","US","USA",51,"2000",4,"Median",3,"Both sexes",188,0,-1,"Total",0,"Not applicable",1,"Model-based Estimates",2,"Interpolation",281484130.5
49,"Total population by sex","Total population by sex","World Population Prospects",2024,"United Nations Population Division",840,"United States of America","US","USA",52,"2001",4,"Median",3,"Both sexes",188,0,-1,"Total",0,"Not applicable",1,"Model-based Estimates",2,"Interpolation",284279638.5
49,"Total population by sex","Total population by sex","World Population Prospects",2024,"United Nations Population Division",840,"United States of America","US","USA",53,"2002",4,"Median",3,"Both sexes",188,0,-1,"Total",0,"Not applicable",1,"Model-based Estimates",2,"Interpolation",287084338
49,"Total population by sex","Total population by sex","World Population Prospects",2024,"United Nations Population Division",840,"United States of America","US","USA",54,"2003",4,"Median",3,"Both sexes",188,0,-1,"Total",0,"Not applicable",1,"Model-based Estimates",2,"Interpolation",289908099.5
49,"Total population by sex","Total population by sex","World Population Prospects",2024,"United Nations Population Division",840,"United States of America","US","USA",55,"2004",4,"Median",3,"Both sexes",188,0,-1,"Total",0,"Not applicable",1,"Model-based Estimates",2,"Interpolation",292786253.5
49,"Total population by sex","Total population by sex","World Population Prospects",2024,"United Nations Population Division",840,"United States of America","US","USA",56,"2005",4,"Median",3,"Both sexes",188,0,-1,"Total",0,"Not applicable",1,"Model-based Estimates",2,"Interpolation",295716663.5
49,"Total population by sex","Total population by sex","World Population Prospects",2024,"United Nations Population Division",840,"United States of America","US","USA",57,"2006",4,"Median",3,"Both sexes",188,0,-1,"Total",0,"Not applicable",1,"Model-based Estimates",2,"Interpolation",298730209.5
49,"Total population by sex","Total population by sex","World Population Prospects",2024,"United Nations Population Division",840,"United States of America","US","USA",58,"2007",4,"Median",3,"Both sexes",188,0,-1,"Total",0,"Not applicable",1,"Model-based Estimates",2,"Interpolation",301844225.5
49,"Total population by sex","Total population by sex","World Population Prospects",2024,"United Nations Population Division",840,"United States of America","US","USA",59,"2008",4,"Median",3,"Both sexes",188,0,-1,"Total",0,"Not applicable",1,"Model-based Estimates",2,"Interpolation",304970332.5
49,"Total population by sex","Total population by sex","World Population Prospects",2024,"United Nations Population Division",840,"United States of America","US","USA",60,"2009",4,"Median",3,"Both sexes",188,0,-1,"Total",0,"Not applicable",1,"Model-based Estimates",2,"Interpolation",308023454.5
49,"Total population by sex","Total population by sex","World Population Prospects",2024,"United Nations Population Division",840,"United States of America","US","USA",61,"2010",4,"Median",3,"Both sexes",188,0,-1,"Total",0,"Not applicable",1,"Model-based Estimates",2,"Interpolation",311062790
49,"Total population by sex","Total population by sex","World Population Prospects",2024,"United Nations Population Division",840,"United States of America","US","USA",62,"2011",4,"Median",3,"Both sexes",188,0,-1,"Total",0,"Not applicable",1,"Model-based Estimates",2,"Interpolation",314105078
49,"Total population by sex","Total population by sex","World Population Prospects",2024,"United Nations Population Division",840,"United States of America","US","USA",63,"2012",4,"Median",3,"Both sexes",188,0,-1,"Total",0,"Not applicable",1,"Model-based Estimates",2,"Interpolation",317115354.5
49,"Total population by sex","Total population by sex","World Population Prospects",2024,"United Nations Population Division",840,"United States of America","US","USA",64,"2013",4,"Median",3,"Both sexes",188,0,-1,"Total",0,"Not applicable",1,"Model-based Estimates",2,"Interpolation",320110759
49,"Total population by sex","Total population by sex","World Population Prospects",2024,"United Nations Population Division",840,"United States of America","US","USA",65,"2014",4,"Median",3,"Both sexes",188,0,-1,"Total",0,"Not applicable",1,"Model-based Estimates",2,"Interpolation",323115377
49,"Total population by sex","Total population by sex","World Population Prospects",2024,"United Nations Population Division",840,"United States of America","US","USA",66,"2015",4,"Median",3,"Both sexes",188,0,-1,"Total",0,"Not applicable",1,"Model-based Estimates",2,"Interpolation",326126496.5
49,"Total population by sex","Total population by sex","World Population Prospects",2024,"United Nations Population Division",840,"United States of America","US","USA",67,"2016",4,"Median",3,"Both sexes",188,0,-1,"Total",0,"Not applicable",1,"Model-based Estimates",2,"Interpolation",329179426.5
49,"Total population by sex","Total population by sex","World Population Prospects",2024,"United Nations Population Division",840,"United States of America","US","USA",68,"2017",4,"Median",3,"Both sexes",188,0,-1,"Total",0,"Not applicable",1,"Model-based Estimates",2,"Interpolation",332204659.5
49,"Total population by sex","Total population by sex","World Population Prospects",2024,"United Nations Population Division",840,"United States of America","US","USA",69,"2018",4,"Median",3,"Both sexes",188,0,-1,"Total",0,"Not applicable",1,"Model-based Estimates",2,"Interpolation",335056497.5
49,"Total population by sex","Total population by sex","World Population Prospects",2024,"United Nations Population Division",840,"United States of America","US","USA",70,"2019",4,"Median",3,"Both sexes",188,0,-1,"Total",0,"Not applicable",1,"Model-based Estimates",2,"Interpolation",337790066.5
49,"Total population by sex","Total population by sex","World Population Prospects",2024,"United Nations Population Division",840,"United States of America","US","USA",71,"2020",4,"Median",3,"Both sexes",188,0,-1,"Total",0,"Not applicable",1,"Model-based Estimates",2,"Interpolation",339436158.5
49,"Total population by sex","Total population by sex","World Population Prospects",2024,"United Nations Population Division",840,"United States of America","US","USA",72,"2021",4,"Median",3,"Both sexes",188,0,-1,"Total",0,"Not applicable",1,"Model-based Estimates",2,"Interpolation",340161441
49,"Total population by sex","Total population by sex","World Population Prospects",2024,"United Nations Population Division",840,"United States of America","US","USA",73,"2022",4,"Median",3,"Both sexes",188,0,-1,"Total",0,"Not applicable",1,"Model-based Estimates",2,"Interpolation",341534045.5
49,"Total population by sex","Total population by sex","World Population Prospects",2024,"United Nations Population Division",840,"United States of America","US","USA",74,"2023",4,"Median",3,"Both sexes",188,0,-1,"Total",0,"Not applicable",1,"Model-based Estimates",3,"Projection",343477335
49,"Total population by sex","Total population by sex","World Population Prospects",2024,"United Nations Population Division",840,"United States of America","US","USA",75,"2024",1,"95% lower bound",3,"Both sexes",188,0,-1,"Total",0,"Not applicable",1,"Model-based Estimates",3,"Projection",345126256
49,"Total population by sex","Total population by sex","World Population Prospects",2024,"United Nations Population Division",840,"United States of America","US","USA",75,"2024",4,"Median",3,"Both sexes",188,0,-1,"Total",0,"Not applicable",1,"Model-based Estimates",3,"Projection",345426571
49,"Total population by sex","Total population by sex","World Population Prospects",2024,"United Nations Population Division",840,"United States of America","US","USA",75,"2024",6,"95% upper bound",3,"Both sexes",188,0,-1,"Total",0,"Not applicable",1,"Model-based Estimates",3,"Projection",345771740
49,"Total population by sex","Total population by sex","World Population Prospects",2024,"United Nations Population Division",840,"United States of America","US","USA",75,"2024",13,"Zero-migration",3,"Both sexes",188,0,-1,"Total",0,"Not applicable",1,"Model-based Estimates",3,"Projection",344783509.5
49,"Total population by sex","Total population by sex","World Population Prospects",2024,"United Nations Population Division",840,"United States of America","US","USA",76,"2025",1,"95% lower bound",3,"Both sexes",188,0,-1,"Total",0,"Not applicable",1,"Model-based Estimates",3,"Projection",346314755
49,"Total population by sex","Total population by sex","World Population Prospects",2024,"United Nations Population Division",840,"United States of America","US","USA",76,"2025",4,"Median",3,"Both sexes",188,0,-1,"Total",0,"Not applicable",1,"Model-based Estimates",3,"Projection",347275807.5
49,"Total population by sex","Total population by sex","World Population Prospects",2024,"United Nations Population Division",840,"United States of America","US","USA",76,"2025",6,"95% upper bound",3,"Both sexes",188,0,-1,"Total",0,"Not applicable",1,"Model-based Estimates",3,"Projection",348354532
49,"Total population by sex","Total population by sex","World Population Prospects",2024,"United Nations Population Division",840,"United States of America","US","USA",76,"2025",13,"Zero-migration",3,"Both sexes",188,0,-1,"Total",0,"Not applicable",1,"Model-based Estimates",3,"Projection",345364806
49,"Total population by sex","Total population by sex","World Population Prospects",2024,"United Nations Population Division",840,"United States of America","US","USA",77,"2026",1,"95% lower bound",3,"Both sexes",188,0,-1,"Total",0,"Not applicable",1,"Model-based Estimates",3,"Projection",347286584
49,"Total population by sex","Total population by sex","World Population Prospects",2024,"United Nations Population Division",840,"United States of America","US","USA",77,"2026",4,"Median",3,"Both sexes",188,0,-1,"Total",0,"Not applicable",1,"Model-based Estimates",3,"Projection",349035494
49,"Total population by sex","Total population by sex","World Population Prospects",2024,"United Nations Population Division",840,"United States of America","US","USA",77,"2026",6,"95% upper bound",3,"Both sexes",188,0,-1,"Total",0,"Not applicable",1,"Model-based Estimates",3,"Projection",350908150
49,"Total population by sex","Total population by sex","World Population Prospects",2024,"United Nations Population Division",840,"United States of America","US","USA",77,"2026",13,"Zero-migration",3,"Both sexes",188,0,-1,"Total",0,"Not applicable",1,"Model-based Estimates",3,"Projection",345891126.5
49,"Total population by sex","Total population by sex","World Population Prospects",2024,"United Nations Population Division",840,"United States of America","US","USA",78,"2027",1,"95% lower bound",3,"Both sexes",188,0,-1,"Total",0,"Not applicable",1,"Model-based Estimates",3,"Projection",348058437
49,"Total population by sex","Total population by sex","World Population Prospects",2024,"United Nations Population Division",840,"United States of America","US","USA",78,"2027",4,"Median",3,"Both sexes",188,0,-1,"Total",0,"Not applicable",1,"Model-based Estimates",3,"Projection",350728355
49,"Total population by sex","Total population by sex","World Population Prospects",2024,"United Nations Population Division",840,"United States of America","US","USA",78,"2027",6,"95% upper bound",3,"Both sexes",188,0,-1,"Total",0,"Not applicable",1,"Model-based Estimates",3,"Projection",353481170
49,"Total population by sex","Total population by sex","World Population Prospects",2024,"United Nations Population Division",840,"United States of America","US","USA",78,"2027",13,"Zero-migration",3,"Both sexes",188,0,-1,"Total",0,"Not applicable",1,"Model-based Estimates",3,"Projection",346358121
49,"Total population by sex","Total population by sex","World Population Prospects",2024,"United Nations Population Division",840,"United States of America","US","USA",79,"2028",1,"95% lower bound",3,"Both sexes",188,0,-1,"Total",0,"Not applicable",1,"Model-based Estimates",3,"Projection",348656934
49,"Total population by sex","Total population by sex","World Population Prospects",2024,"United Nations Population Division",840,"United States of America","US","USA",79,"2028",4,"Median",3,"Both sexes",188,0,-1,"Total",0,"Not applicable",1,"Model-based Estimates",3,"Projection",352404085.5
49,"Total population by sex","Total population by sex","World Population Prospects",2024,"United Nations Population Division",840,"United States of America","US","USA",79,"2028",6,"95% upper bound",3,"Both sexes",188,0,-1,"Total",0,"Not applicable",1,"Model-based Estimates",3,"Projection",356146789
49,"Total population by sex","Total population by sex","World Population Prospects",2024,"United Nations Population Division",840,"United States of America","US","USA",79,"2028",13,"Zero-migration",3,"Both sexes",188,0,-1,"Total",0,"Not applicable",1,"Model-based Estimates",3,"Projection",346764267
49,"Total population by sex","Total population by sex","World Population Prospects",2024,"United Nations Population Division",840,"United States of America","US","USA",80,"2029",1,"95% lower bound",3,"Both sexes",188,0,-1,"Total",0,"Not applicable",1,"Model-based Estimates",3,"Projection",349255788
49,"Total population by sex","Total population by sex","World Population Prospects",2024,"United Nations Population Division",840,"United States of America","US","USA",80,"2029",4,"Median",3,"Both sexes",188,0,-1,"Total",0,"Not applicable",1,"Model-based Estimates",3,"Projection",354050267.5
49,"Total population by sex","Total population by sex","World Population Prospects",2024,"United Nations Population Division",840,"United States of America","US","USA",80,"2029",6,"95% upper bound",3,"Both sexes",188,0,-1,"Total",0,"Not applicable",1,"Model-based Estimates",3,"Projection",358892700
49,"Total population by sex","Total population by sex","World Population Prospects",2024,"United Nations Population Division",840,"United States of America","US","USA",80,"2029",13,"Zero-migration",3,"Both sexes",188,0,-1,"Total",0,"Not applicable",1,"Model-based Estimates",3,"Projection",347110756.5
49,"Total population by sex","Total population by sex","World Population Prospects",2024,"United Nations Population Division",840,"United States of America","US","USA",81,"2030",1,"95% lower bound",3,"Both sexes",188,0,-1,"Total",0,"Not applicable",1,"Model-based Estimates",3,"Projection",349807569
49,"Total population by sex","Total population by sex","World Population Prospects",2024,"United Nations Population Division",840,"United States of America","US","USA",81,"2030",4,"Median",3,"Both sexes",188,0,-1,"Total",0,"Not applicable",1,"Model-based Estimates",3,"Projection",355649881
49,"Total population by sex","Total population by sex","World Population Prospects",2024,"United Nations Population Division",840,"United States of America","US","USA",81,"2030",6,"95% upper bound",3,"Both sexes",188,0,-1,"Total",0,"Not applicable",1,"Model-based Estimates",3,"Projection",361697248
49,"Total population by sex","Total population by sex","World Population Prospects",2024,"United Nations Population Division",840,"United States of America","US","USA",81,"2030",13,"Zero-migration",3,"Both sexes",188,0,-1,"Total",0,"Not applicable",1,"Model-based Estimates",3,"Projection",347397224
49,"Total population by sex","Total population by sex","World Population Prospects",2024,"United Nations Population Division",840,"United States of America","US","USA",82,"2031",1,"95% lower bound",3,"Both sexes",188,0,-1,"Total",0,"Not applicable",1,"Model-based Estimates",3,"Projection",350221891
49,"Total population by sex","Total population by sex","World Population Prospects",2024,"United Nations Population Division",840,"United States of America","US","USA",82,"2031",4,"Median",3,"Both sexes",188,0,-1,"Total",0,"Not applicable",1,"Model-based Estimates",3,"Projection",357222715.5
49,"Total population by sex","Total population by sex","World Population Prospects",2024,"United Nations Population Division",840,"United States of America","US","USA",82,"2031",6,"95% upper bound",3,"Both sexes",188,0,-1,"Total",0,"Not applicable",1,"Model-based Estimates",3,"Projection",364455056
49,"Total population by sex","Total population by sex","World Population Prospects",2024,"United Nations Population Division",840,"United States of America","US","USA",82,"2031",13,"Zero-migration",3,"Both sexes",188,0,-1,"Total",0,"Not applicable",1,"Model-based Estimates",3,"Projection",347619298.5
49,"Total population by sex","Total population by sex","World Population Prospects",2024,"United Nations Population Division",840,"United States of America","US","USA",83,"2032",1,"95% lower bound",3,"Both sexes",188,0,-1,"Total",0,"Not applicable",1,"Model-based Estimates",3,"Projection",350557739
49,"Total population by sex","Total population by sex","World Population Prospects",2024,"United Nations Population Division",840,"United States of America","US","USA",83,"2032",4,"Median",3,"Both sexes",188,0,-1,"Total",0,"Not applicable",1,"Model-based Estimates",3,"Projection",358769974
49,"Total population by sex","Total population by sex","World Population Prospects",2024,"United Nations Population Division",840,"United States of America","US","USA",83,"2032",6,"95% upper bound",3,"Both sexes",188,0,-1,"Total",0,"Not applicable",1,"Model-based Estimates",3,"Projection",367173354
49,"Total population by sex","Total population by sex","World Population Prospects",2024,"United Nations Population Division",840,"United States of America","US","USA",83,"2032",13,"Zero-migration",3,"Both sexes",188,0,-1,"Total",0,"Not applicable",1,"Model-based Estimates",3,"Projection",347775030.5
49,"Total population by sex","Total population by sex","World Population Prospects",2024,"United Nations Population Division",840,"United States of America","US","USA",84,"2033",1,"95% lower bound",3,"Both sexes",188,0,-1,"Total",0,"Not applicable",1,"Model-based Estimates",3,"Projection",350842538
49,"Total population by sex","Total population by sex","World Population Prospects",2024,"United Nations Population Division",840,"United States of America","US","USA",84,"2033",4,"Median",3,"Both sexes",188,0,-1,"Total",0,"Not applicable",1,"Model-based Estimates",3,"Projection",360294008.5
49,"Total population by sex","Total population by sex","World Population Prospects",2024,"United Nations Population Division",840,"United States of America","US","USA",84,"2033",6,"95% upper bound",3,"Both sexes",188,0,-1,"Total",0,"Not applicable",1,"Model-based Estimates",3,"Projection",369922443
49,"Total population by sex","Total population by sex","World Population Prospects",2024,"United Nations Population Division",840,"United States of America","US","USA",84,"2033",13,"Zero-migration",3,"Both sexes",188,0,-1,"Total",0,"Not applicable",1,"Model-based Estimates",3,"Projection",347867190.5
49,"Total population by sex","Total population by sex","World Population Prospects",2024,"United Nations Population Division",840,"United States of America","US","USA",85,"2034",1,"95% lower bound",3,"Both sexes",188,0,-1,"Total",0,"Not applicable",1,"Model-based Estimates",3,"Projection",350952893
49,"Total population by sex","Total population by sex","World Population Prospects",2024,"United Nations Population Division",840,"United States of America","US","USA",85,"2034",4,"Median",3,"Both sexes",188,0,-1,"Total",0,"Not applicable",1,"Model-based Estimates",3,"Projection",361801811
49,"Total population by sex","Total population by sex","World Population Prospects",2024,"United Nations Population Division",840,"United States of America","US","USA",85,"2034",6,"95% upper bound",3,"Both sexes",188,0,-1,"Total",0,"Not applicable",1,"Model-based Estimates",3,"Projection",372809995
49,"Total population by sex","Total population by sex","World Population Prospects",2024,"United Nations Population Division",840,"United States of America","US","USA",85,"2034",13,"Zero-migration",3,"Both sexes",188,0,-1,"Total",0,"Not applicable",1,"Model-based Estimates",3,"Projection",347892532
49,"Total population by sex","Total population by sex","World Population Prospects",2024,"United Nations Population Division",840,"United States of America","US","USA",86,"2035",1,"95% lower bound",3,"Both sexes",188,0,-1,"Total",0,"Not applicable",1,"Model-based Estimates",3,"Projection",350920869
49,"Total population by sex","Total population by sex","World Population Prospects",2024,"United Nations Population Division",840,"United States of America","US","USA",86,"2035",4,"Median",3,"Both sexes",188,0,-1,"Total",0,"Not applicable",1,"Model-based Estimates",3,"Projection",363284716
49,"Total population by sex","Total population by sex","World Population Prospects",2024,"United Nations Population Division",840,"United States of America","US","USA",86,"2035",6,"95% upper bound",3,"Both sexes",188,0,-1,"Total",0,"Not applicable",1,"Model-based Estimates",3,"Projection",375774541
49,"Total population by sex","Total population by sex","World Population Prospects",2024,"United Nations Population Division",840,"United States of America","US","USA",86,"2035",13,"Zero-migration",3,"Both sexes",188,0,-1,"Total",0,"Not applicable",1,"Model-based Estimates",3,"Projection",347850454.5
49,"Total population by sex","Total population by sex","World Population Prospects",2024,"United Nations Population Division",840,"United States of America","US","USA",87,"2036",1,"95% lower bound",3,"Both sexes",188,0,-1,"Total",0,"Not applicable",1,"Model-based Estimates",3,"Projection",350830130
49,"Total population by sex","Total population by sex","World Population Prospects",2024,"United Nations Population Division",840,"United States of America","US","USA",87,"2036",4,"Median",3,"Both sexes",188,0,-1,"Total",0,"Not applicable",1,"Model-based Estimates",3,"Projection",364731659.5
49,"Total population by sex","Total population by sex","World Population Prospects",2024,"United Nations Population Division",840,"United States of America","US","USA",87,"2036",6,"95% upper bound",3,"Both sexes",188,0,-1,"Total",0,"Not applicable",1,"Model-based Estimates",3,"Projection",378704301
49,"Total population by sex","Total population by sex","World Population Prospects",2024,"United Nations Population Division",840,"United States of America","US","USA",87,"2036",13,"Zero-migration",3,"Both sexes",188,0,-1,"Total",0,"Not applicable",1,"Model-based Estimates",3,"Projection",347745364
49,"Total population by sex","Total population by sex","World Population Prospects",2024,"United Nations Population Division",840,"United States of America","US","USA",88,"2037",1,"95% lower bound",3,"Both sexes",188,0,-1,"Total",0,"Not applicable",1,"Model-based Estimates",3,"Projection",350669036
49,"Total population by sex","Total population by sex","World Population Prospects",2024,"United Nations Population Division",840,"United States of America","US","USA",88,"2037",4,"Median",3,"Both sexes",188,0,-1,"Total",0,"Not applicable",1,"Model-based Estimates",3,"Projection",366152370
49,"Total population by sex","Total population by sex","World Population Prospects",2024,"United Nations Population Division",840,"United States of America","US","USA",88,"2037",6,"95% upper bound",3,"Both sexes",188,0,-1,"Total",0,"Not applicable",1,"Model-based Estimates",3,"Projection",381755139
49,"Total population by sex","Total population by sex","World Population Prospects",2024,"United Nations Population Division",840,"United States of America","US","USA",88,"2037",13,"Zero-migration",3,"Both sexes",188,0,-1,"Total",0,"Not applicable",1,"Model-based Estimates",3,"Projection",347574771.5
49,"Total population by sex","Total population by sex","World Population Prospects",2024,"United Nations Population Division",840,"United States of America","US","USA",89,"2038",1,"95% lower bound",3,"Both sexes",188,0,-1,"Total",0,"Not applicable",1,"Model-based Estimates",3,"Projection",350513445
49,"Total population by sex","Total population by sex","World Population Prospects",2024,"United Nations Population Division",840,"United States of America","US","USA",89,"2038",4,"Median",3,"Both sexes",188,0,-1,"Total",0,"Not applicable",1,"Model-based Estimates",3,"Projection",367551455.5
49,"Total population by sex","Total population by sex","World Population Prospects",2024,"United Nations Population Division",840,"United States of America","US","USA",89,"2038",6,"95% upper bound",3,"Both sexes",188,0,-1,"Total",0,"Not applicable",1,"Model-based Estimates",3,"Projection",384807534
49,"Total population by sex","Total population by sex","World Population Prospects",2024,"United Nations Population Division",840,"United States of America","US","USA",89,"2038",13,"Zero-migration",3,"Both sexes",188,0,-1,"Total",0,"Not applicable",1,"Model-based Estimates",3,"Projection",347336832.5
49,"Total population by sex","Total population by sex","World Population Prospects",2024,"United Nations Population Division",840,"United States of America","US","USA",90,"2039",1,"95% lower bound",3,"Both sexes",188,0,-1,"Total",0,"Not applicable",1,"Model-based Estimates",3,"Projection",350213206
49,"Total population by sex","Total population by sex","World Population Prospects",2024,"United Nations Population Division",840,"United States of America","US","USA",90,"2039",4,"Median",3,"Both sexes",188,0,-1,"Total",0,"Not applicable",1,"Model-based Estimates",3,"Projection",368906818
49,"Total population by sex","Total population by sex","World Population Prospects",2024,"United Nations Population Division",840,"United States of America","US","USA",90,"2039",6,"95% upper bound",3,"Both sexes",188,0,-1,"Total",0,"Not applicable",1,"Model-based Estimates",3,"Projection",387879063
49,"Total population by sex","Total population by sex","World Population Prospects",2024,"United Nations Population Division",840,"United States of America","US","USA",90,"2039",13,"Zero-migration",3,"Both sexes",188,0,-1,"Total",0,"Not applicable",1,"Model-based Estimates",3,"Projection",347032340.5
49,"Total population by sex","Total population by sex","World Population Prospects",2024,"United Nations Population Division",840,"United States of America","US","USA",91,"2040",1,"95% lower bound",3,"Both sexes",188,0,-1,"Total",0,"Not applicable",1,"Model-based Estimates",3,"Projection",349854244
49,"Total population by sex","Total population by sex","World Population Prospects",2024,"United Nations Population Division",840,"United States of America","US","USA",91,"2040",4,"Median",3,"Both sexes",188,0,-1,"Total",0,"Not applicable",1,"Model-based Estimates",3,"Projection",370209316
49,"Total population by sex","Total population by sex","World Population Prospects",2024,"United Nations Population Division",840,"United States of America","US","USA",91,"2040",6,"95% upper bound",3,"Both sexes",188,0,-1,"Total",0,"Not applicable",1,"Model-based Estimates",3,"Projection",390880853
49,"Total population by sex","Total population by sex","World Population Prospects",2024,"United Nations Population Division",840,"United States of America","US","USA",91,"2040",13,"Zero-migration",3,"Both sexes",188,0,-1,"Total",0,"Not applicable",1,"Model-based Estimates",3,"Projection",346659475
49,"Total population by sex","Total population by sex","World Population Prospects",2024,"United Nations Population Division",840,"United States of America","US","USA",92,"2041",1,"95% lower bound",3,"Both sexes",188,0,-1,"Total",0,"Not applicable",1,"Model-based Estimates",3,"Projection",349381847
49,"Total population by sex","Total population by sex","World Population Prospects",2024,"United Nations Population Division",840,"United States of America","US","USA",92,"2041",4,"Median",3,"Both sexes",188,0,-1,"Total",0,"Not applicable",1,"Model-based Estimates",3,"Projection",371469478
49,"Total population by sex","Total population by sex","World Population Prospects",2024,"United Nations Population Division",840,"United States of America","US","USA",92,"2041",6,"95% upper bound",3,"Both sexes",188,0,-1,"Total",0,"Not applicable",1,"Model-based Estimates",3,"Projection",393754889
49,"Total population by sex","Total population by sex","World Population Prospects",2024,"United Nations Population Division",840,"United States of America","US","USA",92,"2041",13,"Zero-migration",3,"Both sexes",188,0,-1,"Total",0,"Not applicable",1,"Model-based Estimates",3,"Projection",346216361
49,"Total population by sex","Total population by sex","World Population Prospects",2024,"United Nations Population Division",840,"United States of America","US","USA",93,"2042",1,"95% lower bound",3,"Both sexes",188,0,-1,"Total",0,"Not applicable",1,"Model-based Estimates",3,"Projection",348721096
49,"Total population by sex","Total population by sex","World Population Prospects",2024,"United Nations Population Division",840,"United States of America","US","USA",93,"2042",4,"Median",3,"Both sexes",188,0,-1,"Total",0,"Not applicable",1,"Model-based Estimates",3,"Projection",372704772
49,"Total population by sex","Total population by sex","World Population Prospects",2024,"United Nations Population Division",840,"United States of America","US","USA",93,"2042",6,"95% upper bound",3,"Both sexes",188,0,-1,"Total",0,"Not applicable",1,"Model-based Estimates",3,"Projection",396696445
49,"Total population by sex","Total population by sex","World Population Prospects",2024,"United Nations Population Division",840,"United States of America","US","USA",93,"2042",13,"Zero-migration",3,"Both sexes",188,0,-1,"Total",0,"Not applicable",1,"Model-based Estimates",3,"Projection",345701606
49,"Total population by sex","Total population by sex","World Population Prospects",2024,"United Nations Population Division",840,"United States of America","US","USA",94,"2043",1,"95% lower bound",3,"Both sexes",188,0,-1,"Total",0,"Not applicable",1,"Model-based Estimates",3,"Projection",347672053
49,"Total population by sex","Total population by sex","World Population Prospects",2024,"United Nations Population Division",840,"United States of America","US","USA",94,"2043",4,"Median",3,"Both sexes",188,0,-1,"Total",0,"Not applicable",1,"Model-based Estimates",3,"Projection",373900677.5
49,"Total population by sex","Total population by sex","World Population Prospects",2024,"United Nations Population Division",840,"United States of America","US","USA",94,"2043",6,"95% upper bound",3,"Both sexes",188,0,-1,"Total",0,"Not applicable",1,"Model-based Estimates",3,"Projection",399705111
49,"Total population by sex","Total population by sex","World Population Prospects",2024,"United Nations Population Division",840,"United States of America","US","USA",94,"2043",13,"Zero-migration",3,"Both sexes",188,0,-1,"Total",0,"Not applicable",1,"Model-based Estimates",3,"Projection",345117052
49,"Total population by sex","Total population by sex","World Population Prospects",2024,"United Nations Population Division",840,"United States of America","US","USA",95,"2044",1,"95% lower bound",3,"Both sexes",188,0,-1,"Total",0,"Not applicable",1,"Model-based Estimates",3,"Projection",346830707
49,"Total population by sex","Total population by sex","World Population Prospects",2024,"United Nations Population Division",840,"United States of America","US","USA",95,"2044",4,"Median",3,"Both sexes",188,0,-1,"Total",0,"Not applicable",1,"Model-based Estimates",3,"Projection",375029245.5
49,"Total population by sex","Total population by sex","World Population Prospects",2024,"United Nations Population Division",840,"United States of America","US","USA",95,"2044",6,"95% upper bound",3,"Both sexes",188,0,-1,"Total",0,"Not applicable",1,"Model-based Estimates",3,"Projection",402831430
49,"Total population by sex","Total population by sex","World Population Prospects",2024,"United Nations Population Division",840,"United States of America","US","USA",95,"2044",13,"Zero-migration",3,"Both sexes",188,0,-1,"Total",0,"Not applicable",1,"Model-based Estimates",3,"Projection",344464965
49,"Total population by sex","Total population by sex","World Population Prospects",2024,"United Nations Population Division",840,"United States of America","US","USA",96,"2045",1,"95% lower bound",3,"Both sexes",188,0,-1,"Total",0,"Not applicable",1,"Model-based Estimates",3,"Projection",346374259
49,"Total population by sex","Total population by sex","World Population Prospects",2024,"United Nations Population Division",840,"United States of America","US","USA",96,"2045",4,"Median",3,"Both sexes",188,0,-1,"Total",0,"Not applicable",1,"Model-based Estimates",3,"Projection",376106472.5
49,"Total population by sex","Total population by sex","World Population Prospects",2024,"United Nations Population Division",840,"United States of America","US","USA",96,"2045",6,"95% upper bound",3,"Both sexes",188,0,-1,"Total",0,"Not applicable",1,"Model-based Estimates",3,"Projection",405804483
49,"Total population by sex","Total population by sex","World Population Prospects",2024,"United Nations Population Division",840,"United States of America","US","USA",96,"2045",13,"Zero-migration",3,"Both sexes",188,0,-1,"Total",0,"Not applicable",1,"Model-based Estimates",3,"Projection",343751213.5
49,"Total population by sex","Total population by sex","World Population Prospects",2024,"United Nations Population Division",840,"United States of America","US","USA",97,"2046",1,"95% lower bound",3,"Both sexes",188,0,-1,"Total",0,"Not applicable",1,"Model-based Estimates",3,"Projection",345605687
49,"Total population by sex","Total population by sex","World Population Prospects",2024,"United Nations Population Division",840,"United States of America","US","USA",97,"2046",4,"Median",3,"Both sexes",188,0,-1,"Total",0,"Not applicable",1,"Model-based Estimates",3,"Projection",377131727.5
49,"Total population by sex","Total population by sex","World Population Prospects",2024,"United Nations Population Division",840,"United States of America","US","USA",97,"2046",6,"95% upper bound",3,"Both sexes",188,0,-1,"Total",0,"Not applicable",1,"Model-based Estimates",3,"Projection",408456383
49,"Total population by sex","Total population by sex","World Population Prospects",2024,"United Nations Population Division",840,"United States of America","US","USA",97,"2046",13,"Zero-migration",3,"Both sexes",188,0,-1,"Total",0,"Not applicable",1,"Model-based Estimates",3,"Projection",342977210.5
49,"Total population by sex","Total population by sex","World Population Prospects",2024,"United Nations Population Division",840,"United States of America","US","USA",98,"2047",1,"95% lower bound",3,"Both sexes",188,0,-1,"Total",0,"Not applicable",1,"Model-based Estimates",3,"Projection",344421257
49,"Total population by sex","Total population by sex","World Population Prospects",2024,"United Nations Population Division",840,"United States of America","US","USA",98,"2047",4,"Median",3,"Both sexes",188,0,-1,"Total",0,"Not applicable",1,"Model-based Estimates",3,"Projection",378117767
49,"Total population by sex","Total population by sex","World Population Prospects",2024,"United Nations Population Division",840,"United States of America","US","USA",98,"2047",6,"95% upper bound",3,"Both sexes",188,0,-1,"Total",0,"Not applicable",1,"Model-based Estimates",3,"Projection",411137027
49,"Total population by sex","Total population by sex","World Population Prospects",2024,"United Nations Population Division",840,"United States of America","US","USA",98,"2047",13,"Zero-migration",3,"Both sexes",188,0,-1,"Total",0,"Not applicable",1,"Model-based Estimates",3,"Projection",342139466.5
49,"Total population by sex","Total population by sex","World Population Prospects",2024,"United Nations Population Division",840,"United States of America","US","USA",99,"2048",1,"95% lower bound",3,"Both sexes",188,0,-1,"Total",0,"Not applicable",1,"Model-based Estimates",3,"Projection",343371254
49,"Total population by sex","Total population by sex","World Population Prospects",2024,"United Nations Population Division",840,"United States of America","US","USA",99,"2048",4,"Median",3,"Both sexes",188,0,-1,"Total",0,"Not applicable",1,"Model-based Estimates",3,"Projection",379063744.5
49,"Total population by sex","Total population by sex","World Population Prospects",2024,"United Nations Population Division",840,"United States of America","US","USA",99,"2048",6,"95% upper bound",3,"Both sexes",188,0,-1,"Total",0,"Not applicable",1,"Model-based Estimates",3,"Projection",414070635
49,"Total population by sex","Total population by sex","World Population Prospects",2024,"United Nations Population Division",840,"United States of America","US","USA",99,"2048",13,"Zero-migration",3,"Both sexes",188,0,-1,"Total",0,"Not applicable",1,"Model-based Estimates",3,"Projection",341241080.5
49,"Total population by sex","Total population by sex","World Population Prospects",2024,"United Nations Population Division",840,"United States of America","US","USA",100,"2049",1,"95% lower bound",3,"Both sexes",188,0,-1,"Total",0,"Not applicable",1,"Model-based Estimates",3,"Projection",342792039
49,"Total population by sex","Total population by sex","World Population Prospects",2024,"United Nations Population Division",840,"United States of America","US","USA",100,"2049",4,"Median",3,"Both sexes",188,0,-1,"Total",0,"Not applicable",1,"Model-based Estimates",3,"Projection",379966906
49,"Total population by sex","Total population by sex","World Population Prospects",2024,"United Nations Population Division",840,"United States of America","US","USA",100,"2049",6,"95% upper bound",3,"Both sexes",188,0,-1,"Total",0,"Not applicable",1,"Model-based Estimates",3,"Projection",417152476
49,"Total population by sex","Total population by sex","World Population Prospects",2024,"United Nations Population Division",840,"United States of America","US","USA",100,"2049",13,"Zero-migration",3,"Both sexes",188,0,-1,"Total",0,"Not applicable",1,"Model-based Estimates",3,"Projection",340287957
49,"Total population by sex","Total population by sex","World Population Prospects",2024,"United Nations Population Division",840,"United States of America","US","USA",101,"2050",1,"95% lower bound",3,"Both sexes",188,0,-1,"Total",0,"Not applicable",1,"Model-based Estimates",3,"Projection",342098703
49,"Total population by sex","Total population by sex","World Population Prospects",2024,"United Nations Population Division",840,"United States of America","US","USA",101,"2050",4,"Median",3,"Both sexes",188,0,-1,"Total",0,"Not applicable",1,"Model-based Estimates",3,"Projection",380846909.5
49,"Total population by sex","Total population by sex","World Population Prospects",2024,"United Nations Population Division",840,"United States of America","US","USA",101,"2050",6,"95% upper bound",3,"Both sexes",188,0,-1,"Total",0,"Not applicable",1,"Model-based Estimates",3,"Projection",420028468
49,"Total population by sex","Total population by sex","World Population Prospects",2024,"United Nations Population Division",840,"United States of America","US","USA",101,"2050",13,"Zero-migration",3,"Both sexes",188,0,-1,"Total",0,"Not applicable",1,"Model-based Estimates",3,"Projection",339286295.5
49,"Total population by sex","Total population by sex","World Population Prospects",2024,"United Nations Population Division",840,"United States of America","US","USA",102,"2051",1,"95% lower bound",3,"Both sexes",188,0,-1,"Total",0,"Not applicable",1,"Model-based Estimates",3,"Projection",341097672
49,"Total population by sex","Total population by sex","World Population Prospects",2024,"United Nations Population Division",840,"United States of America","US","USA",102,"2051",4,"Median",3,"Both sexes",188,0,-1,"Total",0,"Not applicable",1,"Model-based Estimates",3,"Projection",381708396.5
49,"Total population by sex","Total population by sex","World Population Prospects",2024,"United Nations Population Division",840,"United States of America","US","USA",102,"2051",6,"95% upper bound",3,"Both sexes",188,0,-1,"Total",0,"Not applicable",1,"Model-based Estimates",3,"Projection",422622038
49,"Total population by sex","Total population by sex","World Population Prospects",2024,"United Nations Population Division",840,"United States of America","US","USA",102,"2051",13,"Zero-migration",3,"Both sexes",188,0,-1,"Total",0,"Not applicable",1,"Model-based Estimates",3,"Projection",338241688
49,"Total population by sex","Total population by sex","World Population Prospects",2024,"United Nations Population Division",840,"United States of America","US","USA",103,"2052",1,"95% lower bound",3,"Both sexes",188,0,-1,"Total",0,"Not applicable",1,"Model-based Estimates",3,"Projection",340098575
49,"Total population by sex","Total population by sex","World Population Prospects",2024,"United Nations Population Division",840,"United States of America","US","USA",103,"2052",4,"Median",3,"Both sexes",188,0,-1,"Total",0,"Not applicable",1,"Model-based Estimates",3,"Projection",382543753.5
49,"Total population by sex","Total population by sex","World Population Prospects",2024,"United Nations Population Division",840,"United States of America","US","USA",103,"2052",6,"95% upper bound",3,"Both sexes",188,0,-1,"Total",0,"Not applicable",1,"Model-based Estimates",3,"Projection",425295376
49,"Total population by sex","Total population by sex","World Population Prospects",2024,"United Nations Population Division",840,"United States of America","US","USA",103,"2052",13,"Zero-migration",3,"Both sexes",188,0,-1,"Total",0,"Not applicable",1,"Model-based Estimates",3,"Projection",337160794
49,"Total population by sex","Total population by sex","World Population Prospects",2024,"United Nations Population Division",840,"United States of America","US","USA",104,"2053",1,"95% lower bound",3,"Both sexes",188,0,-1,"Total",0,"Not applicable",1,"Model-based Estimates",3,"Projection",339000508
49,"Total population by sex","Total population by sex","World Population Prospects",2024,"United Nations Population Division",840,"United States of America","US","USA",104,"2053",4,"Median",3,"Both sexes",188,0,-1,"Total",0,"Not applicable",1,"Model-based Estimates",3,"Projection",383359332
49,"Total population by sex","Total population by sex","World Population Prospects",2024,"United Nations Population Division",840,"United States of America","US","USA",104,"2053",6,"95% upper bound",3,"Both sexes",188,0,-1,"Total",0,"Not applicable",1,"Model-based Estimates",3,"Projection",428092009
49,"Total population by sex","Total population by sex","World Population Prospects",2024,"United Nations Population Division",840,"United States of America","US","USA",104,"2053",13,"Zero-migration",3,"Both sexes",188,0,-1,"Total",0,"Not applicable",1,"Model-based Estimates",3,"Projection",336050086.5
49,"Total population by sex","Total population by sex","World Population Prospects",2024,"United Nations Population Division",840,"United States of America","US","USA",105,"2054",1,"95% lower bound",3,"Both sexes",188,0,-1,"Total",0,"Not applicable",1,"Model-based Estimates",3,"Projection",337385362
49,"Total population by sex","Total population by sex","World Population Prospects",2024,"United Nations Population Division",840,"United States of America","US","USA",105,"2054",4,"Median",3,"Both sexes",188,0,-1,"Total",0,"Not applicable",1,"Model-based Estimates",3,"Projection",384145920
49,"Total population by sex","Total population by sex","World Population Prospects",2024,"United Nations Population Division",840,"United States of America","US","USA",105,"2054",6,"95% upper bound",3,"Both sexes",188,0,-1,"Total",0,"Not applicable",1,"Model-based Estimates",3,"Projection",430999074
49,"Total population by sex","Total population by sex","World Population Prospects",2024,"United Nations Population Division",840,"United States of America","US","USA",105,"2054",13,"Zero-migration",3,"Both sexes",188,0,-1,"Total",0,"Not applicable",1,"Model-based Estimates",3,"Projection",334914511
49,"Total population by sex","Total population by sex","World Population Prospects",2024,"United Nations Population Division",840,"United States of America","US","USA",106,"2055",1,"95% lower bound",3,"Both sexes",188,0,-1,"Total",0,"Not applicable",1,"Model-based Estimates",3,"Projection",335976699
49,"Total population by sex","Total population by sex","World Population Prospects",2024,"United Nations Population Division",840,"United States of America","US","USA",106,"2055",4,"Median",3,"Both sexes",188,0,-1,"Total",0,"Not applicable",1,"Model-based Estimates",3,"Projection",384894297.5
49,"Total population by sex","Total population by sex","World Population Prospects",2024,"United Nations Population Division",840,"United States of America","US","USA",106,"2055",6,"95% upper bound",3,"Both sexes",188,0,-1,"Total",0,"Not applicable",1,"Model-based Estimates",3,"Projection",433640292
49,"Total population by sex","Total population by sex","World Population Prospects",2024,"United Nations Population Division",840,"United States of America","US","USA",106,"2055",13,"Zero-migration",3,"Both sexes",188,0,-1,"Total",0,"Not applicable",1,"Model-based Estimates",3,"Projection",333760629.5
49,"Total population by sex","Total population by sex","World Population Prospects",2024,"United Nations Population Division",840,"United States of America","US","USA",107,"2056",1,"95% lower bound",3,"Both sexes",188,0,-1,"Total",0,"Not applicable",1,"Model-based Estimates",3,"Projection",334552697
49,"Total population by sex","Total population by sex","World Population Prospects",2024,"United Nations Population Division",840,"United States of America","US","USA",107,"2056",4,"Median",3,"Both sexes",188,0,-1,"Total",0,"Not applicable",1,"Model-based Estimates",3,"Projection",385642341
49,"Total population by sex","Total population by sex","World Population Prospects",2024,"United Nations Population Division",840,"United States of America","US","USA",107,"2056",6,"95% upper bound",3,"Both sexes",188,0,-1,"Total",0,"Not applicable",1,"Model-based Estimates",3,"Projection",436442676
49,"Total population by sex","Total population by sex","World Population Prospects",2024,"United Nations Population Division",840,"United States of America","US","USA",107,"2056",13,"Zero-migration",3,"Both sexes",188,0,-1,"Total",0,"Not applicable",1,"Model-based Estimates",3,"Projection",332594804
49,"Total population by sex","Total population by sex","World Population Prospects",2024,"United Nations Population Division",840,"United States of America","US","USA",108,"2057",1,"95% lower bound",3,"Both sexes",188,0,-1,"Total",0,"Not applicable",1,"Model-based Estimates",3,"Projection",333387465
49,"Total population by sex","Total population by sex","World Population Prospects",2024,"United Nations Population Division",840,"United States of America","US","USA",108,"2057",4,"Median",3,"Both sexes",188,0,-1,"Total",0,"Not applicable",1,"Model-based Estimates",3,"Projection",386425226
49,"Total population by sex","Total population by sex","World Population Prospects",2024,"United Nations Population Division",840,"United States of America","US","USA",108,"2057",6,"95% upper bound",3,"Both sexes",188,0,-1,"Total",0,"Not applicable",1,"Model-based Estimates",3,"Projection",439861086
49,"Total population by sex","Total population by sex","World Population Prospects",2024,"United Nations Population Division",840,"United States of America","US","USA",108,"2057",13,"Zero-migration",3,"Both sexes",188,0,-1,"Total",0,"Not applicable",1,"Model-based Estimates",3,"Projection",331418168
49,"Total population by sex","Total population by sex","World Population Prospects",2024,"United Nations Population Division",840,"United States of America","US","USA",109,"2058",1,"95% lower bound",3,"Both sexes",188,0,-1,"Total",0,"Not applicable",1,"Model-based Estimates",3,"Projection",332441523
49,"Total population by sex","Total population by sex","World Population Prospects",2024,"United Nations Population Division",840,"United States of America","US","USA",109,"2058",4,"Median",3,"Both sexes",188,0,-1,"Total",0,"Not applicable",1,"Model-based Estimates",3,"Projection",387253705.5
49,"Total population by sex","Total population by sex","World Population Prospects",2024,"United Nations Population Division",840,"United States of America","US","USA",109,"2058",6,"95% upper bound",3,"Both sexes",188,0,-1,"Total",0,"Not applicable",1,"Model-based Estimates",3,"Projection",443156389
49,"Total population by sex","Total population by sex","World Population Prospects",2024,"United Nations Population Division",840,"United States of America","US","USA",109,"2058",13,"Zero-migration",3,"Both sexes",188,0,-1,"Total",0,"Not applicable",1,"Model-based Estimates",3,"Projection",330232454.5
49,"Total population by sex","Total population by sex","World Population Prospects",2024,"United Nations Population Division",840,"United States of America","US","USA",110,"2059",1,"95% lower bound",3,"Both sexes",188,0,-1,"Total",0,"Not applicable",1,"Model-based Estimates",3,"Projection",330645837
49,"Total population by sex","Total population by sex","World Population Prospects",2024,"United Nations Population Division",840,"United States of America","US","USA",110,"2059",4,"Median",3,"Both sexes",188,0,-1,"Total",0,"Not applicable",1,"Model-based Estimates",3,"Projection",388093057.5
49,"Total population by sex","Total population by sex","World Population Prospects",2024,"United Nations Population Division",840,"United States of America","US","USA",110,"2059",6,"95% upper bound",3,"Both sexes",188,0,-1,"Total",0,"Not applicable",1,"Model-based Estimates",3,"Projection",445961731
49,"Total population by sex","Total population by sex","World Population Prospects",2024,"United Nations Population Division",840,"United States of America","US","USA",110,"2059",13,"Zero-migration",3,"Both sexes",188,0,-1,"Total",0,"Not applicable",1,"Model-based Estimates",3,"Projection",329041173.5
49,"Total population by sex","Total population by sex","World Population Prospects",2024,"United Nations Population Division",840,"United States of America","US","USA",111,"2060",1,"95% lower bound",3,"Both sexes",188,0,-1,"Total",0,"Not applicable",1,"Model-based Estimates",3,"Projection",328478348
49,"Total population by sex","Total population by sex","World Population Prospects",2024,"United Nations Population Division",840,"United States of America","US","USA",111,"2060",4,"Median",3,"Both sexes",188,0,-1,"Total",0,"Not applicable",1,"Model-based Estimates",3,"Projection",388918394.5
49,"Total population by sex","Total population by sex","World Population Prospects",2024,"United Nations Population Division",840,"United States of America","US","USA",111,"2060",6,"95% upper bound",3,"Both sexes",188,0,-1,"Total",0,"Not applicable",1,"Model-based Estimates",3,"Projection",448544532
49,"Total population by sex","Total population by sex","World Population Prospects",2024,"United Nations Population Division",840,"United States of America","US","USA",111,"2060",13,"Zero-migration",3,"Both sexes",188,0,-1,"Total",0,"Not applicable",1,"Model-based Estimates",3,"Projection",327850344
49,"Total population by sex","Total population by sex","World Population Prospects",2024,"United Nations Population Division",840,"United States of America","US","USA",112,"2061",1,"95% lower bound",3,"Both sexes",188,0,-1,"Total",0,"Not applicable",1,"Model-based Estimates",3,"Projection",326516910
49,"Total population by sex","Total population by sex","World Population Prospects",2024,"United Nations Population Division",840,"United States of America","US","USA",112,"2061",4,"Median",3,"Both sexes",188,0,-1,"Total",0,"Not applicable",1,"Model-based Estimates",3,"Projection",389765293.5
49,"Total population by sex","Total population by sex","World Population Prospects",2024,"United Nations Population Division",840,"United States of America","US","USA",112,"2061",6,"95% upper bound",3,"Both sexes",188,0,-1,"Total",0,"Not applicable",1,"Model-based Estimates",3,"Projection",451668034
49,"Total population by sex","Total population by sex","World Population Prospects",2024,"United Nations Population Division",840,"United States of America","US","USA",112,"2061",13,"Zero-migration",3,"Both sexes",188,0,-1,"Total",0,"Not applicable",1,"Model-based Estimates",3,"Projection",326661352
49,"Total population by sex","Total population by sex","World Population Prospects",2024,"United Nations Population Division",840,"United States of America","US","USA",113,"2062",1,"95% lower bound",3,"Both sexes",188,0,-1,"Total",0,"Not applicable",1,"Model-based Estimates",3,"Projection",325166969
49,"Total population by sex","Total population by sex","World Population Prospects",2024,"United Nations Population Division",840,"United States of America","US","USA",113,"2062",4,"Median",3,"Both sexes",188,0,-1,"Total",0,"Not applicable",1,"Model-based Estimates",3,"Projection",390647521.5
49,"Total population by sex","Total population by sex","World Population Prospects",2024,"United Nations Population Division",840,"United States of America","US","USA",113,"2062",6,"95% upper bound",3,"Both sexes",188,0,-1,"Total",0,"Not applicable",1,"Model-based Estimates",3,"Projection",454689140
49,"Total population by sex","Total population by sex","World Population Prospects",2024,"United Nations Population Division",840,"United States of America","US","USA",113,"2062",13,"Zero-migration",3,"Both sexes",188,0,-1,"Total",0,"Not applicable",1,"Model-based Estimates",3,"Projection",325469672
49,"Total population by sex","Total population by sex","World Population Prospects",2024,"United Nations Population Division",840,"United States of America","US","USA",114,"2063",1,"95% lower bound",3,"Both sexes",188,0,-1,"Total",0,"Not applicable",1,"Model-based Estimates",3,"Projection",324611650
49,"Total population by sex","Total population by sex","World Population Prospects",2024,"United Nations Population Division",840,"United States of America","US","USA",114,"2063",4,"Median",3,"Both sexes",188,0,-1,"Total",0,"Not applicable",1,"Model-based Estimates",3,"Projection",391545618.5
49,"Total population by sex","Total population by sex","World Population Prospects",2024,"United Nations Population Division",840,"United States of America","US","USA",114,"2063",6,"95% upper bound",3,"Both sexes",188,0,-1,"Total",0,"Not applicable",1,"Model-based Estimates",3,"Projection",458349498
49,"Total population by sex","Total population by sex","World Population Prospects",2024,"United Nations Population Division",840,"United States of America","US","USA",114,"2063",13,"Zero-migration",3,"Both sexes",188,0,-1,"Total",0,"Not applicable",1,"Model-based Estimates",3,"Projection",324274384
49,"Total population by sex","Total population by sex","World Population Prospects",2024,"United Nations Population Division",840,"United States of America","US","USA",115,"2064",1,"95% lower bound",3,"Both sexes",188,0,-1,"Total",0,"Not applicable",1,"Model-based Estimates",3,"Projection",323781091
49,"Total population by sex","Total population by sex","World Population Prospects",2024,"United Nations Population Division",840,"United States of America","US","USA",115,"2064",4,"Median",3,"Both sexes",188,0,-1,"Total",0,"Not applicable",1,"Model-based Estimates",3,"Projection",392444228
49,"Total population by sex","Total population by sex","World Population Prospects",2024,"United Nations Population Division",840,"United States of America","US","USA",115,"2064",6,"95% upper bound",3,"Both sexes",188,0,-1,"Total",0,"Not applicable",1,"Model-based Estimates",3,"Projection",462327127
49,"Total population by sex","Total population by sex","World Population Prospects",2024,"United Nations Population Division",840,"United States of America","US","USA",115,"2064",13,"Zero-migration",3,"Both sexes",188,0,-1,"Total",0,"Not applicable",1,"Model-based Estimates",3,"Projection",323074828.5
49,"Total population by sex","Total population by sex","World Population Prospects",2024,"United Nations Population Division",840,"United States of America","US","USA",116,"2065",1,"95% lower bound",3,"Both sexes",188,0,-1,"Total",0,"Not applicable",1,"Model-based Estimates",3,"Projection",321850356
49,"Total population by sex","Total population by sex","World Population Prospects",2024,"United Nations Population Division",840,"United States of America","US","USA",116,"2065",4,"Median",3,"Both sexes",188,0,-1,"Total",0,"Not applicable",1,"Model-based Estimates",3,"Projection",393352609
49,"Total population by sex","Total population by sex","World Population Prospects",2024,"United Nations Population Division",840,"United States of America","US","USA",116,"2065",6,"95% upper bound",3,"Both sexes",188,0,-1,"Total",0,"Not applicable",1,"Model-based Estimates",3,"Projection",465304138
49,"Total population by sex","Total population by sex","World Population Prospects",2024,"United Nations Population Division",840,"United States of America","US","USA",116,"2065",13,"Zero-migration",3,"Both sexes",188,0,-1,"Total",0,"Not applicable",1,"Model-based Estimates",3,"Projection",321868717.5
49,"Total population by sex","Total population by sex","World Population Prospects",2024,"United Nations Population Division",840,"United States of America","US","USA",117,"2066",1,"95% lower bound",3,"Both sexes",188,0,-1,"Total",0,"Not applicable",1,"Model-based Estimates",3,"Projection",320051463
49,"Total population by sex","Total population by sex","World Population Prospects",2024,"United Nations Population Division",840,"United States of America","US","USA",117,"2066",4,"Median",3,"Both sexes",188,0,-1,"Total",0,"Not applicable",1,"Model-based Estimates",3,"Projection",394294349.5
49,"Total population by sex","Total population by sex","World Population Prospects",2024,"United Nations Population Division",840,"United States of America","US","USA",117,"2066",6,"95% upper bound",3,"Both sexes",188,0,-1,"Total",0,"Not applicable",1,"Model-based Estimates",3,"Projection",468891378
49,"Total population by sex","Total population by sex","World Population Prospects",2024,"United Nations Population Division",840,"United States of America","US","USA",117,"2066",13,"Zero-migration",3,"Both sexes",188,0,-1,"Total",0,"Not applicable",1,"Model-based Estimates",3,"Projection",320653136
49,"Total population by sex","Total population by sex","World Population Prospects",2024,"United Nations Population Division",840,"United States of America","US","USA",118,"2067",1,"95% lower bound",3,"Both sexes",188,0,-1,"Total",0,"Not applicable",1,"Model-based Estimates",3,"Projection",318812146
49,"Total population by sex","Total population by sex","World Population Prospects",2024,"United Nations Population Division",840,"United States of America","US","USA",118,"2067",4,"Median",3,"Both sexes",188,0,-1,"Total",0,"Not applicable",1,"Model-based Estimates",3,"Projection",395267226
49,"Total population by sex","Total population by sex","World Population Prospects",2024,"United Nations Population Division",840,"United States of America","US","USA",118,"2067",6,"95% upper bound",3,"Both sexes",188,0,-1,"Total",0,"Not applicable",1,"Model-based Estimates",3,"Projection",473547247
49,"Total population by sex","Total population by sex","World Population Prospects",2024,"United Nations Population Division",840,"United States of America","US","USA",118,"2067",13,"Zero-migration",3,"Both sexes",188,0,-1,"Total",0,"Not applicable",1,"Model-based Estimates",3,"Projection",319424742
49,"Total population by sex","Total population by sex","World Population Prospects",2024,"United Nations Population Division",840,"United States of America","US","USA",119,"2068",1,"95% lower bound",3,"Both sexes",188,0,-1,"Total",0,"Not applicable",1,"Model-based Estimates",3,"Projection",317065010
49,"Total population by sex","Total population by sex","World Population Prospects",2024,"United Nations Population Division",840,"United States of America","US","USA",119,"2068",4,"Median",3,"Both sexes",188,0,-1,"Total",0,"Not applicable",1,"Model-based Estimates",3,"Projection",396248285.5
49,"Total population by sex","Total population by sex","World Population Prospects",2024,"United Nations Population Division",840,"United States of America","US","USA",119,"2068",6,"95% upper bound",3,"Both sexes",188,0,-1,"Total",0,"Not applicable",1,"Model-based Estimates",3,"Projection",477584346
49,"Total population by sex","Total population by sex","World Population Prospects",2024,"United Nations Population Division",840,"United States of America","US","USA",119,"2068",13,"Zero-migration",3,"Both sexes",188,0,-1,"Total",0,"Not applicable",1,"Model-based Estimates",3,"Projection",318177337.5
49,"Total population by sex","Total population by sex","World Population Prospects",2024,"United Nations Population Division",840,"United States of America","US","USA",120,"2069",1,"95% lower bound",3,"Both sexes",188,0,-1,"Total",0,"Not applicable",1,"Model-based Estimates",3,"Projection",314989595
49,"Total population by sex","Total population by sex","World Population Prospects",2024,"United Nations Population Division",840,"United States of America","US","USA",120,"2069",4,"Median",3,"Both sexes",188,0,-1,"Total",0,"Not applicable",1,"Model-based Estimates",3,"Projection",397237405
49,"Total population by sex","Total population by sex","World Population Prospects",2024,"United Nations Population Division",840,"United States of America","US","USA",120,"2069",6,"95% upper bound",3,"Both sexes",188,0,-1,"Total",0,"Not applicable",1,"Model-based Estimates",3,"Projection",481192810
49,"Total population by sex","Total population by sex","World Population Prospects",2024,"United Nations Population Division",840,"United States of America","US","USA",120,"2069",13,"Zero-migration",3,"Both sexes",188,0,-1,"Total",0,"Not applicable",1,"Model-based Estimates",3,"Projection",316908090
49,"Total population by sex","Total population by sex","World Population Prospects",2024,"United Nations Population Division",840,"United States of America","US","USA",121,"2070",1,"95% lower bound",3,"Both sexes",188,0,-1,"Total",0,"Not applicable",1,"Model-based Estimates",3,"Projection",312951264
49,"Total population by sex","Total population by sex","World Population Prospects",2024,"United Nations Population Division",840,"United States of America","US","USA",121,"2070",4,"Median",3,"Both sexes",188,0,-1,"Total",0,"Not applicable",1,"Model-based Estimates",3,"Projection",398218088
49,"Total population by sex","Total population by sex","World Population Prospects",2024,"United Nations Population Division",840,"United States of America","US","USA",121,"2070",6,"95% upper bound",3,"Both sexes",188,0,-1,"Total",0,"Not applicable",1,"Model-based Estimates",3,"Projection",485220753
49,"Total population by sex","Total population by sex","World Population Prospects",2024,"United Nations Population Division",840,"United States of America","US","USA",121,"2070",13,"Zero-migration",3,"Both sexes",188,0,-1,"Total",0,"Not applicable",1,"Model-based Estimates",3,"Projection",315616796.5
49,"Total population by sex","Total population by sex","World Population Prospects",2024,"United Nations Population Division",840,"United States of America","US","USA",122,"2071",1,"95% lower bound",3,"Both sexes",188,0,-1,"Total",0,"Not applicable",1,"Model-based Estimates",3,"Projection",311164540
49,"Total population by sex","Total population by sex","World Population Prospects",2024,"United Nations Population Division",840,"United States of America","US","USA",122,"2071",4,"Median",3,"Both sexes",188,0,-1,"Total",0,"Not applicable",1,"Model-based Estimates",3,"Projection",399192919.5
49,"Total population by sex","Total population by sex","World Population Prospects",2024,"United Nations Population Division",840,"United States of America","US","USA",122,"2071",6,"95% upper bound",3,"Both sexes",188,0,-1,"Total",0,"Not applicable",1,"Model-based Estimates",3,"Projection",488982113
49,"Total population by sex","Total population by sex","World Population Prospects",2024,"United Nations Population Division",840,"United States of America","US","USA",122,"2071",13,"Zero-migration",3,"Both sexes",188,0,-1,"Total",0,"Not applicable",1,"Model-based Estimates",3,"Projection",314295719.5
49,"Total population by sex","Total population by sex","World Population Prospects",2024,"United Nations Population Division",840,"United States of America","US","USA",123,"2072",1,"95% lower bound",3,"Both sexes",188,0,-1,"Total",0,"Not applicable",1,"Model-based Estimates",3,"Projection",309403451
49,"Total population by sex","Total population by sex","World Population Prospects",2024,"United Nations Population Division",840,"United States of America","US","USA",123,"2072",4,"Median",3,"Both sexes",188,0,-1,"Total",0,"Not applicable",1,"Model-based Estimates",3,"Projection",400151803.5
49,"Total population by sex","Total population by sex","World Population Prospects",2024,"United Nations Population Division",840,"United States of America","US","USA",123,"2072",6,"95% upper bound",3,"Both sexes",188,0,-1,"Total",0,"Not applicable",1,"Model-based Estimates",3,"Projection",492907563
49,"Total population by sex","Total population by sex","World Population Prospects",2024,"United Nations Population Division",840,"United States of America","US","USA",123,"2072",13,"Zero-migration",3,"Both sexes",188,0,-1,"Total",0,"Not applicable",1,"Model-based Estimates",3,"Projection",312939581.5
49,"Total population by sex","Total population by sex","World Population Prospects",2024,"United Nations Population Division",840,"United States of America","US","USA",124,"2073",1,"95% lower bound",3,"Both sexes",188,0,-1,"Total",0,"Not applicable",1,"Model-based Estimates",3,"Projection",307224576
49,"Total population by sex","Total population by sex","World Population Prospects",2024,"United Nations Population Division",840,"United States of America","US","USA",124,"2073",4,"Median",3,"Both sexes",188,0,-1,"Total",0,"Not applicable",1,"Model-based Estimates",3,"Projection",401080532.5
49,"Total population by sex","Total population by sex","World Population Prospects",2024,"United Nations Population Division",840,"United States of America","US","USA",124,"2073",6,"95% upper bound",3,"Both sexes",188,0,-1,"Total",0,"Not applicable",1,"Model-based Estimates",3,"Projection",497087206
49,"Total population by sex","Total population by sex","World Population Prospects",2024,"United Nations Population Division",840,"United States of America","US","USA",124,"2073",13,"Zero-migration",3,"Both sexes",188,0,-1,"Total",0,"Not applicable",1,"Model-based Estimates",3,"Projection",311547340
49,"Total population by sex","Total population by sex","World Population Prospects",2024,"United Nations Population Division",840,"United States of America","US","USA",125,"2074",1,"95% lower bound",3,"Both sexes",188,0,-1,"Total",0,"Not applicable",1,"Model-based Estimates",3,"Projection",305379698
49,"Total population by sex","Total population by sex","World Population Prospects",2024,"United Nations Population Division",840,"United States of America","US","USA",125,"2074",4,"Median",3,"Both sexes",188,0,-1,"Total",0,"Not applicable",1,"Model-based Estimates",3,"Projection",401993348
49,"Total population by sex","Total population by sex","World Population Prospects",2024,"United Nations Population Division",840,"United States of America","US","USA",125,"2074",6,"95% upper bound",3,"Both sexes",188,0,-1,"Total",0,"Not applicable",1,"Model-based Estimates",3,"Projection",501514995
49,"Total population by sex","Total population by sex","World Population Prospects",2024,"United Nations Population Division",840,"United States of America","US","USA",125,"2074",13,"Zero-migration",3,"Both sexes",188,0,-1,"Total",0,"Not applicable",1,"Model-based Estimates",3,"Projection",310120225.5
49,"Total population by sex","Total population by sex","World Population Prospects",2024,"United Nations Population Division",840,"United States of America","US","USA",126,"2075",1,"95% lower bound",3,"Both sexes",188,0,-1,"Total",0,"Not applicable",1,"Model-based Estimates",3,"Projection",303640020
49,"Total population by sex","Total population by sex","World Population Prospects",2024,"United Nations Population Division",840,"United States of America","US","USA",126,"2075",4,"Median",3,"Both sexes",188,0,-1,"Total",0,"Not applicable",1,"Model-based Estimates",3,"Projection",402910163
49,"Total population by sex","Total population by sex","World Population Prospects",2024,"United Nations Population Division",840,"United States of America","US","USA",126,"2075",6,"95% upper bound",3,"Both sexes",188,0,-1,"Total",0,"Not applicable",1,"Model-based Estimates",3,"Projection",505503231
49,"Total population by sex","Total population by sex","World Population Prospects",2024,"United Nations Population Division",840,"United States of America","US","USA",126,"2075",13,"Zero-migration",3,"Both sexes",188,0,-1,"Total",0,"Not applicable",1,"Model-based Estimates",3,"Projection",308659657
49,"Total population by sex","Total population by sex","World Population Prospects",2024,"United Nations Population Division",840,"United States of America","US","USA",127,"2076",1,"95% lower bound",3,"Both sexes",188,0,-1,"Total",0,"Not applicable",1,"Model-based Estimates",3,"Projection",301754556
49,"Total population by sex","Total population by sex","World Population Prospects",2024,"United Nations Population Division",840,"United States of America","US","USA",127,"2076",4,"Median",3,"Both sexes",188,0,-1,"Total",0,"Not applicable",1,"Model-based Estimates",3,"Projection",403820926
49,"Total population by sex","Total population by sex","World Population Prospects",2024,"United Nations Population Division",840,"United States of America","US","USA",127,"2076",6,"95% upper bound",3,"Both sexes",188,0,-1,"Total",0,"Not applicable",1,"Model-based Estimates",3,"Projection",509514901
49,"Total population by sex","Total population by sex","World Population Prospects",2024,"United Nations Population Division",840,"United States of America","US","USA",127,"2076",13,"Zero-migration",3,"Both sexes",188,0,-1,"Total",0,"Not applicable",1,"Model-based Estimates",3,"Projection",307162995.5
49,"Total population by sex","Total population by sex","World Population Prospects",2024,"United Nations Population Division",840,"United States of America","US","USA",128,"2077",1,"95% lower bound",3,"Both sexes",188,0,-1,"Total",0,"Not applicable",1,"Model-based Estimates",3,"Projection",299957232
49,"Total population by sex","Total population by sex","World Population Prospects",2024,"United Nations Population Division",840,"United States of America","US","USA",128,"2077",4,"Median",3,"Both sexes",188,0,-1,"Total",0,"Not applicable",1,"Model-based Estimates",3,"Projection",404683462
49,"Total population by sex","Total population by sex","World Population Prospects",2024,"United Nations Population Division",840,"United States of America","US","USA",128,"2077",6,"95% upper bound",3,"Both sexes",188,0,-1,"Total",0,"Not applicable",1,"Model-based Estimates",3,"Projection",514894909
49,"Total population by sex","Total population by sex","World Population Prospects",2024,"United Nations Population Division",840,"United States of America","US","USA",128,"2077",13,"Zero-migration",3,"Both sexes",188,0,-1,"Total",0,"Not applicable",1,"Model-based Estimates",3,"Projection",305631800.5
49,"Total population by sex","Total population by sex","World Population Prospects",2024,"United Nations Population Division",840,"United States of America","US","USA",129,"2078",1,"95% lower bound",3,"Both sexes",188,0,-1,"Total",0,"Not applicable",1,"Model-based Estimates",3,"Projection",298352695
49,"Total population by sex","Total population by sex","World Population Prospects",2024,"United Nations Population Division",840,"United States of America","US","USA",129,"2078",4,"Median",3,"Both sexes",188,0,-1,"Total",0,"Not applicable",1,"Model-based Estimates",3,"Projection",405518702
49,"Total population by sex","Total population by sex","World Population Prospects",2024,"United Nations Population Division",840,"United States of America","US","USA",129,"2078",6,"95% upper bound",3,"Both sexes",188,0,-1,"Total",0,"Not applicable",1,"Model-based Estimates",3,"Projection",520290373
49,"Total population by sex","Total population by sex","World Population Prospects",2024,"United Nations Population Division",840,"United States of America","US","USA",129,"2078",13,"Zero-migration",3,"Both sexes",188,0,-1,"Total",0,"Not applicable",1,"Model-based Estimates",3,"Projection",304071678
49,"Total population by sex","Total population by sex","World Population Prospects",2024,"United Nations Population Division",840,"United States of America","US","USA",130,"2079",1,"95% lower bound",3,"Both sexes",188,0,-1,"Total",0,"Not applicable",1,"Model-based Estimates",3,"Projection",296790102
49,"Total population by sex","Total population by sex","World Population Prospects",2024,"United Nations Population Division",840,"United States of America","US","USA",130,"2079",4,"Median",3,"Both sexes",188,0,-1,"Total",0,"Not applicable",1,"Model-based Estimates",3,"Projection",406319929.5
49,"Total population by sex","Total population by sex","World Population Prospects",2024,"United Nations Population Division",840,"United States of America","US","USA",130,"2079",6,"95% upper bound",3,"Both sexes",188,0,-1,"Total",0,"Not applicable",1,"Model-based Estimates",3,"Projection",525405430.00000006
49,"Total population by sex","Total population by sex","World Population Prospects",2024,"United Nations Population Division",840,"United States of America","US","USA",130,"2079",13,"Zero-migration",3,"Both sexes",188,0,-1,"Total",0,"Not applicable",1,"Model-based Estimates",3,"Projection",302482081
49,"Total population by sex","Total population by sex","World Population Prospects",2024,"United Nations Population Division",840,"United States of America","US","USA",131,"2080",1,"95% lower bound",3,"Both sexes",188,0,-1,"Total",0,"Not applicable",1,"Model-based Estimates",3,"Projection",295122597
49,"Total population by sex","Total population by sex","World Population Prospects",2024,"United Nations Population Division",840,"United States of America","US","USA",131,"2080",4,"Median",3,"Both sexes",188,0,-1,"Total",0,"Not applicable",1,"Model-based Estimates",3,"Projection",407079816
49,"Total population by sex","Total population by sex","World Population Prospects",2024,"United Nations Population Division",840,"United States of America","US","USA",131,"2080",6,"95% upper bound",3,"Both sexes",188,0,-1,"Total",0,"Not applicable",1,"Model-based Estimates",3,"Projection",530407152
49,"Total population by sex","Total population by sex","World Population Prospects",2024,"United Nations Population Division",840,"United States of America","US","USA",131,"2080",13,"Zero-migration",3,"Both sexes",188,0,-1,"Total",0,"Not applicable",1,"Model-based Estimates",3,"Projection",300863184
49,"Total population by sex","Total population by sex","World Population Prospects",2024,"United Nations Population Division",840,"United States of America","US","USA",132,"2081",1,"95% lower bound",3,"Both sexes",188,0,-1,"Total",0,"Not applicable",1,"Model-based Estimates",3,"Projection",293434905
49,"Total population by sex","Total population by sex","World Population Prospects",2024,"United Nations Population Division",840,"United States of America","US","USA",132,"2081",4,"Median",3,"Both sexes",188,0,-1,"Total",0,"Not applicable",1,"Model-based Estimates",3,"Projection",407866284.5
49,"Total population by sex","Total population by sex","World Population Prospects",2024,"United Nations Population Division",840,"United States of America","US","USA",132,"2081",6,"95% upper bound",3,"Both sexes",188,0,-1,"Total",0,"Not applicable",1,"Model-based Estimates",3,"Projection",534465881.00000006
49,"Total population by sex","Total population by sex","World Population Prospects",2024,"United Nations Population Division",840,"United States of America","US","USA",132,"2081",13,"Zero-migration",3,"Both sexes",188,0,-1,"Total",0,"Not applicable",1,"Model-based Estimates",3,"Projection",299219547.5
49,"Total population by sex","Total population by sex","World Population Prospects",2024,"United Nations Population Division",840,"United States of America","US","USA",133,"2082",1,"95% lower bound",3,"Both sexes",188,0,-1,"Total",0,"Not applicable",1,"Model-based Estimates",3,"Projection",291824969
49,"Total population by sex","Total population by sex","World Population Prospects",2024,"United Nations Population Division",840,"United States of America","US","USA",133,"2082",4,"Median",3,"Both sexes",188,0,-1,"Total",0,"Not applicable",1,"Model-based Estimates",3,"Projection",408655860.5
49,"Total population by sex","Total population by sex","World Population Prospects",2024,"United Nations Population Division",840,"United States of America","US","USA",133,"2082",6,"95% upper bound",3,"Both sexes",188,0,-1,"Total",0,"Not applicable",1,"Model-based Estimates",3,"Projection",537861610
49,"Total population by sex","Total population by sex","World Population Prospects",2024,"United Nations Population Division",840,"United States of America","US","USA",133,"2082",13,"Zero-migration",3,"Both sexes",188,0,-1,"Total",0,"Not applicable",1,"Model-based Estimates",3,"Projection",297555141.5
49,"Total population by sex","Total population by sex","World Population Prospects",2024,"United Nations Population Division",840,"United States of America","US","USA",134,"2083",1,"95% lower bound",3,"Both sexes",188,0,-1,"Total",0,"Not applicable",1,"Model-based Estimates",3,"Projection",290596277
49,"Total population by sex","Total population by sex","World Population Prospects",2024,"United Nations Population Division",840,"United States of America","US","USA",134,"2083",4,"Median",3,"Both sexes",188,0,-1,"Total",0,"Not applicable",1,"Model-based Estimates",3,"Projection",409401659
49,"Total population by sex","Total population by sex","World Population Prospects",2024,"United Nations Population Division",840,"United States of America","US","USA",134,"2083",6,"95% upper bound",3,"Both sexes",188,0,-1,"Total",0,"Not applicable",1,"Model-based Estimates",3,"Projection",542313549
49,"Total population by sex","Total population by sex","World Population Prospects",2024,"United Nations Population Division",840,"United States of America","US","USA",134,"2083",13,"Zero-migration",3,"Both sexes",188,0,-1,"Total",0,"Not applicable",1,"Model-based Estimates",3,"Projection",295873425
49,"Total population by sex","Total population by sex","World Population Prospects",2024,"United Nations Population Division",840,"United States of America","US","USA",135,"2084",1,"95% lower bound",3,"Both sexes",188,0,-1,"Total",0,"Not applicable",1,"Model-based Estimates",3,"Projection",288873818
49,"Total population by sex","Total population by sex","World Population Prospects",2024,"United Nations Population Division",840,"United States of America","US","USA",135,"2084",4,"Median",3,"Both sexes",188,0,-1,"Total",0,"Not applicable",1,"Model-based Estimates",3,"Projection",410134666.5
49,"Total population by sex","Total population by sex","World Population Prospects",2024,"United Nations Population Division",840,"United States of America","US","USA",135,"2084",6,"95% upper bound",3,"Both sexes",188,0,-1,"Total",0,"Not applicable",1,"Model-based Estimates",3,"Projection",547292179
49,"Total population by sex","Total population by sex","World Population Prospects",2024,"United Nations Population Division",840,"United States of America","US","USA",135,"2084",13,"Zero-migration",3,"Both sexes",188,0,-1,"Total",0,"Not applicable",1,"Model-based Estimates",3,"Projection",294179894.5
49,"Total population by sex","Total population by sex","World Population Prospects",2024,"United Nations Population Division",840,"United States of America","US","USA",136,"2085",1,"95% lower bound",3,"Both sexes",188,0,-1,"Total",0,"Not applicable",1,"Model-based Estimates",3,"Projection",286215432
49,"Total population by sex","Total population by sex","World Population Prospects",2024,"United Nations Population Division",840,"United States of America","US","USA",136,"2085",4,"Median",3,"Both sexes",188,0,-1,"Total",0,"Not applicable",1,"Model-based Estimates",3,"Projection",410829984.5
49,"Total population by sex","Total population by sex","World Population Prospects",2024,"United Nations Population Division",840,"United States of America","US","USA",136,"2085",6,"95% upper bound",3,"Both sexes",188,0,-1,"Total",0,"Not applicable",1,"Model-based Estimates",3,"Projection",552078582
49,"Total population by sex","Total population by sex","World Population Prospects",2024,"United Nations Population Division",840,"United States of America","US","USA",136,"2085",13,"Zero-migration",3,"Both sexes",188,0,-1,"Total",0,"Not applicable",1,"Model-based Estimates",3,"Projection",292482192
49,"Total population by sex","Total population by sex","World Population Prospects",2024,"United Nations Population Division",840,"United States of America","US","USA",137,"2086",1,"95% lower bound",3,"Both sexes",188,0,-1,"Total",0,"Not applicable",1,"Model-based Estimates",3,"Projection",283987192
49,"Total population by sex","Total population by sex","World Population Prospects",2024,"United Nations Population Division",840,"United States of America","US","USA",137,"2086",4,"Median",3,"Both sexes",188,0,-1,"Total",0,"Not applicable",1,"Model-based Estimates",3,"Projection",411520086.5
49,"Total population by sex","Total population by sex","World Population Prospects",2024,"United Nations Population Division",840,"United States of America","US","USA",137,"2086",6,"95% upper bound",3,"Both sexes",188,0,-1,"Total",0,"Not applicable",1,"Model-based Estimates",3,"Projection",557899177
49,"Total population by sex","Total population by sex","World Population Prospects",2024,"United Nations Population Division",840,"United States of America","US","USA",137,"2086",13,"Zero-migration",3,"Both sexes",188,0,-1,"Total",0,"Not applicable",1,"Model-based Estimates",3,"Projection",290783787
49,"Total population by sex","Total population by sex","World Population Prospects",2024,"United Nations Population Division",840,"United States of America","US","USA",138,"2087",1,"95% lower bound",3,"Both sexes",188,0,-1,"Total",0,"Not applicable",1,"Model-based Estimates",3,"Projection",282030820
49,"Total population by sex","Total population by sex","World Population Prospects",2024,"United Nations Population Division",840,"United States of America","US","USA",138,"2087",4,"Median",3,"Both sexes",188,0,-1,"Total",0,"Not applicable",1,"Model-based Estimates",3,"Projection",412236776.5
49,"Total population by sex","Total population by sex","World Population Prospects",2024,"United Nations Population Division",840,"United States of America","US","USA",138,"2087",6,"95% upper bound",3,"Both sexes",188,0,-1,"Total",0,"Not applicable",1,"Model-based Estimates",3,"Projection",563698652
49,"Total population by sex","Total population by sex","World Population Prospects",2024,"United Nations Population Division",840,"United States of America","US","USA",138,"2087",13,"Zero-migration",3,"Both sexes",188,0,-1,"Total",0,"Not applicable",1,"Model-based Estimates",3,"Projection",289086398
49,"Total population by sex","Total population by sex","World Population Prospects",2024,"United Nations Population Division",840,"United States of America","US","USA",139,"2088",1,"95% lower bound",3,"Both sexes",188,0,-1,"Total",0,"Not applicable",1,"Model-based Estimates",3,"Projection",279941121
49,"Total population by sex","Total population by sex","World Population Prospects",2024,"United Nations Population Division",840,"United States of America","US","USA",139,"2088",4,"Median",3,"Both sexes",188,0,-1,"Total",0,"Not applicable",1,"Model-based Estimates",3,"Projection",412978780
49,"Total population by sex","Total population by sex","World Population Prospects",2024,"United Nations Population Division",840,"United States of America","US","USA",139,"2088",6,"95% upper bound",3,"Both sexes",188,0,-1,"Total",0,"Not applicable",1,"Model-based Estimates",3,"Projection",568440122
49,"Total population by sex","Total population by sex","World Population Prospects",2024,"United Nations Population Division",840,"United States of America","US","USA",139,"2088",13,"Zero-migration",3,"Both sexes",188,0,-1,"Total",0,"Not applicable",1,"Model-based Estimates",3,"Projection",287393386.5
49,"Total population by sex","Total population by sex","World Population Prospects",2024,"United Nations Population Division",840,"United States of America","US","USA",140,"2089",1,"95% lower bound",3,"Both sexes",188,0,-1,"Total",0,"Not applicable",1,"Model-based Estimates",3,"Projection",278655820
49,"Total population by sex","Total population by sex","World Population Prospects",2024,"United Nations Population Division",840,"United States of America","US","USA",140,"2089",4,"Median",3,"Both sexes",188,0,-1,"Total",0,"Not applicable",1,"Model-based Estimates",3,"Projection",413730741
49,"Total population by sex","Total population by sex","World Population Prospects",2024,"United Nations Population Division",840,"United States of America","US","USA",140,"2089",6,"95% upper bound",3,"Both sexes",188,0,-1,"Total",0,"Not applicable",1,"Model-based Estimates",3,"Projection",573059730
49,"Total population by sex","Total population by sex","World Population Prospects",2024,"United Nations Population Division",840,"United States of America","US","USA",140,"2089",13,"Zero-migration",3,"Both sexes",188,0,-1,"Total",0,"Not applicable",1,"Model-based Estimates",3,"Projection",285708405.5
49,"Total population by sex","Total population by sex","World Population Prospects",2024,"United Nations Population Division",840,"United States of America","US","USA",141,"2090",1,"95% lower bound",3,"Both sexes",188,0,-1,"Total",0,"Not applicable",1,"Model-based Estimates",3,"Projection",277790941
49,"Total population by sex","Total population by sex","World Population Prospects",2024,"United Nations Population Division",840,"United States of America","US","USA",141,"2090",4,"Median",3,"Both sexes",188,0,-1,"Total",0,"Not applicable",1,"Model-based Estimates",3,"Projection",414457640
49,"Total population by sex","Total population by sex","World Population Prospects",2024,"United Nations Population Division",840,"United States of America","US","USA",141,"2090",6,"95% upper bound",3,"Both sexes",188,0,-1,"Total",0,"Not applicable",1,"Model-based Estimates",3,"Projection",577712148
49,"Total population by sex","Total population by sex","World Population Prospects",2024,"United Nations Population Division",840,"United States of America","US","USA",141,"2090",13,"Zero-migration",3,"Both sexes",188,0,-1,"Total",0,"Not applicable",1,"Model-based Estimates",3,"Projection",284033695.5
49,"Total population by sex","Total population by sex","World Population Prospects",2024,"United Nations Population Division",840,"United States of America","US","USA",142,"2091",1,"95% lower bound",3,"Both sexes",188,0,-1,"Total",0,"Not applicable",1,"Model-based Estimates",3,"Projection",275903819
49,"Total population by sex","Total population by sex","World Population Prospects",2024,"United Nations Population Division",840,"United States of America","US","USA",142,"2091",4,"Median",3,"Both sexes",188,0,-1,"Total",0,"Not applicable",1,"Model-based Estimates",3,"Projection",415186389
49,"Total population by sex","Total population by sex","World Population Prospects",2024,"United Nations Population Division",840,"United States of America","US","USA",142,"2091",6,"95% upper bound",3,"Both sexes",188,0,-1,"Total",0,"Not applicable",1,"Model-based Estimates",3,"Projection",581173868
49,"Total population by sex","Total population by sex","World Population Prospects",2024,"United Nations Population Division",840,"United States of America","US","USA",142,"2091",13,"Zero-migration",3,"Both sexes",188,0,-1,"Total",0,"Not applicable",1,"Model-based Estimates",3,"Projection",282367461
49,"Total population by sex","Total population by sex","World Population Prospects",2024,"United Nations Population Division",840,"United States of America","US","USA",143,"2092",1,"95% lower bound",3,"Both sexes",188,0,-1,"Total",0,"Not applicable",1,"Model-based Estimates",3,"Projection",273679977
49,"Total population by sex","Total population by sex","World Population Prospects",2024,"United Nations Population Division",840,"United States of America","US","USA",143,"2092",4,"Median",3,"Both sexes",188,0,-1,"Total",0,"Not applicable",1,"Model-based Estimates",3,"Projection",415929000
49,"Total population by sex","Total population by sex","World Population Prospects",2024,"United Nations Population Division",840,"United States of America","US","USA",143,"2092",6,"95% upper bound",3,"Both sexes",188,0,-1,"Total",0,"Not applicable",1,"Model-based Estimates",3,"Projection",585100328
49,"Total population by sex","Total population by sex","World Population Prospects",2024,"United Nations Population Division",840,"United States of America","US","USA",143,"2092",13,"Zero-migration",3,"Both sexes",188,0,-1,"Total",0,"Not applicable",1,"Model-based Estimates",3,"Projection",280709660.5
49,"Total population by sex","Total population by sex","World Population Prospects",2024,"United Nations Population Division",840,"United States of America","US","USA",144,"2093",1,"95% lower bound",3,"Both sexes",188,0,-1,"Total",0,"Not applicable",1,"Model-based Estimates",3,"Projection",271760291
49,"Total population by sex","Total population by sex","World Population Prospects",2024,"United Nations Population Division",840,"United States of America","US","USA",144,"2093",4,"Median",3,"Both sexes",188,0,-1,"Total",0,"Not applicable",1,"Model-based Estimates",3,"Projection",416662126.5
49,"Total population by sex","Total population by sex","World Population Prospects",2024,"United Nations Population Division",840,"United States of America","US","USA",144,"2093",6,"95% upper bound",3,"Both sexes",188,0,-1,"Total",0,"Not applicable",1,"Model-based Estimates",3,"Projection",590264926
49,"Total population by sex","Total population by sex","World Population Prospects",2024,"United Nations Population Division",840,"United States of America","US","USA",144,"2093",13,"Zero-migration",3,"Both sexes",188,0,-1,"Total",0,"Not applicable",1,"Model-based Estimates",3,"Projection",279061292
49,"Total population by sex","Total population by sex","World Population Prospects",2024,"United Nations Population Division",840,"United States of America","US","USA",145,"2094",1,"95% lower bound",3,"Both sexes",188,0,-1,"Total",0,"Not applicable",1,"Model-based Estimates",3,"Projection",269434365
49,"Total population by sex","Total population by sex","World Population Prospects",2024,"United Nations Population Division",840,"United States of America","US","USA",145,"2094",4,"Median",3,"Both sexes",188,0,-1,"Total",0,"Not applicable",1,"Model-based Estimates",3,"Projection",417391615.5
49,"Total population by sex","Total population by sex","World Population Prospects",2024,"United Nations Population Division",840,"United States of America","US","USA",145,"2094",6,"95% upper bound",3,"Both sexes",188,0,-1,"Total",0,"Not applicable",1,"Model-based Estimates",3,"Projection",595463368
49,"Total population by sex","Total population by sex","World Population Prospects",2024,"United Nations Population Division",840,"United States of America","US","USA",145,"2094",13,"Zero-migration",3,"Both sexes",188,0,-1,"Total",0,"Not applicable",1,"Model-based Estimates",3,"Projection",277419834
49,"Total population by sex","Total population by sex","World Population Prospects",2024,"United Nations Population Division",840,"United States of America","US","USA",146,"2095",1,"95% lower bound",3,"Both sexes",188,0,-1,"Total",0,"Not applicable",1,"Model-based Estimates",3,"Projection",267068829.00000003
49,"Total population by sex","Total population by sex","World Population Prospects",2024,"United Nations Population Division",840,"United States of America","US","USA",146,"2095",4,"Median",3,"Both sexes",188,0,-1,"Total",0,"Not applicable",1,"Model-based Estimates",3,"Projection",418115527.5
49,"Total population by sex","Total population by sex","World Population Prospects",2024,"United Nations Population Division",840,"United States of America","US","USA",146,"2095",6,"95% upper bound",3,"Both sexes",188,0,-1,"Total",0,"Not applicable",1,"Model-based Estimates",3,"Projection",600665666
49,"Total population by sex","Total population by sex","World Population Prospects",2024,"United Nations Population Division",840,"United States of America","US","USA",146,"2095",13,"Zero-migration",3,"Both sexes",188,0,-1,"Total",0,"Not applicable",1,"Model-based Estimates",3,"Projection",275784845.5
49,"Total population by sex","Total population by sex","World Population Prospects",2024,"United Nations Population Division",840,"United States of America","US","USA",147,"2096",1,"95% lower bound",3,"Both sexes",188,0,-1,"Total",0,"Not applicable",1,"Model-based Estimates",3,"Projection",264616813.00000003
49,"Total population by sex","Total population by sex","World Population Prospects",2024,"United Nations Population Division",840,"United States of America","US","USA",147,"2096",4,"Median",3,"Both sexes",188,0,-1,"Total",0,"Not applicable",1,"Model-based Estimates",3,"Projection",418800097.5
49,"Total population by sex","Total population by sex","World Population Prospects",2024,"United Nations Population Division",840,"United States of America","US","USA",147,"2096",6,"95% upper bound",3,"Both sexes",188,0,-1,"Total",0,"Not applicable",1,"Model-based Estimates",3,"Projection",605143529
49,"Total population by sex","Total population by sex","World Population Prospects",2024,"United Nations Population Division",840,"United States of America","US","USA",147,"2096",13,"Zero-migration",3,"Both sexes",188,0,-1,"Total",0,"Not applicable",1,"Model-based Estimates",3,"Projection",274153908
49,"Total population by sex","Total population by sex","World Population Prospects",2024,"United Nations Population Division",840,"United States of America","US","USA",148,"2097",1,"95% lower bound",3,"Both sexes",188,0,-1,"Total",0,"Not applicable",1,"Model-based Estimates",3,"Projection",262190267
49,"Total population by sex","Total population by sex","World Population Prospects",2024,"United Nations Population Division",840,"United States of America","US","USA",148,"2097",4,"Median",3,"Both sexes",188,0,-1,"Total",0,"Not applicable",1,"Model-based Estimates",3,"Projection",419461017
49,"Total population by sex","Total population by sex","World Population Prospects",2024,"United Nations Population Division",840,"United States of America","US","USA",148,"2097",6,"95% upper bound",3,"Both sexes",188,0,-1,"Total",0,"Not applicable",1,"Model-based Estimates",3,"Projection",609781173
49,"Total population by sex","Total population by sex","World Population Prospects",2024,"United Nations Population Division",840,"United States of America","US","USA",148,"2097",13,"Zero-migration",3,"Both sexes",188,0,-1,"Total",0,"Not applicable",1,"Model-based Estimates",3,"Projection",272526734
49,"Total population by sex","Total population by sex","World Population Prospects",2024,"United Nations Population Division",840,"United States of America","US","USA",149,"2098",1,"95% lower bound",3,"Both sexes",188,0,-1,"Total",0,"Not applicable",1,"Model-based Estimates",3,"Projection",260127132
49,"Total population by sex","Total population by sex","World Population Prospects",2024,"United Nations Population Division",840,"United States of America","US","USA",149,"2098",4,"Median",3,"Both sexes",188,0,-1,"Total",0,"Not applicable",1,"Model-based Estimates",3,"Projection",420095820
49,"Total population by sex","Total population by sex","World Population Prospects",2024,"United Nations Population Division",840,"United States of America","US","USA",149,"2098",6,"95% upper bound",3,"Both sexes",188,0,-1,"Total",0,"Not applicable",1,"Model-based Estimates",3,"Projection",615825366
49,"Total population by sex","Total population by sex","World Population Prospects",2024,"United Nations Population Division",840,"United States of America","US","USA",149,"2098",13,"Zero-migration",3,"Both sexes",188,0,-1,"Total",0,"Not applicable",1,"Model-based Estimates",3,"Projection",270902871
49,"Total population by sex","Total population by sex","World Population Prospects",2024,"United Nations Population Division",840,"United States of America","US","USA",150,"2099",1,"95% lower bound",3,"Both sexes",188,0,-1,"Total",0,"Not applicable",1,"Model-based Estimates",3,"Projection",257933081
49,"Total population by sex","Total population by sex","World Population Prospects",2024,"United Nations Population Division",840,"United States of America","US","USA",150,"2099",4,"Median",3,"Both sexes",188,0,-1,"Total",0,"Not applicable",1,"Model-based Estimates",3,"Projection",420702888
49,"Total population by sex","Total population by sex","World Population Prospects",2024,"United Nations Population Division",840,"United States of America","US","USA",150,"2099",6,"95% upper bound",3,"Both sexes",188,0,-1,"Total",0,"Not applicable",1,"Model-based Estimates",3,"Projection",621228071
49,"Total population by sex","Total population by sex","World Population Prospects",2024,"United Nations Population Division",840,"United States of America","US","USA",150,"2099",13,"Zero-migration",3,"Both sexes",188,0,-1,"Total",0,"Not applicable",1,"Model-based Estimates",3,"Projection",269280834
49,"Total population by sex","Total population by sex","World Population Prospects",2024,"United Nations Population Division",840,"United States of America","US","USA",151,"2100",1,"95% lower bound",3,"Both sexes",188,0,-1,"Total",0,"Not applicable",1,"Model-based Estimates",3,"Projection",255695616
49,"Total population by sex","Total population by sex","World Population Prospects",2024,"United Nations Population Division",840,"United States of America","US","USA",151,"2100",4,"Median",3,"Both sexes",188,0,-1,"Total",0,"Not applicable",1,"Model-based Estimates",3,"Projection",421278889.5
49,"Total population by sex","Total population by sex","World Population Prospects",2024,"United Nations Population Division",840,"United States of America","US","USA",151,"2100",6,"95% upper bound",3,"Both sexes",188,0,-1,"Total",0,"Not applicable",1,"Model-based Estimates",3,"Projection",625172955
49,"Total population by sex","Total population by sex","World Population Prospects",2024,"United Nations Population Division",840,"United States of America","US","USA",151,"2100",13,"Zero-migration",3,"Both sexes",188,0,-1,"Total",0,"Not applicable",1,"Model-based Estimates",3,"Projection",267662822.5
