IndicatorId,IndicatorName,IndicatorShortName,Source,SourceYear,Author,LocationId,Location,Iso2,Iso3,TimeId,Time,VariantId,Variant,SexId,Sex,AgeId,AgeStart,AgeEnd,Age,CategoryId,Category,EstimateTypeId,EstimateType,EstimateMethodId,EstimateMethod,Value
49,"Total population by sex","Total population by sex","World Population Prospects",2024,"United Nations Population Division",156,"China","CN","CHN",41,"1990",4,"Median",3,"Both sexes",188,0,-1,"Total",0,"Not applicable",1,"Model-based Estimates",2,"Interpolation",1153582724
49,"Total population by sex","Total population by sex","World Population Prospects",2024,"United Nations Population Division",156,"China","CN","CHN",42,"1991",4,"Median",3,"Both sexes",188,0,-1,"Total",0,"Not applicable",1,"Model-based Estimates",2,"Interpolation",1170788528
49,"Total population by sex","Total population by sex","World Population Prospects",2024,"United Nations Population Division",156,"China","CN","CHN",43,"1992",4,"Median",3,"Both sexes",188,0,-1,"Total",0,"Not applicable",1,"Model-based Estimates",2,"Interpolation",1184574237
49,"Total population by sex","Total population by sex","World Population Prospects",2024,"United Nations Population Division",156,"China","CN","CHN",44,"1993",4,"Median",3,"Both sexes",188,0,-1,"Total",0,"Not applicable",1,"Model-based Estimates",2,"Interpolation",1197308575
49,"Total population by sex","Total population by sex","World Population Prospects",2024,"United Nations Population Division",156,"China","CN","CHN",45,"1994",4,"Median",3,"Both sexes",188,0,-1,"Total",0,"Not applicable",1,"Model-based Estimates",2,"Interpolation",1209003096.5
49,"Total population by sex","Total population by sex","World Population Prospects",2024,"United Nations Population Division",156,"China","CN","CHN",46,"1995",4,"Median",3,"Both sexes",188,0,-1,"Total",0,"Not applicable",1,"Model-based Estimates",2,"Interpolation",1220133927.5
49,"Total population by sex","Total population by sex","World Population Prospects",2024,"United Nations Population Division",156,"China","CN","CHN",47,"1996",4,"Median",3,"Both sexes",188,0,-1,"Total",0,"Not applicable",1,"Model-based Estimates",2,"Interpolation",1230944812
49,"Total population by sex","Total population by sex","World Population Prospects",2024,"United Nations Population Division",156,"China","CN","CHN",48,"1997",4,"Median",3,"Both sexes",188,0,-1,"Total",0,"Not applicable",1,"Model-based Estimates",2,"Interpolation",1241139622
49,"Total population by sex","Total population by sex","World Population Prospects",2024,"United Nations Population Division",156,"China","CN","CHN",49,"1998",4,"Median",3,"Both sexes",188,0,-1,"Total",0,"Not applicable",1,"Model-based Estimates",2,"Interpolation",1250847126.5
49,"Total population by sex","Total population by sex","World Population Prospects",2024,"United Nations Population Division",156,"China","CN","CHN",50,"1999",4,"Median",3,"Both sexes",188,0,-1,"Total",0,"Not applicable",1,"Model-based Estimates",2,"Interpolation",1260176655
49,"Total population by sex","Total population by sex","World Population Prospects",2024,"United Nations Population Division",156,"China","CN","CHN",51,"2000",4,"Median",3,"Both sexes",188,0,-1,"Total",0,"Not applicable",1,"Model-based Estimates",2,"Interpolation",1269581175.5
49,"Total population by sex","Total population by sex","World Population Prospects",2024,"United Nations Population Division",156,"China","CN","CHN",52,"2001",4,"Median",3,"Both sexes",188,0,-1,"Total",0,"Not applicable",1,"Model-based Estimates",2,"Interpolation",1278725062.5
49,"Total population by sex","Total population by sex","World Population Prospects",2024,"United Nations Population Division",156,"China","CN","CHN",53,"2002",4,"Median",3,"Both sexes",188,0,-1,"Total",0,"Not applicable",1,"Model-based Estimates",2,"Interpolation",1286866838.5
49,"Total population by sex","Total population by sex","World Population Prospects",2024,"United Nations Population Division",156,"China","CN","CHN",54,"2003",4,"Median",3,"Both sexes",188,0,-1,"Total",0,"Not applicable",1,"Model-based Estimates",2,"Interpolation",1294517326
49,"Total population by sex","Total population by sex","World Population Prospects",2024,"United Nations Population Division",156,"China","CN","CHN",55,"2004",4,"Median",3,"Both sexes",188,0,-1,"Total",0,"Not applicable",1,"Model-based Estimates",2,"Interpolation",1302100315.5
49,"Total population by sex","Total population by sex","World Population Prospects",2024,"United Nations Population Division",156,"China","CN","CHN",56,"2005",4,"Median",3,"Both sexes",188,0,-1,"Total",0,"Not applicable",1,"Model-based Estimates",2,"Interpolation",1310027135.5
49,"Total population by sex","Total population by sex","World Population Prospects",2024,"United Nations Population Division",156,"China","CN","CHN",57,"2006",4,"Median",3,"Both sexes",188,0,-1,"Total",0,"Not applicable",1,"Model-based Estimates",2,"Interpolation",1318054036
49,"Total population by sex","Total population by sex","World Population Prospects",2024,"United Nations Population Division",156,"China","CN","CHN",58,"2007",4,"Median",3,"Both sexes",188,0,-1,"Total",0,"Not applicable",1,"Model-based Estimates",2,"Interpolation",1325813581.5
49,"Total population by sex","Total population by sex","World Population Prospects",2024,"United Nations Population Division",156,"China","CN","CHN",59,"2008",4,"Median",3,"Both sexes",188,0,-1,"Total",0,"Not applicable",1,"Model-based Estimates",2,"Interpolation",1333821016
49,"Total population by sex","Total population by sex","World Population Prospects",2024,"United Nations Population Division",156,"China","CN","CHN",60,"2009",4,"Median",3,"Both sexes",188,0,-1,"Total",0,"Not applicable",1,"Model-based Estimates",2,"Interpolation",1342522716
49,"Total population by sex","Total population by sex","World Population Prospects",2024,"United Nations Population Division",156,"China","CN","CHN",61,"2010",4,"Median",3,"Both sexes",188,0,-1,"Total",0,"Not applicable",1,"Model-based Estimates",2,"Interpolation",1351561514
49,"Total population by sex","Total population by sex","World Population Prospects",2024,"United Nations Population Division",156,"China","CN","CHN",62,"2011",4,"Median",3,"Both sexes",188,0,-1,"Total",0,"Not applicable",1,"Model-based Estimates",2,"Interpolation",1360250664.5
49,"Total population by sex","Total population by sex","World Population Prospects",2024,"United Nations Population Division",156,"China","CN","CHN",63,"2012",4,"Median",3,"Both sexes",188,0,-1,"Total",0,"Not applicable",1,"Model-based Estimates",2,"Interpolation",1369520864.5
49,"Total population by sex","Total population by sex","World Population Prospects",2024,"United Nations Population Division",156,"China","CN","CHN",64,"2013",4,"Median",3,"Both sexes",188,0,-1,"Total",0,"Not applicable",1,"Model-based Estimates",2,"Interpolation",1379008040.5
49,"Total population by sex","Total population by sex","World Population Prospects",2024,"United Nations Population Division",156,"China","CN","CHN",65,"2014",4,"Median",3,"Both sexes",188,0,-1,"Total",0,"Not applicable",1,"Model-based Estimates",2,"Interpolation",1387951972
49,"Total population by sex","Total population by sex","World Population Prospects",2024,"United Nations Population Division",156,"China","CN","CHN",66,"2015",4,"Median",3,"Both sexes",188,0,-1,"Total",0,"Not applicable",1,"Model-based Estimates",2,"Interpolation",1396134173.5
49,"Total population by sex","Total population by sex","World Population Prospects",2024,"United Nations Population Division",156,"China","CN","CHN",67,"2016",4,"Median",3,"Both sexes",188,0,-1,"Total",0,"Not applicable",1,"Model-based Estimates",2,"Interpolation",1404052632
49,"Total population by sex","Total population by sex","World Population Prospects",2024,"United Nations Population Division",156,"China","CN","CHN",68,"2017",4,"Median",3,"Both sexes",188,0,-1,"Total",0,"Not applicable",1,"Model-based Estimates",2,"Interpolation",1412354727
49,"Total population by sex","Total population by sex","World Population Prospects",2024,"United Nations Population Division",156,"China","CN","CHN",69,"2018",4,"Median",3,"Both sexes",188,0,-1,"Total",0,"Not applicable",1,"Model-based Estimates",2,"Interpolation",1419008956
49,"Total population by sex","Total population by sex","World Population Prospects",2024,"United Nations Population Division",156,"China","CN","CHN",70,"2019",4,"Median",3,"Both sexes",188,0,-1,"Total",0,"Not applicable",1,"Model-based Estimates",2,"Interpolation",1423520357.5
49,"Total population by sex","Total population by sex","World Population Prospects",2024,"United Nations Population Division",156,"China","CN","CHN",71,"2020",4,"Median",3,"Both sexes",188,0,-1,"Total",0,"Not applicable",1,"Model-based Estimates",2,"Interpolation",1426106093
49,"Total population by sex","Total population by sex","World Population Prospects",2024,"United Nations Population Division",156,"China","CN","CHN",72,"2021",4,"Median",3,"Both sexes",188,0,-1,"Total",0,"Not applicable",1,"Model-based Estimates",3,"Projection",1426437267
49,"Total population by sex","Total population by sex","World Population Prospects",2024,"United Nations Population Division",156,"China","CN","CHN",73,"2022",4,"Median",3,"Both sexes",188,0,-1,"Total",0,"Not applicable",1,"Model-based Estimates",3,"Projection",1425179569
49,"Total population by sex","Total population by sex","World Population Prospects",2024,"United Nations Population Division",156,"China","CN","CHN",74,"2023",4,"Median",3,"Both sexes",188,0,-1,"Total",0,"Not applicable",1,"Model-based Estimates",3,"Projection",1422584932.5
49,"Total population by sex","Total population by sex","World Population Prospects",2024,"United Nations Population Division",156,"China","CN","CHN",75,"2024",1,"95% lower bound",3,"Both sexes",188,0,-1,"Total",0,"Not applicable",1,"Model-based Estimates",3,"Projection",1417930343
49,"Total population by sex","Total population by sex","World Population Prospects",2024,"United Nations Population Division",156,"China","CN","CHN",75,"2024",4,"Median",3,"Both sexes",188,0,-1,"Total",0,"Not applicable",1,"Model-based Estimates",3,"Projection",1419321277.5
49,"Total population by sex","Total population by sex","World Population Prospects",2024,"United Nations Population Division",156,"China","CN","CHN",75,"2024",6,"95% upper bound",3,"Both sexes",188,0,-1,"Total",0,"Not applicable",1,"Model-based Estimates",3,"Projection",1420799559
49,"Total population by sex","Total population by sex","World Population Prospects",2024,"United Nations Population Division",156,"China","CN","CHN",75,"2024",13,"Zero-migration",3,"Both sexes",188,0,-1,"Total",0,"Not applicable",1,"Model-based Estimates",3,"Projection",1419480778
49,"Total population by sex","Total population by sex","World Population Prospects",2024,"United Nations Population Division",156,"China","CN","CHN",76,"2025",1,"95% lower bound",3,"Both sexes",188,0,-1,"Total",0,"Not applicable",1,"Model-based Estimates",3,"Projection",1411957450
49,"Total population by sex","Total population by sex","World Population Prospects",2024,"United Nations Population Division",156,"China","CN","CHN",76,"2025",4,"Median",3,"Both sexes",188,0,-1,"Total",0,"Not applicable",1,"Model-based Estimates",3,"Projection",1416096094
49,"Total population by sex","Total population by sex","World Population Prospects",2024,"United Nations Population Division",156,"China","CN","CHN",76,"2025",6,"95% upper bound",3,"Both sexes",188,0,-1,"Total",0,"Not applicable",1,"Model-based Estimates",3,"Projection",1420369309
49,"Total population by sex","Total population by sex","World Population Prospects",2024,"United Nations Population Division",156,"China","CN","CHN",76,"2025",13,"Zero-migration",3,"Both sexes",188,0,-1,"Total",0,"Not applicable",1,"Model-based Estimates",3,"Projection",1416551444.5
49,"Total population by sex","Total population by sex","World Population Prospects",2024,"United Nations Population Division",156,"China","CN","CHN",77,"2026",1,"95% lower bound",3,"Both sexes",188,0,-1,"Total",0,"Not applicable",1,"Model-based Estimates",3,"Projection",1405838466
49,"Total population by sex","Total population by sex","World Population Prospects",2024,"United Nations Population Division",156,"China","CN","CHN",77,"2026",4,"Median",3,"Both sexes",188,0,-1,"Total",0,"Not applicable",1,"Model-based Estimates",3,"Projection",1412914088.5
49,"Total population by sex","Total population by sex","World Population Prospects",2024,"United Nations Population Division",156,"China","CN","CHN",77,"2026",6,"95% upper bound",3,"Both sexes",188,0,-1,"Total",0,"Not applicable",1,"Model-based Estimates",3,"Projection",1419745725
49,"Total population by sex","Total population by sex","World Population Prospects",2024,"United Nations Population Division",156,"China","CN","CHN",77,"2026",13,"Zero-migration",3,"Both sexes",188,0,-1,"Total",0,"Not applicable",1,"Model-based Estimates",3,"Projection",1413626706.5
49,"Total population by sex","Total population by sex","World Population Prospects",2024,"United Nations Population Division",156,"China","CN","CHN",78,"2027",1,"95% lower bound",3,"Both sexes",188,0,-1,"Total",0,"Not applicable",1,"Model-based Estimates",3,"Projection",1399806220
49,"Total population by sex","Total population by sex","World Population Prospects",2024,"United Nations Population Division",156,"China","CN","CHN",78,"2027",4,"Median",3,"Both sexes",188,0,-1,"Total",0,"Not applicable",1,"Model-based Estimates",3,"Projection",1409679406
49,"Total population by sex","Total population by sex","World Population Prospects",2024,"United Nations Population Division",156,"China","CN","CHN",78,"2027",6,"95% upper bound",3,"Both sexes",188,0,-1,"Total",0,"Not applicable",1,"Model-based Estimates",3,"Projection",1419026884
49,"Total population by sex","Total population by sex","World Population Prospects",2024,"United Nations Population Division",156,"China","CN","CHN",78,"2027",13,"Zero-migration",3,"Both sexes",188,0,-1,"Total",0,"Not applicable",1,"Model-based Estimates",3,"Projection",1410627357.5
49,"Total population by sex","Total population by sex","World Population Prospects",2024,"United Nations Population Division",156,"China","CN","CHN",79,"2028",1,"95% lower bound",3,"Both sexes",188,0,-1,"Total",0,"Not applicable",1,"Model-based Estimates",3,"Projection",1393529337
49,"Total population by sex","Total population by sex","World Population Prospects",2024,"United Nations Population Division",156,"China","CN","CHN",79,"2028",4,"Median",3,"Both sexes",188,0,-1,"Total",0,"Not applicable",1,"Model-based Estimates",3,"Projection",1406136743.5
49,"Total population by sex","Total population by sex","World Population Prospects",2024,"United Nations Population Division",156,"China","CN","CHN",79,"2028",6,"95% upper bound",3,"Both sexes",188,0,-1,"Total",0,"Not applicable",1,"Model-based Estimates",3,"Projection",1418421877
49,"Total population by sex","Total population by sex","World Population Prospects",2024,"United Nations Population Division",156,"China","CN","CHN",79,"2028",13,"Zero-migration",3,"Both sexes",188,0,-1,"Total",0,"Not applicable",1,"Model-based Estimates",3,"Projection",1407326298
49,"Total population by sex","Total population by sex","World Population Prospects",2024,"United Nations Population Division",156,"China","CN","CHN",80,"2029",1,"95% lower bound",3,"Both sexes",188,0,-1,"Total",0,"Not applicable",1,"Model-based Estimates",3,"Projection",1386443580
49,"Total population by sex","Total population by sex","World Population Prospects",2024,"United Nations Population Division",156,"China","CN","CHN",80,"2029",4,"Median",3,"Both sexes",188,0,-1,"Total",0,"Not applicable",1,"Model-based Estimates",3,"Projection",1402282752.5
49,"Total population by sex","Total population by sex","World Population Prospects",2024,"United Nations Population Division",156,"China","CN","CHN",80,"2029",6,"95% upper bound",3,"Both sexes",188,0,-1,"Total",0,"Not applicable",1,"Model-based Estimates",3,"Projection",1417783195
49,"Total population by sex","Total population by sex","World Population Prospects",2024,"United Nations Population Division",156,"China","CN","CHN",80,"2029",13,"Zero-migration",3,"Both sexes",188,0,-1,"Total",0,"Not applicable",1,"Model-based Estimates",3,"Projection",1403723067
49,"Total population by sex","Total population by sex","World Population Prospects",2024,"United Nations Population Division",156,"China","CN","CHN",81,"2030",1,"95% lower bound",3,"Both sexes",188,0,-1,"Total",0,"Not applicable",1,"Model-based Estimates",3,"Projection",1378752923
49,"Total population by sex","Total population by sex","World Population Prospects",2024,"United Nations Population Division",156,"China","CN","CHN",81,"2030",4,"Median",3,"Both sexes",188,0,-1,"Total",0,"Not applicable",1,"Model-based Estimates",3,"Projection",1398153832
49,"Total population by sex","Total population by sex","World Population Prospects",2024,"United Nations Population Division",156,"China","CN","CHN",81,"2030",6,"95% upper bound",3,"Both sexes",188,0,-1,"Total",0,"Not applicable",1,"Model-based Estimates",3,"Projection",1416681505
49,"Total population by sex","Total population by sex","World Population Prospects",2024,"United Nations Population Division",156,"China","CN","CHN",81,"2030",13,"Zero-migration",3,"Both sexes",188,0,-1,"Total",0,"Not applicable",1,"Model-based Estimates",3,"Projection",1399835643
49,"Total population by sex","Total population by sex","World Population Prospects",2024,"United Nations Population Division",156,"China","CN","CHN",82,"2031",1,"95% lower bound",3,"Both sexes",188,0,-1,"Total",0,"Not applicable",1,"Model-based Estimates",3,"Projection",1370626893
49,"Total population by sex","Total population by sex","World Population Prospects",2024,"United Nations Population Division",156,"China","CN","CHN",82,"2031",4,"Median",3,"Both sexes",188,0,-1,"Total",0,"Not applicable",1,"Model-based Estimates",3,"Projection",1393748669.5
49,"Total population by sex","Total population by sex","World Population Prospects",2024,"United Nations Population Division",156,"China","CN","CHN",82,"2031",6,"95% upper bound",3,"Both sexes",188,0,-1,"Total",0,"Not applicable",1,"Model-based Estimates",3,"Projection",1415514182
49,"Total population by sex","Total population by sex","World Population Prospects",2024,"United Nations Population Division",156,"China","CN","CHN",82,"2031",13,"Zero-migration",3,"Both sexes",188,0,-1,"Total",0,"Not applicable",1,"Model-based Estimates",3,"Projection",1395682192
49,"Total population by sex","Total population by sex","World Population Prospects",2024,"United Nations Population Division",156,"China","CN","CHN",83,"2032",1,"95% lower bound",3,"Both sexes",188,0,-1,"Total",0,"Not applicable",1,"Model-based Estimates",3,"Projection",1362269568
49,"Total population by sex","Total population by sex","World Population Prospects",2024,"United Nations Population Division",156,"China","CN","CHN",83,"2032",4,"Median",3,"Both sexes",188,0,-1,"Total",0,"Not applicable",1,"Model-based Estimates",3,"Projection",1389060032
49,"Total population by sex","Total population by sex","World Population Prospects",2024,"United Nations Population Division",156,"China","CN","CHN",83,"2032",6,"95% upper bound",3,"Both sexes",188,0,-1,"Total",0,"Not applicable",1,"Model-based Estimates",3,"Projection",1414368404
49,"Total population by sex","Total population by sex","World Population Prospects",2024,"United Nations Population Division",156,"China","CN","CHN",83,"2032",13,"Zero-migration",3,"Both sexes",188,0,-1,"Total",0,"Not applicable",1,"Model-based Estimates",3,"Projection",1391268084
49,"Total population by sex","Total population by sex","World Population Prospects",2024,"United Nations Population Division",156,"China","CN","CHN",84,"2033",1,"95% lower bound",3,"Both sexes",188,0,-1,"Total",0,"Not applicable",1,"Model-based Estimates",3,"Projection",1353641873
49,"Total population by sex","Total population by sex","World Population Prospects",2024,"United Nations Population Division",156,"China","CN","CHN",84,"2033",4,"Median",3,"Both sexes",188,0,-1,"Total",0,"Not applicable",1,"Model-based Estimates",3,"Projection",1384096521
49,"Total population by sex","Total population by sex","World Population Prospects",2024,"United Nations Population Division",156,"China","CN","CHN",84,"2033",6,"95% upper bound",3,"Both sexes",188,0,-1,"Total",0,"Not applicable",1,"Model-based Estimates",3,"Projection",1412934410
49,"Total population by sex","Total population by sex","World Population Prospects",2024,"United Nations Population Division",156,"China","CN","CHN",84,"2033",13,"Zero-migration",3,"Both sexes",188,0,-1,"Total",0,"Not applicable",1,"Model-based Estimates",3,"Projection",1386592687
49,"Total population by sex","Total population by sex","World Population Prospects",2024,"United Nations Population Division",156,"China","CN","CHN",85,"2034",1,"95% lower bound",3,"Both sexes",188,0,-1,"Total",0,"Not applicable",1,"Model-based Estimates",3,"Projection",1344563364
49,"Total population by sex","Total population by sex","World Population Prospects",2024,"United Nations Population Division",156,"China","CN","CHN",85,"2034",4,"Median",3,"Both sexes",188,0,-1,"Total",0,"Not applicable",1,"Model-based Estimates",3,"Projection",1378876934.5
49,"Total population by sex","Total population by sex","World Population Prospects",2024,"United Nations Population Division",156,"China","CN","CHN",85,"2034",6,"95% upper bound",3,"Both sexes",188,0,-1,"Total",0,"Not applicable",1,"Model-based Estimates",3,"Projection",1411206254
49,"Total population by sex","Total population by sex","World Population Prospects",2024,"United Nations Population Division",156,"China","CN","CHN",85,"2034",13,"Zero-migration",3,"Both sexes",188,0,-1,"Total",0,"Not applicable",1,"Model-based Estimates",3,"Projection",1381664229.5
49,"Total population by sex","Total population by sex","World Population Prospects",2024,"United Nations Population Division",156,"China","CN","CHN",86,"2035",1,"95% lower bound",3,"Both sexes",188,0,-1,"Total",0,"Not applicable",1,"Model-based Estimates",3,"Projection",1335231300
49,"Total population by sex","Total population by sex","World Population Prospects",2024,"United Nations Population Division",156,"China","CN","CHN",86,"2035",4,"Median",3,"Both sexes",188,0,-1,"Total",0,"Not applicable",1,"Model-based Estimates",3,"Projection",1373427531
49,"Total population by sex","Total population by sex","World Population Prospects",2024,"United Nations Population Division",156,"China","CN","CHN",86,"2035",6,"95% upper bound",3,"Both sexes",188,0,-1,"Total",0,"Not applicable",1,"Model-based Estimates",3,"Projection",1409000366
49,"Total population by sex","Total population by sex","World Population Prospects",2024,"United Nations Population Division",156,"China","CN","CHN",86,"2035",13,"Zero-migration",3,"Both sexes",188,0,-1,"Total",0,"Not applicable",1,"Model-based Estimates",3,"Projection",1376506043.5
49,"Total population by sex","Total population by sex","World Population Prospects",2024,"United Nations Population Division",156,"China","CN","CHN",87,"2036",1,"95% lower bound",3,"Both sexes",188,0,-1,"Total",0,"Not applicable",1,"Model-based Estimates",3,"Projection",1325666884
49,"Total population by sex","Total population by sex","World Population Prospects",2024,"United Nations Population Division",156,"China","CN","CHN",87,"2036",4,"Median",3,"Both sexes",188,0,-1,"Total",0,"Not applicable",1,"Model-based Estimates",3,"Projection",1367742784.5
49,"Total population by sex","Total population by sex","World Population Prospects",2024,"United Nations Population Division",156,"China","CN","CHN",87,"2036",6,"95% upper bound",3,"Both sexes",188,0,-1,"Total",0,"Not applicable",1,"Model-based Estimates",3,"Projection",1407138402
49,"Total population by sex","Total population by sex","World Population Prospects",2024,"United Nations Population Division",156,"China","CN","CHN",87,"2036",13,"Zero-migration",3,"Both sexes",188,0,-1,"Total",0,"Not applicable",1,"Model-based Estimates",3,"Projection",1371123396
49,"Total population by sex","Total population by sex","World Population Prospects",2024,"United Nations Population Division",156,"China","CN","CHN",88,"2037",1,"95% lower bound",3,"Both sexes",188,0,-1,"Total",0,"Not applicable",1,"Model-based Estimates",3,"Projection",1315669324
49,"Total population by sex","Total population by sex","World Population Prospects",2024,"United Nations Population Division",156,"China","CN","CHN",88,"2037",4,"Median",3,"Both sexes",188,0,-1,"Total",0,"Not applicable",1,"Model-based Estimates",3,"Projection",1361830063.5
49,"Total population by sex","Total population by sex","World Population Prospects",2024,"United Nations Population Division",156,"China","CN","CHN",88,"2037",6,"95% upper bound",3,"Both sexes",188,0,-1,"Total",0,"Not applicable",1,"Model-based Estimates",3,"Projection",1405327632
49,"Total population by sex","Total population by sex","World Population Prospects",2024,"United Nations Population Division",156,"China","CN","CHN",88,"2037",13,"Zero-migration",3,"Both sexes",188,0,-1,"Total",0,"Not applicable",1,"Model-based Estimates",3,"Projection",1365527393.5
49,"Total population by sex","Total population by sex","World Population Prospects",2024,"United Nations Population Division",156,"China","CN","CHN",89,"2038",1,"95% lower bound",3,"Both sexes",188,0,-1,"Total",0,"Not applicable",1,"Model-based Estimates",3,"Projection",1305482332
49,"Total population by sex","Total population by sex","World Population Prospects",2024,"United Nations Population Division",156,"China","CN","CHN",89,"2038",4,"Median",3,"Both sexes",188,0,-1,"Total",0,"Not applicable",1,"Model-based Estimates",3,"Projection",1355722707
49,"Total population by sex","Total population by sex","World Population Prospects",2024,"United Nations Population Division",156,"China","CN","CHN",89,"2038",6,"95% upper bound",3,"Both sexes",188,0,-1,"Total",0,"Not applicable",1,"Model-based Estimates",3,"Projection",1402740083
49,"Total population by sex","Total population by sex","World Population Prospects",2024,"United Nations Population Division",156,"China","CN","CHN",89,"2038",13,"Zero-migration",3,"Both sexes",188,0,-1,"Total",0,"Not applicable",1,"Model-based Estimates",3,"Projection",1359730219
49,"Total population by sex","Total population by sex","World Population Prospects",2024,"United Nations Population Division",156,"China","CN","CHN",90,"2039",1,"95% lower bound",3,"Both sexes",188,0,-1,"Total",0,"Not applicable",1,"Model-based Estimates",3,"Projection",1294919391
49,"Total population by sex","Total population by sex","World Population Prospects",2024,"United Nations Population Division",156,"China","CN","CHN",90,"2039",4,"Median",3,"Both sexes",188,0,-1,"Total",0,"Not applicable",1,"Model-based Estimates",3,"Projection",1349394717.5
49,"Total population by sex","Total population by sex","World Population Prospects",2024,"United Nations Population Division",156,"China","CN","CHN",90,"2039",6,"95% upper bound",3,"Both sexes",188,0,-1,"Total",0,"Not applicable",1,"Model-based Estimates",3,"Projection",1400151008
49,"Total population by sex","Total population by sex","World Population Prospects",2024,"United Nations Population Division",156,"China","CN","CHN",90,"2039",13,"Zero-migration",3,"Both sexes",188,0,-1,"Total",0,"Not applicable",1,"Model-based Estimates",3,"Projection",1353716370.5
49,"Total population by sex","Total population by sex","World Population Prospects",2024,"United Nations Population Division",156,"China","CN","CHN",91,"2040",1,"95% lower bound",3,"Both sexes",188,0,-1,"Total",0,"Not applicable",1,"Model-based Estimates",3,"Projection",1284195295
49,"Total population by sex","Total population by sex","World Population Prospects",2024,"United Nations Population Division",156,"China","CN","CHN",91,"2040",4,"Median",3,"Both sexes",188,0,-1,"Total",0,"Not applicable",1,"Model-based Estimates",3,"Projection",1342816656.5
49,"Total population by sex","Total population by sex","World Population Prospects",2024,"United Nations Population Division",156,"China","CN","CHN",91,"2040",6,"95% upper bound",3,"Both sexes",188,0,-1,"Total",0,"Not applicable",1,"Model-based Estimates",3,"Projection",1397287415
49,"Total population by sex","Total population by sex","World Population Prospects",2024,"United Nations Population Division",156,"China","CN","CHN",91,"2040",13,"Zero-migration",3,"Both sexes",188,0,-1,"Total",0,"Not applicable",1,"Model-based Estimates",3,"Projection",1347470201.5
49,"Total population by sex","Total population by sex","World Population Prospects",2024,"United Nations Population Division",156,"China","CN","CHN",92,"2041",1,"95% lower bound",3,"Both sexes",188,0,-1,"Total",0,"Not applicable",1,"Model-based Estimates",3,"Projection",1273104510
49,"Total population by sex","Total population by sex","World Population Prospects",2024,"United Nations Population Division",156,"China","CN","CHN",92,"2041",4,"Median",3,"Both sexes",188,0,-1,"Total",0,"Not applicable",1,"Model-based Estimates",3,"Projection",1335990231.5
49,"Total population by sex","Total population by sex","World Population Prospects",2024,"United Nations Population Division",156,"China","CN","CHN",92,"2041",6,"95% upper bound",3,"Both sexes",188,0,-1,"Total",0,"Not applicable",1,"Model-based Estimates",3,"Projection",1393722223
49,"Total population by sex","Total population by sex","World Population Prospects",2024,"United Nations Population Division",156,"China","CN","CHN",92,"2041",13,"Zero-migration",3,"Both sexes",188,0,-1,"Total",0,"Not applicable",1,"Model-based Estimates",3,"Projection",1340984064
49,"Total population by sex","Total population by sex","World Population Prospects",2024,"United Nations Population Division",156,"China","CN","CHN",93,"2042",1,"95% lower bound",3,"Both sexes",188,0,-1,"Total",0,"Not applicable",1,"Model-based Estimates",3,"Projection",1261516712
49,"Total population by sex","Total population by sex","World Population Prospects",2024,"United Nations Population Division",156,"China","CN","CHN",93,"2042",4,"Median",3,"Both sexes",188,0,-1,"Total",0,"Not applicable",1,"Model-based Estimates",3,"Projection",1328909237.5
49,"Total population by sex","Total population by sex","World Population Prospects",2024,"United Nations Population Division",156,"China","CN","CHN",93,"2042",6,"95% upper bound",3,"Both sexes",188,0,-1,"Total",0,"Not applicable",1,"Model-based Estimates",3,"Projection",1389959731
49,"Total population by sex","Total population by sex","World Population Prospects",2024,"United Nations Population Division",156,"China","CN","CHN",93,"2042",13,"Zero-migration",3,"Both sexes",188,0,-1,"Total",0,"Not applicable",1,"Model-based Estimates",3,"Projection",1334251137
49,"Total population by sex","Total population by sex","World Population Prospects",2024,"United Nations Population Division",156,"China","CN","CHN",94,"2043",1,"95% lower bound",3,"Both sexes",188,0,-1,"Total",0,"Not applicable",1,"Model-based Estimates",3,"Projection",1250121778
49,"Total population by sex","Total population by sex","World Population Prospects",2024,"United Nations Population Division",156,"China","CN","CHN",94,"2043",4,"Median",3,"Both sexes",188,0,-1,"Total",0,"Not applicable",1,"Model-based Estimates",3,"Projection",1321590797.5
49,"Total population by sex","Total population by sex","World Population Prospects",2024,"United Nations Population Division",156,"China","CN","CHN",94,"2043",6,"95% upper bound",3,"Both sexes",188,0,-1,"Total",0,"Not applicable",1,"Model-based Estimates",3,"Projection",1386576717
49,"Total population by sex","Total population by sex","World Population Prospects",2024,"United Nations Population Division",156,"China","CN","CHN",94,"2043",13,"Zero-migration",3,"Both sexes",188,0,-1,"Total",0,"Not applicable",1,"Model-based Estimates",3,"Projection",1327272338
49,"Total population by sex","Total population by sex","World Population Prospects",2024,"United Nations Population Division",156,"China","CN","CHN",95,"2044",1,"95% lower bound",3,"Both sexes",188,0,-1,"Total",0,"Not applicable",1,"Model-based Estimates",3,"Projection",1238972172
49,"Total population by sex","Total population by sex","World Population Prospects",2024,"United Nations Population Division",156,"China","CN","CHN",95,"2044",4,"Median",3,"Both sexes",188,0,-1,"Total",0,"Not applicable",1,"Model-based Estimates",3,"Projection",1314015986.5
49,"Total population by sex","Total population by sex","World Population Prospects",2024,"United Nations Population Division",156,"China","CN","CHN",95,"2044",6,"95% upper bound",3,"Both sexes",188,0,-1,"Total",0,"Not applicable",1,"Model-based Estimates",3,"Projection",1383345515
49,"Total population by sex","Total population by sex","World Population Prospects",2024,"United Nations Population Division",156,"China","CN","CHN",95,"2044",13,"Zero-migration",3,"Both sexes",188,0,-1,"Total",0,"Not applicable",1,"Model-based Estimates",3,"Projection",1320018351.5
49,"Total population by sex","Total population by sex","World Population Prospects",2024,"United Nations Population Division",156,"China","CN","CHN",96,"2045",1,"95% lower bound",3,"Both sexes",188,0,-1,"Total",0,"Not applicable",1,"Model-based Estimates",3,"Projection",1226976670
49,"Total population by sex","Total population by sex","World Population Prospects",2024,"United Nations Population Division",156,"China","CN","CHN",96,"2045",4,"Median",3,"Both sexes",188,0,-1,"Total",0,"Not applicable",1,"Model-based Estimates",3,"Projection",1306113787.5
49,"Total population by sex","Total population by sex","World Population Prospects",2024,"United Nations Population Division",156,"China","CN","CHN",96,"2045",6,"95% upper bound",3,"Both sexes",188,0,-1,"Total",0,"Not applicable",1,"Model-based Estimates",3,"Projection",1380241557
49,"Total population by sex","Total population by sex","World Population Prospects",2024,"United Nations Population Division",156,"China","CN","CHN",96,"2045",13,"Zero-migration",3,"Both sexes",188,0,-1,"Total",0,"Not applicable",1,"Model-based Estimates",3,"Projection",1312443286.5
49,"Total population by sex","Total population by sex","World Population Prospects",2024,"United Nations Population Division",156,"China","CN","CHN",97,"2046",1,"95% lower bound",3,"Both sexes",188,0,-1,"Total",0,"Not applicable",1,"Model-based Estimates",3,"Projection",1214070923
49,"Total population by sex","Total population by sex","World Population Prospects",2024,"United Nations Population Division",156,"China","CN","CHN",97,"2046",4,"Median",3,"Both sexes",188,0,-1,"Total",0,"Not applicable",1,"Model-based Estimates",3,"Projection",1297817581.5
49,"Total population by sex","Total population by sex","World Population Prospects",2024,"United Nations Population Division",156,"China","CN","CHN",97,"2046",6,"95% upper bound",3,"Both sexes",188,0,-1,"Total",0,"Not applicable",1,"Model-based Estimates",3,"Projection",1376605080
49,"Total population by sex","Total population by sex","World Population Prospects",2024,"United Nations Population Division",156,"China","CN","CHN",97,"2046",13,"Zero-migration",3,"Both sexes",188,0,-1,"Total",0,"Not applicable",1,"Model-based Estimates",3,"Projection",1304507385
49,"Total population by sex","Total population by sex","World Population Prospects",2024,"United Nations Population Division",156,"China","CN","CHN",98,"2047",1,"95% lower bound",3,"Both sexes",188,0,-1,"Total",0,"Not applicable",1,"Model-based Estimates",3,"Projection",1200470658
49,"Total population by sex","Total population by sex","World Population Prospects",2024,"United Nations Population Division",156,"China","CN","CHN",98,"2047",4,"Median",3,"Both sexes",188,0,-1,"Total",0,"Not applicable",1,"Model-based Estimates",3,"Projection",1289120426.5
49,"Total population by sex","Total population by sex","World Population Prospects",2024,"United Nations Population Division",156,"China","CN","CHN",98,"2047",6,"95% upper bound",3,"Both sexes",188,0,-1,"Total",0,"Not applicable",1,"Model-based Estimates",3,"Projection",1371905151
49,"Total population by sex","Total population by sex","World Population Prospects",2024,"United Nations Population Division",156,"China","CN","CHN",98,"2047",13,"Zero-migration",3,"Both sexes",188,0,-1,"Total",0,"Not applicable",1,"Model-based Estimates",3,"Projection",1296169857.5
49,"Total population by sex","Total population by sex","World Population Prospects",2024,"United Nations Population Division",156,"China","CN","CHN",99,"2048",1,"95% lower bound",3,"Both sexes",188,0,-1,"Total",0,"Not applicable",1,"Model-based Estimates",3,"Projection",1186408577
49,"Total population by sex","Total population by sex","World Population Prospects",2024,"United Nations Population Division",156,"China","CN","CHN",99,"2048",4,"Median",3,"Both sexes",188,0,-1,"Total",0,"Not applicable",1,"Model-based Estimates",3,"Projection",1279992585
49,"Total population by sex","Total population by sex","World Population Prospects",2024,"United Nations Population Division",156,"China","CN","CHN",99,"2048",6,"95% upper bound",3,"Both sexes",188,0,-1,"Total",0,"Not applicable",1,"Model-based Estimates",3,"Projection",1366269483
49,"Total population by sex","Total population by sex","World Population Prospects",2024,"United Nations Population Division",156,"China","CN","CHN",99,"2048",13,"Zero-migration",3,"Both sexes",188,0,-1,"Total",0,"Not applicable",1,"Model-based Estimates",3,"Projection",1287389579.5
49,"Total population by sex","Total population by sex","World Population Prospects",2024,"United Nations Population Division",156,"China","CN","CHN",100,"2049",1,"95% lower bound",3,"Both sexes",188,0,-1,"Total",0,"Not applicable",1,"Model-based Estimates",3,"Projection",1173307898
49,"Total population by sex","Total population by sex","World Population Prospects",2024,"United Nations Population Division",156,"China","CN","CHN",100,"2049",4,"Median",3,"Both sexes",188,0,-1,"Total",0,"Not applicable",1,"Model-based Estimates",3,"Projection",1270381145
49,"Total population by sex","Total population by sex","World Population Prospects",2024,"United Nations Population Division",156,"China","CN","CHN",100,"2049",6,"95% upper bound",3,"Both sexes",188,0,-1,"Total",0,"Not applicable",1,"Model-based Estimates",3,"Projection",1360131987
49,"Total population by sex","Total population by sex","World Population Prospects",2024,"United Nations Population Division",156,"China","CN","CHN",100,"2049",13,"Zero-migration",3,"Both sexes",188,0,-1,"Total",0,"Not applicable",1,"Model-based Estimates",3,"Projection",1278137337.5
49,"Total population by sex","Total population by sex","World Population Prospects",2024,"United Nations Population Division",156,"China","CN","CHN",101,"2050",1,"95% lower bound",3,"Both sexes",188,0,-1,"Total",0,"Not applicable",1,"Model-based Estimates",3,"Projection",1158624329
49,"Total population by sex","Total population by sex","World Population Prospects",2024,"United Nations Population Division",156,"China","CN","CHN",101,"2050",4,"Median",3,"Both sexes",188,0,-1,"Total",0,"Not applicable",1,"Model-based Estimates",3,"Projection",1260289093.5
49,"Total population by sex","Total population by sex","World Population Prospects",2024,"United Nations Population Division",156,"China","CN","CHN",101,"2050",6,"95% upper bound",3,"Both sexes",188,0,-1,"Total",0,"Not applicable",1,"Model-based Estimates",3,"Projection",1353613188
49,"Total population by sex","Total population by sex","World Population Prospects",2024,"United Nations Population Division",156,"China","CN","CHN",101,"2050",13,"Zero-migration",3,"Both sexes",188,0,-1,"Total",0,"Not applicable",1,"Model-based Estimates",3,"Projection",1268398598.5
49,"Total population by sex","Total population by sex","World Population Prospects",2024,"United Nations Population Division",156,"China","CN","CHN",102,"2051",1,"95% lower bound",3,"Both sexes",188,0,-1,"Total",0,"Not applicable",1,"Model-based Estimates",3,"Projection",1142309182
49,"Total population by sex","Total population by sex","World Population Prospects",2024,"United Nations Population Division",156,"China","CN","CHN",102,"2051",4,"Median",3,"Both sexes",188,0,-1,"Total",0,"Not applicable",1,"Model-based Estimates",3,"Projection",1249692538
49,"Total population by sex","Total population by sex","World Population Prospects",2024,"United Nations Population Division",156,"China","CN","CHN",102,"2051",6,"95% upper bound",3,"Both sexes",188,0,-1,"Total",0,"Not applicable",1,"Model-based Estimates",3,"Projection",1346043733
49,"Total population by sex","Total population by sex","World Population Prospects",2024,"United Nations Population Division",156,"China","CN","CHN",102,"2051",13,"Zero-migration",3,"Both sexes",188,0,-1,"Total",0,"Not applicable",1,"Model-based Estimates",3,"Projection",1258151350
49,"Total population by sex","Total population by sex","World Population Prospects",2024,"United Nations Population Division",156,"China","CN","CHN",103,"2052",1,"95% lower bound",3,"Both sexes",188,0,-1,"Total",0,"Not applicable",1,"Model-based Estimates",3,"Projection",1126177944
49,"Total population by sex","Total population by sex","World Population Prospects",2024,"United Nations Population Division",156,"China","CN","CHN",103,"2052",4,"Median",3,"Both sexes",188,0,-1,"Total",0,"Not applicable",1,"Model-based Estimates",3,"Projection",1238557132
49,"Total population by sex","Total population by sex","World Population Prospects",2024,"United Nations Population Division",156,"China","CN","CHN",103,"2052",6,"95% upper bound",3,"Both sexes",188,0,-1,"Total",0,"Not applicable",1,"Model-based Estimates",3,"Projection",1337677027
49,"Total population by sex","Total population by sex","World Population Prospects",2024,"United Nations Population Division",156,"China","CN","CHN",103,"2052",13,"Zero-migration",3,"Both sexes",188,0,-1,"Total",0,"Not applicable",1,"Model-based Estimates",3,"Projection",1247387895.5
49,"Total population by sex","Total population by sex","World Population Prospects",2024,"United Nations Population Division",156,"China","CN","CHN",104,"2053",1,"95% lower bound",3,"Both sexes",188,0,-1,"Total",0,"Not applicable",1,"Model-based Estimates",3,"Projection",1111401071
49,"Total population by sex","Total population by sex","World Population Prospects",2024,"United Nations Population Division",156,"China","CN","CHN",104,"2053",4,"Median",3,"Both sexes",188,0,-1,"Total",0,"Not applicable",1,"Model-based Estimates",3,"Projection",1226929854.5
49,"Total population by sex","Total population by sex","World Population Prospects",2024,"United Nations Population Division",156,"China","CN","CHN",104,"2053",6,"95% upper bound",3,"Both sexes",188,0,-1,"Total",0,"Not applicable",1,"Model-based Estimates",3,"Projection",1329250643
49,"Total population by sex","Total population by sex","World Population Prospects",2024,"United Nations Population Division",156,"China","CN","CHN",104,"2053",13,"Zero-migration",3,"Both sexes",188,0,-1,"Total",0,"Not applicable",1,"Model-based Estimates",3,"Projection",1236131078
49,"Total population by sex","Total population by sex","World Population Prospects",2024,"United Nations Population Division",156,"China","CN","CHN",105,"2054",1,"95% lower bound",3,"Both sexes",188,0,-1,"Total",0,"Not applicable",1,"Model-based Estimates",3,"Projection",1096345494
49,"Total population by sex","Total population by sex","World Population Prospects",2024,"United Nations Population Division",156,"China","CN","CHN",105,"2054",4,"Median",3,"Both sexes",188,0,-1,"Total",0,"Not applicable",1,"Model-based Estimates",3,"Projection",1214853346
49,"Total population by sex","Total population by sex","World Population Prospects",2024,"United Nations Population Division",156,"China","CN","CHN",105,"2054",6,"95% upper bound",3,"Both sexes",188,0,-1,"Total",0,"Not applicable",1,"Model-based Estimates",3,"Projection",1320714871
49,"Total population by sex","Total population by sex","World Population Prospects",2024,"United Nations Population Division",156,"China","CN","CHN",105,"2054",13,"Zero-migration",3,"Both sexes",188,0,-1,"Total",0,"Not applicable",1,"Model-based Estimates",3,"Projection",1224403949
49,"Total population by sex","Total population by sex","World Population Prospects",2024,"United Nations Population Division",156,"China","CN","CHN",106,"2055",1,"95% lower bound",3,"Both sexes",188,0,-1,"Total",0,"Not applicable",1,"Model-based Estimates",3,"Projection",1079810666
49,"Total population by sex","Total population by sex","World Population Prospects",2024,"United Nations Population Division",156,"China","CN","CHN",106,"2055",4,"Median",3,"Both sexes",188,0,-1,"Total",0,"Not applicable",1,"Model-based Estimates",3,"Projection",1202342471
49,"Total population by sex","Total population by sex","World Population Prospects",2024,"United Nations Population Division",156,"China","CN","CHN",106,"2055",6,"95% upper bound",3,"Both sexes",188,0,-1,"Total",0,"Not applicable",1,"Model-based Estimates",3,"Projection",1312143567
49,"Total population by sex","Total population by sex","World Population Prospects",2024,"United Nations Population Division",156,"China","CN","CHN",106,"2055",13,"Zero-migration",3,"Both sexes",188,0,-1,"Total",0,"Not applicable",1,"Model-based Estimates",3,"Projection",1212242460
49,"Total population by sex","Total population by sex","World Population Prospects",2024,"United Nations Population Division",156,"China","CN","CHN",107,"2056",1,"95% lower bound",3,"Both sexes",188,0,-1,"Total",0,"Not applicable",1,"Model-based Estimates",3,"Projection",1063457962
49,"Total population by sex","Total population by sex","World Population Prospects",2024,"United Nations Population Division",156,"China","CN","CHN",107,"2056",4,"Median",3,"Both sexes",188,0,-1,"Total",0,"Not applicable",1,"Model-based Estimates",3,"Projection",1189440669
49,"Total population by sex","Total population by sex","World Population Prospects",2024,"United Nations Population Division",156,"China","CN","CHN",107,"2056",6,"95% upper bound",3,"Both sexes",188,0,-1,"Total",0,"Not applicable",1,"Model-based Estimates",3,"Projection",1303392123
49,"Total population by sex","Total population by sex","World Population Prospects",2024,"United Nations Population Division",156,"China","CN","CHN",107,"2056",13,"Zero-migration",3,"Both sexes",188,0,-1,"Total",0,"Not applicable",1,"Model-based Estimates",3,"Projection",1199702337
49,"Total population by sex","Total population by sex","World Population Prospects",2024,"United Nations Population Division",156,"China","CN","CHN",108,"2057",1,"95% lower bound",3,"Both sexes",188,0,-1,"Total",0,"Not applicable",1,"Model-based Estimates",3,"Projection",1046430544
49,"Total population by sex","Total population by sex","World Population Prospects",2024,"United Nations Population Division",156,"China","CN","CHN",108,"2057",4,"Median",3,"Both sexes",188,0,-1,"Total",0,"Not applicable",1,"Model-based Estimates",3,"Projection",1176217945.5
49,"Total population by sex","Total population by sex","World Population Prospects",2024,"United Nations Population Division",156,"China","CN","CHN",108,"2057",6,"95% upper bound",3,"Both sexes",188,0,-1,"Total",0,"Not applicable",1,"Model-based Estimates",3,"Projection",1294310343
49,"Total population by sex","Total population by sex","World Population Prospects",2024,"United Nations Population Division",156,"China","CN","CHN",108,"2057",13,"Zero-migration",3,"Both sexes",188,0,-1,"Total",0,"Not applicable",1,"Model-based Estimates",3,"Projection",1186835948
49,"Total population by sex","Total population by sex","World Population Prospects",2024,"United Nations Population Division",156,"China","CN","CHN",109,"2058",1,"95% lower bound",3,"Both sexes",188,0,-1,"Total",0,"Not applicable",1,"Model-based Estimates",3,"Projection",1029771828
49,"Total population by sex","Total population by sex","World Population Prospects",2024,"United Nations Population Division",156,"China","CN","CHN",109,"2058",4,"Median",3,"Both sexes",188,0,-1,"Total",0,"Not applicable",1,"Model-based Estimates",3,"Projection",1162722708.5
49,"Total population by sex","Total population by sex","World Population Prospects",2024,"United Nations Population Division",156,"China","CN","CHN",109,"2058",6,"95% upper bound",3,"Both sexes",188,0,-1,"Total",0,"Not applicable",1,"Model-based Estimates",3,"Projection",1284991337
49,"Total population by sex","Total population by sex","World Population Prospects",2024,"United Nations Population Division",156,"China","CN","CHN",109,"2058",13,"Zero-migration",3,"Both sexes",188,0,-1,"Total",0,"Not applicable",1,"Model-based Estimates",3,"Projection",1173696325
49,"Total population by sex","Total population by sex","World Population Prospects",2024,"United Nations Population Division",156,"China","CN","CHN",110,"2059",1,"95% lower bound",3,"Both sexes",188,0,-1,"Total",0,"Not applicable",1,"Model-based Estimates",3,"Projection",1013721633
49,"Total population by sex","Total population by sex","World Population Prospects",2024,"United Nations Population Division",156,"China","CN","CHN",110,"2059",4,"Median",3,"Both sexes",188,0,-1,"Total",0,"Not applicable",1,"Model-based Estimates",3,"Projection",1149002167.5
49,"Total population by sex","Total population by sex","World Population Prospects",2024,"United Nations Population Division",156,"China","CN","CHN",110,"2059",6,"95% upper bound",3,"Both sexes",188,0,-1,"Total",0,"Not applicable",1,"Model-based Estimates",3,"Projection",1274931660
49,"Total population by sex","Total population by sex","World Population Prospects",2024,"United Nations Population Division",156,"China","CN","CHN",110,"2059",13,"Zero-migration",3,"Both sexes",188,0,-1,"Total",0,"Not applicable",1,"Model-based Estimates",3,"Projection",1160341552.5
49,"Total population by sex","Total population by sex","World Population Prospects",2024,"United Nations Population Division",156,"China","CN","CHN",111,"2060",1,"95% lower bound",3,"Both sexes",188,0,-1,"Total",0,"Not applicable",1,"Model-based Estimates",3,"Projection",997638342
49,"Total population by sex","Total population by sex","World Population Prospects",2024,"United Nations Population Division",156,"China","CN","CHN",111,"2060",4,"Median",3,"Both sexes",188,0,-1,"Total",0,"Not applicable",1,"Model-based Estimates",3,"Projection",1135127190.5
49,"Total population by sex","Total population by sex","World Population Prospects",2024,"United Nations Population Division",156,"China","CN","CHN",111,"2060",6,"95% upper bound",3,"Both sexes",188,0,-1,"Total",0,"Not applicable",1,"Model-based Estimates",3,"Projection",1264078612
49,"Total population by sex","Total population by sex","World Population Prospects",2024,"United Nations Population Division",156,"China","CN","CHN",111,"2060",13,"Zero-migration",3,"Both sexes",188,0,-1,"Total",0,"Not applicable",1,"Model-based Estimates",3,"Projection",1146837054
49,"Total population by sex","Total population by sex","World Population Prospects",2024,"United Nations Population Division",156,"China","CN","CHN",112,"2061",1,"95% lower bound",3,"Both sexes",188,0,-1,"Total",0,"Not applicable",1,"Model-based Estimates",3,"Projection",980898524
49,"Total population by sex","Total population by sex","World Population Prospects",2024,"United Nations Population Division",156,"China","CN","CHN",112,"2061",4,"Median",3,"Both sexes",188,0,-1,"Total",0,"Not applicable",1,"Model-based Estimates",3,"Projection",1121174716.5
49,"Total population by sex","Total population by sex","World Population Prospects",2024,"United Nations Population Division",156,"China","CN","CHN",112,"2061",6,"95% upper bound",3,"Both sexes",188,0,-1,"Total",0,"Not applicable",1,"Model-based Estimates",3,"Projection",1252666824
49,"Total population by sex","Total population by sex","World Population Prospects",2024,"United Nations Population Division",156,"China","CN","CHN",112,"2061",13,"Zero-migration",3,"Both sexes",188,0,-1,"Total",0,"Not applicable",1,"Model-based Estimates",3,"Projection",1133250586
49,"Total population by sex","Total population by sex","World Population Prospects",2024,"United Nations Population Division",156,"China","CN","CHN",113,"2062",1,"95% lower bound",3,"Both sexes",188,0,-1,"Total",0,"Not applicable",1,"Model-based Estimates",3,"Projection",963341464
49,"Total population by sex","Total population by sex","World Population Prospects",2024,"United Nations Population Division",156,"China","CN","CHN",113,"2062",4,"Median",3,"Both sexes",188,0,-1,"Total",0,"Not applicable",1,"Model-based Estimates",3,"Projection",1107207133
49,"Total population by sex","Total population by sex","World Population Prospects",2024,"United Nations Population Division",156,"China","CN","CHN",113,"2062",6,"95% upper bound",3,"Both sexes",188,0,-1,"Total",0,"Not applicable",1,"Model-based Estimates",3,"Projection",1240774883
49,"Total population by sex","Total population by sex","World Population Prospects",2024,"United Nations Population Division",156,"China","CN","CHN",113,"2062",13,"Zero-migration",3,"Both sexes",188,0,-1,"Total",0,"Not applicable",1,"Model-based Estimates",3,"Projection",1119645760
49,"Total population by sex","Total population by sex","World Population Prospects",2024,"United Nations Population Division",156,"China","CN","CHN",114,"2063",1,"95% lower bound",3,"Both sexes",188,0,-1,"Total",0,"Not applicable",1,"Model-based Estimates",3,"Projection",947173988
49,"Total population by sex","Total population by sex","World Population Prospects",2024,"United Nations Population Division",156,"China","CN","CHN",114,"2063",4,"Median",3,"Both sexes",188,0,-1,"Total",0,"Not applicable",1,"Model-based Estimates",3,"Projection",1093276703.5
49,"Total population by sex","Total population by sex","World Population Prospects",2024,"United Nations Population Division",156,"China","CN","CHN",114,"2063",6,"95% upper bound",3,"Both sexes",188,0,-1,"Total",0,"Not applicable",1,"Model-based Estimates",3,"Projection",1229486312
49,"Total population by sex","Total population by sex","World Population Prospects",2024,"United Nations Population Division",156,"China","CN","CHN",114,"2063",13,"Zero-migration",3,"Both sexes",188,0,-1,"Total",0,"Not applicable",1,"Model-based Estimates",3,"Projection",1106079766.5
49,"Total population by sex","Total population by sex","World Population Prospects",2024,"United Nations Population Division",156,"China","CN","CHN",115,"2064",1,"95% lower bound",3,"Both sexes",188,0,-1,"Total",0,"Not applicable",1,"Model-based Estimates",3,"Projection",931569727
49,"Total population by sex","Total population by sex","World Population Prospects",2024,"United Nations Population Division",156,"China","CN","CHN",115,"2064",4,"Median",3,"Both sexes",188,0,-1,"Total",0,"Not applicable",1,"Model-based Estimates",3,"Projection",1079407882
49,"Total population by sex","Total population by sex","World Population Prospects",2024,"United Nations Population Division",156,"China","CN","CHN",115,"2064",6,"95% upper bound",3,"Both sexes",188,0,-1,"Total",0,"Not applicable",1,"Model-based Estimates",3,"Projection",1218670388
49,"Total population by sex","Total population by sex","World Population Prospects",2024,"United Nations Population Division",156,"China","CN","CHN",115,"2064",13,"Zero-migration",3,"Both sexes",188,0,-1,"Total",0,"Not applicable",1,"Model-based Estimates",3,"Projection",1092583702.5
49,"Total population by sex","Total population by sex","World Population Prospects",2024,"United Nations Population Division",156,"China","CN","CHN",116,"2065",1,"95% lower bound",3,"Both sexes",188,0,-1,"Total",0,"Not applicable",1,"Model-based Estimates",3,"Projection",914576751
49,"Total population by sex","Total population by sex","World Population Prospects",2024,"United Nations Population Division",156,"China","CN","CHN",116,"2065",4,"Median",3,"Both sexes",188,0,-1,"Total",0,"Not applicable",1,"Model-based Estimates",3,"Projection",1065632529.5
49,"Total population by sex","Total population by sex","World Population Prospects",2024,"United Nations Population Division",156,"China","CN","CHN",116,"2065",6,"95% upper bound",3,"Both sexes",188,0,-1,"Total",0,"Not applicable",1,"Model-based Estimates",3,"Projection",1208035680
49,"Total population by sex","Total population by sex","World Population Prospects",2024,"United Nations Population Division",156,"China","CN","CHN",116,"2065",13,"Zero-migration",3,"Both sexes",188,0,-1,"Total",0,"Not applicable",1,"Model-based Estimates",3,"Projection",1079181200.5
49,"Total population by sex","Total population by sex","World Population Prospects",2024,"United Nations Population Division",156,"China","CN","CHN",117,"2066",1,"95% lower bound",3,"Both sexes",188,0,-1,"Total",0,"Not applicable",1,"Model-based Estimates",3,"Projection",897479540
49,"Total population by sex","Total population by sex","World Population Prospects",2024,"United Nations Population Division",156,"China","CN","CHN",117,"2066",4,"Median",3,"Both sexes",188,0,-1,"Total",0,"Not applicable",1,"Model-based Estimates",3,"Projection",1051989135
49,"Total population by sex","Total population by sex","World Population Prospects",2024,"United Nations Population Division",156,"China","CN","CHN",117,"2066",6,"95% upper bound",3,"Both sexes",188,0,-1,"Total",0,"Not applicable",1,"Model-based Estimates",3,"Projection",1198194266
49,"Total population by sex","Total population by sex","World Population Prospects",2024,"United Nations Population Division",156,"China","CN","CHN",117,"2066",13,"Zero-migration",3,"Both sexes",188,0,-1,"Total",0,"Not applicable",1,"Model-based Estimates",3,"Projection",1065905094.4999999
49,"Total population by sex","Total population by sex","World Population Prospects",2024,"United Nations Population Division",156,"China","CN","CHN",118,"2067",1,"95% lower bound",3,"Both sexes",188,0,-1,"Total",0,"Not applicable",1,"Model-based Estimates",3,"Projection",881401554
49,"Total population by sex","Total population by sex","World Population Prospects",2024,"United Nations Population Division",156,"China","CN","CHN",118,"2067",4,"Median",3,"Both sexes",188,0,-1,"Total",0,"Not applicable",1,"Model-based Estimates",3,"Projection",1038472818
49,"Total population by sex","Total population by sex","World Population Prospects",2024,"United Nations Population Division",156,"China","CN","CHN",118,"2067",6,"95% upper bound",3,"Both sexes",188,0,-1,"Total",0,"Not applicable",1,"Model-based Estimates",3,"Projection",1188258616
49,"Total population by sex","Total population by sex","World Population Prospects",2024,"United Nations Population Division",156,"China","CN","CHN",118,"2067",13,"Zero-migration",3,"Both sexes",188,0,-1,"Total",0,"Not applicable",1,"Model-based Estimates",3,"Projection",1052771084
49,"Total population by sex","Total population by sex","World Population Prospects",2024,"United Nations Population Division",156,"China","CN","CHN",119,"2068",1,"95% lower bound",3,"Both sexes",188,0,-1,"Total",0,"Not applicable",1,"Model-based Estimates",3,"Projection",866581361
49,"Total population by sex","Total population by sex","World Population Prospects",2024,"United Nations Population Division",156,"China","CN","CHN",119,"2068",4,"Median",3,"Both sexes",188,0,-1,"Total",0,"Not applicable",1,"Model-based Estimates",3,"Projection",1025103452
49,"Total population by sex","Total population by sex","World Population Prospects",2024,"United Nations Population Division",156,"China","CN","CHN",119,"2068",6,"95% upper bound",3,"Both sexes",188,0,-1,"Total",0,"Not applicable",1,"Model-based Estimates",3,"Projection",1179198650
49,"Total population by sex","Total population by sex","World Population Prospects",2024,"United Nations Population Division",156,"China","CN","CHN",119,"2068",13,"Zero-migration",3,"Both sexes",188,0,-1,"Total",0,"Not applicable",1,"Model-based Estimates",3,"Projection",1039783226.5
49,"Total population by sex","Total population by sex","World Population Prospects",2024,"United Nations Population Division",156,"China","CN","CHN",120,"2069",1,"95% lower bound",3,"Both sexes",188,0,-1,"Total",0,"Not applicable",1,"Model-based Estimates",3,"Projection",851606270
49,"Total population by sex","Total population by sex","World Population Prospects",2024,"United Nations Population Division",156,"China","CN","CHN",120,"2069",4,"Median",3,"Both sexes",188,0,-1,"Total",0,"Not applicable",1,"Model-based Estimates",3,"Projection",1011878190
49,"Total population by sex","Total population by sex","World Population Prospects",2024,"United Nations Population Division",156,"China","CN","CHN",120,"2069",6,"95% upper bound",3,"Both sexes",188,0,-1,"Total",0,"Not applicable",1,"Model-based Estimates",3,"Projection",1169897654
49,"Total population by sex","Total population by sex","World Population Prospects",2024,"United Nations Population Division",156,"China","CN","CHN",120,"2069",13,"Zero-migration",3,"Both sexes",188,0,-1,"Total",0,"Not applicable",1,"Model-based Estimates",3,"Projection",1026935097.5
49,"Total population by sex","Total population by sex","World Population Prospects",2024,"United Nations Population Division",156,"China","CN","CHN",121,"2070",1,"95% lower bound",3,"Both sexes",188,0,-1,"Total",0,"Not applicable",1,"Model-based Estimates",3,"Projection",835990454
49,"Total population by sex","Total population by sex","World Population Prospects",2024,"United Nations Population Division",156,"China","CN","CHN",121,"2070",4,"Median",3,"Both sexes",188,0,-1,"Total",0,"Not applicable",1,"Model-based Estimates",3,"Projection",998784319
49,"Total population by sex","Total population by sex","World Population Prospects",2024,"United Nations Population Division",156,"China","CN","CHN",121,"2070",6,"95% upper bound",3,"Both sexes",188,0,-1,"Total",0,"Not applicable",1,"Model-based Estimates",3,"Projection",1160372879
49,"Total population by sex","Total population by sex","World Population Prospects",2024,"United Nations Population Division",156,"China","CN","CHN",121,"2070",13,"Zero-migration",3,"Both sexes",188,0,-1,"Total",0,"Not applicable",1,"Model-based Estimates",3,"Projection",1014216387.5
49,"Total population by sex","Total population by sex","World Population Prospects",2024,"United Nations Population Division",156,"China","CN","CHN",122,"2071",1,"95% lower bound",3,"Both sexes",188,0,-1,"Total",0,"Not applicable",1,"Model-based Estimates",3,"Projection",821611806
49,"Total population by sex","Total population by sex","World Population Prospects",2024,"United Nations Population Division",156,"China","CN","CHN",122,"2071",4,"Median",3,"Both sexes",188,0,-1,"Total",0,"Not applicable",1,"Model-based Estimates",3,"Projection",985806560
49,"Total population by sex","Total population by sex","World Population Prospects",2024,"United Nations Population Division",156,"China","CN","CHN",122,"2071",6,"95% upper bound",3,"Both sexes",188,0,-1,"Total",0,"Not applicable",1,"Model-based Estimates",3,"Projection",1151051881
49,"Total population by sex","Total population by sex","World Population Prospects",2024,"United Nations Population Division",156,"China","CN","CHN",122,"2071",13,"Zero-migration",3,"Both sexes",188,0,-1,"Total",0,"Not applicable",1,"Model-based Estimates",3,"Projection",1001611569.5
49,"Total population by sex","Total population by sex","World Population Prospects",2024,"United Nations Population Division",156,"China","CN","CHN",123,"2072",1,"95% lower bound",3,"Both sexes",188,0,-1,"Total",0,"Not applicable",1,"Model-based Estimates",3,"Projection",807269682
49,"Total population by sex","Total population by sex","World Population Prospects",2024,"United Nations Population Division",156,"China","CN","CHN",123,"2072",4,"Median",3,"Both sexes",188,0,-1,"Total",0,"Not applicable",1,"Model-based Estimates",3,"Projection",972905671
49,"Total population by sex","Total population by sex","World Population Prospects",2024,"United Nations Population Division",156,"China","CN","CHN",123,"2072",6,"95% upper bound",3,"Both sexes",188,0,-1,"Total",0,"Not applicable",1,"Model-based Estimates",3,"Projection",1141448091
49,"Total population by sex","Total population by sex","World Population Prospects",2024,"United Nations Population Division",156,"China","CN","CHN",123,"2072",13,"Zero-migration",3,"Both sexes",188,0,-1,"Total",0,"Not applicable",1,"Model-based Estimates",3,"Projection",989096199.5
49,"Total population by sex","Total population by sex","World Population Prospects",2024,"United Nations Population Division",156,"China","CN","CHN",124,"2073",1,"95% lower bound",3,"Both sexes",188,0,-1,"Total",0,"Not applicable",1,"Model-based Estimates",3,"Projection",791521155
49,"Total population by sex","Total population by sex","World Population Prospects",2024,"United Nations Population Division",156,"China","CN","CHN",124,"2073",4,"Median",3,"Both sexes",188,0,-1,"Total",0,"Not applicable",1,"Model-based Estimates",3,"Projection",960055383
49,"Total population by sex","Total population by sex","World Population Prospects",2024,"United Nations Population Division",156,"China","CN","CHN",124,"2073",6,"95% upper bound",3,"Both sexes",188,0,-1,"Total",0,"Not applicable",1,"Model-based Estimates",3,"Projection",1132303776
49,"Total population by sex","Total population by sex","World Population Prospects",2024,"United Nations Population Division",156,"China","CN","CHN",124,"2073",13,"Zero-migration",3,"Both sexes",188,0,-1,"Total",0,"Not applicable",1,"Model-based Estimates",3,"Projection",976642325
49,"Total population by sex","Total population by sex","World Population Prospects",2024,"United Nations Population Division",156,"China","CN","CHN",125,"2074",1,"95% lower bound",3,"Both sexes",188,0,-1,"Total",0,"Not applicable",1,"Model-based Estimates",3,"Projection",776013805
49,"Total population by sex","Total population by sex","World Population Prospects",2024,"United Nations Population Division",156,"China","CN","CHN",125,"2074",4,"Median",3,"Both sexes",188,0,-1,"Total",0,"Not applicable",1,"Model-based Estimates",3,"Projection",947249416.5
49,"Total population by sex","Total population by sex","World Population Prospects",2024,"United Nations Population Division",156,"China","CN","CHN",125,"2074",6,"95% upper bound",3,"Both sexes",188,0,-1,"Total",0,"Not applicable",1,"Model-based Estimates",3,"Projection",1123119311
49,"Total population by sex","Total population by sex","World Population Prospects",2024,"United Nations Population Division",156,"China","CN","CHN",125,"2074",13,"Zero-migration",3,"Both sexes",188,0,-1,"Total",0,"Not applicable",1,"Model-based Estimates",3,"Projection",964225846.5
49,"Total population by sex","Total population by sex","World Population Prospects",2024,"United Nations Population Division",156,"China","CN","CHN",126,"2075",1,"95% lower bound",3,"Both sexes",188,0,-1,"Total",0,"Not applicable",1,"Model-based Estimates",3,"Projection",759730399
49,"Total population by sex","Total population by sex","World Population Prospects",2024,"United Nations Population Division",156,"China","CN","CHN",126,"2075",4,"Median",3,"Both sexes",188,0,-1,"Total",0,"Not applicable",1,"Model-based Estimates",3,"Projection",934466660.5
49,"Total population by sex","Total population by sex","World Population Prospects",2024,"United Nations Population Division",156,"China","CN","CHN",126,"2075",6,"95% upper bound",3,"Both sexes",188,0,-1,"Total",0,"Not applicable",1,"Model-based Estimates",3,"Projection",1113389309
49,"Total population by sex","Total population by sex","World Population Prospects",2024,"United Nations Population Division",156,"China","CN","CHN",126,"2075",13,"Zero-migration",3,"Both sexes",188,0,-1,"Total",0,"Not applicable",1,"Model-based Estimates",3,"Projection",951830630
49,"Total population by sex","Total population by sex","World Population Prospects",2024,"United Nations Population Division",156,"China","CN","CHN",127,"2076",1,"95% lower bound",3,"Both sexes",188,0,-1,"Total",0,"Not applicable",1,"Model-based Estimates",3,"Projection",743202106
49,"Total population by sex","Total population by sex","World Population Prospects",2024,"United Nations Population Division",156,"China","CN","CHN",127,"2076",4,"Median",3,"Both sexes",188,0,-1,"Total",0,"Not applicable",1,"Model-based Estimates",3,"Projection",921677629.5
49,"Total population by sex","Total population by sex","World Population Prospects",2024,"United Nations Population Division",156,"China","CN","CHN",127,"2076",6,"95% upper bound",3,"Both sexes",188,0,-1,"Total",0,"Not applicable",1,"Model-based Estimates",3,"Projection",1103214304
49,"Total population by sex","Total population by sex","World Population Prospects",2024,"United Nations Population Division",156,"China","CN","CHN",127,"2076",13,"Zero-migration",3,"Both sexes",188,0,-1,"Total",0,"Not applicable",1,"Model-based Estimates",3,"Projection",939430279.5
49,"Total population by sex","Total population by sex","World Population Prospects",2024,"United Nations Population Division",156,"China","CN","CHN",128,"2077",1,"95% lower bound",3,"Both sexes",188,0,-1,"Total",0,"Not applicable",1,"Model-based Estimates",3,"Projection",727847448
49,"Total population by sex","Total population by sex","World Population Prospects",2024,"United Nations Population Division",156,"China","CN","CHN",128,"2077",4,"Median",3,"Both sexes",188,0,-1,"Total",0,"Not applicable",1,"Model-based Estimates",3,"Projection",908874531.5
49,"Total population by sex","Total population by sex","World Population Prospects",2024,"United Nations Population Division",156,"China","CN","CHN",128,"2077",6,"95% upper bound",3,"Both sexes",188,0,-1,"Total",0,"Not applicable",1,"Model-based Estimates",3,"Projection",1093550260
49,"Total population by sex","Total population by sex","World Population Prospects",2024,"United Nations Population Division",156,"China","CN","CHN",128,"2077",13,"Zero-migration",3,"Both sexes",188,0,-1,"Total",0,"Not applicable",1,"Model-based Estimates",3,"Projection",927006899.5
49,"Total population by sex","Total population by sex","World Population Prospects",2024,"United Nations Population Division",156,"China","CN","CHN",129,"2078",1,"95% lower bound",3,"Both sexes",188,0,-1,"Total",0,"Not applicable",1,"Model-based Estimates",3,"Projection",712629817
49,"Total population by sex","Total population by sex","World Population Prospects",2024,"United Nations Population Division",156,"China","CN","CHN",129,"2078",4,"Median",3,"Both sexes",188,0,-1,"Total",0,"Not applicable",1,"Model-based Estimates",3,"Projection",896043788.5
49,"Total population by sex","Total population by sex","World Population Prospects",2024,"United Nations Population Division",156,"China","CN","CHN",129,"2078",6,"95% upper bound",3,"Both sexes",188,0,-1,"Total",0,"Not applicable",1,"Model-based Estimates",3,"Projection",1084281324
49,"Total population by sex","Total population by sex","World Population Prospects",2024,"United Nations Population Division",156,"China","CN","CHN",129,"2078",13,"Zero-migration",3,"Both sexes",188,0,-1,"Total",0,"Not applicable",1,"Model-based Estimates",3,"Projection",914553548.5
49,"Total population by sex","Total population by sex","World Population Prospects",2024,"United Nations Population Division",156,"China","CN","CHN",130,"2079",1,"95% lower bound",3,"Both sexes",188,0,-1,"Total",0,"Not applicable",1,"Model-based Estimates",3,"Projection",697129909
49,"Total population by sex","Total population by sex","World Population Prospects",2024,"United Nations Population Division",156,"China","CN","CHN",130,"2079",4,"Median",3,"Both sexes",188,0,-1,"Total",0,"Not applicable",1,"Model-based Estimates",3,"Projection",883166975.5
49,"Total population by sex","Total population by sex","World Population Prospects",2024,"United Nations Population Division",156,"China","CN","CHN",130,"2079",6,"95% upper bound",3,"Both sexes",188,0,-1,"Total",0,"Not applicable",1,"Model-based Estimates",3,"Projection",1074881919
49,"Total population by sex","Total population by sex","World Population Prospects",2024,"United Nations Population Division",156,"China","CN","CHN",130,"2079",13,"Zero-migration",3,"Both sexes",188,0,-1,"Total",0,"Not applicable",1,"Model-based Estimates",3,"Projection",902061048
49,"Total population by sex","Total population by sex","World Population Prospects",2024,"United Nations Population Division",156,"China","CN","CHN",131,"2080",1,"95% lower bound",3,"Both sexes",188,0,-1,"Total",0,"Not applicable",1,"Model-based Estimates",3,"Projection",680932510
49,"Total population by sex","Total population by sex","World Population Prospects",2024,"United Nations Population Division",156,"China","CN","CHN",131,"2080",4,"Median",3,"Both sexes",188,0,-1,"Total",0,"Not applicable",1,"Model-based Estimates",3,"Projection",870252344
49,"Total population by sex","Total population by sex","World Population Prospects",2024,"United Nations Population Division",156,"China","CN","CHN",131,"2080",6,"95% upper bound",3,"Both sexes",188,0,-1,"Total",0,"Not applicable",1,"Model-based Estimates",3,"Projection",1064902904.0000001
49,"Total population by sex","Total population by sex","World Population Prospects",2024,"United Nations Population Division",156,"China","CN","CHN",131,"2080",13,"Zero-migration",3,"Both sexes",188,0,-1,"Total",0,"Not applicable",1,"Model-based Estimates",3,"Projection",889538232
49,"Total population by sex","Total population by sex","World Population Prospects",2024,"United Nations Population Division",156,"China","CN","CHN",132,"2081",1,"95% lower bound",3,"Both sexes",188,0,-1,"Total",0,"Not applicable",1,"Model-based Estimates",3,"Projection",663875064
49,"Total population by sex","Total population by sex","World Population Prospects",2024,"United Nations Population Division",156,"China","CN","CHN",132,"2081",4,"Median",3,"Both sexes",188,0,-1,"Total",0,"Not applicable",1,"Model-based Estimates",3,"Projection",857328714.5
49,"Total population by sex","Total population by sex","World Population Prospects",2024,"United Nations Population Division",156,"China","CN","CHN",132,"2081",6,"95% upper bound",3,"Both sexes",188,0,-1,"Total",0,"Not applicable",1,"Model-based Estimates",3,"Projection",1054602875
49,"Total population by sex","Total population by sex","World Population Prospects",2024,"United Nations Population Division",156,"China","CN","CHN",132,"2081",13,"Zero-migration",3,"Both sexes",188,0,-1,"Total",0,"Not applicable",1,"Model-based Estimates",3,"Projection",877004539.5
49,"Total population by sex","Total population by sex","World Population Prospects",2024,"United Nations Population Division",156,"China","CN","CHN",133,"2082",1,"95% lower bound",3,"Both sexes",188,0,-1,"Total",0,"Not applicable",1,"Model-based Estimates",3,"Projection",648034504
49,"Total population by sex","Total population by sex","World Population Prospects",2024,"United Nations Population Division",156,"China","CN","CHN",133,"2082",4,"Median",3,"Both sexes",188,0,-1,"Total",0,"Not applicable",1,"Model-based Estimates",3,"Projection",844439196.5
49,"Total population by sex","Total population by sex","World Population Prospects",2024,"United Nations Population Division",156,"China","CN","CHN",133,"2082",6,"95% upper bound",3,"Both sexes",188,0,-1,"Total",0,"Not applicable",1,"Model-based Estimates",3,"Projection",1044663996
49,"Total population by sex","Total population by sex","World Population Prospects",2024,"United Nations Population Division",156,"China","CN","CHN",133,"2082",13,"Zero-migration",3,"Both sexes",188,0,-1,"Total",0,"Not applicable",1,"Model-based Estimates",3,"Projection",864490513
49,"Total population by sex","Total population by sex","World Population Prospects",2024,"United Nations Population Division",156,"China","CN","CHN",134,"2083",1,"95% lower bound",3,"Both sexes",188,0,-1,"Total",0,"Not applicable",1,"Model-based Estimates",3,"Projection",632769785
49,"Total population by sex","Total population by sex","World Population Prospects",2024,"United Nations Population Division",156,"China","CN","CHN",134,"2083",4,"Median",3,"Both sexes",188,0,-1,"Total",0,"Not applicable",1,"Model-based Estimates",3,"Projection",831604667.5
49,"Total population by sex","Total population by sex","World Population Prospects",2024,"United Nations Population Division",156,"China","CN","CHN",134,"2083",6,"95% upper bound",3,"Both sexes",188,0,-1,"Total",0,"Not applicable",1,"Model-based Estimates",3,"Projection",1034602715
49,"Total population by sex","Total population by sex","World Population Prospects",2024,"United Nations Population Division",156,"China","CN","CHN",134,"2083",13,"Zero-migration",3,"Both sexes",188,0,-1,"Total",0,"Not applicable",1,"Model-based Estimates",3,"Projection",852019281
49,"Total population by sex","Total population by sex","World Population Prospects",2024,"United Nations Population Division",156,"China","CN","CHN",135,"2084",1,"95% lower bound",3,"Both sexes",188,0,-1,"Total",0,"Not applicable",1,"Model-based Estimates",3,"Projection",617839464
49,"Total population by sex","Total population by sex","World Population Prospects",2024,"United Nations Population Division",156,"China","CN","CHN",135,"2084",4,"Median",3,"Both sexes",188,0,-1,"Total",0,"Not applicable",1,"Model-based Estimates",3,"Projection",818815356.5
49,"Total population by sex","Total population by sex","World Population Prospects",2024,"United Nations Population Division",156,"China","CN","CHN",135,"2084",6,"95% upper bound",3,"Both sexes",188,0,-1,"Total",0,"Not applicable",1,"Model-based Estimates",3,"Projection",1024523188
49,"Total population by sex","Total population by sex","World Population Prospects",2024,"United Nations Population Division",156,"China","CN","CHN",135,"2084",13,"Zero-migration",3,"Both sexes",188,0,-1,"Total",0,"Not applicable",1,"Model-based Estimates",3,"Projection",839605771.5
49,"Total population by sex","Total population by sex","World Population Prospects",2024,"United Nations Population Division",156,"China","CN","CHN",136,"2085",1,"95% lower bound",3,"Both sexes",188,0,-1,"Total",0,"Not applicable",1,"Model-based Estimates",3,"Projection",604296128
49,"Total population by sex","Total population by sex","World Population Prospects",2024,"United Nations Population Division",156,"China","CN","CHN",136,"2085",4,"Median",3,"Both sexes",188,0,-1,"Total",0,"Not applicable",1,"Model-based Estimates",3,"Projection",806115054
49,"Total population by sex","Total population by sex","World Population Prospects",2024,"United Nations Population Division",156,"China","CN","CHN",136,"2085",6,"95% upper bound",3,"Both sexes",188,0,-1,"Total",0,"Not applicable",1,"Model-based Estimates",3,"Projection",1015527239
49,"Total population by sex","Total population by sex","World Population Prospects",2024,"United Nations Population Division",156,"China","CN","CHN",136,"2085",13,"Zero-migration",3,"Both sexes",188,0,-1,"Total",0,"Not applicable",1,"Model-based Estimates",3,"Projection",827287751.5
49,"Total population by sex","Total population by sex","World Population Prospects",2024,"United Nations Population Division",156,"China","CN","CHN",137,"2086",1,"95% lower bound",3,"Both sexes",188,0,-1,"Total",0,"Not applicable",1,"Model-based Estimates",3,"Projection",590581718
49,"Total population by sex","Total population by sex","World Population Prospects",2024,"United Nations Population Division",156,"China","CN","CHN",137,"2086",4,"Median",3,"Both sexes",188,0,-1,"Total",0,"Not applicable",1,"Model-based Estimates",3,"Projection",793559254
49,"Total population by sex","Total population by sex","World Population Prospects",2024,"United Nations Population Division",156,"China","CN","CHN",137,"2086",6,"95% upper bound",3,"Both sexes",188,0,-1,"Total",0,"Not applicable",1,"Model-based Estimates",3,"Projection",1005454655
49,"Total population by sex","Total population by sex","World Population Prospects",2024,"United Nations Population Division",156,"China","CN","CHN",137,"2086",13,"Zero-migration",3,"Both sexes",188,0,-1,"Total",0,"Not applicable",1,"Model-based Estimates",3,"Projection",815100452.5
49,"Total population by sex","Total population by sex","World Population Prospects",2024,"United Nations Population Division",156,"China","CN","CHN",138,"2087",1,"95% lower bound",3,"Both sexes",188,0,-1,"Total",0,"Not applicable",1,"Model-based Estimates",3,"Projection",576405064
49,"Total population by sex","Total population by sex","World Population Prospects",2024,"United Nations Population Division",156,"China","CN","CHN",138,"2087",4,"Median",3,"Both sexes",188,0,-1,"Total",0,"Not applicable",1,"Model-based Estimates",3,"Projection",781153717.5
49,"Total population by sex","Total population by sex","World Population Prospects",2024,"United Nations Population Division",156,"China","CN","CHN",138,"2087",6,"95% upper bound",3,"Both sexes",188,0,-1,"Total",0,"Not applicable",1,"Model-based Estimates",3,"Projection",994091900
49,"Total population by sex","Total population by sex","World Population Prospects",2024,"United Nations Population Division",156,"China","CN","CHN",138,"2087",13,"Zero-migration",3,"Both sexes",188,0,-1,"Total",0,"Not applicable",1,"Model-based Estimates",3,"Projection",803059637.5
49,"Total population by sex","Total population by sex","World Population Prospects",2024,"United Nations Population Division",156,"China","CN","CHN",139,"2088",1,"95% lower bound",3,"Both sexes",188,0,-1,"Total",0,"Not applicable",1,"Model-based Estimates",3,"Projection",561982542
49,"Total population by sex","Total population by sex","World Population Prospects",2024,"United Nations Population Division",156,"China","CN","CHN",139,"2088",4,"Median",3,"Both sexes",188,0,-1,"Total",0,"Not applicable",1,"Model-based Estimates",3,"Projection",768899132.5
49,"Total population by sex","Total population by sex","World Population Prospects",2024,"United Nations Population Division",156,"China","CN","CHN",139,"2088",6,"95% upper bound",3,"Both sexes",188,0,-1,"Total",0,"Not applicable",1,"Model-based Estimates",3,"Projection",983612821
49,"Total population by sex","Total population by sex","World Population Prospects",2024,"United Nations Population Division",156,"China","CN","CHN",139,"2088",13,"Zero-migration",3,"Both sexes",188,0,-1,"Total",0,"Not applicable",1,"Model-based Estimates",3,"Projection",791171968.5
49,"Total population by sex","Total population by sex","World Population Prospects",2024,"United Nations Population Division",156,"China","CN","CHN",140,"2089",1,"95% lower bound",3,"Both sexes",188,0,-1,"Total",0,"Not applicable",1,"Model-based Estimates",3,"Projection",547921996
49,"Total population by sex","Total population by sex","World Population Prospects",2024,"United Nations Population Division",156,"China","CN","CHN",140,"2089",4,"Median",3,"Both sexes",188,0,-1,"Total",0,"Not applicable",1,"Model-based Estimates",3,"Projection",756809110.5
49,"Total population by sex","Total population by sex","World Population Prospects",2024,"United Nations Population Division",156,"China","CN","CHN",140,"2089",6,"95% upper bound",3,"Both sexes",188,0,-1,"Total",0,"Not applicable",1,"Model-based Estimates",3,"Projection",974534061
49,"Total population by sex","Total population by sex","World Population Prospects",2024,"United Nations Population Division",156,"China","CN","CHN",140,"2089",13,"Zero-migration",3,"Both sexes",188,0,-1,"Total",0,"Not applicable",1,"Model-based Estimates",3,"Projection",779443790
49,"Total population by sex","Total population by sex","World Population Prospects",2024,"United Nations Population Division",156,"China","CN","CHN",141,"2090",1,"95% lower bound",3,"Both sexes",188,0,-1,"Total",0,"Not applicable",1,"Model-based Estimates",3,"Projection",534251449.99999994
49,"Total population by sex","Total population by sex","World Population Prospects",2024,"United Nations Population Division",156,"China","CN","CHN",141,"2090",4,"Median",3,"Both sexes",188,0,-1,"Total",0,"Not applicable",1,"Model-based Estimates",3,"Projection",744902836.5
49,"Total population by sex","Total population by sex","World Population Prospects",2024,"United Nations Population Division",156,"China","CN","CHN",141,"2090",6,"95% upper bound",3,"Both sexes",188,0,-1,"Total",0,"Not applicable",1,"Model-based Estimates",3,"Projection",966897834
49,"Total population by sex","Total population by sex","World Population Prospects",2024,"United Nations Population Division",156,"China","CN","CHN",141,"2090",13,"Zero-migration",3,"Both sexes",188,0,-1,"Total",0,"Not applicable",1,"Model-based Estimates",3,"Projection",767886102.5
49,"Total population by sex","Total population by sex","World Population Prospects",2024,"United Nations Population Division",156,"China","CN","CHN",142,"2091",1,"95% lower bound",3,"Both sexes",188,0,-1,"Total",0,"Not applicable",1,"Model-based Estimates",3,"Projection",520293055
49,"Total population by sex","Total population by sex","World Population Prospects",2024,"United Nations Population Division",156,"China","CN","CHN",142,"2091",4,"Median",3,"Both sexes",188,0,-1,"Total",0,"Not applicable",1,"Model-based Estimates",3,"Projection",733179456.5
49,"Total population by sex","Total population by sex","World Population Prospects",2024,"United Nations Population Division",156,"China","CN","CHN",142,"2091",6,"95% upper bound",3,"Both sexes",188,0,-1,"Total",0,"Not applicable",1,"Model-based Estimates",3,"Projection",958696103
49,"Total population by sex","Total population by sex","World Population Prospects",2024,"United Nations Population Division",156,"China","CN","CHN",142,"2091",13,"Zero-migration",3,"Both sexes",188,0,-1,"Total",0,"Not applicable",1,"Model-based Estimates",3,"Projection",756500763.5
49,"Total population by sex","Total population by sex","World Population Prospects",2024,"United Nations Population Division",156,"China","CN","CHN",143,"2092",1,"95% lower bound",3,"Both sexes",188,0,-1,"Total",0,"Not applicable",1,"Model-based Estimates",3,"Projection",506523716
49,"Total population by sex","Total population by sex","World Population Prospects",2024,"United Nations Population Division",156,"China","CN","CHN",143,"2092",4,"Median",3,"Both sexes",188,0,-1,"Total",0,"Not applicable",1,"Model-based Estimates",3,"Projection",721612750.5
49,"Total population by sex","Total population by sex","World Population Prospects",2024,"United Nations Population Division",156,"China","CN","CHN",143,"2092",6,"95% upper bound",3,"Both sexes",188,0,-1,"Total",0,"Not applicable",1,"Model-based Estimates",3,"Projection",951188464
49,"Total population by sex","Total population by sex","World Population Prospects",2024,"United Nations Population Division",156,"China","CN","CHN",143,"2092",13,"Zero-migration",3,"Both sexes",188,0,-1,"Total",0,"Not applicable",1,"Model-based Estimates",3,"Projection",745268479.5
49,"Total population by sex","Total population by sex","World Population Prospects",2024,"United Nations Population Division",156,"China","CN","CHN",144,"2093",1,"95% lower bound",3,"Both sexes",188,0,-1,"Total",0,"Not applicable",1,"Model-based Estimates",3,"Projection",493082285
49,"Total population by sex","Total population by sex","World Population Prospects",2024,"United Nations Population Division",156,"China","CN","CHN",144,"2093",4,"Median",3,"Both sexes",188,0,-1,"Total",0,"Not applicable",1,"Model-based Estimates",3,"Projection",710185968
49,"Total population by sex","Total population by sex","World Population Prospects",2024,"United Nations Population Division",156,"China","CN","CHN",144,"2093",6,"95% upper bound",3,"Both sexes",188,0,-1,"Total",0,"Not applicable",1,"Model-based Estimates",3,"Projection",944275297
49,"Total population by sex","Total population by sex","World Population Prospects",2024,"United Nations Population Division",156,"China","CN","CHN",144,"2093",13,"Zero-migration",3,"Both sexes",188,0,-1,"Total",0,"Not applicable",1,"Model-based Estimates",3,"Projection",734170336
49,"Total population by sex","Total population by sex","World Population Prospects",2024,"United Nations Population Division",156,"China","CN","CHN",145,"2094",1,"95% lower bound",3,"Both sexes",188,0,-1,"Total",0,"Not applicable",1,"Model-based Estimates",3,"Projection",480419914
49,"Total population by sex","Total population by sex","World Population Prospects",2024,"United Nations Population Division",156,"China","CN","CHN",145,"2094",4,"Median",3,"Both sexes",188,0,-1,"Total",0,"Not applicable",1,"Model-based Estimates",3,"Projection",698893770.5
49,"Total population by sex","Total population by sex","World Population Prospects",2024,"United Nations Population Division",156,"China","CN","CHN",145,"2094",6,"95% upper bound",3,"Both sexes",188,0,-1,"Total",0,"Not applicable",1,"Model-based Estimates",3,"Projection",936605835
49,"Total population by sex","Total population by sex","World Population Prospects",2024,"United Nations Population Division",156,"China","CN","CHN",145,"2094",13,"Zero-migration",3,"Both sexes",188,0,-1,"Total",0,"Not applicable",1,"Model-based Estimates",3,"Projection",723196859.5
49,"Total population by sex","Total population by sex","World Population Prospects",2024,"United Nations Population Division",156,"China","CN","CHN",146,"2095",1,"95% lower bound",3,"Both sexes",188,0,-1,"Total",0,"Not applicable",1,"Model-based Estimates",3,"Projection",468047295
49,"Total population by sex","Total population by sex","World Population Prospects",2024,"United Nations Population Division",156,"China","CN","CHN",146,"2095",4,"Median",3,"Both sexes",188,0,-1,"Total",0,"Not applicable",1,"Model-based Estimates",3,"Projection",687724085
49,"Total population by sex","Total population by sex","World Population Prospects",2024,"United Nations Population Division",156,"China","CN","CHN",146,"2095",6,"95% upper bound",3,"Both sexes",188,0,-1,"Total",0,"Not applicable",1,"Model-based Estimates",3,"Projection",928510371
49,"Total population by sex","Total population by sex","World Population Prospects",2024,"United Nations Population Division",156,"China","CN","CHN",146,"2095",13,"Zero-migration",3,"Both sexes",188,0,-1,"Total",0,"Not applicable",1,"Model-based Estimates",3,"Projection",712330904.5
49,"Total population by sex","Total population by sex","World Population Prospects",2024,"United Nations Population Division",156,"China","CN","CHN",147,"2096",1,"95% lower bound",3,"Both sexes",188,0,-1,"Total",0,"Not applicable",1,"Model-based Estimates",3,"Projection",455223361
49,"Total population by sex","Total population by sex","World Population Prospects",2024,"United Nations Population Division",156,"China","CN","CHN",147,"2096",4,"Median",3,"Both sexes",188,0,-1,"Total",0,"Not applicable",1,"Model-based Estimates",3,"Projection",676660877
49,"Total population by sex","Total population by sex","World Population Prospects",2024,"United Nations Population Division",156,"China","CN","CHN",147,"2096",6,"95% upper bound",3,"Both sexes",188,0,-1,"Total",0,"Not applicable",1,"Model-based Estimates",3,"Projection",920317053
49,"Total population by sex","Total population by sex","World Population Prospects",2024,"United Nations Population Division",156,"China","CN","CHN",147,"2096",13,"Zero-migration",3,"Both sexes",188,0,-1,"Total",0,"Not applicable",1,"Model-based Estimates",3,"Projection",701564625
49,"Total population by sex","Total population by sex","World Population Prospects",2024,"United Nations Population Division",156,"China","CN","CHN",148,"2097",1,"95% lower bound",3,"Both sexes",188,0,-1,"Total",0,"Not applicable",1,"Model-based Estimates",3,"Projection",443204818
49,"Total population by sex","Total population by sex","World Population Prospects",2024,"United Nations Population Division",156,"China","CN","CHN",148,"2097",4,"Median",3,"Both sexes",188,0,-1,"Total",0,"Not applicable",1,"Model-based Estimates",3,"Projection",665695503.5
49,"Total population by sex","Total population by sex","World Population Prospects",2024,"United Nations Population Division",156,"China","CN","CHN",148,"2097",6,"95% upper bound",3,"Both sexes",188,0,-1,"Total",0,"Not applicable",1,"Model-based Estimates",3,"Projection",913237719
49,"Total population by sex","Total population by sex","World Population Prospects",2024,"United Nations Population Division",156,"China","CN","CHN",148,"2097",13,"Zero-migration",3,"Both sexes",188,0,-1,"Total",0,"Not applicable",1,"Model-based Estimates",3,"Projection",690891990.5
49,"Total population by sex","Total population by sex","World Population Prospects",2024,"United Nations Population Division",156,"China","CN","CHN",149,"2098",1,"95% lower bound",3,"Both sexes",188,0,-1,"Total",0,"Not applicable",1,"Model-based Estimates",3,"Projection",430586101
49,"Total population by sex","Total population by sex","World Population Prospects",2024,"United Nations Population Division",156,"China","CN","CHN",149,"2098",4,"Median",3,"Both sexes",188,0,-1,"Total",0,"Not applicable",1,"Model-based Estimates",3,"Projection",654825389
49,"Total population by sex","Total population by sex","World Population Prospects",2024,"United Nations Population Division",156,"China","CN","CHN",149,"2098",6,"95% upper bound",3,"Both sexes",188,0,-1,"Total",0,"Not applicable",1,"Model-based Estimates",3,"Projection",906323833
49,"Total population by sex","Total population by sex","World Population Prospects",2024,"United Nations Population Division",156,"China","CN","CHN",149,"2098",13,"Zero-migration",3,"Both sexes",188,0,-1,"Total",0,"Not applicable",1,"Model-based Estimates",3,"Projection",680298152.5
49,"Total population by sex","Total population by sex","World Population Prospects",2024,"United Nations Population Division",156,"China","CN","CHN",150,"2099",1,"95% lower bound",3,"Both sexes",188,0,-1,"Total",0,"Not applicable",1,"Model-based Estimates",3,"Projection",417240094
49,"Total population by sex","Total population by sex","World Population Prospects",2024,"United Nations Population Division",156,"China","CN","CHN",150,"2099",4,"Median",3,"Both sexes",188,0,-1,"Total",0,"Not applicable",1,"Model-based Estimates",3,"Projection",644049400.5
49,"Total population by sex","Total population by sex","World Population Prospects",2024,"United Nations Population Division",156,"China","CN","CHN",150,"2099",6,"95% upper bound",3,"Both sexes",188,0,-1,"Total",0,"Not applicable",1,"Model-based Estimates",3,"Projection",899143002
49,"Total population by sex","Total population by sex","World Population Prospects",2024,"United Nations Population Division",156,"China","CN","CHN",150,"2099",13,"Zero-migration",3,"Both sexes",188,0,-1,"Total",0,"Not applicable",1,"Model-based Estimates",3,"Projection",669782118.5
49,"Total population by sex","Total population by sex","World Population Prospects",2024,"United Nations Population Division",156,"China","CN","CHN",151,"2100",1,"95% lower bound",3,"Both sexes",188,0,-1,"Total",0,"Not applicable",1,"Model-based Estimates",3,"Projection",403849348
49,"Total population by sex","Total population by sex","World Population Prospects",2024,"United Nations Population Division",156,"China","CN","CHN",151,"2100",4,"Median",3,"Both sexes",188,0,-1,"Total",0,"Not applicable",1,"Model-based Estimates",3,"Projection",633368112.5
49,"Total population by sex","Total population by sex","World Population Prospects",2024,"United Nations Population Division",156,"China","CN","CHN",151,"2100",6,"95% upper bound",3,"Both sexes",188,0,-1,"Total",0,"Not applicable",1,"Model-based Estimates",3,"Projection",890436375
49,"Total population by sex","Total population by sex","World Population Prospects",2024,"United Nations Population Division",156,"China","CN","CHN",151,"2100",13,"Zero-migration",3,"Both sexes",188,0,-1,"Total",0,"Not applicable",1,"Model-based Estimates",3,"Projection",659345777.5
49,"Total population by sex","Total population by sex","World Population Prospects",2024,"United Nations Population Division",356,"India","IN","IND",41,"1990",4,"Median",3,"Both sexes",188,0,-1,"Total",0,"Not applicable",1,"Model-based Estimates",2,"Interpolation",864972221.5
49,"Total population by sex","Total population by sex","World Population Prospects",2024,"United Nations Population Division",356,"India","IN","IND",42,"1991",4,"Median",3,"Both sexes",188,0,-1,"Total",0,"Not applicable",1,"Model-based Estimates",2,"Interpolation",883927600.5
49,"Total population by sex","Total population by sex","World Population Prospects",2024,"United Nations Population Division",356,"India","IN","IND",43,"1992",4,"Median",3,"Both sexes",188,0,-1,"Total",0,"Not applicable",1,"Model-based Estimates",2,"Interpolation",902957070
49,"Total population by sex","Total population by sex","World Population Prospects",2024,"United Nations Population Division",356,"India","IN","IND",44,"1993",4,"Median",3,"Both sexes",188,0,-1,"Total",0,"Not applicable",1,"Model-based Estimates",2,"Interpolation",922118387
49,"Total population by sex","Total population by sex","World Population Prospects",2024,"United Nations Population Division",356,"India","IN","IND",45,"1994",4,"Median",3,"Both sexes",188,0,-1,"Total",0,"Not applicable",1,"Model-based Estimates",2,"Interpolation",941163767.5
49,"Total population by sex","Total population by sex","World Population Prospects",2024,"United Nations Population Division",356,"India","IN","IND",46,"1995",4,"Median",3,"Both sexes",188,0,-1,"Total",0,"Not applicable",1,"Model-based Estimates",2,"Interpolation",960301043.5
49,"Total population by sex","Total population by sex","World Population Prospects",2024,"United Nations Population Division",356,"India","IN","IND",47,"1996",4,"Median",3,"Both sexes",188,0,-1,"Total",0,"Not applicable",1,"Model-based Estimates",2,"Interpolation",979678458.5
49,"Total population by sex","Total population by sex","World Population Prospects",2024,"United Nations Population Division",356,"India","IN","IND",48,"1997",4,"Median",3,"Both sexes",188,0,-1,"Total",0,"Not applicable",1,"Model-based Estimates",2,"Interpolation",999133761.5
49,"Total population by sex","Total population by sex","World Population Prospects",2024,"United Nations Population Division",356,"India","IN","IND",49,"1998",4,"Median",3,"Both sexes",188,0,-1,"Total",0,"Not applicable",1,"Model-based Estimates",2,"Interpolation",1018665080
49,"Total population by sex","Total population by sex","World Population Prospects",2024,"United Nations Population Division",356,"India","IN","IND",50,"1999",4,"Median",3,"Both sexes",188,0,-1,"Total",0,"Not applicable",1,"Model-based Estimates",2,"Interpolation",1038225823
49,"Total population by sex","Total population by sex","World Population Prospects",2024,"United Nations Population Division",356,"India","IN","IND",51,"2000",4,"Median",3,"Both sexes",188,0,-1,"Total",0,"Not applicable",1,"Model-based Estimates",2,"Interpolation",1057922733
49,"Total population by sex","Total population by sex","World Population Prospects",2024,"United Nations Population Division",356,"India","IN","IND",52,"2001",4,"Median",3,"Both sexes",188,0,-1,"Total",0,"Not applicable",1,"Model-based Estimates",2,"Interpolation",1077898575
49,"Total population by sex","Total population by sex","World Population Prospects",2024,"United Nations Population Division",356,"India","IN","IND",53,"2002",4,"Median",3,"Both sexes",188,0,-1,"Total",0,"Not applicable",1,"Model-based Estimates",2,"Interpolation",1097600380.5
49,"Total population by sex","Total population by sex","World Population Prospects",2024,"United Nations Population Division",356,"India","IN","IND",54,"2003",4,"Median",3,"Both sexes",188,0,-1,"Total",0,"Not applicable",1,"Model-based Estimates",2,"Interpolation",1116803006
49,"Total population by sex","Total population by sex","World Population Prospects",2024,"United Nations Population Division",356,"India","IN","IND",55,"2004",4,"Median",3,"Both sexes",188,0,-1,"Total",0,"Not applicable",1,"Model-based Estimates",2,"Interpolation",1135991513.5
49,"Total population by sex","Total population by sex","World Population Prospects",2024,"United Nations Population Division",356,"India","IN","IND",56,"2005",4,"Median",3,"Both sexes",188,0,-1,"Total",0,"Not applicable",1,"Model-based Estimates",2,"Interpolation",1154676322
49,"Total population by sex","Total population by sex","World Population Prospects",2024,"United Nations Population Division",356,"India","IN","IND",57,"2006",4,"Median",3,"Both sexes",188,0,-1,"Total",0,"Not applicable",1,"Model-based Estimates",2,"Interpolation",1172878889.5
49,"Total population by sex","Total population by sex","World Population Prospects",2024,"United Nations Population Division",356,"India","IN","IND",58,"2007",4,"Median",3,"Both sexes",188,0,-1,"Total",0,"Not applicable",1,"Model-based Estimates",2,"Interpolation",1190676020.5
49,"Total population by sex","Total population by sex","World Population Prospects",2024,"United Nations Population Division",356,"India","IN","IND",59,"2008",4,"Median",3,"Both sexes",188,0,-1,"Total",0,"Not applicable",1,"Model-based Estimates",2,"Interpolation",1207930963.5
49,"Total population by sex","Total population by sex","World Population Prospects",2024,"United Nations Population Division",356,"India","IN","IND",60,"2009",4,"Median",3,"Both sexes",188,0,-1,"Total",0,"Not applicable",1,"Model-based Estimates",2,"Interpolation",1225524753
49,"Total population by sex","Total population by sex","World Population Prospects",2024,"United Nations Population Division",356,"India","IN","IND",61,"2010",4,"Median",3,"Both sexes",188,0,-1,"Total",0,"Not applicable",1,"Model-based Estimates",2,"Interpolation",1243481564
49,"Total population by sex","Total population by sex","World Population Prospects",2024,"United Nations Population Division",356,"India","IN","IND",62,"2011",4,"Median",3,"Both sexes",188,0,-1,"Total",0,"Not applicable",1,"Model-based Estimates",2,"Interpolation",1261224954.5
49,"Total population by sex","Total population by sex","World Population Prospects",2024,"United Nations Population Division",356,"India","IN","IND",63,"2012",4,"Median",3,"Both sexes",188,0,-1,"Total",0,"Not applicable",1,"Model-based Estimates",3,"Projection",1278674502.5
49,"Total population by sex","Total population by sex","World Population Prospects",2024,"United Nations Population Division",356,"India","IN","IND",64,"2013",4,"Median",3,"Both sexes",188,0,-1,"Total",0,"Not applicable",1,"Model-based Estimates",3,"Projection",1295829510.5
49,"Total population by sex","Total population by sex","World Population Prospects",2024,"United Nations Population Division",356,"India","IN","IND",65,"2014",4,"Median",3,"Both sexes",188,0,-1,"Total",0,"Not applicable",1,"Model-based Estimates",3,"Projection",1312277191.5
49,"Total population by sex","Total population by sex","World Population Prospects",2024,"United Nations Population Division",356,"India","IN","IND",66,"2015",4,"Median",3,"Both sexes",188,0,-1,"Total",0,"Not applicable",1,"Model-based Estimates",3,"Projection",1328024497.5
49,"Total population by sex","Total population by sex","World Population Prospects",2024,"United Nations Population Division",356,"India","IN","IND",67,"2016",4,"Median",3,"Both sexes",188,0,-1,"Total",0,"Not applicable",1,"Model-based Estimates",3,"Projection",1343944296
49,"Total population by sex","Total population by sex","World Population Prospects",2024,"United Nations Population Division",356,"India","IN","IND",68,"2017",4,"Median",3,"Both sexes",188,0,-1,"Total",0,"Not applicable",1,"Model-based Estimates",3,"Projection",1359657400
49,"Total population by sex","Total population by sex","World Population Prospects",2024,"United Nations Population Division",356,"India","IN","IND",69,"2018",4,"Median",3,"Both sexes",188,0,-1,"Total",0,"Not applicable",1,"Model-based Estimates",3,"Projection",1374659064
49,"Total population by sex","Total population by sex","World Population Prospects",2024,"United Nations Population Division",356,"India","IN","IND",70,"2019",4,"Median",3,"Both sexes",188,0,-1,"Total",0,"Not applicable",1,"Model-based Estimates",3,"Projection",1389030312
49,"Total population by sex","Total population by sex","World Population Prospects",2024,"United Nations Population Division",356,"India","IN","IND",71,"2020",4,"Median",3,"Both sexes",188,0,-1,"Total",0,"Not applicable",1,"Model-based Estimates",3,"Projection",1402617695.5
49,"Total population by sex","Total population by sex","World Population Prospects",2024,"United Nations Population Division",356,"India","IN","IND",72,"2021",4,"Median",3,"Both sexes",188,0,-1,"Total",0,"Not applicable",1,"Model-based Estimates",3,"Projection",1414203896
49,"Total population by sex","Total population by sex","World Population Prospects",2024,"United Nations Population Division",356,"India","IN","IND",73,"2022",4,"Median",3,"Both sexes",188,0,-1,"Total",0,"Not applicable",1,"Model-based Estimates",3,"Projection",1425423212.5
49,"Total population by sex","Total population by sex","World Population Prospects",2024,"United Nations Population Division",356,"India","IN","IND",74,"2023",4,"Median",3,"Both sexes",188,0,-1,"Total",0,"Not applicable",1,"Model-based Estimates",3,"Projection",1438069596
49,"Total population by sex","Total population by sex","World Population Prospects",2024,"United Nations Population Division",356,"India","IN","IND",75,"2024",1,"95% lower bound",3,"Both sexes",188,0,-1,"Total",0,"Not applicable",1,"Model-based Estimates",3,"Projection",1448792564
49,"Total population by sex","Total population by sex","World Population Prospects",2024,"United Nations Population Division",356,"India","IN","IND",75,"2024",4,"Median",3,"Both sexes",188,0,-1,"Total",0,"Not applicable",1,"Model-based Estimates",3,"Projection",1450935791
49,"Total population by sex","Total population by sex","World Population Prospects",2024,"United Nations Population Division",356,"India","IN","IND",75,"2024",6,"95% upper bound",3,"Both sexes",188,0,-1,"Total",0,"Not applicable",1,"Model-based Estimates",3,"Projection",1453179201
49,"Total population by sex","Total population by sex","World Population Prospects",2024,"United Nations Population Division",356,"India","IN","IND",75,"2024",13,"Zero-migration",3,"Both sexes",188,0,-1,"Total",0,"Not applicable",1,"Model-based Estimates",3,"Projection",1451251207
49,"Total population by sex","Total population by sex","World Population Prospects",2024,"United Nations Population Division",356,"India","IN","IND",76,"2025",1,"95% lower bound",3,"Both sexes",188,0,-1,"Total",0,"Not applicable",1,"Model-based Estimates",3,"Projection",1457369254
49,"Total population by sex","Total population by sex","World Population Prospects",2024,"United Nations Population Division",356,"India","IN","IND",76,"2025",4,"Median",3,"Both sexes",188,0,-1,"Total",0,"Not applicable",1,"Model-based Estimates",3,"Projection",1463865524.5
49,"Total population by sex","Total population by sex","World Population Prospects",2024,"United Nations Population Division",356,"India","IN","IND",76,"2025",6,"95% upper bound",3,"Both sexes",188,0,-1,"Total",0,"Not applicable",1,"Model-based Estimates",3,"Projection",1470912426
49,"Total population by sex","Total population by sex","World Population Prospects",2024,"United Nations Population Division",356,"India","IN","IND",76,"2025",13,"Zero-migration",3,"Both sexes",188,0,-1,"Total",0,"Not applicable",1,"Model-based Estimates",3,"Projection",1464754828
49,"Total population by sex","Total population by sex","World Population Prospects",2024,"United Nations Population Division",356,"India","IN","IND",77,"2026",1,"95% lower bound",3,"Both sexes",188,0,-1,"Total",0,"Not applicable",1,"Model-based Estimates",3,"Projection",1465213914
49,"Total population by sex","Total population by sex","World Population Prospects",2024,"United Nations Population Division",356,"India","IN","IND",77,"2026",4,"Median",3,"Both sexes",188,0,-1,"Total",0,"Not applicable",1,"Model-based Estimates",3,"Projection",1476625576.5
49,"Total population by sex","Total population by sex","World Population Prospects",2024,"United Nations Population Division",356,"India","IN","IND",77,"2026",6,"95% upper bound",3,"Both sexes",188,0,-1,"Total",0,"Not applicable",1,"Model-based Estimates",3,"Projection",1488989089
49,"Total population by sex","Total population by sex","World Population Prospects",2024,"United Nations Population Division",356,"India","IN","IND",77,"2026",13,"Zero-migration",3,"Both sexes",188,0,-1,"Total",0,"Not applicable",1,"Model-based Estimates",3,"Projection",1478014239.5
49,"Total population by sex","Total population by sex","World Population Prospects",2024,"United Nations Population Division",356,"India","IN","IND",78,"2027",1,"95% lower bound",3,"Both sexes",188,0,-1,"Total",0,"Not applicable",1,"Model-based Estimates",3,"Projection",1472556770
49,"Total population by sex","Total population by sex","World Population Prospects",2024,"United Nations Population Division",356,"India","IN","IND",78,"2027",4,"Median",3,"Both sexes",188,0,-1,"Total",0,"Not applicable",1,"Model-based Estimates",3,"Projection",1489164674
49,"Total population by sex","Total population by sex","World Population Prospects",2024,"United Nations Population Division",356,"India","IN","IND",78,"2027",6,"95% upper bound",3,"Both sexes",188,0,-1,"Total",0,"Not applicable",1,"Model-based Estimates",3,"Projection",1506979581
49,"Total population by sex","Total population by sex","World Population Prospects",2024,"United Nations Population Division",356,"India","IN","IND",78,"2027",13,"Zero-migration",3,"Both sexes",188,0,-1,"Total",0,"Not applicable",1,"Model-based Estimates",3,"Projection",1491028369
49,"Total population by sex","Total population by sex","World Population Prospects",2024,"United Nations Population Division",356,"India","IN","IND",79,"2028",1,"95% lower bound",3,"Both sexes",188,0,-1,"Total",0,"Not applicable",1,"Model-based Estimates",3,"Projection",1479485979
49,"Total population by sex","Total population by sex","World Population Prospects",2024,"United Nations Population Division",356,"India","IN","IND",79,"2028",4,"Median",3,"Both sexes",188,0,-1,"Total",0,"Not applicable",1,"Model-based Estimates",3,"Projection",1501432739.5
49,"Total population by sex","Total population by sex","World Population Prospects",2024,"United Nations Population Division",356,"India","IN","IND",79,"2028",6,"95% upper bound",3,"Both sexes",188,0,-1,"Total",0,"Not applicable",1,"Model-based Estimates",3,"Projection",1524894267
49,"Total population by sex","Total population by sex","World Population Prospects",2024,"United Nations Population Division",356,"India","IN","IND",79,"2028",13,"Zero-migration",3,"Both sexes",188,0,-1,"Total",0,"Not applicable",1,"Model-based Estimates",3,"Projection",1503768984
49,"Total population by sex","Total population by sex","World Population Prospects",2024,"United Nations Population Division",356,"India","IN","IND",80,"2029",1,"95% lower bound",3,"Both sexes",188,0,-1,"Total",0,"Not applicable",1,"Model-based Estimates",3,"Projection",1485607376
49,"Total population by sex","Total population by sex","World Population Prospects",2024,"United Nations Population Division",356,"India","IN","IND",80,"2029",4,"Median",3,"Both sexes",188,0,-1,"Total",0,"Not applicable",1,"Model-based Estimates",3,"Projection",1513423731
49,"Total population by sex","Total population by sex","World Population Prospects",2024,"United Nations Population Division",356,"India","IN","IND",80,"2029",6,"95% upper bound",3,"Both sexes",188,0,-1,"Total",0,"Not applicable",1,"Model-based Estimates",3,"Projection",1542681277
49,"Total population by sex","Total population by sex","World Population Prospects",2024,"United Nations Population Division",356,"India","IN","IND",80,"2029",13,"Zero-migration",3,"Both sexes",188,0,-1,"Total",0,"Not applicable",1,"Model-based Estimates",3,"Projection",1516235116
49,"Total population by sex","Total population by sex","World Population Prospects",2024,"United Nations Population Division",356,"India","IN","IND",81,"2030",1,"95% lower bound",3,"Both sexes",188,0,-1,"Total",0,"Not applicable",1,"Model-based Estimates",3,"Projection",1491074265
49,"Total population by sex","Total population by sex","World Population Prospects",2024,"United Nations Population Division",356,"India","IN","IND",81,"2030",4,"Median",3,"Both sexes",188,0,-1,"Total",0,"Not applicable",1,"Model-based Estimates",3,"Projection",1525138844.5
49,"Total population by sex","Total population by sex","World Population Prospects",2024,"United Nations Population Division",356,"India","IN","IND",81,"2030",6,"95% upper bound",3,"Both sexes",188,0,-1,"Total",0,"Not applicable",1,"Model-based Estimates",3,"Projection",1560067120
49,"Total population by sex","Total population by sex","World Population Prospects",2024,"United Nations Population Division",356,"India","IN","IND",81,"2030",13,"Zero-migration",3,"Both sexes",188,0,-1,"Total",0,"Not applicable",1,"Model-based Estimates",3,"Projection",1528442702.5
49,"Total population by sex","Total population by sex","World Population Prospects",2024,"United Nations Population Division",356,"India","IN","IND",82,"2031",1,"95% lower bound",3,"Both sexes",188,0,-1,"Total",0,"Not applicable",1,"Model-based Estimates",3,"Projection",1496302357
49,"Total population by sex","Total population by sex","World Population Prospects",2024,"United Nations Population Division",356,"India","IN","IND",82,"2031",4,"Median",3,"Both sexes",188,0,-1,"Total",0,"Not applicable",1,"Model-based Estimates",3,"Projection",1536540601.5
49,"Total population by sex","Total population by sex","World Population Prospects",2024,"United Nations Population Division",356,"India","IN","IND",82,"2031",6,"95% upper bound",3,"Both sexes",188,0,-1,"Total",0,"Not applicable",1,"Model-based Estimates",3,"Projection",1577313991
49,"Total population by sex","Total population by sex","World Population Prospects",2024,"United Nations Population Division",356,"India","IN","IND",82,"2031",13,"Zero-migration",3,"Both sexes",188,0,-1,"Total",0,"Not applicable",1,"Model-based Estimates",3,"Projection",1540363885
49,"Total population by sex","Total population by sex","World Population Prospects",2024,"United Nations Population Division",356,"India","IN","IND",83,"2032",1,"95% lower bound",3,"Both sexes",188,0,-1,"Total",0,"Not applicable",1,"Model-based Estimates",3,"Projection",1501073020
49,"Total population by sex","Total population by sex","World Population Prospects",2024,"United Nations Population Division",356,"India","IN","IND",83,"2032",4,"Median",3,"Both sexes",188,0,-1,"Total",0,"Not applicable",1,"Model-based Estimates",3,"Projection",1547607124.5
49,"Total population by sex","Total population by sex","World Population Prospects",2024,"United Nations Population Division",356,"India","IN","IND",83,"2032",6,"95% upper bound",3,"Both sexes",188,0,-1,"Total",0,"Not applicable",1,"Model-based Estimates",3,"Projection",1594030536
49,"Total population by sex","Total population by sex","World Population Prospects",2024,"United Nations Population Division",356,"India","IN","IND",83,"2032",13,"Zero-migration",3,"Both sexes",188,0,-1,"Total",0,"Not applicable",1,"Model-based Estimates",3,"Projection",1551958822.5
49,"Total population by sex","Total population by sex","World Population Prospects",2024,"United Nations Population Division",356,"India","IN","IND",84,"2033",1,"95% lower bound",3,"Both sexes",188,0,-1,"Total",0,"Not applicable",1,"Model-based Estimates",3,"Projection",1504452611
49,"Total population by sex","Total population by sex","World Population Prospects",2024,"United Nations Population Division",356,"India","IN","IND",84,"2033",4,"Median",3,"Both sexes",188,0,-1,"Total",0,"Not applicable",1,"Model-based Estimates",3,"Projection",1558324080
49,"Total population by sex","Total population by sex","World Population Prospects",2024,"United Nations Population Division",356,"India","IN","IND",84,"2033",6,"95% upper bound",3,"Both sexes",188,0,-1,"Total",0,"Not applicable",1,"Model-based Estimates",3,"Projection",1610284676
49,"Total population by sex","Total population by sex","World Population Prospects",2024,"United Nations Population Division",356,"India","IN","IND",84,"2033",13,"Zero-migration",3,"Both sexes",188,0,-1,"Total",0,"Not applicable",1,"Model-based Estimates",3,"Projection",1563218227
49,"Total population by sex","Total population by sex","World Population Prospects",2024,"United Nations Population Division",356,"India","IN","IND",85,"2034",1,"95% lower bound",3,"Both sexes",188,0,-1,"Total",0,"Not applicable",1,"Model-based Estimates",3,"Projection",1507184689
49,"Total population by sex","Total population by sex","World Population Prospects",2024,"United Nations Population Division",356,"India","IN","IND",85,"2034",4,"Median",3,"Both sexes",188,0,-1,"Total",0,"Not applicable",1,"Model-based Estimates",3,"Projection",1568688353
49,"Total population by sex","Total population by sex","World Population Prospects",2024,"United Nations Population Division",356,"India","IN","IND",85,"2034",6,"95% upper bound",3,"Both sexes",188,0,-1,"Total",0,"Not applicable",1,"Model-based Estimates",3,"Projection",1626789562
49,"Total population by sex","Total population by sex","World Population Prospects",2024,"United Nations Population Division",356,"India","IN","IND",85,"2034",13,"Zero-migration",3,"Both sexes",188,0,-1,"Total",0,"Not applicable",1,"Model-based Estimates",3,"Projection",1574145425.5
49,"Total population by sex","Total population by sex","World Population Prospects",2024,"United Nations Population Division",356,"India","IN","IND",86,"2035",1,"95% lower bound",3,"Both sexes",188,0,-1,"Total",0,"Not applicable",1,"Model-based Estimates",3,"Projection",1510624375
49,"Total population by sex","Total population by sex","World Population Prospects",2024,"United Nations Population Division",356,"India","IN","IND",86,"2035",4,"Median",3,"Both sexes",188,0,-1,"Total",0,"Not applicable",1,"Model-based Estimates",3,"Projection",1578694795.5
49,"Total population by sex","Total population by sex","World Population Prospects",2024,"United Nations Population Division",356,"India","IN","IND",86,"2035",6,"95% upper bound",3,"Both sexes",188,0,-1,"Total",0,"Not applicable",1,"Model-based Estimates",3,"Projection",1643907113
49,"Total population by sex","Total population by sex","World Population Prospects",2024,"United Nations Population Division",356,"India","IN","IND",86,"2035",13,"Zero-migration",3,"Both sexes",188,0,-1,"Total",0,"Not applicable",1,"Model-based Estimates",3,"Projection",1584728020
49,"Total population by sex","Total population by sex","World Population Prospects",2024,"United Nations Population Division",356,"India","IN","IND",87,"2036",1,"95% lower bound",3,"Both sexes",188,0,-1,"Total",0,"Not applicable",1,"Model-based Estimates",3,"Projection",1514223325
49,"Total population by sex","Total population by sex","World Population Prospects",2024,"United Nations Population Division",356,"India","IN","IND",87,"2036",4,"Median",3,"Both sexes",188,0,-1,"Total",0,"Not applicable",1,"Model-based Estimates",3,"Projection",1588325359
49,"Total population by sex","Total population by sex","World Population Prospects",2024,"United Nations Population Division",356,"India","IN","IND",87,"2036",6,"95% upper bound",3,"Both sexes",188,0,-1,"Total",0,"Not applicable",1,"Model-based Estimates",3,"Projection",1660724365
49,"Total population by sex","Total population by sex","World Population Prospects",2024,"United Nations Population Division",356,"India","IN","IND",87,"2036",13,"Zero-migration",3,"Both sexes",188,0,-1,"Total",0,"Not applicable",1,"Model-based Estimates",3,"Projection",1594942190
49,"Total population by sex","Total population by sex","World Population Prospects",2024,"United Nations Population Division",356,"India","IN","IND",88,"2037",1,"95% lower bound",3,"Both sexes",188,0,-1,"Total",0,"Not applicable",1,"Model-based Estimates",3,"Projection",1516688921
49,"Total population by sex","Total population by sex","World Population Prospects",2024,"United Nations Population Division",356,"India","IN","IND",88,"2037",4,"Median",3,"Both sexes",188,0,-1,"Total",0,"Not applicable",1,"Model-based Estimates",3,"Projection",1597537007
49,"Total population by sex","Total population by sex","World Population Prospects",2024,"United Nations Population Division",356,"India","IN","IND",88,"2037",6,"95% upper bound",3,"Both sexes",188,0,-1,"Total",0,"Not applicable",1,"Model-based Estimates",3,"Projection",1676576581
49,"Total population by sex","Total population by sex","World Population Prospects",2024,"United Nations Population Division",356,"India","IN","IND",88,"2037",13,"Zero-migration",3,"Both sexes",188,0,-1,"Total",0,"Not applicable",1,"Model-based Estimates",3,"Projection",1604757520
49,"Total population by sex","Total population by sex","World Population Prospects",2024,"United Nations Population Division",356,"India","IN","IND",89,"2038",1,"95% lower bound",3,"Both sexes",188,0,-1,"Total",0,"Not applicable",1,"Model-based Estimates",3,"Projection",1518483420
49,"Total population by sex","Total population by sex","World Population Prospects",2024,"United Nations Population Division",356,"India","IN","IND",89,"2038",4,"Median",3,"Both sexes",188,0,-1,"Total",0,"Not applicable",1,"Model-based Estimates",3,"Projection",1606300648.5
49,"Total population by sex","Total population by sex","World Population Prospects",2024,"United Nations Population Division",356,"India","IN","IND",89,"2038",6,"95% upper bound",3,"Both sexes",188,0,-1,"Total",0,"Not applicable",1,"Model-based Estimates",3,"Projection",1691897295
49,"Total population by sex","Total population by sex","World Population Prospects",2024,"United Nations Population Division",356,"India","IN","IND",89,"2038",13,"Zero-migration",3,"Both sexes",188,0,-1,"Total",0,"Not applicable",1,"Model-based Estimates",3,"Projection",1614154919
49,"Total population by sex","Total population by sex","World Population Prospects",2024,"United Nations Population Division",356,"India","IN","IND",90,"2039",1,"95% lower bound",3,"Both sexes",188,0,-1,"Total",0,"Not applicable",1,"Model-based Estimates",3,"Projection",1520238234
49,"Total population by sex","Total population by sex","World Population Prospects",2024,"United Nations Population Division",356,"India","IN","IND",90,"2039",4,"Median",3,"Both sexes",188,0,-1,"Total",0,"Not applicable",1,"Model-based Estimates",3,"Projection",1614639240.5
49,"Total population by sex","Total population by sex","World Population Prospects",2024,"United Nations Population Division",356,"India","IN","IND",90,"2039",6,"95% upper bound",3,"Both sexes",188,0,-1,"Total",0,"Not applicable",1,"Model-based Estimates",3,"Projection",1706004219
49,"Total population by sex","Total population by sex","World Population Prospects",2024,"United Nations Population Division",356,"India","IN","IND",90,"2039",13,"Zero-migration",3,"Both sexes",188,0,-1,"Total",0,"Not applicable",1,"Model-based Estimates",3,"Projection",1623141519.5
49,"Total population by sex","Total population by sex","World Population Prospects",2024,"United Nations Population Division",356,"India","IN","IND",91,"2040",1,"95% lower bound",3,"Both sexes",188,0,-1,"Total",0,"Not applicable",1,"Model-based Estimates",3,"Projection",1522358801
49,"Total population by sex","Total population by sex","World Population Prospects",2024,"United Nations Population Division",356,"India","IN","IND",91,"2040",4,"Median",3,"Both sexes",188,0,-1,"Total",0,"Not applicable",1,"Model-based Estimates",3,"Projection",1622580039
49,"Total population by sex","Total population by sex","World Population Prospects",2024,"United Nations Population Division",356,"India","IN","IND",91,"2040",6,"95% upper bound",3,"Both sexes",188,0,-1,"Total",0,"Not applicable",1,"Model-based Estimates",3,"Projection",1719931798
49,"Total population by sex","Total population by sex","World Population Prospects",2024,"United Nations Population Division",356,"India","IN","IND",91,"2040",13,"Zero-migration",3,"Both sexes",188,0,-1,"Total",0,"Not applicable",1,"Model-based Estimates",3,"Projection",1631741732
49,"Total population by sex","Total population by sex","World Population Prospects",2024,"United Nations Population Division",356,"India","IN","IND",92,"2041",1,"95% lower bound",3,"Both sexes",188,0,-1,"Total",0,"Not applicable",1,"Model-based Estimates",3,"Projection",1523909737
49,"Total population by sex","Total population by sex","World Population Prospects",2024,"United Nations Population Division",356,"India","IN","IND",92,"2041",4,"Median",3,"Both sexes",188,0,-1,"Total",0,"Not applicable",1,"Model-based Estimates",3,"Projection",1630119368.5
49,"Total population by sex","Total population by sex","World Population Prospects",2024,"United Nations Population Division",356,"India","IN","IND",92,"2041",6,"95% upper bound",3,"Both sexes",188,0,-1,"Total",0,"Not applicable",1,"Model-based Estimates",3,"Projection",1734041766
49,"Total population by sex","Total population by sex","World Population Prospects",2024,"United Nations Population Division",356,"India","IN","IND",92,"2041",13,"Zero-migration",3,"Both sexes",188,0,-1,"Total",0,"Not applicable",1,"Model-based Estimates",3,"Projection",1639942376.5
49,"Total population by sex","Total population by sex","World Population Prospects",2024,"United Nations Population Division",356,"India","IN","IND",93,"2042",1,"95% lower bound",3,"Both sexes",188,0,-1,"Total",0,"Not applicable",1,"Model-based Estimates",3,"Projection",1524738717
49,"Total population by sex","Total population by sex","World Population Prospects",2024,"United Nations Population Division",356,"India","IN","IND",93,"2042",4,"Median",3,"Both sexes",188,0,-1,"Total",0,"Not applicable",1,"Model-based Estimates",3,"Projection",1637235357.5
49,"Total population by sex","Total population by sex","World Population Prospects",2024,"United Nations Population Division",356,"India","IN","IND",93,"2042",6,"95% upper bound",3,"Both sexes",188,0,-1,"Total",0,"Not applicable",1,"Model-based Estimates",3,"Projection",1747376779
49,"Total population by sex","Total population by sex","World Population Prospects",2024,"United Nations Population Division",356,"India","IN","IND",93,"2042",13,"Zero-migration",3,"Both sexes",188,0,-1,"Total",0,"Not applicable",1,"Model-based Estimates",3,"Projection",1647716747.5
49,"Total population by sex","Total population by sex","World Population Prospects",2024,"United Nations Population Division",356,"India","IN","IND",94,"2043",1,"95% lower bound",3,"Both sexes",188,0,-1,"Total",0,"Not applicable",1,"Model-based Estimates",3,"Projection",1524519247
49,"Total population by sex","Total population by sex","World Population Prospects",2024,"United Nations Population Division",356,"India","IN","IND",94,"2043",4,"Median",3,"Both sexes",188,0,-1,"Total",0,"Not applicable",1,"Model-based Estimates",3,"Projection",1643915269.5
49,"Total population by sex","Total population by sex","World Population Prospects",2024,"United Nations Population Division",356,"India","IN","IND",94,"2043",6,"95% upper bound",3,"Both sexes",188,0,-1,"Total",0,"Not applicable",1,"Model-based Estimates",3,"Projection",1759646370
49,"Total population by sex","Total population by sex","World Population Prospects",2024,"United Nations Population Division",356,"India","IN","IND",94,"2043",13,"Zero-migration",3,"Both sexes",188,0,-1,"Total",0,"Not applicable",1,"Model-based Estimates",3,"Projection",1655074808.5
49,"Total population by sex","Total population by sex","World Population Prospects",2024,"United Nations Population Division",356,"India","IN","IND",95,"2044",1,"95% lower bound",3,"Both sexes",188,0,-1,"Total",0,"Not applicable",1,"Model-based Estimates",3,"Projection",1523373880
49,"Total population by sex","Total population by sex","World Population Prospects",2024,"United Nations Population Division",356,"India","IN","IND",95,"2044",4,"Median",3,"Both sexes",188,0,-1,"Total",0,"Not applicable",1,"Model-based Estimates",3,"Projection",1650186612
49,"Total population by sex","Total population by sex","World Population Prospects",2024,"United Nations Population Division",356,"India","IN","IND",95,"2044",6,"95% upper bound",3,"Both sexes",188,0,-1,"Total",0,"Not applicable",1,"Model-based Estimates",3,"Projection",1772245222
49,"Total population by sex","Total population by sex","World Population Prospects",2024,"United Nations Population Division",356,"India","IN","IND",95,"2044",13,"Zero-migration",3,"Both sexes",188,0,-1,"Total",0,"Not applicable",1,"Model-based Estimates",3,"Projection",1662034202
49,"Total population by sex","Total population by sex","World Population Prospects",2024,"United Nations Population Division",356,"India","IN","IND",96,"2045",1,"95% lower bound",3,"Both sexes",188,0,-1,"Total",0,"Not applicable",1,"Model-based Estimates",3,"Projection",1522600040
49,"Total population by sex","Total population by sex","World Population Prospects",2024,"United Nations Population Division",356,"India","IN","IND",96,"2045",4,"Median",3,"Both sexes",188,0,-1,"Total",0,"Not applicable",1,"Model-based Estimates",3,"Projection",1656067582.5
49,"Total population by sex","Total population by sex","World Population Prospects",2024,"United Nations Population Division",356,"India","IN","IND",96,"2045",6,"95% upper bound",3,"Both sexes",188,0,-1,"Total",0,"Not applicable",1,"Model-based Estimates",3,"Projection",1786509849
49,"Total population by sex","Total population by sex","World Population Prospects",2024,"United Nations Population Division",356,"India","IN","IND",96,"2045",13,"Zero-migration",3,"Both sexes",188,0,-1,"Total",0,"Not applicable",1,"Model-based Estimates",3,"Projection",1668593761.5
49,"Total population by sex","Total population by sex","World Population Prospects",2024,"United Nations Population Division",356,"India","IN","IND",97,"2046",1,"95% lower bound",3,"Both sexes",188,0,-1,"Total",0,"Not applicable",1,"Model-based Estimates",3,"Projection",1521703713
49,"Total population by sex","Total population by sex","World Population Prospects",2024,"United Nations Population Division",356,"India","IN","IND",97,"2046",4,"Median",3,"Both sexes",188,0,-1,"Total",0,"Not applicable",1,"Model-based Estimates",3,"Projection",1661548391.5
49,"Total population by sex","Total population by sex","World Population Prospects",2024,"United Nations Population Division",356,"India","IN","IND",97,"2046",6,"95% upper bound",3,"Both sexes",188,0,-1,"Total",0,"Not applicable",1,"Model-based Estimates",3,"Projection",1799076818
49,"Total population by sex","Total population by sex","World Population Prospects",2024,"United Nations Population Division",356,"India","IN","IND",97,"2046",13,"Zero-migration",3,"Both sexes",188,0,-1,"Total",0,"Not applicable",1,"Model-based Estimates",3,"Projection",1674760012.5
49,"Total population by sex","Total population by sex","World Population Prospects",2024,"United Nations Population Division",356,"India","IN","IND",98,"2047",1,"95% lower bound",3,"Both sexes",188,0,-1,"Total",0,"Not applicable",1,"Model-based Estimates",3,"Projection",1520513400
49,"Total population by sex","Total population by sex","World Population Prospects",2024,"United Nations Population Division",356,"India","IN","IND",98,"2047",4,"Median",3,"Both sexes",188,0,-1,"Total",0,"Not applicable",1,"Model-based Estimates",3,"Projection",1666628146.5
49,"Total population by sex","Total population by sex","World Population Prospects",2024,"United Nations Population Division",356,"India","IN","IND",98,"2047",6,"95% upper bound",3,"Both sexes",188,0,-1,"Total",0,"Not applicable",1,"Model-based Estimates",3,"Projection",1810759143
49,"Total population by sex","Total population by sex","World Population Prospects",2024,"United Nations Population Division",356,"India","IN","IND",98,"2047",13,"Zero-migration",3,"Both sexes",188,0,-1,"Total",0,"Not applicable",1,"Model-based Estimates",3,"Projection",1680538929.5
49,"Total population by sex","Total population by sex","World Population Prospects",2024,"United Nations Population Division",356,"India","IN","IND",99,"2048",1,"95% lower bound",3,"Both sexes",188,0,-1,"Total",0,"Not applicable",1,"Model-based Estimates",3,"Projection",1517695574
49,"Total population by sex","Total population by sex","World Population Prospects",2024,"United Nations Population Division",356,"India","IN","IND",99,"2048",4,"Median",3,"Both sexes",188,0,-1,"Total",0,"Not applicable",1,"Model-based Estimates",3,"Projection",1671309726
49,"Total population by sex","Total population by sex","World Population Prospects",2024,"United Nations Population Division",356,"India","IN","IND",99,"2048",6,"95% upper bound",3,"Both sexes",188,0,-1,"Total",0,"Not applicable",1,"Model-based Estimates",3,"Projection",1824009198
49,"Total population by sex","Total population by sex","World Population Prospects",2024,"United Nations Population Division",356,"India","IN","IND",99,"2048",13,"Zero-migration",3,"Both sexes",188,0,-1,"Total",0,"Not applicable",1,"Model-based Estimates",3,"Projection",1685933054
49,"Total population by sex","Total population by sex","World Population Prospects",2024,"United Nations Population Division",356,"India","IN","IND",100,"2049",1,"95% lower bound",3,"Both sexes",188,0,-1,"Total",0,"Not applicable",1,"Model-based Estimates",3,"Projection",1514331912
49,"Total population by sex","Total population by sex","World Population Prospects",2024,"United Nations Population Division",356,"India","IN","IND",100,"2049",4,"Median",3,"Both sexes",188,0,-1,"Total",0,"Not applicable",1,"Model-based Estimates",3,"Projection",1675619894.5
49,"Total population by sex","Total population by sex","World Population Prospects",2024,"United Nations Population Division",356,"India","IN","IND",100,"2049",6,"95% upper bound",3,"Both sexes",188,0,-1,"Total",0,"Not applicable",1,"Model-based Estimates",3,"Projection",1836849333
49,"Total population by sex","Total population by sex","World Population Prospects",2024,"United Nations Population Division",356,"India","IN","IND",100,"2049",13,"Zero-migration",3,"Both sexes",188,0,-1,"Total",0,"Not applicable",1,"Model-based Estimates",3,"Projection",1690971302
49,"Total population by sex","Total population by sex","World Population Prospects",2024,"United Nations Population Division",356,"India","IN","IND",101,"2050",1,"95% lower bound",3,"Both sexes",188,0,-1,"Total",0,"Not applicable",1,"Model-based Estimates",3,"Projection",1510838712
49,"Total population by sex","Total population by sex","World Population Prospects",2024,"United Nations Population Division",356,"India","IN","IND",101,"2050",4,"Median",3,"Both sexes",188,0,-1,"Total",0,"Not applicable",1,"Model-based Estimates",3,"Projection",1679589259
49,"Total population by sex","Total population by sex","World Population Prospects",2024,"United Nations Population Division",356,"India","IN","IND",101,"2050",6,"95% upper bound",3,"Both sexes",188,0,-1,"Total",0,"Not applicable",1,"Model-based Estimates",3,"Projection",1847867247
49,"Total population by sex","Total population by sex","World Population Prospects",2024,"United Nations Population Division",356,"India","IN","IND",101,"2050",13,"Zero-migration",3,"Both sexes",188,0,-1,"Total",0,"Not applicable",1,"Model-based Estimates",3,"Projection",1695667407
49,"Total population by sex","Total population by sex","World Population Prospects",2024,"United Nations Population Division",356,"India","IN","IND",102,"2051",1,"95% lower bound",3,"Both sexes",188,0,-1,"Total",0,"Not applicable",1,"Model-based Estimates",3,"Projection",1506409901
49,"Total population by sex","Total population by sex","World Population Prospects",2024,"United Nations Population Division",356,"India","IN","IND",102,"2051",4,"Median",3,"Both sexes",188,0,-1,"Total",0,"Not applicable",1,"Model-based Estimates",3,"Projection",1683220885.5
49,"Total population by sex","Total population by sex","World Population Prospects",2024,"United Nations Population Division",356,"India","IN","IND",102,"2051",6,"95% upper bound",3,"Both sexes",188,0,-1,"Total",0,"Not applicable",1,"Model-based Estimates",3,"Projection",1859272205
49,"Total population by sex","Total population by sex","World Population Prospects",2024,"United Nations Population Division",356,"India","IN","IND",102,"2051",13,"Zero-migration",3,"Both sexes",188,0,-1,"Total",0,"Not applicable",1,"Model-based Estimates",3,"Projection",1700028633.5
49,"Total population by sex","Total population by sex","World Population Prospects",2024,"United Nations Population Division",356,"India","IN","IND",103,"2052",1,"95% lower bound",3,"Both sexes",188,0,-1,"Total",0,"Not applicable",1,"Model-based Estimates",3,"Projection",1502251432
49,"Total population by sex","Total population by sex","World Population Prospects",2024,"United Nations Population Division",356,"India","IN","IND",103,"2052",4,"Median",3,"Both sexes",188,0,-1,"Total",0,"Not applicable",1,"Model-based Estimates",3,"Projection",1686507891.5
49,"Total population by sex","Total population by sex","World Population Prospects",2024,"United Nations Population Division",356,"India","IN","IND",103,"2052",6,"95% upper bound",3,"Both sexes",188,0,-1,"Total",0,"Not applicable",1,"Model-based Estimates",3,"Projection",1870288316
49,"Total population by sex","Total population by sex","World Population Prospects",2024,"United Nations Population Division",356,"India","IN","IND",103,"2052",13,"Zero-migration",3,"Both sexes",188,0,-1,"Total",0,"Not applicable",1,"Model-based Estimates",3,"Projection",1704052913
49,"Total population by sex","Total population by sex","World Population Prospects",2024,"United Nations Population Division",356,"India","IN","IND",104,"2053",1,"95% lower bound",3,"Both sexes",188,0,-1,"Total",0,"Not applicable",1,"Model-based Estimates",3,"Projection",1496753488
49,"Total population by sex","Total population by sex","World Population Prospects",2024,"United Nations Population Division",356,"India","IN","IND",104,"2053",4,"Median",3,"Both sexes",188,0,-1,"Total",0,"Not applicable",1,"Model-based Estimates",3,"Projection",1689465438.5
49,"Total population by sex","Total population by sex","World Population Prospects",2024,"United Nations Population Division",356,"India","IN","IND",104,"2053",6,"95% upper bound",3,"Both sexes",188,0,-1,"Total",0,"Not applicable",1,"Model-based Estimates",3,"Projection",1880458744
49,"Total population by sex","Total population by sex","World Population Prospects",2024,"United Nations Population Division",356,"India","IN","IND",104,"2053",13,"Zero-migration",3,"Both sexes",188,0,-1,"Total",0,"Not applicable",1,"Model-based Estimates",3,"Projection",1707741039
49,"Total population by sex","Total population by sex","World Population Prospects",2024,"United Nations Population Division",356,"India","IN","IND",105,"2054",1,"95% lower bound",3,"Both sexes",188,0,-1,"Total",0,"Not applicable",1,"Model-based Estimates",3,"Projection",1491233618
49,"Total population by sex","Total population by sex","World Population Prospects",2024,"United Nations Population Division",356,"India","IN","IND",105,"2054",4,"Median",3,"Both sexes",188,0,-1,"Total",0,"Not applicable",1,"Model-based Estimates",3,"Projection",1692068272
49,"Total population by sex","Total population by sex","World Population Prospects",2024,"United Nations Population Division",356,"India","IN","IND",105,"2054",6,"95% upper bound",3,"Both sexes",188,0,-1,"Total",0,"Not applicable",1,"Model-based Estimates",3,"Projection",1892978055
49,"Total population by sex","Total population by sex","World Population Prospects",2024,"United Nations Population Division",356,"India","IN","IND",105,"2054",13,"Zero-migration",3,"Both sexes",188,0,-1,"Total",0,"Not applicable",1,"Model-based Estimates",3,"Projection",1711090105.5
49,"Total population by sex","Total population by sex","World Population Prospects",2024,"United Nations Population Division",356,"India","IN","IND",106,"2055",1,"95% lower bound",3,"Both sexes",188,0,-1,"Total",0,"Not applicable",1,"Model-based Estimates",3,"Projection",1486745405
49,"Total population by sex","Total population by sex","World Population Prospects",2024,"United Nations Population Division",356,"India","IN","IND",106,"2055",4,"Median",3,"Both sexes",188,0,-1,"Total",0,"Not applicable",1,"Model-based Estimates",3,"Projection",1694328245
49,"Total population by sex","Total population by sex","World Population Prospects",2024,"United Nations Population Division",356,"India","IN","IND",106,"2055",6,"95% upper bound",3,"Both sexes",188,0,-1,"Total",0,"Not applicable",1,"Model-based Estimates",3,"Projection",1906739022
49,"Total population by sex","Total population by sex","World Population Prospects",2024,"United Nations Population Division",356,"India","IN","IND",106,"2055",13,"Zero-migration",3,"Both sexes",188,0,-1,"Total",0,"Not applicable",1,"Model-based Estimates",3,"Projection",1714113586.5
49,"Total population by sex","Total population by sex","World Population Prospects",2024,"United Nations Population Division",356,"India","IN","IND",107,"2056",1,"95% lower bound",3,"Both sexes",188,0,-1,"Total",0,"Not applicable",1,"Model-based Estimates",3,"Projection",1481561319
49,"Total population by sex","Total population by sex","World Population Prospects",2024,"United Nations Population Division",356,"India","IN","IND",107,"2056",4,"Median",3,"Both sexes",188,0,-1,"Total",0,"Not applicable",1,"Model-based Estimates",3,"Projection",1696276842
49,"Total population by sex","Total population by sex","World Population Prospects",2024,"United Nations Population Division",356,"India","IN","IND",107,"2056",6,"95% upper bound",3,"Both sexes",188,0,-1,"Total",0,"Not applicable",1,"Model-based Estimates",3,"Projection",1920773873
49,"Total population by sex","Total population by sex","World Population Prospects",2024,"United Nations Population Division",356,"India","IN","IND",107,"2056",13,"Zero-migration",3,"Both sexes",188,0,-1,"Total",0,"Not applicable",1,"Model-based Estimates",3,"Projection",1716846956.5
49,"Total population by sex","Total population by sex","World Population Prospects",2024,"United Nations Population Division",356,"India","IN","IND",108,"2057",1,"95% lower bound",3,"Both sexes",188,0,-1,"Total",0,"Not applicable",1,"Model-based Estimates",3,"Projection",1475320027
49,"Total population by sex","Total population by sex","World Population Prospects",2024,"United Nations Population Division",356,"India","IN","IND",108,"2057",4,"Median",3,"Both sexes",188,0,-1,"Total",0,"Not applicable",1,"Model-based Estimates",3,"Projection",1697919568.5
49,"Total population by sex","Total population by sex","World Population Prospects",2024,"United Nations Population Division",356,"India","IN","IND",108,"2057",6,"95% upper bound",3,"Both sexes",188,0,-1,"Total",0,"Not applicable",1,"Model-based Estimates",3,"Projection",1933830707
49,"Total population by sex","Total population by sex","World Population Prospects",2024,"United Nations Population Division",356,"India","IN","IND",108,"2057",13,"Zero-migration",3,"Both sexes",188,0,-1,"Total",0,"Not applicable",1,"Model-based Estimates",3,"Projection",1719291494
49,"Total population by sex","Total population by sex","World Population Prospects",2024,"United Nations Population Division",356,"India","IN","IND",109,"2058",1,"95% lower bound",3,"Both sexes",188,0,-1,"Total",0,"Not applicable",1,"Model-based Estimates",3,"Projection",1468817410
49,"Total population by sex","Total population by sex","World Population Prospects",2024,"United Nations Population Division",356,"India","IN","IND",109,"2058",4,"Median",3,"Both sexes",188,0,-1,"Total",0,"Not applicable",1,"Model-based Estimates",3,"Projection",1699255337
49,"Total population by sex","Total population by sex","World Population Prospects",2024,"United Nations Population Division",356,"India","IN","IND",109,"2058",6,"95% upper bound",3,"Both sexes",188,0,-1,"Total",0,"Not applicable",1,"Model-based Estimates",3,"Projection",1945274330
49,"Total population by sex","Total population by sex","World Population Prospects",2024,"United Nations Population Division",356,"India","IN","IND",109,"2058",13,"Zero-migration",3,"Both sexes",188,0,-1,"Total",0,"Not applicable",1,"Model-based Estimates",3,"Projection",1721430077.5
49,"Total population by sex","Total population by sex","World Population Prospects",2024,"United Nations Population Division",356,"India","IN","IND",110,"2059",1,"95% lower bound",3,"Both sexes",188,0,-1,"Total",0,"Not applicable",1,"Model-based Estimates",3,"Projection",1462899983
49,"Total population by sex","Total population by sex","World Population Prospects",2024,"United Nations Population Division",356,"India","IN","IND",110,"2059",4,"Median",3,"Both sexes",188,0,-1,"Total",0,"Not applicable",1,"Model-based Estimates",3,"Projection",1700265999.5
49,"Total population by sex","Total population by sex","World Population Prospects",2024,"United Nations Population Division",356,"India","IN","IND",110,"2059",6,"95% upper bound",3,"Both sexes",188,0,-1,"Total",0,"Not applicable",1,"Model-based Estimates",3,"Projection",1956065769
49,"Total population by sex","Total population by sex","World Population Prospects",2024,"United Nations Population Division",356,"India","IN","IND",110,"2059",13,"Zero-migration",3,"Both sexes",188,0,-1,"Total",0,"Not applicable",1,"Model-based Estimates",3,"Projection",1723251003.5
49,"Total population by sex","Total population by sex","World Population Prospects",2024,"United Nations Population Division",356,"India","IN","IND",111,"2060",1,"95% lower bound",3,"Both sexes",188,0,-1,"Total",0,"Not applicable",1,"Model-based Estimates",3,"Projection",1455644407
49,"Total population by sex","Total population by sex","World Population Prospects",2024,"United Nations Population Division",356,"India","IN","IND",111,"2060",4,"Median",3,"Both sexes",188,0,-1,"Total",0,"Not applicable",1,"Model-based Estimates",3,"Projection",1700951714
49,"Total population by sex","Total population by sex","World Population Prospects",2024,"United Nations Population Division",356,"India","IN","IND",111,"2060",6,"95% upper bound",3,"Both sexes",188,0,-1,"Total",0,"Not applicable",1,"Model-based Estimates",3,"Projection",1966301407
49,"Total population by sex","Total population by sex","World Population Prospects",2024,"United Nations Population Division",356,"India","IN","IND",111,"2060",13,"Zero-migration",3,"Both sexes",188,0,-1,"Total",0,"Not applicable",1,"Model-based Estimates",3,"Projection",1724756656
49,"Total population by sex","Total population by sex","World Population Prospects",2024,"United Nations Population Division",356,"India","IN","IND",112,"2061",1,"95% lower bound",3,"Both sexes",188,0,-1,"Total",0,"Not applicable",1,"Model-based Estimates",3,"Projection",1447718918
49,"Total population by sex","Total population by sex","World Population Prospects",2024,"United Nations Population Division",356,"India","IN","IND",112,"2061",4,"Median",3,"Both sexes",188,0,-1,"Total",0,"Not applicable",1,"Model-based Estimates",3,"Projection",1701283707
49,"Total population by sex","Total population by sex","World Population Prospects",2024,"United Nations Population Division",356,"India","IN","IND",112,"2061",6,"95% upper bound",3,"Both sexes",188,0,-1,"Total",0,"Not applicable",1,"Model-based Estimates",3,"Projection",1976530188
49,"Total population by sex","Total population by sex","World Population Prospects",2024,"United Nations Population Division",356,"India","IN","IND",112,"2061",13,"Zero-migration",3,"Both sexes",188,0,-1,"Total",0,"Not applicable",1,"Model-based Estimates",3,"Projection",1725939869
49,"Total population by sex","Total population by sex","World Population Prospects",2024,"United Nations Population Division",356,"India","IN","IND",113,"2062",1,"95% lower bound",3,"Both sexes",188,0,-1,"Total",0,"Not applicable",1,"Model-based Estimates",3,"Projection",1438111947
49,"Total population by sex","Total population by sex","World Population Prospects",2024,"United Nations Population Division",356,"India","IN","IND",113,"2062",4,"Median",3,"Both sexes",188,0,-1,"Total",0,"Not applicable",1,"Model-based Estimates",3,"Projection",1701273210.5
49,"Total population by sex","Total population by sex","World Population Prospects",2024,"United Nations Population Division",356,"India","IN","IND",113,"2062",6,"95% upper bound",3,"Both sexes",188,0,-1,"Total",0,"Not applicable",1,"Model-based Estimates",3,"Projection",1986888036
49,"Total population by sex","Total population by sex","World Population Prospects",2024,"United Nations Population Division",356,"India","IN","IND",113,"2062",13,"Zero-migration",3,"Both sexes",188,0,-1,"Total",0,"Not applicable",1,"Model-based Estimates",3,"Projection",1726805617.5
49,"Total population by sex","Total population by sex","World Population Prospects",2024,"United Nations Population Division",356,"India","IN","IND",114,"2063",1,"95% lower bound",3,"Both sexes",188,0,-1,"Total",0,"Not applicable",1,"Model-based Estimates",3,"Projection",1427245891
49,"Total population by sex","Total population by sex","World Population Prospects",2024,"United Nations Population Division",356,"India","IN","IND",114,"2063",4,"Median",3,"Both sexes",188,0,-1,"Total",0,"Not applicable",1,"Model-based Estimates",3,"Projection",1700949862
49,"Total population by sex","Total population by sex","World Population Prospects",2024,"United Nations Population Division",356,"India","IN","IND",114,"2063",6,"95% upper bound",3,"Both sexes",188,0,-1,"Total",0,"Not applicable",1,"Model-based Estimates",3,"Projection",1997718504
49,"Total population by sex","Total population by sex","World Population Prospects",2024,"United Nations Population Division",356,"India","IN","IND",114,"2063",13,"Zero-migration",3,"Both sexes",188,0,-1,"Total",0,"Not applicable",1,"Model-based Estimates",3,"Projection",1727358070.5
49,"Total population by sex","Total population by sex","World Population Prospects",2024,"United Nations Population Division",356,"India","IN","IND",115,"2064",1,"95% lower bound",3,"Both sexes",188,0,-1,"Total",0,"Not applicable",1,"Model-based Estimates",3,"Projection",1418171017
49,"Total population by sex","Total population by sex","World Population Prospects",2024,"United Nations Population Division",356,"India","IN","IND",115,"2064",4,"Median",3,"Both sexes",188,0,-1,"Total",0,"Not applicable",1,"Model-based Estimates",3,"Projection",1700300210.5
49,"Total population by sex","Total population by sex","World Population Prospects",2024,"United Nations Population Division",356,"India","IN","IND",115,"2064",6,"95% upper bound",3,"Both sexes",188,0,-1,"Total",0,"Not applicable",1,"Model-based Estimates",3,"Projection",2008436700
49,"Total population by sex","Total population by sex","World Population Prospects",2024,"United Nations Population Division",356,"India","IN","IND",115,"2064",13,"Zero-migration",3,"Both sexes",188,0,-1,"Total",0,"Not applicable",1,"Model-based Estimates",3,"Projection",1727593167
49,"Total population by sex","Total population by sex","World Population Prospects",2024,"United Nations Population Division",356,"India","IN","IND",116,"2065",1,"95% lower bound",3,"Both sexes",188,0,-1,"Total",0,"Not applicable",1,"Model-based Estimates",3,"Projection",1408998969
49,"Total population by sex","Total population by sex","World Population Prospects",2024,"United Nations Population Division",356,"India","IN","IND",116,"2065",4,"Median",3,"Both sexes",188,0,-1,"Total",0,"Not applicable",1,"Model-based Estimates",3,"Projection",1699297226.5
49,"Total population by sex","Total population by sex","World Population Prospects",2024,"United Nations Population Division",356,"India","IN","IND",116,"2065",6,"95% upper bound",3,"Both sexes",188,0,-1,"Total",0,"Not applicable",1,"Model-based Estimates",3,"Projection",2018934862
49,"Total population by sex","Total population by sex","World Population Prospects",2024,"United Nations Population Division",356,"India","IN","IND",116,"2065",13,"Zero-migration",3,"Both sexes",188,0,-1,"Total",0,"Not applicable",1,"Model-based Estimates",3,"Projection",1727500784
49,"Total population by sex","Total population by sex","World Population Prospects",2024,"United Nations Population Division",356,"India","IN","IND",117,"2066",1,"95% lower bound",3,"Both sexes",188,0,-1,"Total",0,"Not applicable",1,"Model-based Estimates",3,"Projection",1397697297
49,"Total population by sex","Total population by sex","World Population Prospects",2024,"United Nations Population Division",356,"India","IN","IND",117,"2066",4,"Median",3,"Both sexes",188,0,-1,"Total",0,"Not applicable",1,"Model-based Estimates",3,"Projection",1697969498
49,"Total population by sex","Total population by sex","World Population Prospects",2024,"United Nations Population Division",356,"India","IN","IND",117,"2066",6,"95% upper bound",3,"Both sexes",188,0,-1,"Total",0,"Not applicable",1,"Model-based Estimates",3,"Projection",2029007527
49,"Total population by sex","Total population by sex","World Population Prospects",2024,"United Nations Population Division",356,"India","IN","IND",117,"2066",13,"Zero-migration",3,"Both sexes",188,0,-1,"Total",0,"Not applicable",1,"Model-based Estimates",3,"Projection",1727081560.5
49,"Total population by sex","Total population by sex","World Population Prospects",2024,"United Nations Population Division",356,"India","IN","IND",118,"2067",1,"95% lower bound",3,"Both sexes",188,0,-1,"Total",0,"Not applicable",1,"Model-based Estimates",3,"Projection",1384849776
49,"Total population by sex","Total population by sex","World Population Prospects",2024,"United Nations Population Division",356,"India","IN","IND",118,"2067",4,"Median",3,"Both sexes",188,0,-1,"Total",0,"Not applicable",1,"Model-based Estimates",3,"Projection",1696316154
49,"Total population by sex","Total population by sex","World Population Prospects",2024,"United Nations Population Division",356,"India","IN","IND",118,"2067",6,"95% upper bound",3,"Both sexes",188,0,-1,"Total",0,"Not applicable",1,"Model-based Estimates",3,"Projection",2037981744
49,"Total population by sex","Total population by sex","World Population Prospects",2024,"United Nations Population Division",356,"India","IN","IND",118,"2067",13,"Zero-migration",3,"Both sexes",188,0,-1,"Total",0,"Not applicable",1,"Model-based Estimates",3,"Projection",1726334508
49,"Total population by sex","Total population by sex","World Population Prospects",2024,"United Nations Population Division",356,"India","IN","IND",119,"2068",1,"95% lower bound",3,"Both sexes",188,0,-1,"Total",0,"Not applicable",1,"Model-based Estimates",3,"Projection",1372322361
49,"Total population by sex","Total population by sex","World Population Prospects",2024,"United Nations Population Division",356,"India","IN","IND",119,"2068",4,"Median",3,"Both sexes",188,0,-1,"Total",0,"Not applicable",1,"Model-based Estimates",3,"Projection",1694295579.5
49,"Total population by sex","Total population by sex","World Population Prospects",2024,"United Nations Population Division",356,"India","IN","IND",119,"2068",6,"95% upper bound",3,"Both sexes",188,0,-1,"Total",0,"Not applicable",1,"Model-based Estimates",3,"Projection",2046593591
49,"Total population by sex","Total population by sex","World Population Prospects",2024,"United Nations Population Division",356,"India","IN","IND",119,"2068",13,"Zero-migration",3,"Both sexes",188,0,-1,"Total",0,"Not applicable",1,"Model-based Estimates",3,"Projection",1725243629.5
49,"Total population by sex","Total population by sex","World Population Prospects",2024,"United Nations Population Division",356,"India","IN","IND",120,"2069",1,"95% lower bound",3,"Both sexes",188,0,-1,"Total",0,"Not applicable",1,"Model-based Estimates",3,"Projection",1360715629
49,"Total population by sex","Total population by sex","World Population Prospects",2024,"United Nations Population Division",356,"India","IN","IND",120,"2069",4,"Median",3,"Both sexes",188,0,-1,"Total",0,"Not applicable",1,"Model-based Estimates",3,"Projection",1691921452
49,"Total population by sex","Total population by sex","World Population Prospects",2024,"United Nations Population Division",356,"India","IN","IND",120,"2069",6,"95% upper bound",3,"Both sexes",188,0,-1,"Total",0,"Not applicable",1,"Model-based Estimates",3,"Projection",2056160279
49,"Total population by sex","Total population by sex","World Population Prospects",2024,"United Nations Population Division",356,"India","IN","IND",120,"2069",13,"Zero-migration",3,"Both sexes",188,0,-1,"Total",0,"Not applicable",1,"Model-based Estimates",3,"Projection",1723811021.5
49,"Total population by sex","Total population by sex","World Population Prospects",2024,"United Nations Population Division",356,"India","IN","IND",121,"2070",1,"95% lower bound",3,"Both sexes",188,0,-1,"Total",0,"Not applicable",1,"Model-based Estimates",3,"Projection",1347661697
49,"Total population by sex","Total population by sex","World Population Prospects",2024,"United Nations Population Division",356,"India","IN","IND",121,"2070",4,"Median",3,"Both sexes",188,0,-1,"Total",0,"Not applicable",1,"Model-based Estimates",3,"Projection",1689202539.5
49,"Total population by sex","Total population by sex","World Population Prospects",2024,"United Nations Population Division",356,"India","IN","IND",121,"2070",6,"95% upper bound",3,"Both sexes",188,0,-1,"Total",0,"Not applicable",1,"Model-based Estimates",3,"Projection",2065281542
49,"Total population by sex","Total population by sex","World Population Prospects",2024,"United Nations Population Division",356,"India","IN","IND",121,"2070",13,"Zero-migration",3,"Both sexes",188,0,-1,"Total",0,"Not applicable",1,"Model-based Estimates",3,"Projection",1722041934.5
49,"Total population by sex","Total population by sex","World Population Prospects",2024,"United Nations Population Division",356,"India","IN","IND",122,"2071",1,"95% lower bound",3,"Both sexes",188,0,-1,"Total",0,"Not applicable",1,"Model-based Estimates",3,"Projection",1334889695
49,"Total population by sex","Total population by sex","World Population Prospects",2024,"United Nations Population Division",356,"India","IN","IND",122,"2071",4,"Median",3,"Both sexes",188,0,-1,"Total",0,"Not applicable",1,"Model-based Estimates",3,"Projection",1686157650
49,"Total population by sex","Total population by sex","World Population Prospects",2024,"United Nations Population Division",356,"India","IN","IND",122,"2071",6,"95% upper bound",3,"Both sexes",188,0,-1,"Total",0,"Not applicable",1,"Model-based Estimates",3,"Projection",2074113697
49,"Total population by sex","Total population by sex","World Population Prospects",2024,"United Nations Population Division",356,"India","IN","IND",122,"2071",13,"Zero-migration",3,"Both sexes",188,0,-1,"Total",0,"Not applicable",1,"Model-based Estimates",3,"Projection",1719955530.5
49,"Total population by sex","Total population by sex","World Population Prospects",2024,"United Nations Population Division",356,"India","IN","IND",123,"2072",1,"95% lower bound",3,"Both sexes",188,0,-1,"Total",0,"Not applicable",1,"Model-based Estimates",3,"Projection",1324343018
49,"Total population by sex","Total population by sex","World Population Prospects",2024,"United Nations Population Division",356,"India","IN","IND",123,"2072",4,"Median",3,"Both sexes",188,0,-1,"Total",0,"Not applicable",1,"Model-based Estimates",3,"Projection",1682786825
49,"Total population by sex","Total population by sex","World Population Prospects",2024,"United Nations Population Division",356,"India","IN","IND",123,"2072",6,"95% upper bound",3,"Both sexes",188,0,-1,"Total",0,"Not applicable",1,"Model-based Estimates",3,"Projection",2082330825
49,"Total population by sex","Total population by sex","World Population Prospects",2024,"United Nations Population Division",356,"India","IN","IND",123,"2072",13,"Zero-migration",3,"Both sexes",188,0,-1,"Total",0,"Not applicable",1,"Model-based Estimates",3,"Projection",1717546889.5
49,"Total population by sex","Total population by sex","World Population Prospects",2024,"United Nations Population Division",356,"India","IN","IND",124,"2073",1,"95% lower bound",3,"Both sexes",188,0,-1,"Total",0,"Not applicable",1,"Model-based Estimates",3,"Projection",1313474134
49,"Total population by sex","Total population by sex","World Population Prospects",2024,"United Nations Population Division",356,"India","IN","IND",124,"2073",4,"Median",3,"Both sexes",188,0,-1,"Total",0,"Not applicable",1,"Model-based Estimates",3,"Projection",1679105606.5
49,"Total population by sex","Total population by sex","World Population Prospects",2024,"United Nations Population Division",356,"India","IN","IND",124,"2073",6,"95% upper bound",3,"Both sexes",188,0,-1,"Total",0,"Not applicable",1,"Model-based Estimates",3,"Projection",2089859316
49,"Total population by sex","Total population by sex","World Population Prospects",2024,"United Nations Population Division",356,"India","IN","IND",124,"2073",13,"Zero-migration",3,"Both sexes",188,0,-1,"Total",0,"Not applicable",1,"Model-based Estimates",3,"Projection",1714828114.5
49,"Total population by sex","Total population by sex","World Population Prospects",2024,"United Nations Population Division",356,"India","IN","IND",125,"2074",1,"95% lower bound",3,"Both sexes",188,0,-1,"Total",0,"Not applicable",1,"Model-based Estimates",3,"Projection",1301220203
49,"Total population by sex","Total population by sex","World Population Prospects",2024,"United Nations Population Division",356,"India","IN","IND",125,"2074",4,"Median",3,"Both sexes",188,0,-1,"Total",0,"Not applicable",1,"Model-based Estimates",3,"Projection",1675136967.5
49,"Total population by sex","Total population by sex","World Population Prospects",2024,"United Nations Population Division",356,"India","IN","IND",125,"2074",6,"95% upper bound",3,"Both sexes",188,0,-1,"Total",0,"Not applicable",1,"Model-based Estimates",3,"Projection",2097350761
49,"Total population by sex","Total population by sex","World Population Prospects",2024,"United Nations Population Division",356,"India","IN","IND",125,"2074",13,"Zero-migration",3,"Both sexes",188,0,-1,"Total",0,"Not applicable",1,"Model-based Estimates",3,"Projection",1711821880.5
49,"Total population by sex","Total population by sex","World Population Prospects",2024,"United Nations Population Division",356,"India","IN","IND",126,"2075",1,"95% lower bound",3,"Both sexes",188,0,-1,"Total",0,"Not applicable",1,"Model-based Estimates",3,"Projection",1288593642
49,"Total population by sex","Total population by sex","World Population Prospects",2024,"United Nations Population Division",356,"India","IN","IND",126,"2075",4,"Median",3,"Both sexes",188,0,-1,"Total",0,"Not applicable",1,"Model-based Estimates",3,"Projection",1670860307.5
49,"Total population by sex","Total population by sex","World Population Prospects",2024,"United Nations Population Division",356,"India","IN","IND",126,"2075",6,"95% upper bound",3,"Both sexes",188,0,-1,"Total",0,"Not applicable",1,"Model-based Estimates",3,"Projection",2103952975
49,"Total population by sex","Total population by sex","World Population Prospects",2024,"United Nations Population Division",356,"India","IN","IND",126,"2075",13,"Zero-migration",3,"Both sexes",188,0,-1,"Total",0,"Not applicable",1,"Model-based Estimates",3,"Projection",1708515060.5
49,"Total population by sex","Total population by sex","World Population Prospects",2024,"United Nations Population Division",356,"India","IN","IND",127,"2076",1,"95% lower bound",3,"Both sexes",188,0,-1,"Total",0,"Not applicable",1,"Model-based Estimates",3,"Projection",1277288639
49,"Total population by sex","Total population by sex","World Population Prospects",2024,"United Nations Population Division",356,"India","IN","IND",127,"2076",4,"Median",3,"Both sexes",188,0,-1,"Total",0,"Not applicable",1,"Model-based Estimates",3,"Projection",1666299926.5
49,"Total population by sex","Total population by sex","World Population Prospects",2024,"United Nations Population Division",356,"India","IN","IND",127,"2076",6,"95% upper bound",3,"Both sexes",188,0,-1,"Total",0,"Not applicable",1,"Model-based Estimates",3,"Projection",2110650759
49,"Total population by sex","Total population by sex","World Population Prospects",2024,"United Nations Population Division",356,"India","IN","IND",127,"2076",13,"Zero-migration",3,"Both sexes",188,0,-1,"Total",0,"Not applicable",1,"Model-based Estimates",3,"Projection",1704925046
49,"Total population by sex","Total population by sex","World Population Prospects",2024,"United Nations Population Division",356,"India","IN","IND",128,"2077",1,"95% lower bound",3,"Both sexes",188,0,-1,"Total",0,"Not applicable",1,"Model-based Estimates",3,"Projection",1264714745
49,"Total population by sex","Total population by sex","World Population Prospects",2024,"United Nations Population Division",356,"India","IN","IND",128,"2077",4,"Median",3,"Both sexes",188,0,-1,"Total",0,"Not applicable",1,"Model-based Estimates",3,"Projection",1661484930.5
49,"Total population by sex","Total population by sex","World Population Prospects",2024,"United Nations Population Division",356,"India","IN","IND",128,"2077",6,"95% upper bound",3,"Both sexes",188,0,-1,"Total",0,"Not applicable",1,"Model-based Estimates",3,"Projection",2117096603.9999998
49,"Total population by sex","Total population by sex","World Population Prospects",2024,"United Nations Population Division",356,"India","IN","IND",128,"2077",13,"Zero-migration",3,"Both sexes",188,0,-1,"Total",0,"Not applicable",1,"Model-based Estimates",3,"Projection",1701079865
49,"Total population by sex","Total population by sex","World Population Prospects",2024,"United Nations Population Division",356,"India","IN","IND",129,"2078",1,"95% lower bound",3,"Both sexes",188,0,-1,"Total",0,"Not applicable",1,"Model-based Estimates",3,"Projection",1250756917
49,"Total population by sex","Total population by sex","World Population Prospects",2024,"United Nations Population Division",356,"India","IN","IND",129,"2078",4,"Median",3,"Both sexes",188,0,-1,"Total",0,"Not applicable",1,"Model-based Estimates",3,"Projection",1656416559.5
49,"Total population by sex","Total population by sex","World Population Prospects",2024,"United Nations Population Division",356,"India","IN","IND",129,"2078",6,"95% upper bound",3,"Both sexes",188,0,-1,"Total",0,"Not applicable",1,"Model-based Estimates",3,"Projection",2124901310
49,"Total population by sex","Total population by sex","World Population Prospects",2024,"United Nations Population Division",356,"India","IN","IND",129,"2078",13,"Zero-migration",3,"Both sexes",188,0,-1,"Total",0,"Not applicable",1,"Model-based Estimates",3,"Projection",1696974604
49,"Total population by sex","Total population by sex","World Population Prospects",2024,"United Nations Population Division",356,"India","IN","IND",130,"2079",1,"95% lower bound",3,"Both sexes",188,0,-1,"Total",0,"Not applicable",1,"Model-based Estimates",3,"Projection",1236870980
49,"Total population by sex","Total population by sex","World Population Prospects",2024,"United Nations Population Division",356,"India","IN","IND",130,"2079",4,"Median",3,"Both sexes",188,0,-1,"Total",0,"Not applicable",1,"Model-based Estimates",3,"Projection",1651101286
49,"Total population by sex","Total population by sex","World Population Prospects",2024,"United Nations Population Division",356,"India","IN","IND",130,"2079",6,"95% upper bound",3,"Both sexes",188,0,-1,"Total",0,"Not applicable",1,"Model-based Estimates",3,"Projection",2131645305.0000002
49,"Total population by sex","Total population by sex","World Population Prospects",2024,"United Nations Population Division",356,"India","IN","IND",130,"2079",13,"Zero-migration",3,"Both sexes",188,0,-1,"Total",0,"Not applicable",1,"Model-based Estimates",3,"Projection",1692617826.5
49,"Total population by sex","Total population by sex","World Population Prospects",2024,"United Nations Population Division",356,"India","IN","IND",131,"2080",1,"95% lower bound",3,"Both sexes",188,0,-1,"Total",0,"Not applicable",1,"Model-based Estimates",3,"Projection",1221625882
49,"Total population by sex","Total population by sex","World Population Prospects",2024,"United Nations Population Division",356,"India","IN","IND",131,"2080",4,"Median",3,"Both sexes",188,0,-1,"Total",0,"Not applicable",1,"Model-based Estimates",3,"Projection",1645548760.5
49,"Total population by sex","Total population by sex","World Population Prospects",2024,"United Nations Population Division",356,"India","IN","IND",131,"2080",6,"95% upper bound",3,"Both sexes",188,0,-1,"Total",0,"Not applicable",1,"Model-based Estimates",3,"Projection",2136653409
49,"Total population by sex","Total population by sex","World Population Prospects",2024,"United Nations Population Division",356,"India","IN","IND",131,"2080",13,"Zero-migration",3,"Both sexes",188,0,-1,"Total",0,"Not applicable",1,"Model-based Estimates",3,"Projection",1688034039.5
49,"Total population by sex","Total population by sex","World Population Prospects",2024,"United Nations Population Division",356,"India","IN","IND",132,"2081",1,"95% lower bound",3,"Both sexes",188,0,-1,"Total",0,"Not applicable",1,"Model-based Estimates",3,"Projection",1205432944
49,"Total population by sex","Total population by sex","World Population Prospects",2024,"United Nations Population Division",356,"India","IN","IND",132,"2081",4,"Median",3,"Both sexes",188,0,-1,"Total",0,"Not applicable",1,"Model-based Estimates",3,"Projection",1639778180
49,"Total population by sex","Total population by sex","World Population Prospects",2024,"United Nations Population Division",356,"India","IN","IND",132,"2081",6,"95% upper bound",3,"Both sexes",188,0,-1,"Total",0,"Not applicable",1,"Model-based Estimates",3,"Projection",2142986396.0000002
49,"Total population by sex","Total population by sex","World Population Prospects",2024,"United Nations Population Division",356,"India","IN","IND",132,"2081",13,"Zero-migration",3,"Both sexes",188,0,-1,"Total",0,"Not applicable",1,"Model-based Estimates",3,"Projection",1683230150.5
49,"Total population by sex","Total population by sex","World Population Prospects",2024,"United Nations Population Division",356,"India","IN","IND",133,"2082",1,"95% lower bound",3,"Both sexes",188,0,-1,"Total",0,"Not applicable",1,"Model-based Estimates",3,"Projection",1191381479
49,"Total population by sex","Total population by sex","World Population Prospects",2024,"United Nations Population Division",356,"India","IN","IND",133,"2082",4,"Median",3,"Both sexes",188,0,-1,"Total",0,"Not applicable",1,"Model-based Estimates",3,"Projection",1633817741
49,"Total population by sex","Total population by sex","World Population Prospects",2024,"United Nations Population Division",356,"India","IN","IND",133,"2082",6,"95% upper bound",3,"Both sexes",188,0,-1,"Total",0,"Not applicable",1,"Model-based Estimates",3,"Projection",2150782104
49,"Total population by sex","Total population by sex","World Population Prospects",2024,"United Nations Population Division",356,"India","IN","IND",133,"2082",13,"Zero-migration",3,"Both sexes",188,0,-1,"Total",0,"Not applicable",1,"Model-based Estimates",3,"Projection",1678225505
49,"Total population by sex","Total population by sex","World Population Prospects",2024,"United Nations Population Division",356,"India","IN","IND",134,"2083",1,"95% lower bound",3,"Both sexes",188,0,-1,"Total",0,"Not applicable",1,"Model-based Estimates",3,"Projection",1177646207
49,"Total population by sex","Total population by sex","World Population Prospects",2024,"United Nations Population Division",356,"India","IN","IND",134,"2083",4,"Median",3,"Both sexes",188,0,-1,"Total",0,"Not applicable",1,"Model-based Estimates",3,"Projection",1627669471
49,"Total population by sex","Total population by sex","World Population Prospects",2024,"United Nations Population Division",356,"India","IN","IND",134,"2083",6,"95% upper bound",3,"Both sexes",188,0,-1,"Total",0,"Not applicable",1,"Model-based Estimates",3,"Projection",2159533776
49,"Total population by sex","Total population by sex","World Population Prospects",2024,"United Nations Population Division",356,"India","IN","IND",134,"2083",13,"Zero-migration",3,"Both sexes",188,0,-1,"Total",0,"Not applicable",1,"Model-based Estimates",3,"Projection",1673036939
49,"Total population by sex","Total population by sex","World Population Prospects",2024,"United Nations Population Division",356,"India","IN","IND",135,"2084",1,"95% lower bound",3,"Both sexes",188,0,-1,"Total",0,"Not applicable",1,"Model-based Estimates",3,"Projection",1164432540
49,"Total population by sex","Total population by sex","World Population Prospects",2024,"United Nations Population Division",356,"India","IN","IND",135,"2084",4,"Median",3,"Both sexes",188,0,-1,"Total",0,"Not applicable",1,"Model-based Estimates",3,"Projection",1621344017.5
49,"Total population by sex","Total population by sex","World Population Prospects",2024,"United Nations Population Division",356,"India","IN","IND",135,"2084",6,"95% upper bound",3,"Both sexes",188,0,-1,"Total",0,"Not applicable",1,"Model-based Estimates",3,"Projection",2167656258
49,"Total population by sex","Total population by sex","World Population Prospects",2024,"United Nations Population Division",356,"India","IN","IND",135,"2084",13,"Zero-migration",3,"Both sexes",188,0,-1,"Total",0,"Not applicable",1,"Model-based Estimates",3,"Projection",1667672951
49,"Total population by sex","Total population by sex","World Population Prospects",2024,"United Nations Population Division",356,"India","IN","IND",136,"2085",1,"95% lower bound",3,"Both sexes",188,0,-1,"Total",0,"Not applicable",1,"Model-based Estimates",3,"Projection",1151999899
49,"Total population by sex","Total population by sex","World Population Prospects",2024,"United Nations Population Division",356,"India","IN","IND",136,"2085",4,"Median",3,"Both sexes",188,0,-1,"Total",0,"Not applicable",1,"Model-based Estimates",3,"Projection",1614843929
49,"Total population by sex","Total population by sex","World Population Prospects",2024,"United Nations Population Division",356,"India","IN","IND",136,"2085",6,"95% upper bound",3,"Both sexes",188,0,-1,"Total",0,"Not applicable",1,"Model-based Estimates",3,"Projection",2174033913
49,"Total population by sex","Total population by sex","World Population Prospects",2024,"United Nations Population Division",356,"India","IN","IND",136,"2085",13,"Zero-migration",3,"Both sexes",188,0,-1,"Total",0,"Not applicable",1,"Model-based Estimates",3,"Projection",1662139242.5
49,"Total population by sex","Total population by sex","World Population Prospects",2024,"United Nations Population Division",356,"India","IN","IND",137,"2086",1,"95% lower bound",3,"Both sexes",188,0,-1,"Total",0,"Not applicable",1,"Model-based Estimates",3,"Projection",1137161735
49,"Total population by sex","Total population by sex","World Population Prospects",2024,"United Nations Population Division",356,"India","IN","IND",137,"2086",4,"Median",3,"Both sexes",188,0,-1,"Total",0,"Not applicable",1,"Model-based Estimates",3,"Projection",1608173606
49,"Total population by sex","Total population by sex","World Population Prospects",2024,"United Nations Population Division",356,"India","IN","IND",137,"2086",6,"95% upper bound",3,"Both sexes",188,0,-1,"Total",0,"Not applicable",1,"Model-based Estimates",3,"Projection",2178134796
49,"Total population by sex","Total population by sex","World Population Prospects",2024,"United Nations Population Division",356,"India","IN","IND",137,"2086",13,"Zero-migration",3,"Both sexes",188,0,-1,"Total",0,"Not applicable",1,"Model-based Estimates",3,"Projection",1656449415.5
49,"Total population by sex","Total population by sex","World Population Prospects",2024,"United Nations Population Division",356,"India","IN","IND",138,"2087",1,"95% lower bound",3,"Both sexes",188,0,-1,"Total",0,"Not applicable",1,"Model-based Estimates",3,"Projection",1121802584
49,"Total population by sex","Total population by sex","World Population Prospects",2024,"United Nations Population Division",356,"India","IN","IND",138,"2087",4,"Median",3,"Both sexes",188,0,-1,"Total",0,"Not applicable",1,"Model-based Estimates",3,"Projection",1601390981.5
49,"Total population by sex","Total population by sex","World Population Prospects",2024,"United Nations Population Division",356,"India","IN","IND",138,"2087",6,"95% upper bound",3,"Both sexes",188,0,-1,"Total",0,"Not applicable",1,"Model-based Estimates",3,"Projection",2181909436
49,"Total population by sex","Total population by sex","World Population Prospects",2024,"United Nations Population Division",356,"India","IN","IND",138,"2087",13,"Zero-migration",3,"Both sexes",188,0,-1,"Total",0,"Not applicable",1,"Model-based Estimates",3,"Projection",1650625802.5
49,"Total population by sex","Total population by sex","World Population Prospects",2024,"United Nations Population Division",356,"India","IN","IND",139,"2088",1,"95% lower bound",3,"Both sexes",188,0,-1,"Total",0,"Not applicable",1,"Model-based Estimates",3,"Projection",1106167552
49,"Total population by sex","Total population by sex","World Population Prospects",2024,"United Nations Population Division",356,"India","IN","IND",139,"2088",4,"Median",3,"Both sexes",188,0,-1,"Total",0,"Not applicable",1,"Model-based Estimates",3,"Projection",1594493060.5
49,"Total population by sex","Total population by sex","World Population Prospects",2024,"United Nations Population Division",356,"India","IN","IND",139,"2088",6,"95% upper bound",3,"Both sexes",188,0,-1,"Total",0,"Not applicable",1,"Model-based Estimates",3,"Projection",2187066498
49,"Total population by sex","Total population by sex","World Population Prospects",2024,"United Nations Population Division",356,"India","IN","IND",139,"2088",13,"Zero-migration",3,"Both sexes",188,0,-1,"Total",0,"Not applicable",1,"Model-based Estimates",3,"Projection",1644674696
49,"Total population by sex","Total population by sex","World Population Prospects",2024,"United Nations Population Division",356,"India","IN","IND",140,"2089",1,"95% lower bound",3,"Both sexes",188,0,-1,"Total",0,"Not applicable",1,"Model-based Estimates",3,"Projection",1090608456
49,"Total population by sex","Total population by sex","World Population Prospects",2024,"United Nations Population Division",356,"India","IN","IND",140,"2089",4,"Median",3,"Both sexes",188,0,-1,"Total",0,"Not applicable",1,"Model-based Estimates",3,"Projection",1587459178.5
49,"Total population by sex","Total population by sex","World Population Prospects",2024,"United Nations Population Division",356,"India","IN","IND",140,"2089",6,"95% upper bound",3,"Both sexes",188,0,-1,"Total",0,"Not applicable",1,"Model-based Estimates",3,"Projection",2195489593
49,"Total population by sex","Total population by sex","World Population Prospects",2024,"United Nations Population Division",356,"India","IN","IND",140,"2089",13,"Zero-migration",3,"Both sexes",188,0,-1,"Total",0,"Not applicable",1,"Model-based Estimates",3,"Projection",1638598972.5
49,"Total population by sex","Total population by sex","World Population Prospects",2024,"United Nations Population Division",356,"India","IN","IND",141,"2090",1,"95% lower bound",3,"Both sexes",188,0,-1,"Total",0,"Not applicable",1,"Model-based Estimates",3,"Projection",1074152407
49,"Total population by sex","Total population by sex","World Population Prospects",2024,"United Nations Population Division",356,"India","IN","IND",141,"2090",4,"Median",3,"Both sexes",188,0,-1,"Total",0,"Not applicable",1,"Model-based Estimates",3,"Projection",1580305096.5
49,"Total population by sex","Total population by sex","World Population Prospects",2024,"United Nations Population Division",356,"India","IN","IND",141,"2090",6,"95% upper bound",3,"Both sexes",188,0,-1,"Total",0,"Not applicable",1,"Model-based Estimates",3,"Projection",2203399277
49,"Total population by sex","Total population by sex","World Population Prospects",2024,"United Nations Population Division",356,"India","IN","IND",141,"2090",13,"Zero-migration",3,"Both sexes",188,0,-1,"Total",0,"Not applicable",1,"Model-based Estimates",3,"Projection",1632411808
49,"Total population by sex","Total population by sex","World Population Prospects",2024,"United Nations Population Division",356,"India","IN","IND",142,"2091",1,"95% lower bound",3,"Both sexes",188,0,-1,"Total",0,"Not applicable",1,"Model-based Estimates",3,"Projection",1056096575.9999999
49,"Total population by sex","Total population by sex","World Population Prospects",2024,"United Nations Population Division",356,"India","IN","IND",142,"2091",4,"Median",3,"Both sexes",188,0,-1,"Total",0,"Not applicable",1,"Model-based Estimates",3,"Projection",1573053551.5
49,"Total population by sex","Total population by sex","World Population Prospects",2024,"United Nations Population Division",356,"India","IN","IND",142,"2091",6,"95% upper bound",3,"Both sexes",188,0,-1,"Total",0,"Not applicable",1,"Model-based Estimates",3,"Projection",2207538377
49,"Total population by sex","Total population by sex","World Population Prospects",2024,"United Nations Population Division",356,"India","IN","IND",142,"2091",13,"Zero-migration",3,"Both sexes",188,0,-1,"Total",0,"Not applicable",1,"Model-based Estimates",3,"Projection",1626133545.5
49,"Total population by sex","Total population by sex","World Population Prospects",2024,"United Nations Population Division",356,"India","IN","IND",143,"2092",1,"95% lower bound",3,"Both sexes",188,0,-1,"Total",0,"Not applicable",1,"Model-based Estimates",3,"Projection",1041289105
49,"Total population by sex","Total population by sex","World Population Prospects",2024,"United Nations Population Division",356,"India","IN","IND",143,"2092",4,"Median",3,"Both sexes",188,0,-1,"Total",0,"Not applicable",1,"Model-based Estimates",3,"Projection",1565745949
49,"Total population by sex","Total population by sex","World Population Prospects",2024,"United Nations Population Division",356,"India","IN","IND",143,"2092",6,"95% upper bound",3,"Both sexes",188,0,-1,"Total",0,"Not applicable",1,"Model-based Estimates",3,"Projection",2212617568
49,"Total population by sex","Total population by sex","World Population Prospects",2024,"United Nations Population Division",356,"India","IN","IND",143,"2092",13,"Zero-migration",3,"Both sexes",188,0,-1,"Total",0,"Not applicable",1,"Model-based Estimates",3,"Projection",1619775697
49,"Total population by sex","Total population by sex","World Population Prospects",2024,"United Nations Population Division",356,"India","IN","IND",144,"2093",1,"95% lower bound",3,"Both sexes",188,0,-1,"Total",0,"Not applicable",1,"Model-based Estimates",3,"Projection",1030024739
49,"Total population by sex","Total population by sex","World Population Prospects",2024,"United Nations Population Division",356,"India","IN","IND",144,"2093",4,"Median",3,"Both sexes",188,0,-1,"Total",0,"Not applicable",1,"Model-based Estimates",3,"Projection",1558360380
49,"Total population by sex","Total population by sex","World Population Prospects",2024,"United Nations Population Division",356,"India","IN","IND",144,"2093",6,"95% upper bound",3,"Both sexes",188,0,-1,"Total",0,"Not applicable",1,"Model-based Estimates",3,"Projection",2219768628
49,"Total population by sex","Total population by sex","World Population Prospects",2024,"United Nations Population Division",356,"India","IN","IND",144,"2093",13,"Zero-migration",3,"Both sexes",188,0,-1,"Total",0,"Not applicable",1,"Model-based Estimates",3,"Projection",1613333898
49,"Total population by sex","Total population by sex","World Population Prospects",2024,"United Nations Population Division",356,"India","IN","IND",145,"2094",1,"95% lower bound",3,"Both sexes",188,0,-1,"Total",0,"Not applicable",1,"Model-based Estimates",3,"Projection",1015017251
49,"Total population by sex","Total population by sex","World Population Prospects",2024,"United Nations Population Division",356,"India","IN","IND",145,"2094",4,"Median",3,"Both sexes",188,0,-1,"Total",0,"Not applicable",1,"Model-based Estimates",3,"Projection",1550887932
49,"Total population by sex","Total population by sex","World Population Prospects",2024,"United Nations Population Division",356,"India","IN","IND",145,"2094",6,"95% upper bound",3,"Both sexes",188,0,-1,"Total",0,"Not applicable",1,"Model-based Estimates",3,"Projection",2228933587
49,"Total population by sex","Total population by sex","World Population Prospects",2024,"United Nations Population Division",356,"India","IN","IND",145,"2094",13,"Zero-migration",3,"Both sexes",188,0,-1,"Total",0,"Not applicable",1,"Model-based Estimates",3,"Projection",1606812031.5
49,"Total population by sex","Total population by sex","World Population Prospects",2024,"United Nations Population Division",356,"India","IN","IND",146,"2095",1,"95% lower bound",3,"Both sexes",188,0,-1,"Total",0,"Not applicable",1,"Model-based Estimates",3,"Projection",996817785
49,"Total population by sex","Total population by sex","World Population Prospects",2024,"United Nations Population Division",356,"India","IN","IND",146,"2095",4,"Median",3,"Both sexes",188,0,-1,"Total",0,"Not applicable",1,"Model-based Estimates",3,"Projection",1543363232
49,"Total population by sex","Total population by sex","World Population Prospects",2024,"United Nations Population Division",356,"India","IN","IND",146,"2095",6,"95% upper bound",3,"Both sexes",188,0,-1,"Total",0,"Not applicable",1,"Model-based Estimates",3,"Projection",2240575580
49,"Total population by sex","Total population by sex","World Population Prospects",2024,"United Nations Population Division",356,"India","IN","IND",146,"2095",13,"Zero-migration",3,"Both sexes",188,0,-1,"Total",0,"Not applicable",1,"Model-based Estimates",3,"Projection",1600218668
49,"Total population by sex","Total population by sex","World Population Prospects",2024,"United Nations Population Division",356,"India","IN","IND",147,"2096",1,"95% lower bound",3,"Both sexes",188,0,-1,"Total",0,"Not applicable",1,"Model-based Estimates",3,"Projection",980081860
49,"Total population by sex","Total population by sex","World Population Prospects",2024,"United Nations Population Division",356,"India","IN","IND",147,"2096",4,"Median",3,"Both sexes",188,0,-1,"Total",0,"Not applicable",1,"Model-based Estimates",3,"Projection",1535804564.5
49,"Total population by sex","Total population by sex","World Population Prospects",2024,"United Nations Population Division",356,"India","IN","IND",147,"2096",6,"95% upper bound",3,"Both sexes",188,0,-1,"Total",0,"Not applicable",1,"Model-based Estimates",3,"Projection",2253789605
49,"Total population by sex","Total population by sex","World Population Prospects",2024,"United Nations Population Division",356,"India","IN","IND",147,"2096",13,"Zero-migration",3,"Both sexes",188,0,-1,"Total",0,"Not applicable",1,"Model-based Estimates",3,"Projection",1593571763.5
49,"Total population by sex","Total population by sex","World Population Prospects",2024,"United Nations Population Division",356,"India","IN","IND",148,"2097",1,"95% lower bound",3,"Both sexes",188,0,-1,"Total",0,"Not applicable",1,"Model-based Estimates",3,"Projection",965427718
49,"Total population by sex","Total population by sex","World Population Prospects",2024,"United Nations Population Division",356,"India","IN","IND",148,"2097",4,"Median",3,"Both sexes",188,0,-1,"Total",0,"Not applicable",1,"Model-based Estimates",3,"Projection",1528221481
49,"Total population by sex","Total population by sex","World Population Prospects",2024,"United Nations Population Division",356,"India","IN","IND",148,"2097",6,"95% upper bound",3,"Both sexes",188,0,-1,"Total",0,"Not applicable",1,"Model-based Estimates",3,"Projection",2265006584
49,"Total population by sex","Total population by sex","World Population Prospects",2024,"United Nations Population Division",356,"India","IN","IND",148,"2097",13,"Zero-migration",3,"Both sexes",188,0,-1,"Total",0,"Not applicable",1,"Model-based Estimates",3,"Projection",1586885617.5
49,"Total population by sex","Total population by sex","World Population Prospects",2024,"United Nations Population Division",356,"India","IN","IND",149,"2098",1,"95% lower bound",3,"Both sexes",188,0,-1,"Total",0,"Not applicable",1,"Model-based Estimates",3,"Projection",950806617
49,"Total population by sex","Total population by sex","World Population Prospects",2024,"United Nations Population Division",356,"India","IN","IND",149,"2098",4,"Median",3,"Both sexes",188,0,-1,"Total",0,"Not applicable",1,"Model-based Estimates",3,"Projection",1520590140
49,"Total population by sex","Total population by sex","World Population Prospects",2024,"United Nations Population Division",356,"India","IN","IND",149,"2098",6,"95% upper bound",3,"Both sexes",188,0,-1,"Total",0,"Not applicable",1,"Model-based Estimates",3,"Projection",2276447911
49,"Total population by sex","Total population by sex","World Population Prospects",2024,"United Nations Population Division",356,"India","IN","IND",149,"2098",13,"Zero-migration",3,"Both sexes",188,0,-1,"Total",0,"Not applicable",1,"Model-based Estimates",3,"Projection",1580151939.5
49,"Total population by sex","Total population by sex","World Population Prospects",2024,"United Nations Population Division",356,"India","IN","IND",150,"2099",1,"95% lower bound",3,"Both sexes",188,0,-1,"Total",0,"Not applicable",1,"Model-based Estimates",3,"Projection",937204505
49,"Total population by sex","Total population by sex","World Population Prospects",2024,"United Nations Population Division",356,"India","IN","IND",150,"2099",4,"Median",3,"Both sexes",188,0,-1,"Total",0,"Not applicable",1,"Model-based Estimates",3,"Projection",1512932636.5
49,"Total population by sex","Total population by sex","World Population Prospects",2024,"United Nations Population Division",356,"India","IN","IND",150,"2099",6,"95% upper bound",3,"Both sexes",188,0,-1,"Total",0,"Not applicable",1,"Model-based Estimates",3,"Projection",2288578119
49,"Total population by sex","Total population by sex","World Population Prospects",2024,"United Nations Population Division",356,"India","IN","IND",150,"2099",13,"Zero-migration",3,"Both sexes",188,0,-1,"Total",0,"Not applicable",1,"Model-based Estimates",3,"Projection",1573387302.5
49,"Total population by sex","Total population by sex","World Population Prospects",2024,"United Nations Population Division",356,"India","IN","IND",151,"2100",1,"95% lower bound",3,"Both sexes",188,0,-1,"Total",0,"Not applicable",1,"Model-based Estimates",3,"Projection",924256372
49,"Total population by sex","Total population by sex","World Population Prospects",2024,"United Nations Population Division",356,"India","IN","IND",151,"2100",4,"Median",3,"Both sexes",188,0,-1,"Total",0,"Not applicable",1,"Model-based Estimates",3,"Projection",1505251760.5
49,"Total population by sex","Total population by sex","World Population Prospects",2024,"United Nations Population Division",356,"India","IN","IND",151,"2100",6,"95% upper bound",3,"Both sexes",188,0,-1,"Total",0,"Not applicable",1,"Model-based Estimates",3,"Projection",2299009432
49,"Total population by sex","Total population by sex","World Population Prospects",2024,"United Nations Population Division",356,"India","IN","IND",151,"2100",13,"Zero-migration",3,"Both sexes",188,0,-1,"Total",0,"Not applicable",1,"Model-based Estimates",3,"Projection",1566593446.5
49,"Total population by sex","Total population by sex","World Population Prospects",2024,"United Nations Population Division",392,"Japan","JP","JPN",41,"1990",4,"Median",3,"Both sexes",188,0,-1,"Total",0,"Not applicable",1,"Model-based Estimates",2,"Interpolation",123399764.5
49,"Total population by sex","Total population by sex","World Population Prospects",2024,"United Nations Population Division",392,"Japan","JP","JPN",42,"1991",4,"Median",3,"Both sexes",188,0,-1,"Total",0,"Not applicable",1,"Model-based Estimates",2,"Interpolation",123889870.5
49,"Total population by sex","Total population by sex","World Population Prospects",2024,"United Nations Population Division",392,"Japan","JP","JPN",43,"1992",4,"Median",3,"Both sexes",188,0,-1,"Total",0,"Not applicable",1,"Model-based Estimates",2,"Interpolation",124383707.5
49,"Total population by sex","Total population by sex","World Population Prospects",2024,"United Nations Population Division",392,"Japan","JP","JPN",44,"1993",4,"Median",3,"Both sexes",188,0,-1,"Total",0,"Not applicable",1,"Model-based Estimates",2,"Interpolation",124839958
49,"Total population by sex","Total population by sex","World Population Prospects",2024,"United Nations Population Division",392,"Japan","JP","JPN",45,"1994",4,"Median",3,"Both sexes",188,0,-1,"Total",0,"Not applicable",1,"Model-based Estimates",2,"Interpolation",125286860.5
49,"Total population by sex","Total population by sex","World Population Prospects",2024,"United Nations Population Division",392,"Japan","JP","JPN",46,"1995",4,"Median",3,"Both sexes",188,0,-1,"Total",0,"Not applicable",1,"Model-based Estimates",2,"Interpolation",125672665
49,"Total population by sex","Total population by sex","World Population Prospects",2024,"United Nations Population Division",392,"Japan","JP","JPN",47,"1996",4,"Median",3,"Both sexes",188,0,-1,"Total",0,"Not applicable",1,"Model-based Estimates",2,"Interpolation",125975302
49,"Total population by sex","Total population by sex","World Population Prospects",2024,"United Nations Population Division",392,"Japan","JP","JPN",48,"1997",4,"Median",3,"Both sexes",188,0,-1,"Total",0,"Not applicable",1,"Model-based Estimates",2,"Interpolation",126265929
49,"Total population by sex","Total population by sex","World Population Prospects",2024,"United Nations Population Division",392,"Japan","JP","JPN",49,"1998",4,"Median",3,"Both sexes",188,0,-1,"Total",0,"Not applicable",1,"Model-based Estimates",2,"Interpolation",126549181
49,"Total population by sex","Total population by sex","World Population Prospects",2024,"United Nations Population Division",392,"Japan","JP","JPN",50,"1999",4,"Median",3,"Both sexes",188,0,-1,"Total",0,"Not applicable",1,"Model-based Estimates",2,"Interpolation",126801564
49,"Total population by sex","Total population by sex","World Population Prospects",2024,"United Nations Population Division",392,"Japan","JP","JPN",51,"2000",4,"Median",3,"Both sexes",188,0,-1,"Total",0,"Not applicable",1,"Model-based Estimates",2,"Interpolation",127027789
49,"Total population by sex","Total population by sex","World Population Prospects",2024,"United Nations Population Division",392,"Japan","JP","JPN",52,"2001",4,"Median",3,"Both sexes",188,0,-1,"Total",0,"Not applicable",1,"Model-based Estimates",2,"Interpolation",127260148
49,"Total population by sex","Total population by sex","World Population Prospects",2024,"United Nations Population Division",392,"Japan","JP","JPN",53,"2002",4,"Median",3,"Both sexes",188,0,-1,"Total",0,"Not applicable",1,"Model-based Estimates",2,"Interpolation",127484598
49,"Total population by sex","Total population by sex","World Population Prospects",2024,"United Nations Population Division",392,"Japan","JP","JPN",54,"2003",4,"Median",3,"Both sexes",188,0,-1,"Total",0,"Not applicable",1,"Model-based Estimates",2,"Interpolation",127671251.5
49,"Total population by sex","Total population by sex","World Population Prospects",2024,"United Nations Population Division",392,"Japan","JP","JPN",55,"2004",4,"Median",3,"Both sexes",188,0,-1,"Total",0,"Not applicable",1,"Model-based Estimates",2,"Interpolation",127815774
49,"Total population by sex","Total population by sex","World Population Prospects",2024,"United Nations Population Division",392,"Japan","JP","JPN",56,"2005",4,"Median",3,"Both sexes",188,0,-1,"Total",0,"Not applicable",1,"Model-based Estimates",2,"Interpolation",127913330.5
49,"Total population by sex","Total population by sex","World Population Prospects",2024,"United Nations Population Division",392,"Japan","JP","JPN",57,"2006",4,"Median",3,"Both sexes",188,0,-1,"Total",0,"Not applicable",1,"Model-based Estimates",2,"Interpolation",127997247.5
49,"Total population by sex","Total population by sex","World Population Prospects",2024,"United Nations Population Division",392,"Japan","JP","JPN",58,"2007",4,"Median",3,"Both sexes",188,0,-1,"Total",0,"Not applicable",1,"Model-based Estimates",2,"Interpolation",128087682
49,"Total population by sex","Total population by sex","World Population Prospects",2024,"United Nations Population Division",392,"Japan","JP","JPN",59,"2008",4,"Median",3,"Both sexes",188,0,-1,"Total",0,"Not applicable",1,"Model-based Estimates",2,"Interpolation",128155990
49,"Total population by sex","Total population by sex","World Population Prospects",2024,"United Nations Population Division",392,"Japan","JP","JPN",60,"2009",4,"Median",3,"Both sexes",188,0,-1,"Total",0,"Not applicable",1,"Model-based Estimates",2,"Interpolation",128192469.5
49,"Total population by sex","Total population by sex","World Population Prospects",2024,"United Nations Population Division",392,"Japan","JP","JPN",61,"2010",4,"Median",3,"Both sexes",188,0,-1,"Total",0,"Not applicable",1,"Model-based Estimates",2,"Interpolation",128185275
49,"Total population by sex","Total population by sex","World Population Prospects",2024,"United Nations Population Division",392,"Japan","JP","JPN",62,"2011",4,"Median",3,"Both sexes",188,0,-1,"Total",0,"Not applicable",1,"Model-based Estimates",2,"Interpolation",128096432.5
49,"Total population by sex","Total population by sex","World Population Prospects",2024,"United Nations Population Division",392,"Japan","JP","JPN",63,"2012",4,"Median",3,"Both sexes",188,0,-1,"Total",0,"Not applicable",1,"Model-based Estimates",2,"Interpolation",127928285
49,"Total population by sex","Total population by sex","World Population Prospects",2024,"United Nations Population Division",392,"Japan","JP","JPN",64,"2013",4,"Median",3,"Both sexes",188,0,-1,"Total",0,"Not applicable",1,"Model-based Estimates",2,"Interpolation",127723645.5
49,"Total population by sex","Total population by sex","World Population Prospects",2024,"United Nations Population Division",392,"Japan","JP","JPN",65,"2014",4,"Median",3,"Both sexes",188,0,-1,"Total",0,"Not applicable",1,"Model-based Estimates",2,"Interpolation",127486604.5
49,"Total population by sex","Total population by sex","World Population Prospects",2024,"United Nations Population Division",392,"Japan","JP","JPN",66,"2015",4,"Median",3,"Both sexes",188,0,-1,"Total",0,"Not applicable",1,"Model-based Estimates",2,"Interpolation",127275872.5
49,"Total population by sex","Total population by sex","World Population Prospects",2024,"United Nations Population Division",392,"Japan","JP","JPN",67,"2016",4,"Median",3,"Both sexes",188,0,-1,"Total",0,"Not applicable",1,"Model-based Estimates",2,"Interpolation",127159951
49,"Total population by sex","Total population by sex","World Population Prospects",2024,"United Nations Population Division",392,"Japan","JP","JPN",68,"2017",4,"Median",3,"Both sexes",188,0,-1,"Total",0,"Not applicable",1,"Model-based Estimates",2,"Interpolation",127064690
49,"Total population by sex","Total population by sex","World Population Prospects",2024,"United Nations Population Division",392,"Japan","JP","JPN",69,"2018",4,"Median",3,"Both sexes",188,0,-1,"Total",0,"Not applicable",1,"Model-based Estimates",2,"Interpolation",126913432.5
49,"Total population by sex","Total population by sex","World Population Prospects",2024,"United Nations Population Division",392,"Japan","JP","JPN",70,"2019",4,"Median",3,"Both sexes",188,0,-1,"Total",0,"Not applicable",1,"Model-based Estimates",2,"Interpolation",126699423.5
49,"Total population by sex","Total population by sex","World Population Prospects",2024,"United Nations Population Division",392,"Japan","JP","JPN",71,"2020",4,"Median",3,"Both sexes",188,0,-1,"Total",0,"Not applicable",1,"Model-based Estimates",2,"Interpolation",126304543
49,"Total population by sex","Total population by sex","World Population Prospects",2024,"United Nations Population Division",392,"Japan","JP","JPN",72,"2021",4,"Median",3,"Both sexes",188,0,-1,"Total",0,"Not applicable",1,"Model-based Estimates",2,"Interpolation",125679338
49,"Total population by sex","Total population by sex","World Population Prospects",2024,"United Nations Population Division",392,"Japan","JP","JPN",73,"2022",4,"Median",3,"Both sexes",188,0,-1,"Total",0,"Not applicable",1,"Model-based Estimates",2,"Interpolation",124997578
49,"Total population by sex","Total population by sex","World Population Prospects",2024,"United Nations Population Division",392,"Japan","JP","JPN",74,"2023",4,"Median",3,"Both sexes",188,0,-1,"Total",0,"Not applicable",1,"Model-based Estimates",3,"Projection",124370946.5
49,"Total population by sex","Total population by sex","World Population Prospects",2024,"United Nations Population Division",392,"Japan","JP","JPN",75,"2024",1,"95% lower bound",3,"Both sexes",188,0,-1,"Total",0,"Not applicable",1,"Model-based Estimates",3,"Projection",123647800
49,"Total population by sex","Total population by sex","World Population Prospects",2024,"United Nations Population Division",392,"Japan","JP","JPN",75,"2024",4,"Median",3,"Both sexes",188,0,-1,"Total",0,"Not applicable",1,"Model-based Estimates",3,"Projection",123753041
49,"Total population by sex","Total population by sex","World Population Prospects",2024,"United Nations Population Division",392,"Japan","JP","JPN",75,"2024",6,"95% upper bound",3,"Both sexes",188,0,-1,"Total",0,"Not applicable",1,"Model-based Estimates",3,"Projection",123861761
49,"Total population by sex","Total population by sex","World Population Prospects",2024,"United Nations Population Division",392,"Japan","JP","JPN",75,"2024",13,"Zero-migration",3,"Both sexes",188,0,-1,"Total",0,"Not applicable",1,"Model-based Estimates",3,"Projection",123676364.5
49,"Total population by sex","Total population by sex","World Population Prospects",2024,"United Nations Population Division",392,"Japan","JP","JPN",76,"2025",1,"95% lower bound",3,"Both sexes",188,0,-1,"Total",0,"Not applicable",1,"Model-based Estimates",3,"Projection",122765404
49,"Total population by sex","Total population by sex","World Population Prospects",2024,"United Nations Population Division",392,"Japan","JP","JPN",76,"2025",4,"Median",3,"Both sexes",188,0,-1,"Total",0,"Not applicable",1,"Model-based Estimates",3,"Projection",123103479
49,"Total population by sex","Total population by sex","World Population Prospects",2024,"United Nations Population Division",392,"Japan","JP","JPN",76,"2025",6,"95% upper bound",3,"Both sexes",188,0,-1,"Total",0,"Not applicable",1,"Model-based Estimates",3,"Projection",123448117
49,"Total population by sex","Total population by sex","World Population Prospects",2024,"United Nations Population Division",392,"Japan","JP","JPN",76,"2025",13,"Zero-migration",3,"Both sexes",188,0,-1,"Total",0,"Not applicable",1,"Model-based Estimates",3,"Projection",122880265.5
49,"Total population by sex","Total population by sex","World Population Prospects",2024,"United Nations Population Division",392,"Japan","JP","JPN",77,"2026",1,"95% lower bound",3,"Both sexes",188,0,-1,"Total",0,"Not applicable",1,"Model-based Estimates",3,"Projection",121833972
49,"Total population by sex","Total population by sex","World Population Prospects",2024,"United Nations Population Division",392,"Japan","JP","JPN",77,"2026",4,"Median",3,"Both sexes",188,0,-1,"Total",0,"Not applicable",1,"Model-based Estimates",3,"Projection",122427731
49,"Total population by sex","Total population by sex","World Population Prospects",2024,"United Nations Population Division",392,"Japan","JP","JPN",77,"2026",6,"95% upper bound",3,"Both sexes",188,0,-1,"Total",0,"Not applicable",1,"Model-based Estimates",3,"Projection",123033673
49,"Total population by sex","Total population by sex","World Population Prospects",2024,"United Nations Population Division",392,"Japan","JP","JPN",77,"2026",13,"Zero-migration",3,"Both sexes",188,0,-1,"Total",0,"Not applicable",1,"Model-based Estimates",3,"Projection",122071010
49,"Total population by sex","Total population by sex","World Population Prospects",2024,"United Nations Population Division",392,"Japan","JP","JPN",78,"2027",1,"95% lower bound",3,"Both sexes",188,0,-1,"Total",0,"Not applicable",1,"Model-based Estimates",3,"Projection",120849688
49,"Total population by sex","Total population by sex","World Population Prospects",2024,"United Nations Population Division",392,"Japan","JP","JPN",78,"2027",4,"Median",3,"Both sexes",188,0,-1,"Total",0,"Not applicable",1,"Model-based Estimates",3,"Projection",121732340.5
49,"Total population by sex","Total population by sex","World Population Prospects",2024,"United Nations Population Division",392,"Japan","JP","JPN",78,"2027",6,"95% upper bound",3,"Both sexes",188,0,-1,"Total",0,"Not applicable",1,"Model-based Estimates",3,"Projection",122631532
49,"Total population by sex","Total population by sex","World Population Prospects",2024,"United Nations Population Division",392,"Japan","JP","JPN",78,"2027",13,"Zero-migration",3,"Both sexes",188,0,-1,"Total",0,"Not applicable",1,"Model-based Estimates",3,"Projection",121248872.5
49,"Total population by sex","Total population by sex","World Population Prospects",2024,"United Nations Population Division",392,"Japan","JP","JPN",79,"2028",1,"95% lower bound",3,"Both sexes",188,0,-1,"Total",0,"Not applicable",1,"Model-based Estimates",3,"Projection",119847425
49,"Total population by sex","Total population by sex","World Population Prospects",2024,"United Nations Population Division",392,"Japan","JP","JPN",79,"2028",4,"Median",3,"Both sexes",188,0,-1,"Total",0,"Not applicable",1,"Model-based Estimates",3,"Projection",121024348
49,"Total population by sex","Total population by sex","World Population Prospects",2024,"United Nations Population Division",392,"Japan","JP","JPN",79,"2028",6,"95% upper bound",3,"Both sexes",188,0,-1,"Total",0,"Not applicable",1,"Model-based Estimates",3,"Projection",122244656
49,"Total population by sex","Total population by sex","World Population Prospects",2024,"United Nations Population Division",392,"Japan","JP","JPN",79,"2028",13,"Zero-migration",3,"Both sexes",188,0,-1,"Total",0,"Not applicable",1,"Model-based Estimates",3,"Projection",120415347.5
49,"Total population by sex","Total population by sex","World Population Prospects",2024,"United Nations Population Division",392,"Japan","JP","JPN",80,"2029",1,"95% lower bound",3,"Both sexes",188,0,-1,"Total",0,"Not applicable",1,"Model-based Estimates",3,"Projection",118851476
49,"Total population by sex","Total population by sex","World Population Prospects",2024,"United Nations Population Division",392,"Japan","JP","JPN",80,"2029",4,"Median",3,"Both sexes",188,0,-1,"Total",0,"Not applicable",1,"Model-based Estimates",3,"Projection",120308089
49,"Total population by sex","Total population by sex","World Population Prospects",2024,"United Nations Population Division",392,"Japan","JP","JPN",80,"2029",6,"95% upper bound",3,"Both sexes",188,0,-1,"Total",0,"Not applicable",1,"Model-based Estimates",3,"Projection",121873035
49,"Total population by sex","Total population by sex","World Population Prospects",2024,"United Nations Population Division",392,"Japan","JP","JPN",80,"2029",13,"Zero-migration",3,"Both sexes",188,0,-1,"Total",0,"Not applicable",1,"Model-based Estimates",3,"Projection",119571716.5
49,"Total population by sex","Total population by sex","World Population Prospects",2024,"United Nations Population Division",392,"Japan","JP","JPN",81,"2030",1,"95% lower bound",3,"Both sexes",188,0,-1,"Total",0,"Not applicable",1,"Model-based Estimates",3,"Projection",117803184
49,"Total population by sex","Total population by sex","World Population Prospects",2024,"United Nations Population Division",392,"Japan","JP","JPN",81,"2030",4,"Median",3,"Both sexes",188,0,-1,"Total",0,"Not applicable",1,"Model-based Estimates",3,"Projection",119584121.5
49,"Total population by sex","Total population by sex","World Population Prospects",2024,"United Nations Population Division",392,"Japan","JP","JPN",81,"2030",6,"95% upper bound",3,"Both sexes",188,0,-1,"Total",0,"Not applicable",1,"Model-based Estimates",3,"Projection",121493560
49,"Total population by sex","Total population by sex","World Population Prospects",2024,"United Nations Population Division",392,"Japan","JP","JPN",81,"2030",13,"Zero-migration",3,"Both sexes",188,0,-1,"Total",0,"Not applicable",1,"Model-based Estimates",3,"Projection",118718309
49,"Total population by sex","Total population by sex","World Population Prospects",2024,"United Nations Population Division",392,"Japan","JP","JPN",82,"2031",1,"95% lower bound",3,"Both sexes",188,0,-1,"Total",0,"Not applicable",1,"Model-based Estimates",3,"Projection",116723504
49,"Total population by sex","Total population by sex","World Population Prospects",2024,"United Nations Population Division",392,"Japan","JP","JPN",82,"2031",4,"Median",3,"Both sexes",188,0,-1,"Total",0,"Not applicable",1,"Model-based Estimates",3,"Projection",118852085
49,"Total population by sex","Total population by sex","World Population Prospects",2024,"United Nations Population Division",392,"Japan","JP","JPN",82,"2031",6,"95% upper bound",3,"Both sexes",188,0,-1,"Total",0,"Not applicable",1,"Model-based Estimates",3,"Projection",121111771
49,"Total population by sex","Total population by sex","World Population Prospects",2024,"United Nations Population Division",392,"Japan","JP","JPN",82,"2031",13,"Zero-migration",3,"Both sexes",188,0,-1,"Total",0,"Not applicable",1,"Model-based Estimates",3,"Projection",117855125
49,"Total population by sex","Total population by sex","World Population Prospects",2024,"United Nations Population Division",392,"Japan","JP","JPN",83,"2032",1,"95% lower bound",3,"Both sexes",188,0,-1,"Total",0,"Not applicable",1,"Model-based Estimates",3,"Projection",115653288
49,"Total population by sex","Total population by sex","World Population Prospects",2024,"United Nations Population Division",392,"Japan","JP","JPN",83,"2032",4,"Median",3,"Both sexes",188,0,-1,"Total",0,"Not applicable",1,"Model-based Estimates",3,"Projection",118114140.5
49,"Total population by sex","Total population by sex","World Population Prospects",2024,"United Nations Population Division",392,"Japan","JP","JPN",83,"2032",6,"95% upper bound",3,"Both sexes",188,0,-1,"Total",0,"Not applicable",1,"Model-based Estimates",3,"Projection",120757522
49,"Total population by sex","Total population by sex","World Population Prospects",2024,"United Nations Population Division",392,"Japan","JP","JPN",83,"2032",13,"Zero-migration",3,"Both sexes",188,0,-1,"Total",0,"Not applicable",1,"Model-based Estimates",3,"Projection",116981605
49,"Total population by sex","Total population by sex","World Population Prospects",2024,"United Nations Population Division",392,"Japan","JP","JPN",84,"2033",1,"95% lower bound",3,"Both sexes",188,0,-1,"Total",0,"Not applicable",1,"Model-based Estimates",3,"Projection",114624602
49,"Total population by sex","Total population by sex","World Population Prospects",2024,"United Nations Population Division",392,"Japan","JP","JPN",84,"2033",4,"Median",3,"Both sexes",188,0,-1,"Total",0,"Not applicable",1,"Model-based Estimates",3,"Projection",117372474
49,"Total population by sex","Total population by sex","World Population Prospects",2024,"United Nations Population Division",392,"Japan","JP","JPN",84,"2033",6,"95% upper bound",3,"Both sexes",188,0,-1,"Total",0,"Not applicable",1,"Model-based Estimates",3,"Projection",120416459
49,"Total population by sex","Total population by sex","World Population Prospects",2024,"United Nations Population Division",392,"Japan","JP","JPN",84,"2033",13,"Zero-migration",3,"Both sexes",188,0,-1,"Total",0,"Not applicable",1,"Model-based Estimates",3,"Projection",116098146
49,"Total population by sex","Total population by sex","World Population Prospects",2024,"United Nations Population Division",392,"Japan","JP","JPN",85,"2034",1,"95% lower bound",3,"Both sexes",188,0,-1,"Total",0,"Not applicable",1,"Model-based Estimates",3,"Projection",113574271
49,"Total population by sex","Total population by sex","World Population Prospects",2024,"United Nations Population Division",392,"Japan","JP","JPN",85,"2034",4,"Median",3,"Both sexes",188,0,-1,"Total",0,"Not applicable",1,"Model-based Estimates",3,"Projection",116626751
49,"Total population by sex","Total population by sex","World Population Prospects",2024,"United Nations Population Division",392,"Japan","JP","JPN",85,"2034",6,"95% upper bound",3,"Both sexes",188,0,-1,"Total",0,"Not applicable",1,"Model-based Estimates",3,"Projection",120074963
49,"Total population by sex","Total population by sex","World Population Prospects",2024,"United Nations Population Division",392,"Japan","JP","JPN",85,"2034",13,"Zero-migration",3,"Both sexes",188,0,-1,"Total",0,"Not applicable",1,"Model-based Estimates",3,"Projection",115205035
49,"Total population by sex","Total population by sex","World Population Prospects",2024,"United Nations Population Division",392,"Japan","JP","JPN",86,"2035",1,"95% lower bound",3,"Both sexes",188,0,-1,"Total",0,"Not applicable",1,"Model-based Estimates",3,"Projection",112442256
49,"Total population by sex","Total population by sex","World Population Prospects",2024,"United Nations Population Division",392,"Japan","JP","JPN",86,"2035",4,"Median",3,"Both sexes",188,0,-1,"Total",0,"Not applicable",1,"Model-based Estimates",3,"Projection",115876149
49,"Total population by sex","Total population by sex","World Population Prospects",2024,"United Nations Population Division",392,"Japan","JP","JPN",86,"2035",6,"95% upper bound",3,"Both sexes",188,0,-1,"Total",0,"Not applicable",1,"Model-based Estimates",3,"Projection",119703571
49,"Total population by sex","Total population by sex","World Population Prospects",2024,"United Nations Population Division",392,"Japan","JP","JPN",86,"2035",13,"Zero-migration",3,"Both sexes",188,0,-1,"Total",0,"Not applicable",1,"Model-based Estimates",3,"Projection",114303530.5
49,"Total population by sex","Total population by sex","World Population Prospects",2024,"United Nations Population Division",392,"Japan","JP","JPN",87,"2036",1,"95% lower bound",3,"Both sexes",188,0,-1,"Total",0,"Not applicable",1,"Model-based Estimates",3,"Projection",111324171
49,"Total population by sex","Total population by sex","World Population Prospects",2024,"United Nations Population Division",392,"Japan","JP","JPN",87,"2036",4,"Median",3,"Both sexes",188,0,-1,"Total",0,"Not applicable",1,"Model-based Estimates",3,"Projection",115125565.5
49,"Total population by sex","Total population by sex","World Population Prospects",2024,"United Nations Population Division",392,"Japan","JP","JPN",87,"2036",6,"95% upper bound",3,"Both sexes",188,0,-1,"Total",0,"Not applicable",1,"Model-based Estimates",3,"Projection",119353515
49,"Total population by sex","Total population by sex","World Population Prospects",2024,"United Nations Population Division",392,"Japan","JP","JPN",87,"2036",13,"Zero-migration",3,"Both sexes",188,0,-1,"Total",0,"Not applicable",1,"Model-based Estimates",3,"Projection",113395074.5
49,"Total population by sex","Total population by sex","World Population Prospects",2024,"United Nations Population Division",392,"Japan","JP","JPN",88,"2037",1,"95% lower bound",3,"Both sexes",188,0,-1,"Total",0,"Not applicable",1,"Model-based Estimates",3,"Projection",110170300
49,"Total population by sex","Total population by sex","World Population Prospects",2024,"United Nations Population Division",392,"Japan","JP","JPN",88,"2037",4,"Median",3,"Both sexes",188,0,-1,"Total",0,"Not applicable",1,"Model-based Estimates",3,"Projection",114377401
49,"Total population by sex","Total population by sex","World Population Prospects",2024,"United Nations Population Division",392,"Japan","JP","JPN",88,"2037",6,"95% upper bound",3,"Both sexes",188,0,-1,"Total",0,"Not applicable",1,"Model-based Estimates",3,"Projection",118955744
49,"Total population by sex","Total population by sex","World Population Prospects",2024,"United Nations Population Division",392,"Japan","JP","JPN",88,"2037",13,"Zero-migration",3,"Both sexes",188,0,-1,"Total",0,"Not applicable",1,"Model-based Estimates",3,"Projection",112480224
49,"Total population by sex","Total population by sex","World Population Prospects",2024,"United Nations Population Division",392,"Japan","JP","JPN",89,"2038",1,"95% lower bound",3,"Both sexes",188,0,-1,"Total",0,"Not applicable",1,"Model-based Estimates",3,"Projection",109023407
49,"Total population by sex","Total population by sex","World Population Prospects",2024,"United Nations Population Division",392,"Japan","JP","JPN",89,"2038",4,"Median",3,"Both sexes",188,0,-1,"Total",0,"Not applicable",1,"Model-based Estimates",3,"Projection",113633614
49,"Total population by sex","Total population by sex","World Population Prospects",2024,"United Nations Population Division",392,"Japan","JP","JPN",89,"2038",6,"95% upper bound",3,"Both sexes",188,0,-1,"Total",0,"Not applicable",1,"Model-based Estimates",3,"Projection",118515596
49,"Total population by sex","Total population by sex","World Population Prospects",2024,"United Nations Population Division",392,"Japan","JP","JPN",89,"2038",13,"Zero-migration",3,"Both sexes",188,0,-1,"Total",0,"Not applicable",1,"Model-based Estimates",3,"Projection",111560554.5
49,"Total population by sex","Total population by sex","World Population Prospects",2024,"United Nations Population Division",392,"Japan","JP","JPN",90,"2039",1,"95% lower bound",3,"Both sexes",188,0,-1,"Total",0,"Not applicable",1,"Model-based Estimates",3,"Projection",107923759
49,"Total population by sex","Total population by sex","World Population Prospects",2024,"United Nations Population Division",392,"Japan","JP","JPN",90,"2039",4,"Median",3,"Both sexes",188,0,-1,"Total",0,"Not applicable",1,"Model-based Estimates",3,"Projection",112894531.5
49,"Total population by sex","Total population by sex","World Population Prospects",2024,"United Nations Population Division",392,"Japan","JP","JPN",90,"2039",6,"95% upper bound",3,"Both sexes",188,0,-1,"Total",0,"Not applicable",1,"Model-based Estimates",3,"Projection",118148165
49,"Total population by sex","Total population by sex","World Population Prospects",2024,"United Nations Population Division",392,"Japan","JP","JPN",90,"2039",13,"Zero-migration",3,"Both sexes",188,0,-1,"Total",0,"Not applicable",1,"Model-based Estimates",3,"Projection",110637036
49,"Total population by sex","Total population by sex","World Population Prospects",2024,"United Nations Population Division",392,"Japan","JP","JPN",91,"2040",1,"95% lower bound",3,"Both sexes",188,0,-1,"Total",0,"Not applicable",1,"Model-based Estimates",3,"Projection",106806018
49,"Total population by sex","Total population by sex","World Population Prospects",2024,"United Nations Population Division",392,"Japan","JP","JPN",91,"2040",4,"Median",3,"Both sexes",188,0,-1,"Total",0,"Not applicable",1,"Model-based Estimates",3,"Projection",112158303.5
49,"Total population by sex","Total population by sex","World Population Prospects",2024,"United Nations Population Division",392,"Japan","JP","JPN",91,"2040",6,"95% upper bound",3,"Both sexes",188,0,-1,"Total",0,"Not applicable",1,"Model-based Estimates",3,"Projection",117816397
49,"Total population by sex","Total population by sex","World Population Prospects",2024,"United Nations Population Division",392,"Japan","JP","JPN",91,"2040",13,"Zero-migration",3,"Both sexes",188,0,-1,"Total",0,"Not applicable",1,"Model-based Estimates",3,"Projection",109710984
49,"Total population by sex","Total population by sex","World Population Prospects",2024,"United Nations Population Division",392,"Japan","JP","JPN",92,"2041",1,"95% lower bound",3,"Both sexes",188,0,-1,"Total",0,"Not applicable",1,"Model-based Estimates",3,"Projection",105663717
49,"Total population by sex","Total population by sex","World Population Prospects",2024,"United Nations Population Division",392,"Japan","JP","JPN",92,"2041",4,"Median",3,"Both sexes",188,0,-1,"Total",0,"Not applicable",1,"Model-based Estimates",3,"Projection",111422443
49,"Total population by sex","Total population by sex","World Population Prospects",2024,"United Nations Population Division",392,"Japan","JP","JPN",92,"2041",6,"95% upper bound",3,"Both sexes",188,0,-1,"Total",0,"Not applicable",1,"Model-based Estimates",3,"Projection",117459131
49,"Total population by sex","Total population by sex","World Population Prospects",2024,"United Nations Population Division",392,"Japan","JP","JPN",92,"2041",13,"Zero-migration",3,"Both sexes",188,0,-1,"Total",0,"Not applicable",1,"Model-based Estimates",3,"Projection",108782820
49,"Total population by sex","Total population by sex","World Population Prospects",2024,"United Nations Population Division",392,"Japan","JP","JPN",93,"2042",1,"95% lower bound",3,"Both sexes",188,0,-1,"Total",0,"Not applicable",1,"Model-based Estimates",3,"Projection",104568286
49,"Total population by sex","Total population by sex","World Population Prospects",2024,"United Nations Population Division",392,"Japan","JP","JPN",93,"2042",4,"Median",3,"Both sexes",188,0,-1,"Total",0,"Not applicable",1,"Model-based Estimates",3,"Projection",110692357.5
49,"Total population by sex","Total population by sex","World Population Prospects",2024,"United Nations Population Division",392,"Japan","JP","JPN",93,"2042",6,"95% upper bound",3,"Both sexes",188,0,-1,"Total",0,"Not applicable",1,"Model-based Estimates",3,"Projection",117062804
49,"Total population by sex","Total population by sex","World Population Prospects",2024,"United Nations Population Division",392,"Japan","JP","JPN",93,"2042",13,"Zero-migration",3,"Both sexes",188,0,-1,"Total",0,"Not applicable",1,"Model-based Estimates",3,"Projection",107853447.5
49,"Total population by sex","Total population by sex","World Population Prospects",2024,"United Nations Population Division",392,"Japan","JP","JPN",94,"2043",1,"95% lower bound",3,"Both sexes",188,0,-1,"Total",0,"Not applicable",1,"Model-based Estimates",3,"Projection",103587423
49,"Total population by sex","Total population by sex","World Population Prospects",2024,"United Nations Population Division",392,"Japan","JP","JPN",94,"2043",4,"Median",3,"Both sexes",188,0,-1,"Total",0,"Not applicable",1,"Model-based Estimates",3,"Projection",109972381
49,"Total population by sex","Total population by sex","World Population Prospects",2024,"United Nations Population Division",392,"Japan","JP","JPN",94,"2043",6,"95% upper bound",3,"Both sexes",188,0,-1,"Total",0,"Not applicable",1,"Model-based Estimates",3,"Projection",116743455
49,"Total population by sex","Total population by sex","World Population Prospects",2024,"United Nations Population Division",392,"Japan","JP","JPN",94,"2043",13,"Zero-migration",3,"Both sexes",188,0,-1,"Total",0,"Not applicable",1,"Model-based Estimates",3,"Projection",106925520.5
49,"Total population by sex","Total population by sex","World Population Prospects",2024,"United Nations Population Division",392,"Japan","JP","JPN",95,"2044",1,"95% lower bound",3,"Both sexes",188,0,-1,"Total",0,"Not applicable",1,"Model-based Estimates",3,"Projection",102619195
49,"Total population by sex","Total population by sex","World Population Prospects",2024,"United Nations Population Division",392,"Japan","JP","JPN",95,"2044",4,"Median",3,"Both sexes",188,0,-1,"Total",0,"Not applicable",1,"Model-based Estimates",3,"Projection",109259528.5
49,"Total population by sex","Total population by sex","World Population Prospects",2024,"United Nations Population Division",392,"Japan","JP","JPN",95,"2044",6,"95% upper bound",3,"Both sexes",188,0,-1,"Total",0,"Not applicable",1,"Model-based Estimates",3,"Projection",116517879
49,"Total population by sex","Total population by sex","World Population Prospects",2024,"United Nations Population Division",392,"Japan","JP","JPN",95,"2044",13,"Zero-migration",3,"Both sexes",188,0,-1,"Total",0,"Not applicable",1,"Model-based Estimates",3,"Projection",106000466.5
49,"Total population by sex","Total population by sex","World Population Prospects",2024,"United Nations Population Division",392,"Japan","JP","JPN",96,"2045",1,"95% lower bound",3,"Both sexes",188,0,-1,"Total",0,"Not applicable",1,"Model-based Estimates",3,"Projection",101668599
49,"Total population by sex","Total population by sex","World Population Prospects",2024,"United Nations Population Division",392,"Japan","JP","JPN",96,"2045",4,"Median",3,"Both sexes",188,0,-1,"Total",0,"Not applicable",1,"Model-based Estimates",3,"Projection",108551994.5
49,"Total population by sex","Total population by sex","World Population Prospects",2024,"United Nations Population Division",392,"Japan","JP","JPN",96,"2045",6,"95% upper bound",3,"Both sexes",188,0,-1,"Total",0,"Not applicable",1,"Model-based Estimates",3,"Projection",116249098
49,"Total population by sex","Total population by sex","World Population Prospects",2024,"United Nations Population Division",392,"Japan","JP","JPN",96,"2045",13,"Zero-migration",3,"Both sexes",188,0,-1,"Total",0,"Not applicable",1,"Model-based Estimates",3,"Projection",105079844.5
49,"Total population by sex","Total population by sex","World Population Prospects",2024,"United Nations Population Division",392,"Japan","JP","JPN",97,"2046",1,"95% lower bound",3,"Both sexes",188,0,-1,"Total",0,"Not applicable",1,"Model-based Estimates",3,"Projection",100616960
49,"Total population by sex","Total population by sex","World Population Prospects",2024,"United Nations Population Division",392,"Japan","JP","JPN",97,"2046",4,"Median",3,"Both sexes",188,0,-1,"Total",0,"Not applicable",1,"Model-based Estimates",3,"Projection",107850580.5
49,"Total population by sex","Total population by sex","World Population Prospects",2024,"United Nations Population Division",392,"Japan","JP","JPN",97,"2046",6,"95% upper bound",3,"Both sexes",188,0,-1,"Total",0,"Not applicable",1,"Model-based Estimates",3,"Projection",115935610
49,"Total population by sex","Total population by sex","World Population Prospects",2024,"United Nations Population Division",392,"Japan","JP","JPN",97,"2046",13,"Zero-migration",3,"Both sexes",188,0,-1,"Total",0,"Not applicable",1,"Model-based Estimates",3,"Projection",104164017.5
49,"Total population by sex","Total population by sex","World Population Prospects",2024,"United Nations Population Division",392,"Japan","JP","JPN",98,"2047",1,"95% lower bound",3,"Both sexes",188,0,-1,"Total",0,"Not applicable",1,"Model-based Estimates",3,"Projection",99545019
49,"Total population by sex","Total population by sex","World Population Prospects",2024,"United Nations Population Division",392,"Japan","JP","JPN",98,"2047",4,"Median",3,"Both sexes",188,0,-1,"Total",0,"Not applicable",1,"Model-based Estimates",3,"Projection",107157970
49,"Total population by sex","Total population by sex","World Population Prospects",2024,"United Nations Population Division",392,"Japan","JP","JPN",98,"2047",6,"95% upper bound",3,"Both sexes",188,0,-1,"Total",0,"Not applicable",1,"Model-based Estimates",3,"Projection",115630775
49,"Total population by sex","Total population by sex","World Population Prospects",2024,"United Nations Population Division",392,"Japan","JP","JPN",98,"2047",13,"Zero-migration",3,"Both sexes",188,0,-1,"Total",0,"Not applicable",1,"Model-based Estimates",3,"Projection",103253535
49,"Total population by sex","Total population by sex","World Population Prospects",2024,"United Nations Population Division",392,"Japan","JP","JPN",99,"2048",1,"95% lower bound",3,"Both sexes",188,0,-1,"Total",0,"Not applicable",1,"Model-based Estimates",3,"Projection",98517744
49,"Total population by sex","Total population by sex","World Population Prospects",2024,"United Nations Population Division",392,"Japan","JP","JPN",99,"2048",4,"Median",3,"Both sexes",188,0,-1,"Total",0,"Not applicable",1,"Model-based Estimates",3,"Projection",106474329
49,"Total population by sex","Total population by sex","World Population Prospects",2024,"United Nations Population Division",392,"Japan","JP","JPN",99,"2048",6,"95% upper bound",3,"Both sexes",188,0,-1,"Total",0,"Not applicable",1,"Model-based Estimates",3,"Projection",115354464
49,"Total population by sex","Total population by sex","World Population Prospects",2024,"United Nations Population Division",392,"Japan","JP","JPN",99,"2048",13,"Zero-migration",3,"Both sexes",188,0,-1,"Total",0,"Not applicable",1,"Model-based Estimates",3,"Projection",102348680
49,"Total population by sex","Total population by sex","World Population Prospects",2024,"United Nations Population Division",392,"Japan","JP","JPN",100,"2049",1,"95% lower bound",3,"Both sexes",188,0,-1,"Total",0,"Not applicable",1,"Model-based Estimates",3,"Projection",97461981
49,"Total population by sex","Total population by sex","World Population Prospects",2024,"United Nations Population Division",392,"Japan","JP","JPN",100,"2049",4,"Median",3,"Both sexes",188,0,-1,"Total",0,"Not applicable",1,"Model-based Estimates",3,"Projection",105796844
49,"Total population by sex","Total population by sex","World Population Prospects",2024,"United Nations Population Division",392,"Japan","JP","JPN",100,"2049",6,"95% upper bound",3,"Both sexes",188,0,-1,"Total",0,"Not applicable",1,"Model-based Estimates",3,"Projection",115161824
49,"Total population by sex","Total population by sex","World Population Prospects",2024,"United Nations Population Division",392,"Japan","JP","JPN",100,"2049",13,"Zero-migration",3,"Both sexes",188,0,-1,"Total",0,"Not applicable",1,"Model-based Estimates",3,"Projection",101447452
49,"Total population by sex","Total population by sex","World Population Prospects",2024,"United Nations Population Division",392,"Japan","JP","JPN",101,"2050",1,"95% lower bound",3,"Both sexes",188,0,-1,"Total",0,"Not applicable",1,"Model-based Estimates",3,"Projection",96377212
49,"Total population by sex","Total population by sex","World Population Prospects",2024,"United Nations Population Division",392,"Japan","JP","JPN",101,"2050",4,"Median",3,"Both sexes",188,0,-1,"Total",0,"Not applicable",1,"Model-based Estimates",3,"Projection",105123167.5
49,"Total population by sex","Total population by sex","World Population Prospects",2024,"United Nations Population Division",392,"Japan","JP","JPN",101,"2050",6,"95% upper bound",3,"Both sexes",188,0,-1,"Total",0,"Not applicable",1,"Model-based Estimates",3,"Projection",114954551
49,"Total population by sex","Total population by sex","World Population Prospects",2024,"United Nations Population Division",392,"Japan","JP","JPN",101,"2050",13,"Zero-migration",3,"Both sexes",188,0,-1,"Total",0,"Not applicable",1,"Model-based Estimates",3,"Projection",100547962
49,"Total population by sex","Total population by sex","World Population Prospects",2024,"United Nations Population Division",392,"Japan","JP","JPN",102,"2051",1,"95% lower bound",3,"Both sexes",188,0,-1,"Total",0,"Not applicable",1,"Model-based Estimates",3,"Projection",95248015
49,"Total population by sex","Total population by sex","World Population Prospects",2024,"United Nations Population Division",392,"Japan","JP","JPN",102,"2051",4,"Median",3,"Both sexes",188,0,-1,"Total",0,"Not applicable",1,"Model-based Estimates",3,"Projection",104452458.5
49,"Total population by sex","Total population by sex","World Population Prospects",2024,"United Nations Population Division",392,"Japan","JP","JPN",102,"2051",6,"95% upper bound",3,"Both sexes",188,0,-1,"Total",0,"Not applicable",1,"Model-based Estimates",3,"Projection",114659182
49,"Total population by sex","Total population by sex","World Population Prospects",2024,"United Nations Population Division",392,"Japan","JP","JPN",102,"2051",13,"Zero-migration",3,"Both sexes",188,0,-1,"Total",0,"Not applicable",1,"Model-based Estimates",3,"Projection",99649005
49,"Total population by sex","Total population by sex","World Population Prospects",2024,"United Nations Population Division",392,"Japan","JP","JPN",103,"2052",1,"95% lower bound",3,"Both sexes",188,0,-1,"Total",0,"Not applicable",1,"Model-based Estimates",3,"Projection",94074772
49,"Total population by sex","Total population by sex","World Population Prospects",2024,"United Nations Population Division",392,"Japan","JP","JPN",103,"2052",4,"Median",3,"Both sexes",188,0,-1,"Total",0,"Not applicable",1,"Model-based Estimates",3,"Projection",103778130
49,"Total population by sex","Total population by sex","World Population Prospects",2024,"United Nations Population Division",392,"Japan","JP","JPN",103,"2052",6,"95% upper bound",3,"Both sexes",188,0,-1,"Total",0,"Not applicable",1,"Model-based Estimates",3,"Projection",114354719
49,"Total population by sex","Total population by sex","World Population Prospects",2024,"United Nations Population Division",392,"Japan","JP","JPN",103,"2052",13,"Zero-migration",3,"Both sexes",188,0,-1,"Total",0,"Not applicable",1,"Model-based Estimates",3,"Projection",98749436.5
49,"Total population by sex","Total population by sex","World Population Prospects",2024,"United Nations Population Division",392,"Japan","JP","JPN",104,"2053",1,"95% lower bound",3,"Both sexes",188,0,-1,"Total",0,"Not applicable",1,"Model-based Estimates",3,"Projection",92952358
49,"Total population by sex","Total population by sex","World Population Prospects",2024,"United Nations Population Division",392,"Japan","JP","JPN",104,"2053",4,"Median",3,"Both sexes",188,0,-1,"Total",0,"Not applicable",1,"Model-based Estimates",3,"Projection",103100887.5
49,"Total population by sex","Total population by sex","World Population Prospects",2024,"United Nations Population Division",392,"Japan","JP","JPN",104,"2053",6,"95% upper bound",3,"Both sexes",188,0,-1,"Total",0,"Not applicable",1,"Model-based Estimates",3,"Projection",114154594
49,"Total population by sex","Total population by sex","World Population Prospects",2024,"United Nations Population Division",392,"Japan","JP","JPN",104,"2053",13,"Zero-migration",3,"Both sexes",188,0,-1,"Total",0,"Not applicable",1,"Model-based Estimates",3,"Projection",97845933
49,"Total population by sex","Total population by sex","World Population Prospects",2024,"United Nations Population Division",392,"Japan","JP","JPN",105,"2054",1,"95% lower bound",3,"Both sexes",188,0,-1,"Total",0,"Not applicable",1,"Model-based Estimates",3,"Projection",91914115
49,"Total population by sex","Total population by sex","World Population Prospects",2024,"United Nations Population Division",392,"Japan","JP","JPN",105,"2054",4,"Median",3,"Both sexes",188,0,-1,"Total",0,"Not applicable",1,"Model-based Estimates",3,"Projection",102415685
49,"Total population by sex","Total population by sex","World Population Prospects",2024,"United Nations Population Division",392,"Japan","JP","JPN",105,"2054",6,"95% upper bound",3,"Both sexes",188,0,-1,"Total",0,"Not applicable",1,"Model-based Estimates",3,"Projection",113920537
49,"Total population by sex","Total population by sex","World Population Prospects",2024,"United Nations Population Division",392,"Japan","JP","JPN",105,"2054",13,"Zero-migration",3,"Both sexes",188,0,-1,"Total",0,"Not applicable",1,"Model-based Estimates",3,"Projection",96936521.5
49,"Total population by sex","Total population by sex","World Population Prospects",2024,"United Nations Population Division",392,"Japan","JP","JPN",106,"2055",1,"95% lower bound",3,"Both sexes",188,0,-1,"Total",0,"Not applicable",1,"Model-based Estimates",3,"Projection",90854442
49,"Total population by sex","Total population by sex","World Population Prospects",2024,"United Nations Population Division",392,"Japan","JP","JPN",106,"2055",4,"Median",3,"Both sexes",188,0,-1,"Total",0,"Not applicable",1,"Model-based Estimates",3,"Projection",101721352
49,"Total population by sex","Total population by sex","World Population Prospects",2024,"United Nations Population Division",392,"Japan","JP","JPN",106,"2055",6,"95% upper bound",3,"Both sexes",188,0,-1,"Total",0,"Not applicable",1,"Model-based Estimates",3,"Projection",113679398
49,"Total population by sex","Total population by sex","World Population Prospects",2024,"United Nations Population Division",392,"Japan","JP","JPN",106,"2055",13,"Zero-migration",3,"Both sexes",188,0,-1,"Total",0,"Not applicable",1,"Model-based Estimates",3,"Projection",96020617
49,"Total population by sex","Total population by sex","World Population Prospects",2024,"United Nations Population Division",392,"Japan","JP","JPN",107,"2056",1,"95% lower bound",3,"Both sexes",188,0,-1,"Total",0,"Not applicable",1,"Model-based Estimates",3,"Projection",89768436
49,"Total population by sex","Total population by sex","World Population Prospects",2024,"United Nations Population Division",392,"Japan","JP","JPN",107,"2056",4,"Median",3,"Both sexes",188,0,-1,"Total",0,"Not applicable",1,"Model-based Estimates",3,"Projection",101018742
49,"Total population by sex","Total population by sex","World Population Prospects",2024,"United Nations Population Division",392,"Japan","JP","JPN",107,"2056",6,"95% upper bound",3,"Both sexes",188,0,-1,"Total",0,"Not applicable",1,"Model-based Estimates",3,"Projection",113448399
49,"Total population by sex","Total population by sex","World Population Prospects",2024,"United Nations Population Division",392,"Japan","JP","JPN",107,"2056",13,"Zero-migration",3,"Both sexes",188,0,-1,"Total",0,"Not applicable",1,"Model-based Estimates",3,"Projection",95095457
49,"Total population by sex","Total population by sex","World Population Prospects",2024,"United Nations Population Division",392,"Japan","JP","JPN",108,"2057",1,"95% lower bound",3,"Both sexes",188,0,-1,"Total",0,"Not applicable",1,"Model-based Estimates",3,"Projection",88639660
49,"Total population by sex","Total population by sex","World Population Prospects",2024,"United Nations Population Division",392,"Japan","JP","JPN",108,"2057",4,"Median",3,"Both sexes",188,0,-1,"Total",0,"Not applicable",1,"Model-based Estimates",3,"Projection",100304740.5
49,"Total population by sex","Total population by sex","World Population Prospects",2024,"United Nations Population Division",392,"Japan","JP","JPN",108,"2057",6,"95% upper bound",3,"Both sexes",188,0,-1,"Total",0,"Not applicable",1,"Model-based Estimates",3,"Projection",113179287
49,"Total population by sex","Total population by sex","World Population Prospects",2024,"United Nations Population Division",392,"Japan","JP","JPN",108,"2057",13,"Zero-migration",3,"Both sexes",188,0,-1,"Total",0,"Not applicable",1,"Model-based Estimates",3,"Projection",94159525.5
49,"Total population by sex","Total population by sex","World Population Prospects",2024,"United Nations Population Division",392,"Japan","JP","JPN",109,"2058",1,"95% lower bound",3,"Both sexes",188,0,-1,"Total",0,"Not applicable",1,"Model-based Estimates",3,"Projection",87510248
49,"Total population by sex","Total population by sex","World Population Prospects",2024,"United Nations Population Division",392,"Japan","JP","JPN",109,"2058",4,"Median",3,"Both sexes",188,0,-1,"Total",0,"Not applicable",1,"Model-based Estimates",3,"Projection",99583491
49,"Total population by sex","Total population by sex","World Population Prospects",2024,"United Nations Population Division",392,"Japan","JP","JPN",109,"2058",6,"95% upper bound",3,"Both sexes",188,0,-1,"Total",0,"Not applicable",1,"Model-based Estimates",3,"Projection",112959995
49,"Total population by sex","Total population by sex","World Population Prospects",2024,"United Nations Population Division",392,"Japan","JP","JPN",109,"2058",13,"Zero-migration",3,"Both sexes",188,0,-1,"Total",0,"Not applicable",1,"Model-based Estimates",3,"Projection",93213165
49,"Total population by sex","Total population by sex","World Population Prospects",2024,"United Nations Population Division",392,"Japan","JP","JPN",110,"2059",1,"95% lower bound",3,"Both sexes",188,0,-1,"Total",0,"Not applicable",1,"Model-based Estimates",3,"Projection",86277545
49,"Total population by sex","Total population by sex","World Population Prospects",2024,"United Nations Population Division",392,"Japan","JP","JPN",110,"2059",4,"Median",3,"Both sexes",188,0,-1,"Total",0,"Not applicable",1,"Model-based Estimates",3,"Projection",98848887
49,"Total population by sex","Total population by sex","World Population Prospects",2024,"United Nations Population Division",392,"Japan","JP","JPN",110,"2059",6,"95% upper bound",3,"Both sexes",188,0,-1,"Total",0,"Not applicable",1,"Model-based Estimates",3,"Projection",112790677
49,"Total population by sex","Total population by sex","World Population Prospects",2024,"United Nations Population Division",392,"Japan","JP","JPN",110,"2059",13,"Zero-migration",3,"Both sexes",188,0,-1,"Total",0,"Not applicable",1,"Model-based Estimates",3,"Projection",92256712.5
49,"Total population by sex","Total population by sex","World Population Prospects",2024,"United Nations Population Division",392,"Japan","JP","JPN",111,"2060",1,"95% lower bound",3,"Both sexes",188,0,-1,"Total",0,"Not applicable",1,"Model-based Estimates",3,"Projection",85076897
49,"Total population by sex","Total population by sex","World Population Prospects",2024,"United Nations Population Division",392,"Japan","JP","JPN",111,"2060",4,"Median",3,"Both sexes",188,0,-1,"Total",0,"Not applicable",1,"Model-based Estimates",3,"Projection",98103218.5
49,"Total population by sex","Total population by sex","World Population Prospects",2024,"United Nations Population Division",392,"Japan","JP","JPN",111,"2060",6,"95% upper bound",3,"Both sexes",188,0,-1,"Total",0,"Not applicable",1,"Model-based Estimates",3,"Projection",112556063
49,"Total population by sex","Total population by sex","World Population Prospects",2024,"United Nations Population Division",392,"Japan","JP","JPN",111,"2060",13,"Zero-migration",3,"Both sexes",188,0,-1,"Total",0,"Not applicable",1,"Model-based Estimates",3,"Projection",91290963.5
49,"Total population by sex","Total population by sex","World Population Prospects",2024,"United Nations Population Division",392,"Japan","JP","JPN",112,"2061",1,"95% lower bound",3,"Both sexes",188,0,-1,"Total",0,"Not applicable",1,"Model-based Estimates",3,"Projection",84017780
49,"Total population by sex","Total population by sex","World Population Prospects",2024,"United Nations Population Division",392,"Japan","JP","JPN",112,"2061",4,"Median",3,"Both sexes",188,0,-1,"Total",0,"Not applicable",1,"Model-based Estimates",3,"Projection",97353646
49,"Total population by sex","Total population by sex","World Population Prospects",2024,"United Nations Population Division",392,"Japan","JP","JPN",112,"2061",6,"95% upper bound",3,"Both sexes",188,0,-1,"Total",0,"Not applicable",1,"Model-based Estimates",3,"Projection",112245191
49,"Total population by sex","Total population by sex","World Population Prospects",2024,"United Nations Population Division",392,"Japan","JP","JPN",112,"2061",13,"Zero-migration",3,"Both sexes",188,0,-1,"Total",0,"Not applicable",1,"Model-based Estimates",3,"Projection",90315640.5
49,"Total population by sex","Total population by sex","World Population Prospects",2024,"United Nations Population Division",392,"Japan","JP","JPN",113,"2062",1,"95% lower bound",3,"Both sexes",188,0,-1,"Total",0,"Not applicable",1,"Model-based Estimates",3,"Projection",82860064
49,"Total population by sex","Total population by sex","World Population Prospects",2024,"United Nations Population Division",392,"Japan","JP","JPN",113,"2062",4,"Median",3,"Both sexes",188,0,-1,"Total",0,"Not applicable",1,"Model-based Estimates",3,"Projection",96600089.5
49,"Total population by sex","Total population by sex","World Population Prospects",2024,"United Nations Population Division",392,"Japan","JP","JPN",113,"2062",6,"95% upper bound",3,"Both sexes",188,0,-1,"Total",0,"Not applicable",1,"Model-based Estimates",3,"Projection",111811366
49,"Total population by sex","Total population by sex","World Population Prospects",2024,"United Nations Population Division",392,"Japan","JP","JPN",113,"2062",13,"Zero-migration",3,"Both sexes",188,0,-1,"Total",0,"Not applicable",1,"Model-based Estimates",3,"Projection",89331196
49,"Total population by sex","Total population by sex","World Population Prospects",2024,"United Nations Population Division",392,"Japan","JP","JPN",114,"2063",1,"95% lower bound",3,"Both sexes",188,0,-1,"Total",0,"Not applicable",1,"Model-based Estimates",3,"Projection",81710278
49,"Total population by sex","Total population by sex","World Population Prospects",2024,"United Nations Population Division",392,"Japan","JP","JPN",114,"2063",4,"Median",3,"Both sexes",188,0,-1,"Total",0,"Not applicable",1,"Model-based Estimates",3,"Projection",95843768.5
49,"Total population by sex","Total population by sex","World Population Prospects",2024,"United Nations Population Division",392,"Japan","JP","JPN",114,"2063",6,"95% upper bound",3,"Both sexes",188,0,-1,"Total",0,"Not applicable",1,"Model-based Estimates",3,"Projection",111375681
49,"Total population by sex","Total population by sex","World Population Prospects",2024,"United Nations Population Division",392,"Japan","JP","JPN",114,"2063",13,"Zero-migration",3,"Both sexes",188,0,-1,"Total",0,"Not applicable",1,"Model-based Estimates",3,"Projection",88340593.5
49,"Total population by sex","Total population by sex","World Population Prospects",2024,"United Nations Population Division",392,"Japan","JP","JPN",115,"2064",1,"95% lower bound",3,"Both sexes",188,0,-1,"Total",0,"Not applicable",1,"Model-based Estimates",3,"Projection",80657251
49,"Total population by sex","Total population by sex","World Population Prospects",2024,"United Nations Population Division",392,"Japan","JP","JPN",115,"2064",4,"Median",3,"Both sexes",188,0,-1,"Total",0,"Not applicable",1,"Model-based Estimates",3,"Projection",95085857.5
49,"Total population by sex","Total population by sex","World Population Prospects",2024,"United Nations Population Division",392,"Japan","JP","JPN",115,"2064",6,"95% upper bound",3,"Both sexes",188,0,-1,"Total",0,"Not applicable",1,"Model-based Estimates",3,"Projection",111160523
49,"Total population by sex","Total population by sex","World Population Prospects",2024,"United Nations Population Division",392,"Japan","JP","JPN",115,"2064",13,"Zero-migration",3,"Both sexes",188,0,-1,"Total",0,"Not applicable",1,"Model-based Estimates",3,"Projection",87345194
49,"Total population by sex","Total population by sex","World Population Prospects",2024,"United Nations Population Division",392,"Japan","JP","JPN",116,"2065",1,"95% lower bound",3,"Both sexes",188,0,-1,"Total",0,"Not applicable",1,"Model-based Estimates",3,"Projection",79439798
49,"Total population by sex","Total population by sex","World Population Prospects",2024,"United Nations Population Division",392,"Japan","JP","JPN",116,"2065",4,"Median",3,"Both sexes",188,0,-1,"Total",0,"Not applicable",1,"Model-based Estimates",3,"Projection",94324173
49,"Total population by sex","Total population by sex","World Population Prospects",2024,"United Nations Population Division",392,"Japan","JP","JPN",116,"2065",6,"95% upper bound",3,"Both sexes",188,0,-1,"Total",0,"Not applicable",1,"Model-based Estimates",3,"Projection",110899183
49,"Total population by sex","Total population by sex","World Population Prospects",2024,"United Nations Population Division",392,"Japan","JP","JPN",116,"2065",13,"Zero-migration",3,"Both sexes",188,0,-1,"Total",0,"Not applicable",1,"Model-based Estimates",3,"Projection",86347640.5
49,"Total population by sex","Total population by sex","World Population Prospects",2024,"United Nations Population Division",392,"Japan","JP","JPN",117,"2066",1,"95% lower bound",3,"Both sexes",188,0,-1,"Total",0,"Not applicable",1,"Model-based Estimates",3,"Projection",78036072
49,"Total population by sex","Total population by sex","World Population Prospects",2024,"United Nations Population Division",392,"Japan","JP","JPN",117,"2066",4,"Median",3,"Both sexes",188,0,-1,"Total",0,"Not applicable",1,"Model-based Estimates",3,"Projection",93563620
49,"Total population by sex","Total population by sex","World Population Prospects",2024,"United Nations Population Division",392,"Japan","JP","JPN",117,"2066",6,"95% upper bound",3,"Both sexes",188,0,-1,"Total",0,"Not applicable",1,"Model-based Estimates",3,"Projection",110671210
49,"Total population by sex","Total population by sex","World Population Prospects",2024,"United Nations Population Division",392,"Japan","JP","JPN",117,"2066",13,"Zero-migration",3,"Both sexes",188,0,-1,"Total",0,"Not applicable",1,"Model-based Estimates",3,"Projection",85351163
49,"Total population by sex","Total population by sex","World Population Prospects",2024,"United Nations Population Division",392,"Japan","JP","JPN",118,"2067",1,"95% lower bound",3,"Both sexes",188,0,-1,"Total",0,"Not applicable",1,"Model-based Estimates",3,"Projection",76699185
49,"Total population by sex","Total population by sex","World Population Prospects",2024,"United Nations Population Division",392,"Japan","JP","JPN",118,"2067",4,"Median",3,"Both sexes",188,0,-1,"Total",0,"Not applicable",1,"Model-based Estimates",3,"Projection",92812404
49,"Total population by sex","Total population by sex","World Population Prospects",2024,"United Nations Population Division",392,"Japan","JP","JPN",118,"2067",6,"95% upper bound",3,"Both sexes",188,0,-1,"Total",0,"Not applicable",1,"Model-based Estimates",3,"Projection",110477593
49,"Total population by sex","Total population by sex","World Population Prospects",2024,"United Nations Population Division",392,"Japan","JP","JPN",118,"2067",13,"Zero-migration",3,"Both sexes",188,0,-1,"Total",0,"Not applicable",1,"Model-based Estimates",3,"Projection",84357576.5
49,"Total population by sex","Total population by sex","World Population Prospects",2024,"United Nations Population Division",392,"Japan","JP","JPN",119,"2068",1,"95% lower bound",3,"Both sexes",188,0,-1,"Total",0,"Not applicable",1,"Model-based Estimates",3,"Projection",75501356
49,"Total population by sex","Total population by sex","World Population Prospects",2024,"United Nations Population Division",392,"Japan","JP","JPN",119,"2068",4,"Median",3,"Both sexes",188,0,-1,"Total",0,"Not applicable",1,"Model-based Estimates",3,"Projection",92067790.5
49,"Total population by sex","Total population by sex","World Population Prospects",2024,"United Nations Population Division",392,"Japan","JP","JPN",119,"2068",6,"95% upper bound",3,"Both sexes",188,0,-1,"Total",0,"Not applicable",1,"Model-based Estimates",3,"Projection",110175396
49,"Total population by sex","Total population by sex","World Population Prospects",2024,"United Nations Population Division",392,"Japan","JP","JPN",119,"2068",13,"Zero-migration",3,"Both sexes",188,0,-1,"Total",0,"Not applicable",1,"Model-based Estimates",3,"Projection",83370496
49,"Total population by sex","Total population by sex","World Population Prospects",2024,"United Nations Population Division",392,"Japan","JP","JPN",120,"2069",1,"95% lower bound",3,"Both sexes",188,0,-1,"Total",0,"Not applicable",1,"Model-based Estimates",3,"Projection",74368560
49,"Total population by sex","Total population by sex","World Population Prospects",2024,"United Nations Population Division",392,"Japan","JP","JPN",120,"2069",4,"Median",3,"Both sexes",188,0,-1,"Total",0,"Not applicable",1,"Model-based Estimates",3,"Projection",91332806.5
49,"Total population by sex","Total population by sex","World Population Prospects",2024,"United Nations Population Division",392,"Japan","JP","JPN",120,"2069",6,"95% upper bound",3,"Both sexes",188,0,-1,"Total",0,"Not applicable",1,"Model-based Estimates",3,"Projection",110001790
49,"Total population by sex","Total population by sex","World Population Prospects",2024,"United Nations Population Division",392,"Japan","JP","JPN",120,"2069",13,"Zero-migration",3,"Both sexes",188,0,-1,"Total",0,"Not applicable",1,"Model-based Estimates",3,"Projection",82393354.5
49,"Total population by sex","Total population by sex","World Population Prospects",2024,"United Nations Population Division",392,"Japan","JP","JPN",121,"2070",1,"95% lower bound",3,"Both sexes",188,0,-1,"Total",0,"Not applicable",1,"Model-based Estimates",3,"Projection",73282720
49,"Total population by sex","Total population by sex","World Population Prospects",2024,"United Nations Population Division",392,"Japan","JP","JPN",121,"2070",4,"Median",3,"Both sexes",188,0,-1,"Total",0,"Not applicable",1,"Model-based Estimates",3,"Projection",90611771
49,"Total population by sex","Total population by sex","World Population Prospects",2024,"United Nations Population Division",392,"Japan","JP","JPN",121,"2070",6,"95% upper bound",3,"Both sexes",188,0,-1,"Total",0,"Not applicable",1,"Model-based Estimates",3,"Projection",109992106
49,"Total population by sex","Total population by sex","World Population Prospects",2024,"United Nations Population Division",392,"Japan","JP","JPN",121,"2070",13,"Zero-migration",3,"Both sexes",188,0,-1,"Total",0,"Not applicable",1,"Model-based Estimates",3,"Projection",81428977
49,"Total population by sex","Total population by sex","World Population Prospects",2024,"United Nations Population Division",392,"Japan","JP","JPN",122,"2071",1,"95% lower bound",3,"Both sexes",188,0,-1,"Total",0,"Not applicable",1,"Model-based Estimates",3,"Projection",72213214
49,"Total population by sex","Total population by sex","World Population Prospects",2024,"United Nations Population Division",392,"Japan","JP","JPN",122,"2071",4,"Median",3,"Both sexes",188,0,-1,"Total",0,"Not applicable",1,"Model-based Estimates",3,"Projection",89911340
49,"Total population by sex","Total population by sex","World Population Prospects",2024,"United Nations Population Division",392,"Japan","JP","JPN",122,"2071",6,"95% upper bound",3,"Both sexes",188,0,-1,"Total",0,"Not applicable",1,"Model-based Estimates",3,"Projection",109851081
49,"Total population by sex","Total population by sex","World Population Prospects",2024,"United Nations Population Division",392,"Japan","JP","JPN",122,"2071",13,"Zero-migration",3,"Both sexes",188,0,-1,"Total",0,"Not applicable",1,"Model-based Estimates",3,"Projection",80480713.5
49,"Total population by sex","Total population by sex","World Population Prospects",2024,"United Nations Population Division",392,"Japan","JP","JPN",123,"2072",1,"95% lower bound",3,"Both sexes",188,0,-1,"Total",0,"Not applicable",1,"Model-based Estimates",3,"Projection",71210235
49,"Total population by sex","Total population by sex","World Population Prospects",2024,"United Nations Population Division",392,"Japan","JP","JPN",123,"2072",4,"Median",3,"Both sexes",188,0,-1,"Total",0,"Not applicable",1,"Model-based Estimates",3,"Projection",89235968
49,"Total population by sex","Total population by sex","World Population Prospects",2024,"United Nations Population Division",392,"Japan","JP","JPN",123,"2072",6,"95% upper bound",3,"Both sexes",188,0,-1,"Total",0,"Not applicable",1,"Model-based Estimates",3,"Projection",109701874
49,"Total population by sex","Total population by sex","World Population Prospects",2024,"United Nations Population Division",392,"Japan","JP","JPN",123,"2072",13,"Zero-migration",3,"Both sexes",188,0,-1,"Total",0,"Not applicable",1,"Model-based Estimates",3,"Projection",79550376.5
49,"Total population by sex","Total population by sex","World Population Prospects",2024,"United Nations Population Division",392,"Japan","JP","JPN",124,"2073",1,"95% lower bound",3,"Both sexes",188,0,-1,"Total",0,"Not applicable",1,"Model-based Estimates",3,"Projection",70181781
49,"Total population by sex","Total population by sex","World Population Prospects",2024,"United Nations Population Division",392,"Japan","JP","JPN",124,"2073",4,"Median",3,"Both sexes",188,0,-1,"Total",0,"Not applicable",1,"Model-based Estimates",3,"Projection",88580980.5
49,"Total population by sex","Total population by sex","World Population Prospects",2024,"United Nations Population Division",392,"Japan","JP","JPN",124,"2073",6,"95% upper bound",3,"Both sexes",188,0,-1,"Total",0,"Not applicable",1,"Model-based Estimates",3,"Projection",109553073
49,"Total population by sex","Total population by sex","World Population Prospects",2024,"United Nations Population Division",392,"Japan","JP","JPN",124,"2073",13,"Zero-migration",3,"Both sexes",188,0,-1,"Total",0,"Not applicable",1,"Model-based Estimates",3,"Projection",78639426
49,"Total population by sex","Total population by sex","World Population Prospects",2024,"United Nations Population Division",392,"Japan","JP","JPN",125,"2074",1,"95% lower bound",3,"Both sexes",188,0,-1,"Total",0,"Not applicable",1,"Model-based Estimates",3,"Projection",69165867
49,"Total population by sex","Total population by sex","World Population Prospects",2024,"United Nations Population Division",392,"Japan","JP","JPN",125,"2074",4,"Median",3,"Both sexes",188,0,-1,"Total",0,"Not applicable",1,"Model-based Estimates",3,"Projection",87952001.5
49,"Total population by sex","Total population by sex","World Population Prospects",2024,"United Nations Population Division",392,"Japan","JP","JPN",125,"2074",6,"95% upper bound",3,"Both sexes",188,0,-1,"Total",0,"Not applicable",1,"Model-based Estimates",3,"Projection",109433255
49,"Total population by sex","Total population by sex","World Population Prospects",2024,"United Nations Population Division",392,"Japan","JP","JPN",125,"2074",13,"Zero-migration",3,"Both sexes",188,0,-1,"Total",0,"Not applicable",1,"Model-based Estimates",3,"Projection",77750330.5
49,"Total population by sex","Total population by sex","World Population Prospects",2024,"United Nations Population Division",392,"Japan","JP","JPN",126,"2075",1,"95% lower bound",3,"Both sexes",188,0,-1,"Total",0,"Not applicable",1,"Model-based Estimates",3,"Projection",68213175
49,"Total population by sex","Total population by sex","World Population Prospects",2024,"United Nations Population Division",392,"Japan","JP","JPN",126,"2075",4,"Median",3,"Both sexes",188,0,-1,"Total",0,"Not applicable",1,"Model-based Estimates",3,"Projection",87352846.5
49,"Total population by sex","Total population by sex","World Population Prospects",2024,"United Nations Population Division",392,"Japan","JP","JPN",126,"2075",6,"95% upper bound",3,"Both sexes",188,0,-1,"Total",0,"Not applicable",1,"Model-based Estimates",3,"Projection",109515914
49,"Total population by sex","Total population by sex","World Population Prospects",2024,"United Nations Population Division",392,"Japan","JP","JPN",126,"2075",13,"Zero-migration",3,"Both sexes",188,0,-1,"Total",0,"Not applicable",1,"Model-based Estimates",3,"Projection",76884253.5
49,"Total population by sex","Total population by sex","World Population Prospects",2024,"United Nations Population Division",392,"Japan","JP","JPN",127,"2076",1,"95% lower bound",3,"Both sexes",188,0,-1,"Total",0,"Not applicable",1,"Model-based Estimates",3,"Projection",67227580
49,"Total population by sex","Total population by sex","World Population Prospects",2024,"United Nations Population Division",392,"Japan","JP","JPN",127,"2076",4,"Median",3,"Both sexes",188,0,-1,"Total",0,"Not applicable",1,"Model-based Estimates",3,"Projection",86780662
49,"Total population by sex","Total population by sex","World Population Prospects",2024,"United Nations Population Division",392,"Japan","JP","JPN",127,"2076",6,"95% upper bound",3,"Both sexes",188,0,-1,"Total",0,"Not applicable",1,"Model-based Estimates",3,"Projection",109632406
49,"Total population by sex","Total population by sex","World Population Prospects",2024,"United Nations Population Division",392,"Japan","JP","JPN",127,"2076",13,"Zero-migration",3,"Both sexes",188,0,-1,"Total",0,"Not applicable",1,"Model-based Estimates",3,"Projection",76041262
49,"Total population by sex","Total population by sex","World Population Prospects",2024,"United Nations Population Division",392,"Japan","JP","JPN",128,"2077",1,"95% lower bound",3,"Both sexes",188,0,-1,"Total",0,"Not applicable",1,"Model-based Estimates",3,"Projection",66289686
49,"Total population by sex","Total population by sex","World Population Prospects",2024,"United Nations Population Division",392,"Japan","JP","JPN",128,"2077",4,"Median",3,"Both sexes",188,0,-1,"Total",0,"Not applicable",1,"Model-based Estimates",3,"Projection",86232702
49,"Total population by sex","Total population by sex","World Population Prospects",2024,"United Nations Population Division",392,"Japan","JP","JPN",128,"2077",6,"95% upper bound",3,"Both sexes",188,0,-1,"Total",0,"Not applicable",1,"Model-based Estimates",3,"Projection",109474925
49,"Total population by sex","Total population by sex","World Population Prospects",2024,"United Nations Population Division",392,"Japan","JP","JPN",128,"2077",13,"Zero-migration",3,"Both sexes",188,0,-1,"Total",0,"Not applicable",1,"Model-based Estimates",3,"Projection",75219914.5
49,"Total population by sex","Total population by sex","World Population Prospects",2024,"United Nations Population Division",392,"Japan","JP","JPN",129,"2078",1,"95% lower bound",3,"Both sexes",188,0,-1,"Total",0,"Not applicable",1,"Model-based Estimates",3,"Projection",65337182
49,"Total population by sex","Total population by sex","World Population Prospects",2024,"United Nations Population Division",392,"Japan","JP","JPN",129,"2078",4,"Median",3,"Both sexes",188,0,-1,"Total",0,"Not applicable",1,"Model-based Estimates",3,"Projection",85708775.5
49,"Total population by sex","Total population by sex","World Population Prospects",2024,"United Nations Population Division",392,"Japan","JP","JPN",129,"2078",6,"95% upper bound",3,"Both sexes",188,0,-1,"Total",0,"Not applicable",1,"Model-based Estimates",3,"Projection",109504116
49,"Total population by sex","Total population by sex","World Population Prospects",2024,"United Nations Population Division",392,"Japan","JP","JPN",129,"2078",13,"Zero-migration",3,"Both sexes",188,0,-1,"Total",0,"Not applicable",1,"Model-based Estimates",3,"Projection",74419795
49,"Total population by sex","Total population by sex","World Population Prospects",2024,"United Nations Population Division",392,"Japan","JP","JPN",130,"2079",1,"95% lower bound",3,"Both sexes",188,0,-1,"Total",0,"Not applicable",1,"Model-based Estimates",3,"Projection",64462219
49,"Total population by sex","Total population by sex","World Population Prospects",2024,"United Nations Population Division",392,"Japan","JP","JPN",130,"2079",4,"Median",3,"Both sexes",188,0,-1,"Total",0,"Not applicable",1,"Model-based Estimates",3,"Projection",85209307
49,"Total population by sex","Total population by sex","World Population Prospects",2024,"United Nations Population Division",392,"Japan","JP","JPN",130,"2079",6,"95% upper bound",3,"Both sexes",188,0,-1,"Total",0,"Not applicable",1,"Model-based Estimates",3,"Projection",109619905
49,"Total population by sex","Total population by sex","World Population Prospects",2024,"United Nations Population Division",392,"Japan","JP","JPN",130,"2079",13,"Zero-migration",3,"Both sexes",188,0,-1,"Total",0,"Not applicable",1,"Model-based Estimates",3,"Projection",73639313
49,"Total population by sex","Total population by sex","World Population Prospects",2024,"United Nations Population Division",392,"Japan","JP","JPN",131,"2080",1,"95% lower bound",3,"Both sexes",188,0,-1,"Total",0,"Not applicable",1,"Model-based Estimates",3,"Projection",63633698
49,"Total population by sex","Total population by sex","World Population Prospects",2024,"United Nations Population Division",392,"Japan","JP","JPN",131,"2080",4,"Median",3,"Both sexes",188,0,-1,"Total",0,"Not applicable",1,"Model-based Estimates",3,"Projection",84729965.5
49,"Total population by sex","Total population by sex","World Population Prospects",2024,"United Nations Population Division",392,"Japan","JP","JPN",131,"2080",6,"95% upper bound",3,"Both sexes",188,0,-1,"Total",0,"Not applicable",1,"Model-based Estimates",3,"Projection",109487658
49,"Total population by sex","Total population by sex","World Population Prospects",2024,"United Nations Population Division",392,"Japan","JP","JPN",131,"2080",13,"Zero-migration",3,"Both sexes",188,0,-1,"Total",0,"Not applicable",1,"Model-based Estimates",3,"Projection",72876408.5
49,"Total population by sex","Total population by sex","World Population Prospects",2024,"United Nations Population Division",392,"Japan","JP","JPN",132,"2081",1,"95% lower bound",3,"Both sexes",188,0,-1,"Total",0,"Not applicable",1,"Model-based Estimates",3,"Projection",62794840
49,"Total population by sex","Total population by sex","World Population Prospects",2024,"United Nations Population Division",392,"Japan","JP","JPN",132,"2081",4,"Median",3,"Both sexes",188,0,-1,"Total",0,"Not applicable",1,"Model-based Estimates",3,"Projection",84269888.5
49,"Total population by sex","Total population by sex","World Population Prospects",2024,"United Nations Population Division",392,"Japan","JP","JPN",132,"2081",6,"95% upper bound",3,"Both sexes",188,0,-1,"Total",0,"Not applicable",1,"Model-based Estimates",3,"Projection",109596637
49,"Total population by sex","Total population by sex","World Population Prospects",2024,"United Nations Population Division",392,"Japan","JP","JPN",132,"2081",13,"Zero-migration",3,"Both sexes",188,0,-1,"Total",0,"Not applicable",1,"Model-based Estimates",3,"Projection",72129849.5
49,"Total population by sex","Total population by sex","World Population Prospects",2024,"United Nations Population Division",392,"Japan","JP","JPN",133,"2082",1,"95% lower bound",3,"Both sexes",188,0,-1,"Total",0,"Not applicable",1,"Model-based Estimates",3,"Projection",62105401
49,"Total population by sex","Total population by sex","World Population Prospects",2024,"United Nations Population Division",392,"Japan","JP","JPN",133,"2082",4,"Median",3,"Both sexes",188,0,-1,"Total",0,"Not applicable",1,"Model-based Estimates",3,"Projection",83826897
49,"Total population by sex","Total population by sex","World Population Prospects",2024,"United Nations Population Division",392,"Japan","JP","JPN",133,"2082",6,"95% upper bound",3,"Both sexes",188,0,-1,"Total",0,"Not applicable",1,"Model-based Estimates",3,"Projection",109769922
49,"Total population by sex","Total population by sex","World Population Prospects",2024,"United Nations Population Division",392,"Japan","JP","JPN",133,"2082",13,"Zero-migration",3,"Both sexes",188,0,-1,"Total",0,"Not applicable",1,"Model-based Estimates",3,"Projection",71397779
49,"Total population by sex","Total population by sex","World Population Prospects",2024,"United Nations Population Division",392,"Japan","JP","JPN",134,"2083",1,"95% lower bound",3,"Both sexes",188,0,-1,"Total",0,"Not applicable",1,"Model-based Estimates",3,"Projection",61421343
49,"Total population by sex","Total population by sex","World Population Prospects",2024,"United Nations Population Division",392,"Japan","JP","JPN",134,"2083",4,"Median",3,"Both sexes",188,0,-1,"Total",0,"Not applicable",1,"Model-based Estimates",3,"Projection",83397932.5
49,"Total population by sex","Total population by sex","World Population Prospects",2024,"United Nations Population Division",392,"Japan","JP","JPN",134,"2083",6,"95% upper bound",3,"Both sexes",188,0,-1,"Total",0,"Not applicable",1,"Model-based Estimates",3,"Projection",109833904
49,"Total population by sex","Total population by sex","World Population Prospects",2024,"United Nations Population Division",392,"Japan","JP","JPN",134,"2083",13,"Zero-migration",3,"Both sexes",188,0,-1,"Total",0,"Not applicable",1,"Model-based Estimates",3,"Projection",70678597
49,"Total population by sex","Total population by sex","World Population Prospects",2024,"United Nations Population Division",392,"Japan","JP","JPN",135,"2084",1,"95% lower bound",3,"Both sexes",188,0,-1,"Total",0,"Not applicable",1,"Model-based Estimates",3,"Projection",60654324
49,"Total population by sex","Total population by sex","World Population Prospects",2024,"United Nations Population Division",392,"Japan","JP","JPN",135,"2084",4,"Median",3,"Both sexes",188,0,-1,"Total",0,"Not applicable",1,"Model-based Estimates",3,"Projection",82980374
49,"Total population by sex","Total population by sex","World Population Prospects",2024,"United Nations Population Division",392,"Japan","JP","JPN",135,"2084",6,"95% upper bound",3,"Both sexes",188,0,-1,"Total",0,"Not applicable",1,"Model-based Estimates",3,"Projection",109910803
49,"Total population by sex","Total population by sex","World Population Prospects",2024,"United Nations Population Division",392,"Japan","JP","JPN",135,"2084",13,"Zero-migration",3,"Both sexes",188,0,-1,"Total",0,"Not applicable",1,"Model-based Estimates",3,"Projection",69970215
49,"Total population by sex","Total population by sex","World Population Prospects",2024,"United Nations Population Division",392,"Japan","JP","JPN",136,"2085",1,"95% lower bound",3,"Both sexes",188,0,-1,"Total",0,"Not applicable",1,"Model-based Estimates",3,"Projection",59936831
49,"Total population by sex","Total population by sex","World Population Prospects",2024,"United Nations Population Division",392,"Japan","JP","JPN",136,"2085",4,"Median",3,"Both sexes",188,0,-1,"Total",0,"Not applicable",1,"Model-based Estimates",3,"Projection",82570777
49,"Total population by sex","Total population by sex","World Population Prospects",2024,"United Nations Population Division",392,"Japan","JP","JPN",136,"2085",6,"95% upper bound",3,"Both sexes",188,0,-1,"Total",0,"Not applicable",1,"Model-based Estimates",3,"Projection",110158601
49,"Total population by sex","Total population by sex","World Population Prospects",2024,"United Nations Population Division",392,"Japan","JP","JPN",136,"2085",13,"Zero-migration",3,"Both sexes",188,0,-1,"Total",0,"Not applicable",1,"Model-based Estimates",3,"Projection",69270796.5
49,"Total population by sex","Total population by sex","World Population Prospects",2024,"United Nations Population Division",392,"Japan","JP","JPN",137,"2086",1,"95% lower bound",3,"Both sexes",188,0,-1,"Total",0,"Not applicable",1,"Model-based Estimates",3,"Projection",59218901
49,"Total population by sex","Total population by sex","World Population Prospects",2024,"United Nations Population Division",392,"Japan","JP","JPN",137,"2086",4,"Median",3,"Both sexes",188,0,-1,"Total",0,"Not applicable",1,"Model-based Estimates",3,"Projection",82169887
49,"Total population by sex","Total population by sex","World Population Prospects",2024,"United Nations Population Division",392,"Japan","JP","JPN",137,"2086",6,"95% upper bound",3,"Both sexes",188,0,-1,"Total",0,"Not applicable",1,"Model-based Estimates",3,"Projection",110347517
49,"Total population by sex","Total population by sex","World Population Prospects",2024,"United Nations Population Division",392,"Japan","JP","JPN",137,"2086",13,"Zero-migration",3,"Both sexes",188,0,-1,"Total",0,"Not applicable",1,"Model-based Estimates",3,"Projection",68579171
49,"Total population by sex","Total population by sex","World Population Prospects",2024,"United Nations Population Division",392,"Japan","JP","JPN",138,"2087",1,"95% lower bound",3,"Both sexes",188,0,-1,"Total",0,"Not applicable",1,"Model-based Estimates",3,"Projection",58465244
49,"Total population by sex","Total population by sex","World Population Prospects",2024,"United Nations Population Division",392,"Japan","JP","JPN",138,"2087",4,"Median",3,"Both sexes",188,0,-1,"Total",0,"Not applicable",1,"Model-based Estimates",3,"Projection",81778184
49,"Total population by sex","Total population by sex","World Population Prospects",2024,"United Nations Population Division",392,"Japan","JP","JPN",138,"2087",6,"95% upper bound",3,"Both sexes",188,0,-1,"Total",0,"Not applicable",1,"Model-based Estimates",3,"Projection",110432389
49,"Total population by sex","Total population by sex","World Population Prospects",2024,"United Nations Population Division",392,"Japan","JP","JPN",138,"2087",13,"Zero-migration",3,"Both sexes",188,0,-1,"Total",0,"Not applicable",1,"Model-based Estimates",3,"Projection",67894217.5
49,"Total population by sex","Total population by sex","World Population Prospects",2024,"United Nations Population Division",392,"Japan","JP","JPN",139,"2088",1,"95% lower bound",3,"Both sexes",188,0,-1,"Total",0,"Not applicable",1,"Model-based Estimates",3,"Projection",57711979
49,"Total population by sex","Total population by sex","World Population Prospects",2024,"United Nations Population Division",392,"Japan","JP","JPN",139,"2088",4,"Median",3,"Both sexes",188,0,-1,"Total",0,"Not applicable",1,"Model-based Estimates",3,"Projection",81393977.5
49,"Total population by sex","Total population by sex","World Population Prospects",2024,"United Nations Population Division",392,"Japan","JP","JPN",139,"2088",6,"95% upper bound",3,"Both sexes",188,0,-1,"Total",0,"Not applicable",1,"Model-based Estimates",3,"Projection",110616799
49,"Total population by sex","Total population by sex","World Population Prospects",2024,"United Nations Population Division",392,"Japan","JP","JPN",139,"2088",13,"Zero-migration",3,"Both sexes",188,0,-1,"Total",0,"Not applicable",1,"Model-based Estimates",3,"Projection",67215076
49,"Total population by sex","Total population by sex","World Population Prospects",2024,"United Nations Population Division",392,"Japan","JP","JPN",140,"2089",1,"95% lower bound",3,"Both sexes",188,0,-1,"Total",0,"Not applicable",1,"Model-based Estimates",3,"Projection",56915932
49,"Total population by sex","Total population by sex","World Population Prospects",2024,"United Nations Population Division",392,"Japan","JP","JPN",140,"2089",4,"Median",3,"Both sexes",188,0,-1,"Total",0,"Not applicable",1,"Model-based Estimates",3,"Projection",81013197.5
49,"Total population by sex","Total population by sex","World Population Prospects",2024,"United Nations Population Division",392,"Japan","JP","JPN",140,"2089",6,"95% upper bound",3,"Both sexes",188,0,-1,"Total",0,"Not applicable",1,"Model-based Estimates",3,"Projection",110721992
49,"Total population by sex","Total population by sex","World Population Prospects",2024,"United Nations Population Division",392,"Japan","JP","JPN",140,"2089",13,"Zero-migration",3,"Both sexes",188,0,-1,"Total",0,"Not applicable",1,"Model-based Estimates",3,"Projection",66541232.99999999
49,"Total population by sex","Total population by sex","World Population Prospects",2024,"United Nations Population Division",392,"Japan","JP","JPN",141,"2090",1,"95% lower bound",3,"Both sexes",188,0,-1,"Total",0,"Not applicable",1,"Model-based Estimates",3,"Projection",56135102
49,"Total population by sex","Total population by sex","World Population Prospects",2024,"United Nations Population Division",392,"Japan","JP","JPN",141,"2090",4,"Median",3,"Both sexes",188,0,-1,"Total",0,"Not applicable",1,"Model-based Estimates",3,"Projection",80634393
49,"Total population by sex","Total population by sex","World Population Prospects",2024,"United Nations Population Division",392,"Japan","JP","JPN",141,"2090",6,"95% upper bound",3,"Both sexes",188,0,-1,"Total",0,"Not applicable",1,"Model-based Estimates",3,"Projection",110785603
49,"Total population by sex","Total population by sex","World Population Prospects",2024,"United Nations Population Division",392,"Japan","JP","JPN",141,"2090",13,"Zero-migration",3,"Both sexes",188,0,-1,"Total",0,"Not applicable",1,"Model-based Estimates",3,"Projection",65871466
49,"Total population by sex","Total population by sex","World Population Prospects",2024,"United Nations Population Division",392,"Japan","JP","JPN",142,"2091",1,"95% lower bound",3,"Both sexes",188,0,-1,"Total",0,"Not applicable",1,"Model-based Estimates",3,"Projection",55342754
49,"Total population by sex","Total population by sex","World Population Prospects",2024,"United Nations Population Division",392,"Japan","JP","JPN",142,"2091",4,"Median",3,"Both sexes",188,0,-1,"Total",0,"Not applicable",1,"Model-based Estimates",3,"Projection",80257724
49,"Total population by sex","Total population by sex","World Population Prospects",2024,"United Nations Population Division",392,"Japan","JP","JPN",142,"2091",6,"95% upper bound",3,"Both sexes",188,0,-1,"Total",0,"Not applicable",1,"Model-based Estimates",3,"Projection",110871127
49,"Total population by sex","Total population by sex","World Population Prospects",2024,"United Nations Population Division",392,"Japan","JP","JPN",142,"2091",13,"Zero-migration",3,"Both sexes",188,0,-1,"Total",0,"Not applicable",1,"Model-based Estimates",3,"Projection",65205605.5
49,"Total population by sex","Total population by sex","World Population Prospects",2024,"United Nations Population Division",392,"Japan","JP","JPN",143,"2092",1,"95% lower bound",3,"Both sexes",188,0,-1,"Total",0,"Not applicable",1,"Model-based Estimates",3,"Projection",54469375
49,"Total population by sex","Total population by sex","World Population Prospects",2024,"United Nations Population Division",392,"Japan","JP","JPN",143,"2092",4,"Median",3,"Both sexes",188,0,-1,"Total",0,"Not applicable",1,"Model-based Estimates",3,"Projection",79879696
49,"Total population by sex","Total population by sex","World Population Prospects",2024,"United Nations Population Division",392,"Japan","JP","JPN",143,"2092",6,"95% upper bound",3,"Both sexes",188,0,-1,"Total",0,"Not applicable",1,"Model-based Estimates",3,"Projection",111129586
49,"Total population by sex","Total population by sex","World Population Prospects",2024,"United Nations Population Division",392,"Japan","JP","JPN",143,"2092",13,"Zero-migration",3,"Both sexes",188,0,-1,"Total",0,"Not applicable",1,"Model-based Estimates",3,"Projection",64542998.5
49,"Total population by sex","Total population by sex","World Population Prospects",2024,"United Nations Population Division",392,"Japan","JP","JPN",144,"2093",1,"95% lower bound",3,"Both sexes",188,0,-1,"Total",0,"Not applicable",1,"Model-based Estimates",3,"Projection",53567175
49,"Total population by sex","Total population by sex","World Population Prospects",2024,"United Nations Population Division",392,"Japan","JP","JPN",144,"2093",4,"Median",3,"Both sexes",188,0,-1,"Total",0,"Not applicable",1,"Model-based Estimates",3,"Projection",79500582
49,"Total population by sex","Total population by sex","World Population Prospects",2024,"United Nations Population Division",392,"Japan","JP","JPN",144,"2093",6,"95% upper bound",3,"Both sexes",188,0,-1,"Total",0,"Not applicable",1,"Model-based Estimates",3,"Projection",111542752
49,"Total population by sex","Total population by sex","World Population Prospects",2024,"United Nations Population Division",392,"Japan","JP","JPN",144,"2093",13,"Zero-migration",3,"Both sexes",188,0,-1,"Total",0,"Not applicable",1,"Model-based Estimates",3,"Projection",63882671
49,"Total population by sex","Total population by sex","World Population Prospects",2024,"United Nations Population Division",392,"Japan","JP","JPN",145,"2094",1,"95% lower bound",3,"Both sexes",188,0,-1,"Total",0,"Not applicable",1,"Model-based Estimates",3,"Projection",52623801
49,"Total population by sex","Total population by sex","World Population Prospects",2024,"United Nations Population Division",392,"Japan","JP","JPN",145,"2094",4,"Median",3,"Both sexes",188,0,-1,"Total",0,"Not applicable",1,"Model-based Estimates",3,"Projection",79123885
49,"Total population by sex","Total population by sex","World Population Prospects",2024,"United Nations Population Division",392,"Japan","JP","JPN",145,"2094",6,"95% upper bound",3,"Both sexes",188,0,-1,"Total",0,"Not applicable",1,"Model-based Estimates",3,"Projection",111762056
49,"Total population by sex","Total population by sex","World Population Prospects",2024,"United Nations Population Division",392,"Japan","JP","JPN",145,"2094",13,"Zero-migration",3,"Both sexes",188,0,-1,"Total",0,"Not applicable",1,"Model-based Estimates",3,"Projection",63224888.5
49,"Total population by sex","Total population by sex","World Population Prospects",2024,"United Nations Population Division",392,"Japan","JP","JPN",146,"2095",1,"95% lower bound",3,"Both sexes",188,0,-1,"Total",0,"Not applicable",1,"Model-based Estimates",3,"Projection",51764005
49,"Total population by sex","Total population by sex","World Population Prospects",2024,"United Nations Population Division",392,"Japan","JP","JPN",146,"2095",4,"Median",3,"Both sexes",188,0,-1,"Total",0,"Not applicable",1,"Model-based Estimates",3,"Projection",78747739
49,"Total population by sex","Total population by sex","World Population Prospects",2024,"United Nations Population Division",392,"Japan","JP","JPN",146,"2095",6,"95% upper bound",3,"Both sexes",188,0,-1,"Total",0,"Not applicable",1,"Model-based Estimates",3,"Projection",111914866
49,"Total population by sex","Total population by sex","World Population Prospects",2024,"United Nations Population Division",392,"Japan","JP","JPN",146,"2095",13,"Zero-migration",3,"Both sexes",188,0,-1,"Total",0,"Not applicable",1,"Model-based Estimates",3,"Projection",62570143
49,"Total population by sex","Total population by sex","World Population Prospects",2024,"United Nations Population Division",392,"Japan","JP","JPN",147,"2096",1,"95% lower bound",3,"Both sexes",188,0,-1,"Total",0,"Not applicable",1,"Model-based Estimates",3,"Projection",50960796
49,"Total population by sex","Total population by sex","World Population Prospects",2024,"United Nations Population Division",392,"Japan","JP","JPN",147,"2096",4,"Median",3,"Both sexes",188,0,-1,"Total",0,"Not applicable",1,"Model-based Estimates",3,"Projection",78369011.5
49,"Total population by sex","Total population by sex","World Population Prospects",2024,"United Nations Population Division",392,"Japan","JP","JPN",147,"2096",6,"95% upper bound",3,"Both sexes",188,0,-1,"Total",0,"Not applicable",1,"Model-based Estimates",3,"Projection",112149732
49,"Total population by sex","Total population by sex","World Population Prospects",2024,"United Nations Population Division",392,"Japan","JP","JPN",147,"2096",13,"Zero-migration",3,"Both sexes",188,0,-1,"Total",0,"Not applicable",1,"Model-based Estimates",3,"Projection",61919571
49,"Total population by sex","Total population by sex","World Population Prospects",2024,"United Nations Population Division",392,"Japan","JP","JPN",148,"2097",1,"95% lower bound",3,"Both sexes",188,0,-1,"Total",0,"Not applicable",1,"Model-based Estimates",3,"Projection",50105212
49,"Total population by sex","Total population by sex","World Population Prospects",2024,"United Nations Population Division",392,"Japan","JP","JPN",148,"2097",4,"Median",3,"Both sexes",188,0,-1,"Total",0,"Not applicable",1,"Model-based Estimates",3,"Projection",77990635
49,"Total population by sex","Total population by sex","World Population Prospects",2024,"United Nations Population Division",392,"Japan","JP","JPN",148,"2097",6,"95% upper bound",3,"Both sexes",188,0,-1,"Total",0,"Not applicable",1,"Model-based Estimates",3,"Projection",112342527
49,"Total population by sex","Total population by sex","World Population Prospects",2024,"United Nations Population Division",392,"Japan","JP","JPN",148,"2097",13,"Zero-migration",3,"Both sexes",188,0,-1,"Total",0,"Not applicable",1,"Model-based Estimates",3,"Projection",61274085
49,"Total population by sex","Total population by sex","World Population Prospects",2024,"United Nations Population Division",392,"Japan","JP","JPN",149,"2098",1,"95% lower bound",3,"Both sexes",188,0,-1,"Total",0,"Not applicable",1,"Model-based Estimates",3,"Projection",49356579
49,"Total population by sex","Total population by sex","World Population Prospects",2024,"United Nations Population Division",392,"Japan","JP","JPN",149,"2098",4,"Median",3,"Both sexes",188,0,-1,"Total",0,"Not applicable",1,"Model-based Estimates",3,"Projection",77612885
49,"Total population by sex","Total population by sex","World Population Prospects",2024,"United Nations Population Division",392,"Japan","JP","JPN",149,"2098",6,"95% upper bound",3,"Both sexes",188,0,-1,"Total",0,"Not applicable",1,"Model-based Estimates",3,"Projection",112505082
49,"Total population by sex","Total population by sex","World Population Prospects",2024,"United Nations Population Division",392,"Japan","JP","JPN",149,"2098",13,"Zero-migration",3,"Both sexes",188,0,-1,"Total",0,"Not applicable",1,"Model-based Estimates",3,"Projection",60634104.5
49,"Total population by sex","Total population by sex","World Population Prospects",2024,"United Nations Population Division",392,"Japan","JP","JPN",150,"2099",1,"95% lower bound",3,"Both sexes",188,0,-1,"Total",0,"Not applicable",1,"Model-based Estimates",3,"Projection",48582310
49,"Total population by sex","Total population by sex","World Population Prospects",2024,"United Nations Population Division",392,"Japan","JP","JPN",150,"2099",4,"Median",3,"Both sexes",188,0,-1,"Total",0,"Not applicable",1,"Model-based Estimates",3,"Projection",77230866.5
49,"Total population by sex","Total population by sex","World Population Prospects",2024,"United Nations Population Division",392,"Japan","JP","JPN",150,"2099",6,"95% upper bound",3,"Both sexes",188,0,-1,"Total",0,"Not applicable",1,"Model-based Estimates",3,"Projection",112682471
49,"Total population by sex","Total population by sex","World Population Prospects",2024,"United Nations Population Division",392,"Japan","JP","JPN",150,"2099",13,"Zero-migration",3,"Both sexes",188,0,-1,"Total",0,"Not applicable",1,"Model-based Estimates",3,"Projection",59999293.5
49,"Total population by sex","Total population by sex","World Population Prospects",2024,"United Nations Population Division",392,"Japan","JP","JPN",151,"2100",1,"95% lower bound",3,"Both sexes",188,0,-1,"Total",0,"Not applicable",1,"Model-based Estimates",3,"Projection",47786062
49,"Total population by sex","Total population by sex","World Population Prospects",2024,"United Nations Population Division",392,"Japan","JP","JPN",151,"2100",4,"Median",3,"Both sexes",188,0,-1,"Total",0,"Not applicable",1,"Model-based Estimates",3,"Projection",76845989
49,"Total population by sex","Total population by sex","World Population Prospects",2024,"United Nations Population Division",392,"Japan","JP","JPN",151,"2100",6,"95% upper bound",3,"Both sexes",188,0,-1,"Total",0,"Not applicable",1,"Model-based Estimates",3,"Projection",112792676
49,"Total population by sex","Total population by sex","World Population Prospects",2024,"United Nations Population Division",392,"Japan","JP","JPN",151,"2100",13,"Zero-migration",3,"Both sexes",188,0,-1,"Total",0,"Not applicable",1,"Model-based Estimates",3,"Projection",59370825.5
