IndicatorId,IndicatorName,IndicatorShortName,Source,SourceYear,Author,LocationId,Location,Iso2,Iso3,TimeId,Time,VariantId,Variant,SexId,Sex,AgeId,AgeStart,AgeEnd,Age,CategoryId,Category,EstimateTypeId,EstimateType,EstimateMethodId,EstimateMethod,Value
55,"Crude birth rate","Crude birth rate (births per 1,000 population)","World Population Prospects",2024,"United Nations Population Division",40,"Austria","AT","AUT",41,"1990",4,"Median",3,"Both sexes",188,0,-1,"Total",0,"Not applicable",1,"Model-based Estimates",2,"Interpolation",11.76
55,"Crude birth rate","Crude birth rate (births per 1,000 population)","World Population Prospects",2024,"United Nations Population Division",40,"Austria","AT","AUT",42,"1991",4,"Median",3,"Both sexes",188,0,-1,"Total",0,"Not applicable",1,"Model-based Estimates",2,"Interpolation",12.149
55,"Crude birth rate","Crude birth rate (births per 1,000 population)","World Population Prospects",2024,"United Nations Population Division",40,"Austria","AT","AUT",43,"1992",4,"Median",3,"Both sexes",188,0,-1,"Total",0,"Not applicable",1,"Model-based Estimates",2,"Interpolation",12.132
55,"Crude birth rate","Crude birth rate (births per 1,000 population)","World Population Prospects",2024,"United Nations Population Division",40,"Austria","AT","AUT",44,"1993",4,"Median",3,"Both sexes",188,0,-1,"Total",0,"Not applicable",1,"Model-based Estimates",2,"Interpolation",12.071
55,"Crude birth rate","Crude birth rate (births per 1,000 population)","World Population Prospects",2024,"United Nations Population Division",40,"Austria","AT","AUT",45,"1994",4,"Median",3,"Both sexes",188,0,-1,"Total",0,"Not applicable",1,"Model-based Estimates",2,"Interpolation",11.69
55,"Crude birth rate","Crude birth rate (births per 1,000 population)","World Population Prospects",2024,"United Nations Population Division",40,"Austria","AT","AUT",46,"1995",4,"Median",3,"Both sexes",188,0,-1,"Total",0,"Not applicable",1,"Model-based Estimates",2,"Interpolation",11.201
55,"Crude birth rate","Crude birth rate (births per 1,000 population)","World Population Prospects",2024,"United Nations Population Division",40,"Austria","AT","AUT",47,"1996",4,"Median",3,"Both sexes",188,0,-1,"Total",0,"Not applicable",1,"Model-based Estimates",2,"Interpolation",11.151
55,"Crude birth rate","Crude birth rate (births per 1,000 population)","World Population Prospects",2024,"United Nations Population Division",40,"Austria","AT","AUT",48,"1997",4,"Median",3,"Both sexes",188,0,-1,"Total",0,"Not applicable",1,"Model-based Estimates",2,"Interpolation",10.554
55,"Crude birth rate","Crude birth rate (births per 1,000 population)","World Population Prospects",2024,"United Nations Population Division",40,"Austria","AT","AUT",49,"1998",4,"Median",3,"Both sexes",188,0,-1,"Total",0,"Not applicable",1,"Model-based Estimates",2,"Interpolation",10.174
55,"Crude birth rate","Crude birth rate (births per 1,000 population)","World Population Prospects",2024,"United Nations Population Division",40,"Austria","AT","AUT",50,"1999",4,"Median",3,"Both sexes",188,0,-1,"Total",0,"Not applicable",1,"Model-based Estimates",2,"Interpolation",9.771
55,"Crude birth rate","Crude birth rate (births per 1,000 population)","World Population Prospects",2024,"United Nations Population Division",40,"Austria","AT","AUT",51,"2000",4,"Median",3,"Both sexes",188,0,-1,"Total",0,"Not applicable",1,"Model-based Estimates",2,"Interpolation",9.742
55,"Crude birth rate","Crude birth rate (births per 1,000 population)","World Population Prospects",2024,"United Nations Population Division",40,"Austria","AT","AUT",52,"2001",4,"Median",3,"Both sexes",188,0,-1,"Total",0,"Not applicable",1,"Model-based Estimates",2,"Interpolation",9.345
55,"Crude birth rate","Crude birth rate (births per 1,000 population)","World Population Prospects",2024,"United Nations Population Division",40,"Austria","AT","AUT",53,"2002",4,"Median",3,"Both sexes",188,0,-1,"Total",0,"Not applicable",1,"Model-based Estimates",2,"Interpolation",9.609
55,"Crude birth rate","Crude birth rate (births per 1,000 population)","World Population Prospects",2024,"United Nations Population Division",40,"Austria","AT","AUT",54,"2003",4,"Median",3,"Both sexes",188,0,-1,"Total",0,"Not applicable",1,"Model-based Estimates",2,"Interpolation",9.389
55,"Crude birth rate","Crude birth rate (births per 1,000 population)","World Population Prospects",2024,"United Nations Population Division",40,"Austria","AT","AUT",55,"2004",4,"Median",3,"Both sexes",188,0,-1,"Total",0,"Not applicable",1,"Model-based Estimates",2,"Interpolation",9.567
55,"Crude birth rate","Crude birth rate (births per 1,000 population)","World Population Prospects",2024,"United Nations Population Division",40,"Austria","AT","AUT",56,"2005",4,"Median",3,"Both sexes",188,0,-1,"Total",0,"Not applicable",1,"Model-based Estimates",2,"Interpolation",9.431
55,"Crude birth rate","Crude birth rate (births per 1,000 population)","World Population Prospects",2024,"United Nations Population Division",40,"Austria","AT","AUT",57,"2006",4,"Median",3,"Both sexes",188,0,-1,"Total",0,"Not applicable",1,"Model-based Estimates",2,"Interpolation",9.354
55,"Crude birth rate","Crude birth rate (births per 1,000 population)","World Population Prospects",2024,"United Nations Population Division",40,"Austria","AT","AUT",58,"2007",4,"Median",3,"Both sexes",188,0,-1,"Total",0,"Not applicable",1,"Model-based Estimates",2,"Interpolation",9.12
55,"Crude birth rate","Crude birth rate (births per 1,000 population)","World Population Prospects",2024,"United Nations Population Division",40,"Austria","AT","AUT",59,"2008",4,"Median",3,"Both sexes",188,0,-1,"Total",0,"Not applicable",1,"Model-based Estimates",2,"Interpolation",9.263
55,"Crude birth rate","Crude birth rate (births per 1,000 population)","World Population Prospects",2024,"United Nations Population Division",40,"Austria","AT","AUT",60,"2009",4,"Median",3,"Both sexes",188,0,-1,"Total",0,"Not applicable",1,"Model-based Estimates",2,"Interpolation",9.104
55,"Crude birth rate","Crude birth rate (births per 1,000 population)","World Population Prospects",2024,"United Nations Population Division",40,"Austria","AT","AUT",61,"2010",4,"Median",3,"Both sexes",188,0,-1,"Total",0,"Not applicable",1,"Model-based Estimates",2,"Interpolation",9.362
55,"Crude birth rate","Crude birth rate (births per 1,000 population)","World Population Prospects",2024,"United Nations Population Division",40,"Austria","AT","AUT",62,"2011",4,"Median",3,"Both sexes",188,0,-1,"Total",0,"Not applicable",1,"Model-based Estimates",2,"Interpolation",9.261
55,"Crude birth rate","Crude birth rate (births per 1,000 population)","World Population Prospects",2024,"United Nations Population Division",40,"Austria","AT","AUT",63,"2012",4,"Median",3,"Both sexes",188,0,-1,"Total",0,"Not applicable",1,"Model-based Estimates",2,"Interpolation",9.302
55,"Crude birth rate","Crude birth rate (births per 1,000 population)","World Population Prospects",2024,"United Nations Population Division",40,"Austria","AT","AUT",64,"2013",4,"Median",3,"Both sexes",188,0,-1,"Total",0,"Not applicable",1,"Model-based Estimates",2,"Interpolation",9.286
55,"Crude birth rate","Crude birth rate (births per 1,000 population)","World Population Prospects",2024,"United Nations Population Division",40,"Austria","AT","AUT",65,"2014",4,"Median",3,"Both sexes",188,0,-1,"Total",0,"Not applicable",1,"Model-based Estimates",2,"Interpolation",9.476
55,"Crude birth rate","Crude birth rate (births per 1,000 population)","World Population Prospects",2024,"United Nations Population Division",40,"Austria","AT","AUT",66,"2015",4,"Median",3,"Both sexes",188,0,-1,"Total",0,"Not applicable",1,"Model-based Estimates",2,"Interpolation",9.669
55,"Crude birth rate","Crude birth rate (births per 1,000 population)","World Population Prospects",2024,"United Nations Population Division",40,"Austria","AT","AUT",67,"2016",4,"Median",3,"Both sexes",188,0,-1,"Total",0,"Not applicable",1,"Model-based Estimates",2,"Interpolation",9.975
55,"Crude birth rate","Crude birth rate (births per 1,000 population)","World Population Prospects",2024,"United Nations Population Division",40,"Austria","AT","AUT",68,"2017",4,"Median",3,"Both sexes",188,0,-1,"Total",0,"Not applicable",1,"Model-based Estimates",2,"Interpolation",9.927
55,"Crude birth rate","Crude birth rate (births per 1,000 population)","World Population Prospects",2024,"United Nations Population Division",40,"Austria","AT","AUT",69,"2018",4,"Median",3,"Both sexes",188,0,-1,"Total",0,"Not applicable",1,"Model-based Estimates",2,"Interpolation",9.66
55,"Crude birth rate","Crude birth rate (births per 1,000 population)","World Population Prospects",2024,"United Nations Population Division",40,"Austria","AT","AUT",70,"2019",4,"Median",3,"Both sexes",188,0,-1,"Total",0,"Not applicable",1,"Model-based Estimates",2,"Interpolation",9.542
55,"Crude birth rate","Crude birth rate (births per 1,000 population)","World Population Prospects",2024,"United Nations Population Division",40,"Austria","AT","AUT",71,"2020",4,"Median",3,"Both sexes",188,0,-1,"Total",0,"Not applicable",1,"Model-based Estimates",2,"Interpolation",9.356
55,"Crude birth rate","Crude birth rate (births per 1,000 population)","World Population Prospects",2024,"United Nations Population Division",40,"Austria","AT","AUT",72,"2021",4,"Median",3,"Both sexes",188,0,-1,"Total",0,"Not applicable",1,"Model-based Estimates",2,"Interpolation",9.518
55,"Crude birth rate","Crude birth rate (births per 1,000 population)","World Population Prospects",2024,"United Nations Population Division",40,"Austria","AT","AUT",73,"2022",4,"Median",3,"Both sexes",188,0,-1,"Total",0,"Not applicable",1,"Model-based Estimates",2,"Interpolation",9.056
55,"Crude birth rate","Crude birth rate (births per 1,000 population)","World Population Prospects",2024,"United Nations Population Division",40,"Austria","AT","AUT",74,"2023",4,"Median",3,"Both sexes",188,0,-1,"Total",0,"Not applicable",1,"Model-based Estimates",2,"Interpolation",8.439
55,"Crude birth rate","Crude birth rate (births per 1,000 population)","World Population Prospects",2024,"United Nations Population Division",40,"Austria","AT","AUT",75,"2024",4,"Median",3,"Both sexes",188,0,-1,"Total",0,"Not applicable",1,"Model-based Estimates",3,"Projection",8.36
55,"Crude birth rate","Crude birth rate (births per 1,000 population)","World Population Prospects",2024,"United Nations Population Division",40,"Austria","AT","AUT",76,"2025",4,"Median",3,"Both sexes",188,0,-1,"Total",0,"Not applicable",1,"Model-based Estimates",3,"Projection",8.271
55,"Crude birth rate","Crude birth rate (births per 1,000 population)","World Population Prospects",2024,"United Nations Population Division",40,"Austria","AT","AUT",77,"2026",4,"Median",3,"Both sexes",188,0,-1,"Total",0,"Not applicable",1,"Model-based Estimates",3,"Projection",8.175
55,"Crude birth rate","Crude birth rate (births per 1,000 population)","World Population Prospects",2024,"United Nations Population Division",40,"Austria","AT","AUT",78,"2027",4,"Median",3,"Both sexes",188,0,-1,"Total",0,"Not applicable",1,"Model-based Estimates",3,"Projection",8.075
55,"Crude birth rate","Crude birth rate (births per 1,000 population)","World Population Prospects",2024,"United Nations Population Division",40,"Austria","AT","AUT",79,"2028",4,"Median",3,"Both sexes",188,0,-1,"Total",0,"Not applicable",1,"Model-based Estimates",3,"Projection",7.969
55,"Crude birth rate","Crude birth rate (births per 1,000 population)","World Population Prospects",2024,"United Nations Population Division",40,"Austria","AT","AUT",80,"2029",4,"Median",3,"Both sexes",188,0,-1,"Total",0,"Not applicable",1,"Model-based Estimates",3,"Projection",7.866
55,"Crude birth rate","Crude birth rate (births per 1,000 population)","World Population Prospects",2024,"United Nations Population Division",40,"Austria","AT","AUT",81,"2030",4,"Median",3,"Both sexes",188,0,-1,"Total",0,"Not applicable",1,"Model-based Estimates",3,"Projection",7.758
55,"Crude birth rate","Crude birth rate (births per 1,000 population)","World Population Prospects",2024,"United Nations Population Division",40,"Austria","AT","AUT",82,"2031",4,"Median",3,"Both sexes",188,0,-1,"Total",0,"Not applicable",1,"Model-based Estimates",3,"Projection",7.666
55,"Crude birth rate","Crude birth rate (births per 1,000 population)","World Population Prospects",2024,"United Nations Population Division",40,"Austria","AT","AUT",83,"2032",4,"Median",3,"Both sexes",188,0,-1,"Total",0,"Not applicable",1,"Model-based Estimates",3,"Projection",7.601
55,"Crude birth rate","Crude birth rate (births per 1,000 population)","World Population Prospects",2024,"United Nations Population Division",40,"Austria","AT","AUT",84,"2033",4,"Median",3,"Both sexes",188,0,-1,"Total",0,"Not applicable",1,"Model-based Estimates",3,"Projection",7.549
55,"Crude birth rate","Crude birth rate (births per 1,000 population)","World Population Prospects",2024,"United Nations Population Division",40,"Austria","AT","AUT",85,"2034",4,"Median",3,"Both sexes",188,0,-1,"Total",0,"Not applicable",1,"Model-based Estimates",3,"Projection",7.521
55,"Crude birth rate","Crude birth rate (births per 1,000 population)","World Population Prospects",2024,"United Nations Population Division",40,"Austria","AT","AUT",86,"2035",4,"Median",3,"Both sexes",188,0,-1,"Total",0,"Not applicable",1,"Model-based Estimates",3,"Projection",7.499
55,"Crude birth rate","Crude birth rate (births per 1,000 population)","World Population Prospects",2024,"United Nations Population Division",40,"Austria","AT","AUT",87,"2036",4,"Median",3,"Both sexes",188,0,-1,"Total",0,"Not applicable",1,"Model-based Estimates",3,"Projection",7.496
55,"Crude birth rate","Crude birth rate (births per 1,000 population)","World Population Prospects",2024,"United Nations Population Division",40,"Austria","AT","AUT",88,"2037",4,"Median",3,"Both sexes",188,0,-1,"Total",0,"Not applicable",1,"Model-based Estimates",3,"Projection",7.519
55,"Crude birth rate","Crude birth rate (births per 1,000 population)","World Population Prospects",2024,"United Nations Population Division",40,"Austria","AT","AUT",89,"2038",4,"Median",3,"Both sexes",188,0,-1,"Total",0,"Not applicable",1,"Model-based Estimates",3,"Projection",7.546
55,"Crude birth rate","Crude birth rate (births per 1,000 population)","World Population Prospects",2024,"United Nations Population Division",40,"Austria","AT","AUT",90,"2039",4,"Median",3,"Both sexes",188,0,-1,"Total",0,"Not applicable",1,"Model-based Estimates",3,"Projection",7.595
55,"Crude birth rate","Crude birth rate (births per 1,000 population)","World Population Prospects",2024,"United Nations Population Division",40,"Austria","AT","AUT",91,"2040",4,"Median",3,"Both sexes",188,0,-1,"Total",0,"Not applicable",1,"Model-based Estimates",3,"Projection",7.644
55,"Crude birth rate","Crude birth rate (births per 1,000 population)","World Population Prospects",2024,"United Nations Population Division",40,"Austria","AT","AUT",92,"2041",4,"Median",3,"Both sexes",188,0,-1,"Total",0,"Not applicable",1,"Model-based Estimates",3,"Projection",7.705
55,"Crude birth rate","Crude birth rate (births per 1,000 population)","World Population Prospects",2024,"United Nations Population Division",40,"Austria","AT","AUT",93,"2042",4,"Median",3,"Both sexes",188,0,-1,"Total",0,"Not applicable",1,"Model-based Estimates",3,"Projection",7.774
55,"Crude birth rate","Crude birth rate (births per 1,000 population)","World Population Prospects",2024,"United Nations Population Division",40,"Austria","AT","AUT",94,"2043",4,"Median",3,"Both sexes",188,0,-1,"Total",0,"Not applicable",1,"Model-based Estimates",3,"Projection",7.829
55,"Crude birth rate","Crude birth rate (births per 1,000 population)","World Population Prospects",2024,"United Nations Population Division",40,"Austria","AT","AUT",95,"2044",4,"Median",3,"Both sexes",188,0,-1,"Total",0,"Not applicable",1,"Model-based Estimates",3,"Projection",7.883
55,"Crude birth rate","Crude birth rate (births per 1,000 population)","World Population Prospects",2024,"United Nations Population Division",40,"Austria","AT","AUT",96,"2045",4,"Median",3,"Both sexes",188,0,-1,"Total",0,"Not applicable",1,"Model-based Estimates",3,"Projection",7.924
55,"Crude birth rate","Crude birth rate (births per 1,000 population)","World Population Prospects",2024,"United Nations Population Division",40,"Austria","AT","AUT",97,"2046",4,"Median",3,"Both sexes",188,0,-1,"Total",0,"Not applicable",1,"Model-based Estimates",3,"Projection",7.965
55,"Crude birth rate","Crude birth rate (births per 1,000 population)","World Population Prospects",2024,"United Nations Population Division",40,"Austria","AT","AUT",98,"2047",4,"Median",3,"Both sexes",188,0,-1,"Total",0,"Not applicable",1,"Model-based Estimates",3,"Projection",7.993
55,"Crude birth rate","Crude birth rate (births per 1,000 population)","World Population Prospects",2024,"United Nations Population Division",40,"Austria","AT","AUT",99,"2048",4,"Median",3,"Both sexes",188,0,-1,"Total",0,"Not applicable",1,"Model-based Estimates",3,"Projection",8.013
55,"Crude birth rate","Crude birth rate (births per 1,000 population)","World Population Prospects",2024,"United Nations Population Division",40,"Austria","AT","AUT",100,"2049",4,"Median",3,"Both sexes",188,0,-1,"Total",0,"Not applicable",1,"Model-based Estimates",3,"Projection",8.023
55,"Crude birth rate","Crude birth rate (births per 1,000 population)","World Population Prospects",2024,"United Nations Population Division",40,"Austria","AT","AUT",101,"2050",4,"Median",3,"Both sexes",188,0,-1,"Total",0,"Not applicable",1,"Model-based Estimates",3,"Projection",8.016
55,"Crude birth rate","Crude birth rate (births per 1,000 population)","World Population Prospects",2024,"United Nations Population Division",40,"Austria","AT","AUT",102,"2051",4,"Median",3,"Both sexes",188,0,-1,"Total",0,"Not applicable",1,"Model-based Estimates",3,"Projection",8.006
55,"Crude birth rate","Crude birth rate (births per 1,000 population)","World Population Prospects",2024,"United Nations Population Division",40,"Austria","AT","AUT",103,"2052",4,"Median",3,"Both sexes",188,0,-1,"Total",0,"Not applicable",1,"Model-based Estimates",3,"Projection",7.991
55,"Crude birth rate","Crude birth rate (births per 1,000 population)","World Population Prospects",2024,"United Nations Population Division",40,"Austria","AT","AUT",104,"2053",4,"Median",3,"Both sexes",188,0,-1,"Total",0,"Not applicable",1,"Model-based Estimates",3,"Projection",7.97
55,"Crude birth rate","Crude birth rate (births per 1,000 population)","World Population Prospects",2024,"United Nations Population Division",40,"Austria","AT","AUT",105,"2054",4,"Median",3,"Both sexes",188,0,-1,"Total",0,"Not applicable",1,"Model-based Estimates",3,"Projection",7.937
55,"Crude birth rate","Crude birth rate (births per 1,000 population)","World Population Prospects",2024,"United Nations Population Division",40,"Austria","AT","AUT",106,"2055",4,"Median",3,"Both sexes",188,0,-1,"Total",0,"Not applicable",1,"Model-based Estimates",3,"Projection",7.9
55,"Crude birth rate","Crude birth rate (births per 1,000 population)","World Population Prospects",2024,"United Nations Population Division",40,"Austria","AT","AUT",107,"2056",4,"Median",3,"Both sexes",188,0,-1,"Total",0,"Not applicable",1,"Model-based Estimates",3,"Projection",7.858
55,"Crude birth rate","Crude birth rate (births per 1,000 population)","World Population Prospects",2024,"United Nations Population Division",40,"Austria","AT","AUT",108,"2057",4,"Median",3,"Both sexes",188,0,-1,"Total",0,"Not applicable",1,"Model-based Estimates",3,"Projection",7.821
55,"Crude birth rate","Crude birth rate (births per 1,000 population)","World Population Prospects",2024,"United Nations Population Division",40,"Austria","AT","AUT",109,"2058",4,"Median",3,"Both sexes",188,0,-1,"Total",0,"Not applicable",1,"Model-based Estimates",3,"Projection",7.772
55,"Crude birth rate","Crude birth rate (births per 1,000 population)","World Population Prospects",2024,"United Nations Population Division",40,"Austria","AT","AUT",110,"2059",4,"Median",3,"Both sexes",188,0,-1,"Total",0,"Not applicable",1,"Model-based Estimates",3,"Projection",7.722
55,"Crude birth rate","Crude birth rate (births per 1,000 population)","World Population Prospects",2024,"United Nations Population Division",40,"Austria","AT","AUT",111,"2060",4,"Median",3,"Both sexes",188,0,-1,"Total",0,"Not applicable",1,"Model-based Estimates",3,"Projection",7.676
55,"Crude birth rate","Crude birth rate (births per 1,000 population)","World Population Prospects",2024,"United Nations Population Division",40,"Austria","AT","AUT",112,"2061",4,"Median",3,"Both sexes",188,0,-1,"Total",0,"Not applicable",1,"Model-based Estimates",3,"Projection",7.648
55,"Crude birth rate","Crude birth rate (births per 1,000 population)","World Population Prospects",2024,"United Nations Population Division",40,"Austria","AT","AUT",113,"2062",4,"Median",3,"Both sexes",188,0,-1,"Total",0,"Not applicable",1,"Model-based Estimates",3,"Projection",7.629
55,"Crude birth rate","Crude birth rate (births per 1,000 population)","World Population Prospects",2024,"United Nations Population Division",40,"Austria","AT","AUT",114,"2063",4,"Median",3,"Both sexes",188,0,-1,"Total",0,"Not applicable",1,"Model-based Estimates",3,"Projection",7.61
55,"Crude birth rate","Crude birth rate (births per 1,000 population)","World Population Prospects",2024,"United Nations Population Division",40,"Austria","AT","AUT",115,"2064",4,"Median",3,"Both sexes",188,0,-1,"Total",0,"Not applicable",1,"Model-based Estimates",3,"Projection",7.604
55,"Crude birth rate","Crude birth rate (births per 1,000 population)","World Population Prospects",2024,"United Nations Population Division",40,"Austria","AT","AUT",116,"2065",4,"Median",3,"Both sexes",188,0,-1,"Total",0,"Not applicable",1,"Model-based Estimates",3,"Projection",7.606
55,"Crude birth rate","Crude birth rate (births per 1,000 population)","World Population Prospects",2024,"United Nations Population Division",40,"Austria","AT","AUT",117,"2066",4,"Median",3,"Both sexes",188,0,-1,"Total",0,"Not applicable",1,"Model-based Estimates",3,"Projection",7.611
55,"Crude birth rate","Crude birth rate (births per 1,000 population)","World Population Prospects",2024,"United Nations Population Division",40,"Austria","AT","AUT",118,"2067",4,"Median",3,"Both sexes",188,0,-1,"Total",0,"Not applicable",1,"Model-based Estimates",3,"Projection",7.629
55,"Crude birth rate","Crude birth rate (births per 1,000 population)","World Population Prospects",2024,"United Nations Population Division",40,"Austria","AT","AUT",119,"2068",4,"Median",3,"Both sexes",188,0,-1,"Total",0,"Not applicable",1,"Model-based Estimates",3,"Projection",7.649
55,"Crude birth rate","Crude birth rate (births per 1,000 population)","World Population Prospects",2024,"United Nations Population Division",40,"Austria","AT","AUT",120,"2069",4,"Median",3,"Both sexes",188,0,-1,"Total",0,"Not applicable",1,"Model-based Estimates",3,"Projection",7.681
55,"Crude birth rate","Crude birth rate (births per 1,000 population)","World Population Prospects",2024,"United Nations Population Division",40,"Austria","AT","AUT",121,"2070",4,"Median",3,"Both sexes",188,0,-1,"Total",0,"Not applicable",1,"Model-based Estimates",3,"Projection",7.723
55,"Crude birth rate","Crude birth rate (births per 1,000 population)","World Population Prospects",2024,"United Nations Population Division",40,"Austria","AT","AUT",122,"2071",4,"Median",3,"Both sexes",188,0,-1,"Total",0,"Not applicable",1,"Model-based Estimates",3,"Projection",7.762
55,"Crude birth rate","Crude birth rate (births per 1,000 population)","World Population Prospects",2024,"United Nations Population Division",40,"Austria","AT","AUT",123,"2072",4,"Median",3,"Both sexes",188,0,-1,"Total",0,"Not applicable",1,"Model-based Estimates",3,"Projection",7.807
55,"Crude birth rate","Crude birth rate (births per 1,000 population)","World Population Prospects",2024,"United Nations Population Division",40,"Austria","AT","AUT",124,"2073",4,"Median",3,"Both sexes",188,0,-1,"Total",0,"Not applicable",1,"Model-based Estimates",3,"Projection",7.851
55,"Crude birth rate","Crude birth rate (births per 1,000 population)","World Population Prospects",2024,"United Nations Population Division",40,"Austria","AT","AUT",125,"2074",4,"Median",3,"Both sexes",188,0,-1,"Total",0,"Not applicable",1,"Model-based Estimates",3,"Projection",7.894
55,"Crude birth rate","Crude birth rate (births per 1,000 population)","World Population Prospects",2024,"United Nations Population Division",40,"Austria","AT","AUT",126,"2075",4,"Median",3,"Both sexes",188,0,-1,"Total",0,"Not applicable",1,"Model-based Estimates",3,"Projection",7.94
55,"Crude birth rate","Crude birth rate (births per 1,000 population)","World Population Prospects",2024,"United Nations Population Division",40,"Austria","AT","AUT",127,"2076",4,"Median",3,"Both sexes",188,0,-1,"Total",0,"Not applicable",1,"Model-based Estimates",3,"Projection",7.986
55,"Crude birth rate","Crude birth rate (births per 1,000 population)","World Population Prospects",2024,"United Nations Population Division",40,"Austria","AT","AUT",128,"2077",4,"Median",3,"Both sexes",188,0,-1,"Total",0,"Not applicable",1,"Model-based Estimates",3,"Projection",8.022
55,"Crude birth rate","Crude birth rate (births per 1,000 population)","World Population Prospects",2024,"United Nations Population Division",40,"Austria","AT","AUT",129,"2078",4,"Median",3,"Both sexes",188,0,-1,"Total",0,"Not applicable",1,"Model-based Estimates",3,"Projection",8.055
55,"Crude birth rate","Crude birth rate (births per 1,000 population)","World Population Prospects",2024,"United Nations Population Division",40,"Austria","AT","AUT",130,"2079",4,"Median",3,"Both sexes",188,0,-1,"Total",0,"Not applicable",1,"Model-based Estimates",3,"Projection",8.075
55,"Crude birth rate","Crude birth rate (births per 1,000 population)","World Population Prospects",2024,"United Nations Population Division",40,"Austria","AT","AUT",131,"2080",4,"Median",3,"Both sexes",188,0,-1,"Total",0,"Not applicable",1,"Model-based Estimates",3,"Projection",8.096
55,"Crude birth rate","Crude birth rate (births per 1,000 population)","World Population Prospects",2024,"United Nations Population Division",40,"Austria","AT","AUT",132,"2081",4,"Median",3,"Both sexes",188,0,-1,"Total",0,"Not applicable",1,"Model-based Estimates",3,"Projection",8.114
55,"Crude birth rate","Crude birth rate (births per 1,000 population)","World Population Prospects",2024,"United Nations Population Division",40,"Austria","AT","AUT",133,"2082",4,"Median",3,"Both sexes",188,0,-1,"Total",0,"Not applicable",1,"Model-based Estimates",3,"Projection",8.124
55,"Crude birth rate","Crude birth rate (births per 1,000 population)","World Population Prospects",2024,"United Nations Population Division",40,"Austria","AT","AUT",134,"2083",4,"Median",3,"Both sexes",188,0,-1,"Total",0,"Not applicable",1,"Model-based Estimates",3,"Projection",8.143
55,"Crude birth rate","Crude birth rate (births per 1,000 population)","World Population Prospects",2024,"United Nations Population Division",40,"Austria","AT","AUT",135,"2084",4,"Median",3,"Both sexes",188,0,-1,"Total",0,"Not applicable",1,"Model-based Estimates",3,"Projection",8.143
55,"Crude birth rate","Crude birth rate (births per 1,000 population)","World Population Prospects",2024,"United Nations Population Division",40,"Austria","AT","AUT",136,"2085",4,"Median",3,"Both sexes",188,0,-1,"Total",0,"Not applicable",1,"Model-based Estimates",3,"Projection",8.14
55,"Crude birth rate","Crude birth rate (births per 1,000 population)","World Population Prospects",2024,"United Nations Population Division",40,"Austria","AT","AUT",137,"2086",4,"Median",3,"Both sexes",188,0,-1,"Total",0,"Not applicable",1,"Model-based Estimates",3,"Projection",8.125
55,"Crude birth rate","Crude birth rate (births per 1,000 population)","World Population Prospects",2024,"United Nations Population Division",40,"Austria","AT","AUT",138,"2087",4,"Median",3,"Both sexes",188,0,-1,"Total",0,"Not applicable",1,"Model-based Estimates",3,"Projection",8.101
55,"Crude birth rate","Crude birth rate (births per 1,000 population)","World Population Prospects",2024,"United Nations Population Division",40,"Austria","AT","AUT",139,"2088",4,"Median",3,"Both sexes",188,0,-1,"Total",0,"Not applicable",1,"Model-based Estimates",3,"Projection",8.083
55,"Crude birth rate","Crude birth rate (births per 1,000 population)","World Population Prospects",2024,"United Nations Population Division",40,"Austria","AT","AUT",140,"2089",4,"Median",3,"Both sexes",188,0,-1,"Total",0,"Not applicable",1,"Model-based Estimates",3,"Projection",8.057
55,"Crude birth rate","Crude birth rate (births per 1,000 population)","World Population Prospects",2024,"United Nations Population Division",40,"Austria","AT","AUT",141,"2090",4,"Median",3,"Both sexes",188,0,-1,"Total",0,"Not applicable",1,"Model-based Estimates",3,"Projection",8.035
55,"Crude birth rate","Crude birth rate (births per 1,000 population)","World Population Prospects",2024,"United Nations Population Division",40,"Austria","AT","AUT",142,"2091",4,"Median",3,"Both sexes",188,0,-1,"Total",0,"Not applicable",1,"Model-based Estimates",3,"Projection",8.007
55,"Crude birth rate","Crude birth rate (births per 1,000 population)","World Population Prospects",2024,"United Nations Population Division",40,"Austria","AT","AUT",143,"2092",4,"Median",3,"Both sexes",188,0,-1,"Total",0,"Not applicable",1,"Model-based Estimates",3,"Projection",7.988
55,"Crude birth rate","Crude birth rate (births per 1,000 population)","World Population Prospects",2024,"United Nations Population Division",40,"Austria","AT","AUT",144,"2093",4,"Median",3,"Both sexes",188,0,-1,"Total",0,"Not applicable",1,"Model-based Estimates",3,"Projection",7.975
55,"Crude birth rate","Crude birth rate (births per 1,000 population)","World Population Prospects",2024,"United Nations Population Division",40,"Austria","AT","AUT",145,"2094",4,"Median",3,"Both sexes",188,0,-1,"Total",0,"Not applicable",1,"Model-based Estimates",3,"Projection",7.948
55,"Crude birth rate","Crude birth rate (births per 1,000 population)","World Population Prospects",2024,"United Nations Population Division",40,"Austria","AT","AUT",146,"2095",4,"Median",3,"Both sexes",188,0,-1,"Total",0,"Not applicable",1,"Model-based Estimates",3,"Projection",7.928
55,"Crude birth rate","Crude birth rate (births per 1,000 population)","World Population Prospects",2024,"United Nations Population Division",40,"Austria","AT","AUT",147,"2096",4,"Median",3,"Both sexes",188,0,-1,"Total",0,"Not applicable",1,"Model-based Estimates",3,"Projection",7.91
55,"Crude birth rate","Crude birth rate (births per 1,000 population)","World Population Prospects",2024,"United Nations Population Division",40,"Austria","AT","AUT",148,"2097",4,"Median",3,"Both sexes",188,0,-1,"Total",0,"Not applicable",1,"Model-based Estimates",3,"Projection",7.887
55,"Crude birth rate","Crude birth rate (births per 1,000 population)","World Population Prospects",2024,"United Nations Population Division",40,"Austria","AT","AUT",149,"2098",4,"Median",3,"Both sexes",188,0,-1,"Total",0,"Not applicable",1,"Model-based Estimates",3,"Projection",7.875
55,"Crude birth rate","Crude birth rate (births per 1,000 population)","World Population Prospects",2024,"United Nations Population Division",40,"Austria","AT","AUT",150,"2099",4,"Median",3,"Both sexes",188,0,-1,"Total",0,"Not applicable",1,"Model-based Estimates",3,"Projection",7.865
55,"Crude birth rate","Crude birth rate (births per 1,000 population)","World Population Prospects",2024,"United Nations Population Division",40,"Austria","AT","AUT",151,"2100",4,"Median",3,"Both sexes",188,0,-1,"Total",0,"Not applicable",1,"Model-based Estimates",3,"Projection",7.862
55,"Crude birth rate","Crude birth rate (births per 1,000 population)","World Population Prospects",2024,"United Nations Population Division",56,"Belgium","BE","BEL",41,"1990",4,"Median",3,"Both sexes",188,0,-1,"Total",0,"Not applicable",1,"Model-based Estimates",2,"Interpolation",12.43
55,"Crude birth rate","Crude birth rate (births per 1,000 population)","World Population Prospects",2024,"United Nations Population Division",56,"Belgium","BE","BEL",42,"1991",4,"Median",3,"Both sexes",188,0,-1,"Total",0,"Not applicable",1,"Model-based Estimates",2,"Interpolation",12.54
55,"Crude birth rate","Crude birth rate (births per 1,000 population)","World Population Prospects",2024,"United Nations Population Division",56,"Belgium","BE","BEL",43,"1992",4,"Median",3,"Both sexes",188,0,-1,"Total",0,"Not applicable",1,"Model-based Estimates",2,"Interpolation",12.381
55,"Crude birth rate","Crude birth rate (births per 1,000 population)","World Population Prospects",2024,"United Nations Population Division",56,"Belgium","BE","BEL",44,"1993",4,"Median",3,"Both sexes",188,0,-1,"Total",0,"Not applicable",1,"Model-based Estimates",2,"Interpolation",11.949
55,"Crude birth rate","Crude birth rate (births per 1,000 population)","World Population Prospects",2024,"United Nations Population Division",56,"Belgium","BE","BEL",45,"1994",4,"Median",3,"Both sexes",188,0,-1,"Total",0,"Not applicable",1,"Model-based Estimates",2,"Interpolation",11.512
55,"Crude birth rate","Crude birth rate (births per 1,000 population)","World Population Prospects",2024,"United Nations Population Division",56,"Belgium","BE","BEL",46,"1995",4,"Median",3,"Both sexes",188,0,-1,"Total",0,"Not applicable",1,"Model-based Estimates",2,"Interpolation",11.4
55,"Crude birth rate","Crude birth rate (births per 1,000 population)","World Population Prospects",2024,"United Nations Population Division",56,"Belgium","BE","BEL",47,"1996",4,"Median",3,"Both sexes",188,0,-1,"Total",0,"Not applicable",1,"Model-based Estimates",2,"Interpolation",11.436
55,"Crude birth rate","Crude birth rate (births per 1,000 population)","World Population Prospects",2024,"United Nations Population Division",56,"Belgium","BE","BEL",48,"1997",4,"Median",3,"Both sexes",188,0,-1,"Total",0,"Not applicable",1,"Model-based Estimates",2,"Interpolation",11.372
55,"Crude birth rate","Crude birth rate (births per 1,000 population)","World Population Prospects",2024,"United Nations Population Division",56,"Belgium","BE","BEL",49,"1998",4,"Median",3,"Both sexes",188,0,-1,"Total",0,"Not applicable",1,"Model-based Estimates",2,"Interpolation",11.158
55,"Crude birth rate","Crude birth rate (births per 1,000 population)","World Population Prospects",2024,"United Nations Population Division",56,"Belgium","BE","BEL",50,"1999",4,"Median",3,"Both sexes",188,0,-1,"Total",0,"Not applicable",1,"Model-based Estimates",2,"Interpolation",11.125
55,"Crude birth rate","Crude birth rate (births per 1,000 population)","World Population Prospects",2024,"United Nations Population Division",56,"Belgium","BE","BEL",51,"2000",4,"Median",3,"Both sexes",188,0,-1,"Total",0,"Not applicable",1,"Model-based Estimates",2,"Interpolation",11.303
55,"Crude birth rate","Crude birth rate (births per 1,000 population)","World Population Prospects",2024,"United Nations Population Division",56,"Belgium","BE","BEL",52,"2001",4,"Median",3,"Both sexes",188,0,-1,"Total",0,"Not applicable",1,"Model-based Estimates",2,"Interpolation",11.157
55,"Crude birth rate","Crude birth rate (births per 1,000 population)","World Population Prospects",2024,"United Nations Population Division",56,"Belgium","BE","BEL",53,"2002",4,"Median",3,"Both sexes",188,0,-1,"Total",0,"Not applicable",1,"Model-based Estimates",2,"Interpolation",10.885
55,"Crude birth rate","Crude birth rate (births per 1,000 population)","World Population Prospects",2024,"United Nations Population Division",56,"Belgium","BE","BEL",54,"2003",4,"Median",3,"Both sexes",188,0,-1,"Total",0,"Not applicable",1,"Model-based Estimates",2,"Interpolation",10.918
55,"Crude birth rate","Crude birth rate (births per 1,000 population)","World Population Prospects",2024,"United Nations Population Division",56,"Belgium","BE","BEL",55,"2004",4,"Median",3,"Both sexes",188,0,-1,"Total",0,"Not applicable",1,"Model-based Estimates",2,"Interpolation",11.173
55,"Crude birth rate","Crude birth rate (births per 1,000 population)","World Population Prospects",2024,"United Nations Population Division",56,"Belgium","BE","BEL",56,"2005",4,"Median",3,"Both sexes",188,0,-1,"Total",0,"Not applicable",1,"Model-based Estimates",2,"Interpolation",11.308
55,"Crude birth rate","Crude birth rate (births per 1,000 population)","World Population Prospects",2024,"United Nations Population Division",56,"Belgium","BE","BEL",57,"2006",4,"Median",3,"Both sexes",188,0,-1,"Total",0,"Not applicable",1,"Model-based Estimates",2,"Interpolation",11.507
55,"Crude birth rate","Crude birth rate (births per 1,000 population)","World Population Prospects",2024,"United Nations Population Division",56,"Belgium","BE","BEL",58,"2007",4,"Median",3,"Both sexes",188,0,-1,"Total",0,"Not applicable",1,"Model-based Estimates",2,"Interpolation",11.578
55,"Crude birth rate","Crude birth rate (births per 1,000 population)","World Population Prospects",2024,"United Nations Population Division",56,"Belgium","BE","BEL",59,"2008",4,"Median",3,"Both sexes",188,0,-1,"Total",0,"Not applicable",1,"Model-based Estimates",2,"Interpolation",11.759
55,"Crude birth rate","Crude birth rate (births per 1,000 population)","World Population Prospects",2024,"United Nations Population Division",56,"Belgium","BE","BEL",60,"2009",4,"Median",3,"Both sexes",188,0,-1,"Total",0,"Not applicable",1,"Model-based Estimates",2,"Interpolation",11.667
55,"Crude birth rate","Crude birth rate (births per 1,000 population)","World Population Prospects",2024,"United Nations Population Division",56,"Belgium","BE","BEL",61,"2010",4,"Median",3,"Both sexes",188,0,-1,"Total",0,"Not applicable",1,"Model-based Estimates",2,"Interpolation",11.762
55,"Crude birth rate","Crude birth rate (births per 1,000 population)","World Population Prospects",2024,"United Nations Population Division",56,"Belgium","BE","BEL",62,"2011",4,"Median",3,"Both sexes",188,0,-1,"Total",0,"Not applicable",1,"Model-based Estimates",2,"Interpolation",11.52
55,"Crude birth rate","Crude birth rate (births per 1,000 population)","World Population Prospects",2024,"United Nations Population Division",56,"Belgium","BE","BEL",63,"2012",4,"Median",3,"Both sexes",188,0,-1,"Total",0,"Not applicable",1,"Model-based Estimates",2,"Interpolation",11.385
55,"Crude birth rate","Crude birth rate (births per 1,000 population)","World Population Prospects",2024,"United Nations Population Division",56,"Belgium","BE","BEL",64,"2013",4,"Median",3,"Both sexes",188,0,-1,"Total",0,"Not applicable",1,"Model-based Estimates",2,"Interpolation",11.159
55,"Crude birth rate","Crude birth rate (births per 1,000 population)","World Population Prospects",2024,"United Nations Population Division",56,"Belgium","BE","BEL",65,"2014",4,"Median",3,"Both sexes",188,0,-1,"Total",0,"Not applicable",1,"Model-based Estimates",2,"Interpolation",11.049
55,"Crude birth rate","Crude birth rate (births per 1,000 population)","World Population Prospects",2024,"United Nations Population Division",56,"Belgium","BE","BEL",66,"2015",4,"Median",3,"Both sexes",188,0,-1,"Total",0,"Not applicable",1,"Model-based Estimates",2,"Interpolation",10.747
55,"Crude birth rate","Crude birth rate (births per 1,000 population)","World Population Prospects",2024,"United Nations Population Division",56,"Belgium","BE","BEL",67,"2016",4,"Median",3,"Both sexes",188,0,-1,"Total",0,"Not applicable",1,"Model-based Estimates",2,"Interpolation",10.668
55,"Crude birth rate","Crude birth rate (births per 1,000 population)","World Population Prospects",2024,"United Nations Population Division",56,"Belgium","BE","BEL",68,"2017",4,"Median",3,"Both sexes",188,0,-1,"Total",0,"Not applicable",1,"Model-based Estimates",2,"Interpolation",10.435
55,"Crude birth rate","Crude birth rate (births per 1,000 population)","World Population Prospects",2024,"United Nations Population Division",56,"Belgium","BE","BEL",69,"2018",4,"Median",3,"Both sexes",188,0,-1,"Total",0,"Not applicable",1,"Model-based Estimates",2,"Interpolation",10.264
55,"Crude birth rate","Crude birth rate (births per 1,000 population)","World Population Prospects",2024,"United Nations Population Division",56,"Belgium","BE","BEL",70,"2019",4,"Median",3,"Both sexes",188,0,-1,"Total",0,"Not applicable",1,"Model-based Estimates",2,"Interpolation",10.217
55,"Crude birth rate","Crude birth rate (births per 1,000 population)","World Population Prospects",2024,"United Nations Population Division",56,"Belgium","BE","BEL",71,"2020",4,"Median",3,"Both sexes",188,0,-1,"Total",0,"Not applicable",1,"Model-based Estimates",2,"Interpolation",10.014
55,"Crude birth rate","Crude birth rate (births per 1,000 population)","World Population Prospects",2024,"United Nations Population Division",56,"Belgium","BE","BEL",72,"2021",4,"Median",3,"Both sexes",188,0,-1,"Total",0,"Not applicable",1,"Model-based Estimates",2,"Interpolation",10.169
55,"Crude birth rate","Crude birth rate (births per 1,000 population)","World Population Prospects",2024,"United Nations Population Division",56,"Belgium","BE","BEL",73,"2022",4,"Median",3,"Both sexes",188,0,-1,"Total",0,"Not applicable",1,"Model-based Estimates",2,"Interpolation",9.775
55,"Crude birth rate","Crude birth rate (births per 1,000 population)","World Population Prospects",2024,"United Nations Population Division",56,"Belgium","BE","BEL",74,"2023",4,"Median",3,"Both sexes",188,0,-1,"Total",0,"Not applicable",1,"Model-based Estimates",2,"Interpolation",8.682
55,"Crude birth rate","Crude birth rate (births per 1,000 population)","World Population Prospects",2024,"United Nations Population Division",56,"Belgium","BE","BEL",75,"2024",4,"Median",3,"Both sexes",188,0,-1,"Total",0,"Not applicable",1,"Model-based Estimates",3,"Projection",8.635
55,"Crude birth rate","Crude birth rate (births per 1,000 population)","World Population Prospects",2024,"United Nations Population Division",56,"Belgium","BE","BEL",76,"2025",4,"Median",3,"Both sexes",188,0,-1,"Total",0,"Not applicable",1,"Model-based Estimates",3,"Projection",8.606
55,"Crude birth rate","Crude birth rate (births per 1,000 population)","World Population Prospects",2024,"United Nations Population Division",56,"Belgium","BE","BEL",77,"2026",4,"Median",3,"Both sexes",188,0,-1,"Total",0,"Not applicable",1,"Model-based Estimates",3,"Projection",8.566
55,"Crude birth rate","Crude birth rate (births per 1,000 population)","World Population Prospects",2024,"United Nations Population Division",56,"Belgium","BE","BEL",78,"2027",4,"Median",3,"Both sexes",188,0,-1,"Total",0,"Not applicable",1,"Model-based Estimates",3,"Projection",8.52
55,"Crude birth rate","Crude birth rate (births per 1,000 population)","World Population Prospects",2024,"United Nations Population Division",56,"Belgium","BE","BEL",79,"2028",4,"Median",3,"Both sexes",188,0,-1,"Total",0,"Not applicable",1,"Model-based Estimates",3,"Projection",8.485
55,"Crude birth rate","Crude birth rate (births per 1,000 population)","World Population Prospects",2024,"United Nations Population Division",56,"Belgium","BE","BEL",80,"2029",4,"Median",3,"Both sexes",188,0,-1,"Total",0,"Not applicable",1,"Model-based Estimates",3,"Projection",8.478
55,"Crude birth rate","Crude birth rate (births per 1,000 population)","World Population Prospects",2024,"United Nations Population Division",56,"Belgium","BE","BEL",81,"2030",4,"Median",3,"Both sexes",188,0,-1,"Total",0,"Not applicable",1,"Model-based Estimates",3,"Projection",8.47
55,"Crude birth rate","Crude birth rate (births per 1,000 population)","World Population Prospects",2024,"United Nations Population Division",56,"Belgium","BE","BEL",82,"2031",4,"Median",3,"Both sexes",188,0,-1,"Total",0,"Not applicable",1,"Model-based Estimates",3,"Projection",8.488
55,"Crude birth rate","Crude birth rate (births per 1,000 population)","World Population Prospects",2024,"United Nations Population Division",56,"Belgium","BE","BEL",83,"2032",4,"Median",3,"Both sexes",188,0,-1,"Total",0,"Not applicable",1,"Model-based Estimates",3,"Projection",8.515
55,"Crude birth rate","Crude birth rate (births per 1,000 population)","World Population Prospects",2024,"United Nations Population Division",56,"Belgium","BE","BEL",84,"2033",4,"Median",3,"Both sexes",188,0,-1,"Total",0,"Not applicable",1,"Model-based Estimates",3,"Projection",8.562
55,"Crude birth rate","Crude birth rate (births per 1,000 population)","World Population Prospects",2024,"United Nations Population Division",56,"Belgium","BE","BEL",85,"2034",4,"Median",3,"Both sexes",188,0,-1,"Total",0,"Not applicable",1,"Model-based Estimates",3,"Projection",8.627
55,"Crude birth rate","Crude birth rate (births per 1,000 population)","World Population Prospects",2024,"United Nations Population Division",56,"Belgium","BE","BEL",86,"2035",4,"Median",3,"Both sexes",188,0,-1,"Total",0,"Not applicable",1,"Model-based Estimates",3,"Projection",8.7
55,"Crude birth rate","Crude birth rate (births per 1,000 population)","World Population Prospects",2024,"United Nations Population Division",56,"Belgium","BE","BEL",87,"2036",4,"Median",3,"Both sexes",188,0,-1,"Total",0,"Not applicable",1,"Model-based Estimates",3,"Projection",8.782
55,"Crude birth rate","Crude birth rate (births per 1,000 population)","World Population Prospects",2024,"United Nations Population Division",56,"Belgium","BE","BEL",88,"2037",4,"Median",3,"Both sexes",188,0,-1,"Total",0,"Not applicable",1,"Model-based Estimates",3,"Projection",8.868
55,"Crude birth rate","Crude birth rate (births per 1,000 population)","World Population Prospects",2024,"United Nations Population Division",56,"Belgium","BE","BEL",89,"2038",4,"Median",3,"Both sexes",188,0,-1,"Total",0,"Not applicable",1,"Model-based Estimates",3,"Projection",8.962
55,"Crude birth rate","Crude birth rate (births per 1,000 population)","World Population Prospects",2024,"United Nations Population Division",56,"Belgium","BE","BEL",90,"2039",4,"Median",3,"Both sexes",188,0,-1,"Total",0,"Not applicable",1,"Model-based Estimates",3,"Projection",9.032
55,"Crude birth rate","Crude birth rate (births per 1,000 population)","World Population Prospects",2024,"United Nations Population Division",56,"Belgium","BE","BEL",91,"2040",4,"Median",3,"Both sexes",188,0,-1,"Total",0,"Not applicable",1,"Model-based Estimates",3,"Projection",9.089
55,"Crude birth rate","Crude birth rate (births per 1,000 population)","World Population Prospects",2024,"United Nations Population Division",56,"Belgium","BE","BEL",92,"2041",4,"Median",3,"Both sexes",188,0,-1,"Total",0,"Not applicable",1,"Model-based Estimates",3,"Projection",9.139
55,"Crude birth rate","Crude birth rate (births per 1,000 population)","World Population Prospects",2024,"United Nations Population Division",56,"Belgium","BE","BEL",93,"2042",4,"Median",3,"Both sexes",188,0,-1,"Total",0,"Not applicable",1,"Model-based Estimates",3,"Projection",9.163
55,"Crude birth rate","Crude birth rate (births per 1,000 population)","World Population Prospects",2024,"United Nations Population Division",56,"Belgium","BE","BEL",94,"2043",4,"Median",3,"Both sexes",188,0,-1,"Total",0,"Not applicable",1,"Model-based Estimates",3,"Projection",9.158
55,"Crude birth rate","Crude birth rate (births per 1,000 population)","World Population Prospects",2024,"United Nations Population Division",56,"Belgium","BE","BEL",95,"2044",4,"Median",3,"Both sexes",188,0,-1,"Total",0,"Not applicable",1,"Model-based Estimates",3,"Projection",9.137
55,"Crude birth rate","Crude birth rate (births per 1,000 population)","World Population Prospects",2024,"United Nations Population Division",56,"Belgium","BE","BEL",96,"2045",4,"Median",3,"Both sexes",188,0,-1,"Total",0,"Not applicable",1,"Model-based Estimates",3,"Projection",9.095
55,"Crude birth rate","Crude birth rate (births per 1,000 population)","World Population Prospects",2024,"United Nations Population Division",56,"Belgium","BE","BEL",97,"2046",4,"Median",3,"Both sexes",188,0,-1,"Total",0,"Not applicable",1,"Model-based Estimates",3,"Projection",9.049
55,"Crude birth rate","Crude birth rate (births per 1,000 population)","World Population Prospects",2024,"United Nations Population Division",56,"Belgium","BE","BEL",98,"2047",4,"Median",3,"Both sexes",188,0,-1,"Total",0,"Not applicable",1,"Model-based Estimates",3,"Projection",9
55,"Crude birth rate","Crude birth rate (births per 1,000 population)","World Population Prospects",2024,"United Nations Population Division",56,"Belgium","BE","BEL",99,"2048",4,"Median",3,"Both sexes",188,0,-1,"Total",0,"Not applicable",1,"Model-based Estimates",3,"Projection",8.931
55,"Crude birth rate","Crude birth rate (births per 1,000 population)","World Population Prospects",2024,"United Nations Population Division",56,"Belgium","BE","BEL",100,"2049",4,"Median",3,"Both sexes",188,0,-1,"Total",0,"Not applicable",1,"Model-based Estimates",3,"Projection",8.856
55,"Crude birth rate","Crude birth rate (births per 1,000 population)","World Population Prospects",2024,"United Nations Population Division",56,"Belgium","BE","BEL",101,"2050",4,"Median",3,"Both sexes",188,0,-1,"Total",0,"Not applicable",1,"Model-based Estimates",3,"Projection",8.778
55,"Crude birth rate","Crude birth rate (births per 1,000 population)","World Population Prospects",2024,"United Nations Population Division",56,"Belgium","BE","BEL",102,"2051",4,"Median",3,"Both sexes",188,0,-1,"Total",0,"Not applicable",1,"Model-based Estimates",3,"Projection",8.684
55,"Crude birth rate","Crude birth rate (births per 1,000 population)","World Population Prospects",2024,"United Nations Population Division",56,"Belgium","BE","BEL",103,"2052",4,"Median",3,"Both sexes",188,0,-1,"Total",0,"Not applicable",1,"Model-based Estimates",3,"Projection",8.586
55,"Crude birth rate","Crude birth rate (births per 1,000 population)","World Population Prospects",2024,"United Nations Population Division",56,"Belgium","BE","BEL",104,"2053",4,"Median",3,"Both sexes",188,0,-1,"Total",0,"Not applicable",1,"Model-based Estimates",3,"Projection",8.495
55,"Crude birth rate","Crude birth rate (births per 1,000 population)","World Population Prospects",2024,"United Nations Population Division",56,"Belgium","BE","BEL",105,"2054",4,"Median",3,"Both sexes",188,0,-1,"Total",0,"Not applicable",1,"Model-based Estimates",3,"Projection",8.411
55,"Crude birth rate","Crude birth rate (births per 1,000 population)","World Population Prospects",2024,"United Nations Population Division",56,"Belgium","BE","BEL",106,"2055",4,"Median",3,"Both sexes",188,0,-1,"Total",0,"Not applicable",1,"Model-based Estimates",3,"Projection",8.322
55,"Crude birth rate","Crude birth rate (births per 1,000 population)","World Population Prospects",2024,"United Nations Population Division",56,"Belgium","BE","BEL",107,"2056",4,"Median",3,"Both sexes",188,0,-1,"Total",0,"Not applicable",1,"Model-based Estimates",3,"Projection",8.247
55,"Crude birth rate","Crude birth rate (births per 1,000 population)","World Population Prospects",2024,"United Nations Population Division",56,"Belgium","BE","BEL",108,"2057",4,"Median",3,"Both sexes",188,0,-1,"Total",0,"Not applicable",1,"Model-based Estimates",3,"Projection",8.188
55,"Crude birth rate","Crude birth rate (births per 1,000 population)","World Population Prospects",2024,"United Nations Population Division",56,"Belgium","BE","BEL",109,"2058",4,"Median",3,"Both sexes",188,0,-1,"Total",0,"Not applicable",1,"Model-based Estimates",3,"Projection",8.143
55,"Crude birth rate","Crude birth rate (births per 1,000 population)","World Population Prospects",2024,"United Nations Population Division",56,"Belgium","BE","BEL",110,"2059",4,"Median",3,"Both sexes",188,0,-1,"Total",0,"Not applicable",1,"Model-based Estimates",3,"Projection",8.123
55,"Crude birth rate","Crude birth rate (births per 1,000 population)","World Population Prospects",2024,"United Nations Population Division",56,"Belgium","BE","BEL",111,"2060",4,"Median",3,"Both sexes",188,0,-1,"Total",0,"Not applicable",1,"Model-based Estimates",3,"Projection",8.101
55,"Crude birth rate","Crude birth rate (births per 1,000 population)","World Population Prospects",2024,"United Nations Population Division",56,"Belgium","BE","BEL",112,"2061",4,"Median",3,"Both sexes",188,0,-1,"Total",0,"Not applicable",1,"Model-based Estimates",3,"Projection",8.095
55,"Crude birth rate","Crude birth rate (births per 1,000 population)","World Population Prospects",2024,"United Nations Population Division",56,"Belgium","BE","BEL",113,"2062",4,"Median",3,"Both sexes",188,0,-1,"Total",0,"Not applicable",1,"Model-based Estimates",3,"Projection",8.098
55,"Crude birth rate","Crude birth rate (births per 1,000 population)","World Population Prospects",2024,"United Nations Population Division",56,"Belgium","BE","BEL",114,"2063",4,"Median",3,"Both sexes",188,0,-1,"Total",0,"Not applicable",1,"Model-based Estimates",3,"Projection",8.129
55,"Crude birth rate","Crude birth rate (births per 1,000 population)","World Population Prospects",2024,"United Nations Population Division",56,"Belgium","BE","BEL",115,"2064",4,"Median",3,"Both sexes",188,0,-1,"Total",0,"Not applicable",1,"Model-based Estimates",3,"Projection",8.147
55,"Crude birth rate","Crude birth rate (births per 1,000 population)","World Population Prospects",2024,"United Nations Population Division",56,"Belgium","BE","BEL",116,"2065",4,"Median",3,"Both sexes",188,0,-1,"Total",0,"Not applicable",1,"Model-based Estimates",3,"Projection",8.19
55,"Crude birth rate","Crude birth rate (births per 1,000 population)","World Population Prospects",2024,"United Nations Population Division",56,"Belgium","BE","BEL",117,"2066",4,"Median",3,"Both sexes",188,0,-1,"Total",0,"Not applicable",1,"Model-based Estimates",3,"Projection",8.236
55,"Crude birth rate","Crude birth rate (births per 1,000 population)","World Population Prospects",2024,"United Nations Population Division",56,"Belgium","BE","BEL",118,"2067",4,"Median",3,"Both sexes",188,0,-1,"Total",0,"Not applicable",1,"Model-based Estimates",3,"Projection",8.277
55,"Crude birth rate","Crude birth rate (births per 1,000 population)","World Population Prospects",2024,"United Nations Population Division",56,"Belgium","BE","BEL",119,"2068",4,"Median",3,"Both sexes",188,0,-1,"Total",0,"Not applicable",1,"Model-based Estimates",3,"Projection",8.326
55,"Crude birth rate","Crude birth rate (births per 1,000 population)","World Population Prospects",2024,"United Nations Population Division",56,"Belgium","BE","BEL",120,"2069",4,"Median",3,"Both sexes",188,0,-1,"Total",0,"Not applicable",1,"Model-based Estimates",3,"Projection",8.371
55,"Crude birth rate","Crude birth rate (births per 1,000 population)","World Population Prospects",2024,"United Nations Population Division",56,"Belgium","BE","BEL",121,"2070",4,"Median",3,"Both sexes",188,0,-1,"Total",0,"Not applicable",1,"Model-based Estimates",3,"Projection",8.428
55,"Crude birth rate","Crude birth rate (births per 1,000 population)","World Population Prospects",2024,"United Nations Population Division",56,"Belgium","BE","BEL",122,"2071",4,"Median",3,"Both sexes",188,0,-1,"Total",0,"Not applicable",1,"Model-based Estimates",3,"Projection",8.458
55,"Crude birth rate","Crude birth rate (births per 1,000 population)","World Population Prospects",2024,"United Nations Population Division",56,"Belgium","BE","BEL",123,"2072",4,"Median",3,"Both sexes",188,0,-1,"Total",0,"Not applicable",1,"Model-based Estimates",3,"Projection",8.507
55,"Crude birth rate","Crude birth rate (births per 1,000 population)","World Population Prospects",2024,"United Nations Population Division",56,"Belgium","BE","BEL",124,"2073",4,"Median",3,"Both sexes",188,0,-1,"Total",0,"Not applicable",1,"Model-based Estimates",3,"Projection",8.546
55,"Crude birth rate","Crude birth rate (births per 1,000 population)","World Population Prospects",2024,"United Nations Population Division",56,"Belgium","BE","BEL",125,"2074",4,"Median",3,"Both sexes",188,0,-1,"Total",0,"Not applicable",1,"Model-based Estimates",3,"Projection",8.565
55,"Crude birth rate","Crude birth rate (births per 1,000 population)","World Population Prospects",2024,"United Nations Population Division",56,"Belgium","BE","BEL",126,"2075",4,"Median",3,"Both sexes",188,0,-1,"Total",0,"Not applicable",1,"Model-based Estimates",3,"Projection",8.565
55,"Crude birth rate","Crude birth rate (births per 1,000 population)","World Population Prospects",2024,"United Nations Population Division",56,"Belgium","BE","BEL",127,"2076",4,"Median",3,"Both sexes",188,0,-1,"Total",0,"Not applicable",1,"Model-based Estimates",3,"Projection",8.577
55,"Crude birth rate","Crude birth rate (births per 1,000 population)","World Population Prospects",2024,"United Nations Population Division",56,"Belgium","BE","BEL",128,"2077",4,"Median",3,"Both sexes",188,0,-1,"Total",0,"Not applicable",1,"Model-based Estimates",3,"Projection",8.579
55,"Crude birth rate","Crude birth rate (births per 1,000 population)","World Population Prospects",2024,"United Nations Population Division",56,"Belgium","BE","BEL",129,"2078",4,"Median",3,"Both sexes",188,0,-1,"Total",0,"Not applicable",1,"Model-based Estimates",3,"Projection",8.561
55,"Crude birth rate","Crude birth rate (births per 1,000 population)","World Population Prospects",2024,"United Nations Population Division",56,"Belgium","BE","BEL",130,"2079",4,"Median",3,"Both sexes",188,0,-1,"Total",0,"Not applicable",1,"Model-based Estimates",3,"Projection",8.544
55,"Crude birth rate","Crude birth rate (births per 1,000 population)","World Population Prospects",2024,"United Nations Population Division",56,"Belgium","BE","BEL",131,"2080",4,"Median",3,"Both sexes",188,0,-1,"Total",0,"Not applicable",1,"Model-based Estimates",3,"Projection",8.521
55,"Crude birth rate","Crude birth rate (births per 1,000 population)","World Population Prospects",2024,"United Nations Population Division",56,"Belgium","BE","BEL",132,"2081",4,"Median",3,"Both sexes",188,0,-1,"Total",0,"Not applicable",1,"Model-based Estimates",3,"Projection",8.485
55,"Crude birth rate","Crude birth rate (births per 1,000 population)","World Population Prospects",2024,"United Nations Population Division",56,"Belgium","BE","BEL",133,"2082",4,"Median",3,"Both sexes",188,0,-1,"Total",0,"Not applicable",1,"Model-based Estimates",3,"Projection",8.455
55,"Crude birth rate","Crude birth rate (births per 1,000 population)","World Population Prospects",2024,"United Nations Population Division",56,"Belgium","BE","BEL",134,"2083",4,"Median",3,"Both sexes",188,0,-1,"Total",0,"Not applicable",1,"Model-based Estimates",3,"Projection",8.409
55,"Crude birth rate","Crude birth rate (births per 1,000 population)","World Population Prospects",2024,"United Nations Population Division",56,"Belgium","BE","BEL",135,"2084",4,"Median",3,"Both sexes",188,0,-1,"Total",0,"Not applicable",1,"Model-based Estimates",3,"Projection",8.358
55,"Crude birth rate","Crude birth rate (births per 1,000 population)","World Population Prospects",2024,"United Nations Population Division",56,"Belgium","BE","BEL",136,"2085",4,"Median",3,"Both sexes",188,0,-1,"Total",0,"Not applicable",1,"Model-based Estimates",3,"Projection",8.314
55,"Crude birth rate","Crude birth rate (births per 1,000 population)","World Population Prospects",2024,"United Nations Population Division",56,"Belgium","BE","BEL",137,"2086",4,"Median",3,"Both sexes",188,0,-1,"Total",0,"Not applicable",1,"Model-based Estimates",3,"Projection",8.286
55,"Crude birth rate","Crude birth rate (births per 1,000 population)","World Population Prospects",2024,"United Nations Population Division",56,"Belgium","BE","BEL",138,"2087",4,"Median",3,"Both sexes",188,0,-1,"Total",0,"Not applicable",1,"Model-based Estimates",3,"Projection",8.248
55,"Crude birth rate","Crude birth rate (births per 1,000 population)","World Population Prospects",2024,"United Nations Population Division",56,"Belgium","BE","BEL",139,"2088",4,"Median",3,"Both sexes",188,0,-1,"Total",0,"Not applicable",1,"Model-based Estimates",3,"Projection",8.22
55,"Crude birth rate","Crude birth rate (births per 1,000 population)","World Population Prospects",2024,"United Nations Population Division",56,"Belgium","BE","BEL",140,"2089",4,"Median",3,"Both sexes",188,0,-1,"Total",0,"Not applicable",1,"Model-based Estimates",3,"Projection",8.188
55,"Crude birth rate","Crude birth rate (births per 1,000 population)","World Population Prospects",2024,"United Nations Population Division",56,"Belgium","BE","BEL",141,"2090",4,"Median",3,"Both sexes",188,0,-1,"Total",0,"Not applicable",1,"Model-based Estimates",3,"Projection",8.153
55,"Crude birth rate","Crude birth rate (births per 1,000 population)","World Population Prospects",2024,"United Nations Population Division",56,"Belgium","BE","BEL",142,"2091",4,"Median",3,"Both sexes",188,0,-1,"Total",0,"Not applicable",1,"Model-based Estimates",3,"Projection",8.137
55,"Crude birth rate","Crude birth rate (births per 1,000 population)","World Population Prospects",2024,"United Nations Population Division",56,"Belgium","BE","BEL",143,"2092",4,"Median",3,"Both sexes",188,0,-1,"Total",0,"Not applicable",1,"Model-based Estimates",3,"Projection",8.127
55,"Crude birth rate","Crude birth rate (births per 1,000 population)","World Population Prospects",2024,"United Nations Population Division",56,"Belgium","BE","BEL",144,"2093",4,"Median",3,"Both sexes",188,0,-1,"Total",0,"Not applicable",1,"Model-based Estimates",3,"Projection",8.12
55,"Crude birth rate","Crude birth rate (births per 1,000 population)","World Population Prospects",2024,"United Nations Population Division",56,"Belgium","BE","BEL",145,"2094",4,"Median",3,"Both sexes",188,0,-1,"Total",0,"Not applicable",1,"Model-based Estimates",3,"Projection",8.133
55,"Crude birth rate","Crude birth rate (births per 1,000 population)","World Population Prospects",2024,"United Nations Population Division",56,"Belgium","BE","BEL",146,"2095",4,"Median",3,"Both sexes",188,0,-1,"Total",0,"Not applicable",1,"Model-based Estimates",3,"Projection",8.151
55,"Crude birth rate","Crude birth rate (births per 1,000 population)","World Population Prospects",2024,"United Nations Population Division",56,"Belgium","BE","BEL",147,"2096",4,"Median",3,"Both sexes",188,0,-1,"Total",0,"Not applicable",1,"Model-based Estimates",3,"Projection",8.157
55,"Crude birth rate","Crude birth rate (births per 1,000 population)","World Population Prospects",2024,"United Nations Population Division",56,"Belgium","BE","BEL",148,"2097",4,"Median",3,"Both sexes",188,0,-1,"Total",0,"Not applicable",1,"Model-based Estimates",3,"Projection",8.173
55,"Crude birth rate","Crude birth rate (births per 1,000 population)","World Population Prospects",2024,"United Nations Population Division",56,"Belgium","BE","BEL",149,"2098",4,"Median",3,"Both sexes",188,0,-1,"Total",0,"Not applicable",1,"Model-based Estimates",3,"Projection",8.192
55,"Crude birth rate","Crude birth rate (births per 1,000 population)","World Population Prospects",2024,"United Nations Population Division",56,"Belgium","BE","BEL",150,"2099",4,"Median",3,"Both sexes",188,0,-1,"Total",0,"Not applicable",1,"Model-based Estimates",3,"Projection",8.201
55,"Crude birth rate","Crude birth rate (births per 1,000 population)","World Population Prospects",2024,"United Nations Population Division",56,"Belgium","BE","BEL",151,"2100",4,"Median",3,"Both sexes",188,0,-1,"Total",0,"Not applicable",1,"Model-based Estimates",3,"Projection",8.216
55,"Crude birth rate","Crude birth rate (births per 1,000 population)","World Population Prospects",2024,"United Nations Population Division",100,"Bulgaria","BG","BGR",41,"1990",4,"Median",3,"Both sexes",188,0,-1,"Total",0,"Not applicable",1,"Model-based Estimates",2,"Interpolation",12.091
55,"Crude birth rate","Crude birth rate (births per 1,000 population)","World Population Prospects",2024,"United Nations Population Division",100,"Bulgaria","BG","BGR",42,"1991",4,"Median",3,"Both sexes",188,0,-1,"Total",0,"Not applicable",1,"Model-based Estimates",2,"Interpolation",11.154
55,"Crude birth rate","Crude birth rate (births per 1,000 population)","World Population Prospects",2024,"United Nations Population Division",100,"Bulgaria","BG","BGR",43,"1992",4,"Median",3,"Both sexes",188,0,-1,"Total",0,"Not applicable",1,"Model-based Estimates",2,"Interpolation",10.481
55,"Crude birth rate","Crude birth rate (births per 1,000 population)","World Population Prospects",2024,"United Nations Population Division",100,"Bulgaria","BG","BGR",44,"1993",4,"Median",3,"Both sexes",188,0,-1,"Total",0,"Not applicable",1,"Model-based Estimates",2,"Interpolation",9.963
55,"Crude birth rate","Crude birth rate (births per 1,000 population)","World Population Prospects",2024,"United Nations Population Division",100,"Bulgaria","BG","BGR",45,"1994",4,"Median",3,"Both sexes",188,0,-1,"Total",0,"Not applicable",1,"Model-based Estimates",2,"Interpolation",9.417
55,"Crude birth rate","Crude birth rate (births per 1,000 population)","World Population Prospects",2024,"United Nations Population Division",100,"Bulgaria","BG","BGR",46,"1995",4,"Median",3,"Both sexes",188,0,-1,"Total",0,"Not applicable",1,"Model-based Estimates",2,"Interpolation",8.628
55,"Crude birth rate","Crude birth rate (births per 1,000 population)","World Population Prospects",2024,"United Nations Population Division",100,"Bulgaria","BG","BGR",47,"1996",4,"Median",3,"Both sexes",188,0,-1,"Total",0,"Not applicable",1,"Model-based Estimates",2,"Interpolation",8.594
55,"Crude birth rate","Crude birth rate (births per 1,000 population)","World Population Prospects",2024,"United Nations Population Division",100,"Bulgaria","BG","BGR",48,"1997",4,"Median",3,"Both sexes",188,0,-1,"Total",0,"Not applicable",1,"Model-based Estimates",2,"Interpolation",7.767
55,"Crude birth rate","Crude birth rate (births per 1,000 population)","World Population Prospects",2024,"United Nations Population Division",100,"Bulgaria","BG","BGR",49,"1998",4,"Median",3,"Both sexes",188,0,-1,"Total",0,"Not applicable",1,"Model-based Estimates",2,"Interpolation",7.945
55,"Crude birth rate","Crude birth rate (births per 1,000 population)","World Population Prospects",2024,"United Nations Population Division",100,"Bulgaria","BG","BGR",50,"1999",4,"Median",3,"Both sexes",188,0,-1,"Total",0,"Not applicable",1,"Model-based Estimates",2,"Interpolation",8.795
55,"Crude birth rate","Crude birth rate (births per 1,000 population)","World Population Prospects",2024,"United Nations Population Division",100,"Bulgaria","BG","BGR",51,"2000",4,"Median",3,"Both sexes",188,0,-1,"Total",0,"Not applicable",1,"Model-based Estimates",2,"Interpolation",9.016
55,"Crude birth rate","Crude birth rate (births per 1,000 population)","World Population Prospects",2024,"United Nations Population Division",100,"Bulgaria","BG","BGR",52,"2001",4,"Median",3,"Both sexes",188,0,-1,"Total",0,"Not applicable",1,"Model-based Estimates",2,"Interpolation",8.573
55,"Crude birth rate","Crude birth rate (births per 1,000 population)","World Population Prospects",2024,"United Nations Population Division",100,"Bulgaria","BG","BGR",53,"2002",4,"Median",3,"Both sexes",188,0,-1,"Total",0,"Not applicable",1,"Model-based Estimates",2,"Interpolation",8.534
55,"Crude birth rate","Crude birth rate (births per 1,000 population)","World Population Prospects",2024,"United Nations Population Division",100,"Bulgaria","BG","BGR",54,"2003",4,"Median",3,"Both sexes",188,0,-1,"Total",0,"Not applicable",1,"Model-based Estimates",2,"Interpolation",8.713
55,"Crude birth rate","Crude birth rate (births per 1,000 population)","World Population Prospects",2024,"United Nations Population Division",100,"Bulgaria","BG","BGR",55,"2004",4,"Median",3,"Both sexes",188,0,-1,"Total",0,"Not applicable",1,"Model-based Estimates",2,"Interpolation",9.106
55,"Crude birth rate","Crude birth rate (births per 1,000 population)","World Population Prospects",2024,"United Nations Population Division",100,"Bulgaria","BG","BGR",56,"2005",4,"Median",3,"Both sexes",188,0,-1,"Total",0,"Not applicable",1,"Model-based Estimates",2,"Interpolation",9.342
55,"Crude birth rate","Crude birth rate (births per 1,000 population)","World Population Prospects",2024,"United Nations Population Division",100,"Bulgaria","BG","BGR",57,"2006",4,"Median",3,"Both sexes",188,0,-1,"Total",0,"Not applicable",1,"Model-based Estimates",2,"Interpolation",9.775
55,"Crude birth rate","Crude birth rate (births per 1,000 population)","World Population Prospects",2024,"United Nations Population Division",100,"Bulgaria","BG","BGR",58,"2007",4,"Median",3,"Both sexes",188,0,-1,"Total",0,"Not applicable",1,"Model-based Estimates",2,"Interpolation",10.03
55,"Crude birth rate","Crude birth rate (births per 1,000 population)","World Population Prospects",2024,"United Nations Population Division",100,"Bulgaria","BG","BGR",59,"2008",4,"Median",3,"Both sexes",188,0,-1,"Total",0,"Not applicable",1,"Model-based Estimates",2,"Interpolation",10.394
55,"Crude birth rate","Crude birth rate (births per 1,000 population)","World Population Prospects",2024,"United Nations Population Division",100,"Bulgaria","BG","BGR",60,"2009",4,"Median",3,"Both sexes",188,0,-1,"Total",0,"Not applicable",1,"Model-based Estimates",2,"Interpolation",10.848
55,"Crude birth rate","Crude birth rate (births per 1,000 population)","World Population Prospects",2024,"United Nations Population Division",100,"Bulgaria","BG","BGR",61,"2010",4,"Median",3,"Both sexes",188,0,-1,"Total",0,"Not applicable",1,"Model-based Estimates",2,"Interpolation",10.226
55,"Crude birth rate","Crude birth rate (births per 1,000 population)","World Population Prospects",2024,"United Nations Population Division",100,"Bulgaria","BG","BGR",62,"2011",4,"Median",3,"Both sexes",188,0,-1,"Total",0,"Not applicable",1,"Model-based Estimates",2,"Interpolation",9.666
55,"Crude birth rate","Crude birth rate (births per 1,000 population)","World Population Prospects",2024,"United Nations Population Division",100,"Bulgaria","BG","BGR",63,"2012",4,"Median",3,"Both sexes",188,0,-1,"Total",0,"Not applicable",1,"Model-based Estimates",2,"Interpolation",9.473
55,"Crude birth rate","Crude birth rate (births per 1,000 population)","World Population Prospects",2024,"United Nations Population Division",100,"Bulgaria","BG","BGR",64,"2013",4,"Median",3,"Both sexes",188,0,-1,"Total",0,"Not applicable",1,"Model-based Estimates",2,"Interpolation",9.182
55,"Crude birth rate","Crude birth rate (births per 1,000 population)","World Population Prospects",2024,"United Nations Population Division",100,"Bulgaria","BG","BGR",65,"2014",4,"Median",3,"Both sexes",188,0,-1,"Total",0,"Not applicable",1,"Model-based Estimates",2,"Interpolation",9.339
55,"Crude birth rate","Crude birth rate (births per 1,000 population)","World Population Prospects",2024,"United Nations Population Division",100,"Bulgaria","BG","BGR",66,"2015",4,"Median",3,"Both sexes",188,0,-1,"Total",0,"Not applicable",1,"Model-based Estimates",2,"Interpolation",9.181
55,"Crude birth rate","Crude birth rate (births per 1,000 population)","World Population Prospects",2024,"United Nations Population Division",100,"Bulgaria","BG","BGR",67,"2016",4,"Median",3,"Both sexes",188,0,-1,"Total",0,"Not applicable",1,"Model-based Estimates",2,"Interpolation",9.123
55,"Crude birth rate","Crude birth rate (births per 1,000 population)","World Population Prospects",2024,"United Nations Population Division",100,"Bulgaria","BG","BGR",68,"2017",4,"Median",3,"Both sexes",188,0,-1,"Total",0,"Not applicable",1,"Model-based Estimates",2,"Interpolation",9.037
55,"Crude birth rate","Crude birth rate (births per 1,000 population)","World Population Prospects",2024,"United Nations Population Division",100,"Bulgaria","BG","BGR",69,"2018",4,"Median",3,"Both sexes",188,0,-1,"Total",0,"Not applicable",1,"Model-based Estimates",2,"Interpolation",8.86
55,"Crude birth rate","Crude birth rate (births per 1,000 population)","World Population Prospects",2024,"United Nations Population Division",100,"Bulgaria","BG","BGR",70,"2019",4,"Median",3,"Both sexes",188,0,-1,"Total",0,"Not applicable",1,"Model-based Estimates",2,"Interpolation",8.817
55,"Crude birth rate","Crude birth rate (births per 1,000 population)","World Population Prospects",2024,"United Nations Population Division",100,"Bulgaria","BG","BGR",71,"2020",4,"Median",3,"Both sexes",188,0,-1,"Total",0,"Not applicable",1,"Model-based Estimates",2,"Interpolation",8.486
55,"Crude birth rate","Crude birth rate (births per 1,000 population)","World Population Prospects",2024,"United Nations Population Division",100,"Bulgaria","BG","BGR",72,"2021",4,"Median",3,"Both sexes",188,0,-1,"Total",0,"Not applicable",1,"Model-based Estimates",2,"Interpolation",8.579
55,"Crude birth rate","Crude birth rate (births per 1,000 population)","World Population Prospects",2024,"United Nations Population Division",100,"Bulgaria","BG","BGR",73,"2022",4,"Median",3,"Both sexes",188,0,-1,"Total",0,"Not applicable",1,"Model-based Estimates",2,"Interpolation",9.385
55,"Crude birth rate","Crude birth rate (births per 1,000 population)","World Population Prospects",2024,"United Nations Population Division",100,"Bulgaria","BG","BGR",74,"2023",4,"Median",3,"Both sexes",188,0,-1,"Total",0,"Not applicable",1,"Model-based Estimates",2,"Interpolation",9.218
55,"Crude birth rate","Crude birth rate (births per 1,000 population)","World Population Prospects",2024,"United Nations Population Division",100,"Bulgaria","BG","BGR",75,"2024",4,"Median",3,"Both sexes",188,0,-1,"Total",0,"Not applicable",1,"Model-based Estimates",3,"Projection",9.095
55,"Crude birth rate","Crude birth rate (births per 1,000 population)","World Population Prospects",2024,"United Nations Population Division",100,"Bulgaria","BG","BGR",76,"2025",4,"Median",3,"Both sexes",188,0,-1,"Total",0,"Not applicable",1,"Model-based Estimates",3,"Projection",8.992
55,"Crude birth rate","Crude birth rate (births per 1,000 population)","World Population Prospects",2024,"United Nations Population Division",100,"Bulgaria","BG","BGR",77,"2026",4,"Median",3,"Both sexes",188,0,-1,"Total",0,"Not applicable",1,"Model-based Estimates",3,"Projection",8.9
55,"Crude birth rate","Crude birth rate (births per 1,000 population)","World Population Prospects",2024,"United Nations Population Division",100,"Bulgaria","BG","BGR",78,"2027",4,"Median",3,"Both sexes",188,0,-1,"Total",0,"Not applicable",1,"Model-based Estimates",3,"Projection",8.808
55,"Crude birth rate","Crude birth rate (births per 1,000 population)","World Population Prospects",2024,"United Nations Population Division",100,"Bulgaria","BG","BGR",79,"2028",4,"Median",3,"Both sexes",188,0,-1,"Total",0,"Not applicable",1,"Model-based Estimates",3,"Projection",8.741
55,"Crude birth rate","Crude birth rate (births per 1,000 population)","World Population Prospects",2024,"United Nations Population Division",100,"Bulgaria","BG","BGR",80,"2029",4,"Median",3,"Both sexes",188,0,-1,"Total",0,"Not applicable",1,"Model-based Estimates",3,"Projection",8.671
55,"Crude birth rate","Crude birth rate (births per 1,000 population)","World Population Prospects",2024,"United Nations Population Division",100,"Bulgaria","BG","BGR",81,"2030",4,"Median",3,"Both sexes",188,0,-1,"Total",0,"Not applicable",1,"Model-based Estimates",3,"Projection",8.62
55,"Crude birth rate","Crude birth rate (births per 1,000 population)","World Population Prospects",2024,"United Nations Population Division",100,"Bulgaria","BG","BGR",82,"2031",4,"Median",3,"Both sexes",188,0,-1,"Total",0,"Not applicable",1,"Model-based Estimates",3,"Projection",8.579
55,"Crude birth rate","Crude birth rate (births per 1,000 population)","World Population Prospects",2024,"United Nations Population Division",100,"Bulgaria","BG","BGR",83,"2032",4,"Median",3,"Both sexes",188,0,-1,"Total",0,"Not applicable",1,"Model-based Estimates",3,"Projection",8.571
55,"Crude birth rate","Crude birth rate (births per 1,000 population)","World Population Prospects",2024,"United Nations Population Division",100,"Bulgaria","BG","BGR",84,"2033",4,"Median",3,"Both sexes",188,0,-1,"Total",0,"Not applicable",1,"Model-based Estimates",3,"Projection",8.57
55,"Crude birth rate","Crude birth rate (births per 1,000 population)","World Population Prospects",2024,"United Nations Population Division",100,"Bulgaria","BG","BGR",85,"2034",4,"Median",3,"Both sexes",188,0,-1,"Total",0,"Not applicable",1,"Model-based Estimates",3,"Projection",8.592
55,"Crude birth rate","Crude birth rate (births per 1,000 population)","World Population Prospects",2024,"United Nations Population Division",100,"Bulgaria","BG","BGR",86,"2035",4,"Median",3,"Both sexes",188,0,-1,"Total",0,"Not applicable",1,"Model-based Estimates",3,"Projection",8.617
55,"Crude birth rate","Crude birth rate (births per 1,000 population)","World Population Prospects",2024,"United Nations Population Division",100,"Bulgaria","BG","BGR",87,"2036",4,"Median",3,"Both sexes",188,0,-1,"Total",0,"Not applicable",1,"Model-based Estimates",3,"Projection",8.648
55,"Crude birth rate","Crude birth rate (births per 1,000 population)","World Population Prospects",2024,"United Nations Population Division",100,"Bulgaria","BG","BGR",88,"2037",4,"Median",3,"Both sexes",188,0,-1,"Total",0,"Not applicable",1,"Model-based Estimates",3,"Projection",8.686
55,"Crude birth rate","Crude birth rate (births per 1,000 population)","World Population Prospects",2024,"United Nations Population Division",100,"Bulgaria","BG","BGR",89,"2038",4,"Median",3,"Both sexes",188,0,-1,"Total",0,"Not applicable",1,"Model-based Estimates",3,"Projection",8.721
55,"Crude birth rate","Crude birth rate (births per 1,000 population)","World Population Prospects",2024,"United Nations Population Division",100,"Bulgaria","BG","BGR",90,"2039",4,"Median",3,"Both sexes",188,0,-1,"Total",0,"Not applicable",1,"Model-based Estimates",3,"Projection",8.769
55,"Crude birth rate","Crude birth rate (births per 1,000 population)","World Population Prospects",2024,"United Nations Population Division",100,"Bulgaria","BG","BGR",91,"2040",4,"Median",3,"Both sexes",188,0,-1,"Total",0,"Not applicable",1,"Model-based Estimates",3,"Projection",8.806
55,"Crude birth rate","Crude birth rate (births per 1,000 population)","World Population Prospects",2024,"United Nations Population Division",100,"Bulgaria","BG","BGR",92,"2041",4,"Median",3,"Both sexes",188,0,-1,"Total",0,"Not applicable",1,"Model-based Estimates",3,"Projection",8.851
55,"Crude birth rate","Crude birth rate (births per 1,000 population)","World Population Prospects",2024,"United Nations Population Division",100,"Bulgaria","BG","BGR",93,"2042",4,"Median",3,"Both sexes",188,0,-1,"Total",0,"Not applicable",1,"Model-based Estimates",3,"Projection",8.898
55,"Crude birth rate","Crude birth rate (births per 1,000 population)","World Population Prospects",2024,"United Nations Population Division",100,"Bulgaria","BG","BGR",94,"2043",4,"Median",3,"Both sexes",188,0,-1,"Total",0,"Not applicable",1,"Model-based Estimates",3,"Projection",8.93
55,"Crude birth rate","Crude birth rate (births per 1,000 population)","World Population Prospects",2024,"United Nations Population Division",100,"Bulgaria","BG","BGR",95,"2044",4,"Median",3,"Both sexes",188,0,-1,"Total",0,"Not applicable",1,"Model-based Estimates",3,"Projection",8.947
55,"Crude birth rate","Crude birth rate (births per 1,000 population)","World Population Prospects",2024,"United Nations Population Division",100,"Bulgaria","BG","BGR",96,"2045",4,"Median",3,"Both sexes",188,0,-1,"Total",0,"Not applicable",1,"Model-based Estimates",3,"Projection",8.945
55,"Crude birth rate","Crude birth rate (births per 1,000 population)","World Population Prospects",2024,"United Nations Population Division",100,"Bulgaria","BG","BGR",97,"2046",4,"Median",3,"Both sexes",188,0,-1,"Total",0,"Not applicable",1,"Model-based Estimates",3,"Projection",8.932
55,"Crude birth rate","Crude birth rate (births per 1,000 population)","World Population Prospects",2024,"United Nations Population Division",100,"Bulgaria","BG","BGR",98,"2047",4,"Median",3,"Both sexes",188,0,-1,"Total",0,"Not applicable",1,"Model-based Estimates",3,"Projection",8.913
55,"Crude birth rate","Crude birth rate (births per 1,000 population)","World Population Prospects",2024,"United Nations Population Division",100,"Bulgaria","BG","BGR",99,"2048",4,"Median",3,"Both sexes",188,0,-1,"Total",0,"Not applicable",1,"Model-based Estimates",3,"Projection",8.895
55,"Crude birth rate","Crude birth rate (births per 1,000 population)","World Population Prospects",2024,"United Nations Population Division",100,"Bulgaria","BG","BGR",100,"2049",4,"Median",3,"Both sexes",188,0,-1,"Total",0,"Not applicable",1,"Model-based Estimates",3,"Projection",8.871
55,"Crude birth rate","Crude birth rate (births per 1,000 population)","World Population Prospects",2024,"United Nations Population Division",100,"Bulgaria","BG","BGR",101,"2050",4,"Median",3,"Both sexes",188,0,-1,"Total",0,"Not applicable",1,"Model-based Estimates",3,"Projection",8.843
55,"Crude birth rate","Crude birth rate (births per 1,000 population)","World Population Prospects",2024,"United Nations Population Division",100,"Bulgaria","BG","BGR",102,"2051",4,"Median",3,"Both sexes",188,0,-1,"Total",0,"Not applicable",1,"Model-based Estimates",3,"Projection",8.819
55,"Crude birth rate","Crude birth rate (births per 1,000 population)","World Population Prospects",2024,"United Nations Population Division",100,"Bulgaria","BG","BGR",103,"2052",4,"Median",3,"Both sexes",188,0,-1,"Total",0,"Not applicable",1,"Model-based Estimates",3,"Projection",8.785
55,"Crude birth rate","Crude birth rate (births per 1,000 population)","World Population Prospects",2024,"United Nations Population Division",100,"Bulgaria","BG","BGR",104,"2053",4,"Median",3,"Both sexes",188,0,-1,"Total",0,"Not applicable",1,"Model-based Estimates",3,"Projection",8.755
55,"Crude birth rate","Crude birth rate (births per 1,000 population)","World Population Prospects",2024,"United Nations Population Division",100,"Bulgaria","BG","BGR",105,"2054",4,"Median",3,"Both sexes",188,0,-1,"Total",0,"Not applicable",1,"Model-based Estimates",3,"Projection",8.718
55,"Crude birth rate","Crude birth rate (births per 1,000 population)","World Population Prospects",2024,"United Nations Population Division",100,"Bulgaria","BG","BGR",106,"2055",4,"Median",3,"Both sexes",188,0,-1,"Total",0,"Not applicable",1,"Model-based Estimates",3,"Projection",8.686
55,"Crude birth rate","Crude birth rate (births per 1,000 population)","World Population Prospects",2024,"United Nations Population Division",100,"Bulgaria","BG","BGR",107,"2056",4,"Median",3,"Both sexes",188,0,-1,"Total",0,"Not applicable",1,"Model-based Estimates",3,"Projection",8.658
55,"Crude birth rate","Crude birth rate (births per 1,000 population)","World Population Prospects",2024,"United Nations Population Division",100,"Bulgaria","BG","BGR",108,"2057",4,"Median",3,"Both sexes",188,0,-1,"Total",0,"Not applicable",1,"Model-based Estimates",3,"Projection",8.625
55,"Crude birth rate","Crude birth rate (births per 1,000 population)","World Population Prospects",2024,"United Nations Population Division",100,"Bulgaria","BG","BGR",109,"2058",4,"Median",3,"Both sexes",188,0,-1,"Total",0,"Not applicable",1,"Model-based Estimates",3,"Projection",8.604
55,"Crude birth rate","Crude birth rate (births per 1,000 population)","World Population Prospects",2024,"United Nations Population Division",100,"Bulgaria","BG","BGR",110,"2059",4,"Median",3,"Both sexes",188,0,-1,"Total",0,"Not applicable",1,"Model-based Estimates",3,"Projection",8.565
55,"Crude birth rate","Crude birth rate (births per 1,000 population)","World Population Prospects",2024,"United Nations Population Division",100,"Bulgaria","BG","BGR",111,"2060",4,"Median",3,"Both sexes",188,0,-1,"Total",0,"Not applicable",1,"Model-based Estimates",3,"Projection",8.543
55,"Crude birth rate","Crude birth rate (births per 1,000 population)","World Population Prospects",2024,"United Nations Population Division",100,"Bulgaria","BG","BGR",112,"2061",4,"Median",3,"Both sexes",188,0,-1,"Total",0,"Not applicable",1,"Model-based Estimates",3,"Projection",8.529
55,"Crude birth rate","Crude birth rate (births per 1,000 population)","World Population Prospects",2024,"United Nations Population Division",100,"Bulgaria","BG","BGR",113,"2062",4,"Median",3,"Both sexes",188,0,-1,"Total",0,"Not applicable",1,"Model-based Estimates",3,"Projection",8.507
55,"Crude birth rate","Crude birth rate (births per 1,000 population)","World Population Prospects",2024,"United Nations Population Division",100,"Bulgaria","BG","BGR",114,"2063",4,"Median",3,"Both sexes",188,0,-1,"Total",0,"Not applicable",1,"Model-based Estimates",3,"Projection",8.504
55,"Crude birth rate","Crude birth rate (births per 1,000 population)","World Population Prospects",2024,"United Nations Population Division",100,"Bulgaria","BG","BGR",115,"2064",4,"Median",3,"Both sexes",188,0,-1,"Total",0,"Not applicable",1,"Model-based Estimates",3,"Projection",8.507
55,"Crude birth rate","Crude birth rate (births per 1,000 population)","World Population Prospects",2024,"United Nations Population Division",100,"Bulgaria","BG","BGR",116,"2065",4,"Median",3,"Both sexes",188,0,-1,"Total",0,"Not applicable",1,"Model-based Estimates",3,"Projection",8.509
55,"Crude birth rate","Crude birth rate (births per 1,000 population)","World Population Prospects",2024,"United Nations Population Division",100,"Bulgaria","BG","BGR",117,"2066",4,"Median",3,"Both sexes",188,0,-1,"Total",0,"Not applicable",1,"Model-based Estimates",3,"Projection",8.519
55,"Crude birth rate","Crude birth rate (births per 1,000 population)","World Population Prospects",2024,"United Nations Population Division",100,"Bulgaria","BG","BGR",118,"2067",4,"Median",3,"Both sexes",188,0,-1,"Total",0,"Not applicable",1,"Model-based Estimates",3,"Projection",8.543
55,"Crude birth rate","Crude birth rate (births per 1,000 population)","World Population Prospects",2024,"United Nations Population Division",100,"Bulgaria","BG","BGR",119,"2068",4,"Median",3,"Both sexes",188,0,-1,"Total",0,"Not applicable",1,"Model-based Estimates",3,"Projection",8.565
55,"Crude birth rate","Crude birth rate (births per 1,000 population)","World Population Prospects",2024,"United Nations Population Division",100,"Bulgaria","BG","BGR",120,"2069",4,"Median",3,"Both sexes",188,0,-1,"Total",0,"Not applicable",1,"Model-based Estimates",3,"Projection",8.589
55,"Crude birth rate","Crude birth rate (births per 1,000 population)","World Population Prospects",2024,"United Nations Population Division",100,"Bulgaria","BG","BGR",121,"2070",4,"Median",3,"Both sexes",188,0,-1,"Total",0,"Not applicable",1,"Model-based Estimates",3,"Projection",8.619
55,"Crude birth rate","Crude birth rate (births per 1,000 population)","World Population Prospects",2024,"United Nations Population Division",100,"Bulgaria","BG","BGR",122,"2071",4,"Median",3,"Both sexes",188,0,-1,"Total",0,"Not applicable",1,"Model-based Estimates",3,"Projection",8.645
55,"Crude birth rate","Crude birth rate (births per 1,000 population)","World Population Prospects",2024,"United Nations Population Division",100,"Bulgaria","BG","BGR",123,"2072",4,"Median",3,"Both sexes",188,0,-1,"Total",0,"Not applicable",1,"Model-based Estimates",3,"Projection",8.673
55,"Crude birth rate","Crude birth rate (births per 1,000 population)","World Population Prospects",2024,"United Nations Population Division",100,"Bulgaria","BG","BGR",124,"2073",4,"Median",3,"Both sexes",188,0,-1,"Total",0,"Not applicable",1,"Model-based Estimates",3,"Projection",8.711
55,"Crude birth rate","Crude birth rate (births per 1,000 population)","World Population Prospects",2024,"United Nations Population Division",100,"Bulgaria","BG","BGR",125,"2074",4,"Median",3,"Both sexes",188,0,-1,"Total",0,"Not applicable",1,"Model-based Estimates",3,"Projection",8.737
55,"Crude birth rate","Crude birth rate (births per 1,000 population)","World Population Prospects",2024,"United Nations Population Division",100,"Bulgaria","BG","BGR",126,"2075",4,"Median",3,"Both sexes",188,0,-1,"Total",0,"Not applicable",1,"Model-based Estimates",3,"Projection",8.748
55,"Crude birth rate","Crude birth rate (births per 1,000 population)","World Population Prospects",2024,"United Nations Population Division",100,"Bulgaria","BG","BGR",127,"2076",4,"Median",3,"Both sexes",188,0,-1,"Total",0,"Not applicable",1,"Model-based Estimates",3,"Projection",8.759
55,"Crude birth rate","Crude birth rate (births per 1,000 population)","World Population Prospects",2024,"United Nations Population Division",100,"Bulgaria","BG","BGR",128,"2077",4,"Median",3,"Both sexes",188,0,-1,"Total",0,"Not applicable",1,"Model-based Estimates",3,"Projection",8.764
55,"Crude birth rate","Crude birth rate (births per 1,000 population)","World Population Prospects",2024,"United Nations Population Division",100,"Bulgaria","BG","BGR",129,"2078",4,"Median",3,"Both sexes",188,0,-1,"Total",0,"Not applicable",1,"Model-based Estimates",3,"Projection",8.766
55,"Crude birth rate","Crude birth rate (births per 1,000 population)","World Population Prospects",2024,"United Nations Population Division",100,"Bulgaria","BG","BGR",130,"2079",4,"Median",3,"Both sexes",188,0,-1,"Total",0,"Not applicable",1,"Model-based Estimates",3,"Projection",8.763
55,"Crude birth rate","Crude birth rate (births per 1,000 population)","World Population Prospects",2024,"United Nations Population Division",100,"Bulgaria","BG","BGR",131,"2080",4,"Median",3,"Both sexes",188,0,-1,"Total",0,"Not applicable",1,"Model-based Estimates",3,"Projection",8.739
55,"Crude birth rate","Crude birth rate (births per 1,000 population)","World Population Prospects",2024,"United Nations Population Division",100,"Bulgaria","BG","BGR",132,"2081",4,"Median",3,"Both sexes",188,0,-1,"Total",0,"Not applicable",1,"Model-based Estimates",3,"Projection",8.708
55,"Crude birth rate","Crude birth rate (births per 1,000 population)","World Population Prospects",2024,"United Nations Population Division",100,"Bulgaria","BG","BGR",133,"2082",4,"Median",3,"Both sexes",188,0,-1,"Total",0,"Not applicable",1,"Model-based Estimates",3,"Projection",8.692
55,"Crude birth rate","Crude birth rate (births per 1,000 population)","World Population Prospects",2024,"United Nations Population Division",100,"Bulgaria","BG","BGR",134,"2083",4,"Median",3,"Both sexes",188,0,-1,"Total",0,"Not applicable",1,"Model-based Estimates",3,"Projection",8.661
55,"Crude birth rate","Crude birth rate (births per 1,000 population)","World Population Prospects",2024,"United Nations Population Division",100,"Bulgaria","BG","BGR",135,"2084",4,"Median",3,"Both sexes",188,0,-1,"Total",0,"Not applicable",1,"Model-based Estimates",3,"Projection",8.634
55,"Crude birth rate","Crude birth rate (births per 1,000 population)","World Population Prospects",2024,"United Nations Population Division",100,"Bulgaria","BG","BGR",136,"2085",4,"Median",3,"Both sexes",188,0,-1,"Total",0,"Not applicable",1,"Model-based Estimates",3,"Projection",8.597
55,"Crude birth rate","Crude birth rate (births per 1,000 population)","World Population Prospects",2024,"United Nations Population Division",100,"Bulgaria","BG","BGR",137,"2086",4,"Median",3,"Both sexes",188,0,-1,"Total",0,"Not applicable",1,"Model-based Estimates",3,"Projection",8.566
55,"Crude birth rate","Crude birth rate (births per 1,000 population)","World Population Prospects",2024,"United Nations Population Division",100,"Bulgaria","BG","BGR",138,"2087",4,"Median",3,"Both sexes",188,0,-1,"Total",0,"Not applicable",1,"Model-based Estimates",3,"Projection",8.532
55,"Crude birth rate","Crude birth rate (births per 1,000 population)","World Population Prospects",2024,"United Nations Population Division",100,"Bulgaria","BG","BGR",139,"2088",4,"Median",3,"Both sexes",188,0,-1,"Total",0,"Not applicable",1,"Model-based Estimates",3,"Projection",8.495
55,"Crude birth rate","Crude birth rate (births per 1,000 population)","World Population Prospects",2024,"United Nations Population Division",100,"Bulgaria","BG","BGR",140,"2089",4,"Median",3,"Both sexes",188,0,-1,"Total",0,"Not applicable",1,"Model-based Estimates",3,"Projection",8.461
55,"Crude birth rate","Crude birth rate (births per 1,000 population)","World Population Prospects",2024,"United Nations Population Division",100,"Bulgaria","BG","BGR",141,"2090",4,"Median",3,"Both sexes",188,0,-1,"Total",0,"Not applicable",1,"Model-based Estimates",3,"Projection",8.422
55,"Crude birth rate","Crude birth rate (births per 1,000 population)","World Population Prospects",2024,"United Nations Population Division",100,"Bulgaria","BG","BGR",142,"2091",4,"Median",3,"Both sexes",188,0,-1,"Total",0,"Not applicable",1,"Model-based Estimates",3,"Projection",8.394
55,"Crude birth rate","Crude birth rate (births per 1,000 population)","World Population Prospects",2024,"United Nations Population Division",100,"Bulgaria","BG","BGR",143,"2092",4,"Median",3,"Both sexes",188,0,-1,"Total",0,"Not applicable",1,"Model-based Estimates",3,"Projection",8.359
55,"Crude birth rate","Crude birth rate (births per 1,000 population)","World Population Prospects",2024,"United Nations Population Division",100,"Bulgaria","BG","BGR",144,"2093",4,"Median",3,"Both sexes",188,0,-1,"Total",0,"Not applicable",1,"Model-based Estimates",3,"Projection",8.327
55,"Crude birth rate","Crude birth rate (births per 1,000 population)","World Population Prospects",2024,"United Nations Population Division",100,"Bulgaria","BG","BGR",145,"2094",4,"Median",3,"Both sexes",188,0,-1,"Total",0,"Not applicable",1,"Model-based Estimates",3,"Projection",8.303
55,"Crude birth rate","Crude birth rate (births per 1,000 population)","World Population Prospects",2024,"United Nations Population Division",100,"Bulgaria","BG","BGR",146,"2095",4,"Median",3,"Both sexes",188,0,-1,"Total",0,"Not applicable",1,"Model-based Estimates",3,"Projection",8.279
55,"Crude birth rate","Crude birth rate (births per 1,000 population)","World Population Prospects",2024,"United Nations Population Division",100,"Bulgaria","BG","BGR",147,"2096",4,"Median",3,"Both sexes",188,0,-1,"Total",0,"Not applicable",1,"Model-based Estimates",3,"Projection",8.249
55,"Crude birth rate","Crude birth rate (births per 1,000 population)","World Population Prospects",2024,"United Nations Population Division",100,"Bulgaria","BG","BGR",148,"2097",4,"Median",3,"Both sexes",188,0,-1,"Total",0,"Not applicable",1,"Model-based Estimates",3,"Projection",8.232
55,"Crude birth rate","Crude birth rate (births per 1,000 population)","World Population Prospects",2024,"United Nations Population Division",100,"Bulgaria","BG","BGR",149,"2098",4,"Median",3,"Both sexes",188,0,-1,"Total",0,"Not applicable",1,"Model-based Estimates",3,"Projection",8.216
55,"Crude birth rate","Crude birth rate (births per 1,000 population)","World Population Prospects",2024,"United Nations Population Division",100,"Bulgaria","BG","BGR",150,"2099",4,"Median",3,"Both sexes",188,0,-1,"Total",0,"Not applicable",1,"Model-based Estimates",3,"Projection",8.212
55,"Crude birth rate","Crude birth rate (births per 1,000 population)","World Population Prospects",2024,"United Nations Population Division",100,"Bulgaria","BG","BGR",151,"2100",4,"Median",3,"Both sexes",188,0,-1,"Total",0,"Not applicable",1,"Model-based Estimates",3,"Projection",8.194
55,"Crude birth rate","Crude birth rate (births per 1,000 population)","World Population Prospects",2024,"United Nations Population Division",191,"Croatia","HR","HRV",41,"1990",4,"Median",3,"Both sexes",188,0,-1,"Total",0,"Not applicable",1,"Model-based Estimates",2,"Interpolation",11.776
55,"Crude birth rate","Crude birth rate (births per 1,000 population)","World Population Prospects",2024,"United Nations Population Division",191,"Croatia","HR","HRV",42,"1991",4,"Median",3,"Both sexes",188,0,-1,"Total",0,"Not applicable",1,"Model-based Estimates",2,"Interpolation",11.138
55,"Crude birth rate","Crude birth rate (births per 1,000 population)","World Population Prospects",2024,"United Nations Population Division",191,"Croatia","HR","HRV",43,"1992",4,"Median",3,"Both sexes",188,0,-1,"Total",0,"Not applicable",1,"Model-based Estimates",2,"Interpolation",10.483
55,"Crude birth rate","Crude birth rate (births per 1,000 population)","World Population Prospects",2024,"United Nations Population Division",191,"Croatia","HR","HRV",44,"1993",4,"Median",3,"Both sexes",188,0,-1,"Total",0,"Not applicable",1,"Model-based Estimates",2,"Interpolation",10.713
55,"Crude birth rate","Crude birth rate (births per 1,000 population)","World Population Prospects",2024,"United Nations Population Division",191,"Croatia","HR","HRV",45,"1994",4,"Median",3,"Both sexes",188,0,-1,"Total",0,"Not applicable",1,"Model-based Estimates",2,"Interpolation",10.693
55,"Crude birth rate","Crude birth rate (births per 1,000 population)","World Population Prospects",2024,"United Nations Population Division",191,"Croatia","HR","HRV",46,"1995",4,"Median",3,"Both sexes",188,0,-1,"Total",0,"Not applicable",1,"Model-based Estimates",2,"Interpolation",11.001
55,"Crude birth rate","Crude birth rate (births per 1,000 population)","World Population Prospects",2024,"United Nations Population Division",191,"Croatia","HR","HRV",47,"1996",4,"Median",3,"Both sexes",188,0,-1,"Total",0,"Not applicable",1,"Model-based Estimates",2,"Interpolation",11.566
55,"Crude birth rate","Crude birth rate (births per 1,000 population)","World Population Prospects",2024,"United Nations Population Division",191,"Croatia","HR","HRV",48,"1997",4,"Median",3,"Both sexes",188,0,-1,"Total",0,"Not applicable",1,"Model-based Estimates",2,"Interpolation",11.531
55,"Crude birth rate","Crude birth rate (births per 1,000 population)","World Population Prospects",2024,"United Nations Population Division",191,"Croatia","HR","HRV",49,"1998",4,"Median",3,"Both sexes",188,0,-1,"Total",0,"Not applicable",1,"Model-based Estimates",2,"Interpolation",10.154
55,"Crude birth rate","Crude birth rate (births per 1,000 population)","World Population Prospects",2024,"United Nations Population Division",191,"Croatia","HR","HRV",50,"1999",4,"Median",3,"Both sexes",188,0,-1,"Total",0,"Not applicable",1,"Model-based Estimates",2,"Interpolation",9.653
55,"Crude birth rate","Crude birth rate (births per 1,000 population)","World Population Prospects",2024,"United Nations Population Division",191,"Croatia","HR","HRV",51,"2000",4,"Median",3,"Both sexes",188,0,-1,"Total",0,"Not applicable",1,"Model-based Estimates",2,"Interpolation",9.458
55,"Crude birth rate","Crude birth rate (births per 1,000 population)","World Population Prospects",2024,"United Nations Population Division",191,"Croatia","HR","HRV",52,"2001",4,"Median",3,"Both sexes",188,0,-1,"Total",0,"Not applicable",1,"Model-based Estimates",2,"Interpolation",9.515
55,"Crude birth rate","Crude birth rate (births per 1,000 population)","World Population Prospects",2024,"United Nations Population Division",191,"Croatia","HR","HRV",53,"2002",4,"Median",3,"Both sexes",188,0,-1,"Total",0,"Not applicable",1,"Model-based Estimates",2,"Interpolation",9.318
55,"Crude birth rate","Crude birth rate (births per 1,000 population)","World Population Prospects",2024,"United Nations Population Division",191,"Croatia","HR","HRV",54,"2003",4,"Median",3,"Both sexes",188,0,-1,"Total",0,"Not applicable",1,"Model-based Estimates",2,"Interpolation",9.211
55,"Crude birth rate","Crude birth rate (births per 1,000 population)","World Population Prospects",2024,"United Nations Population Division",191,"Croatia","HR","HRV",55,"2004",4,"Median",3,"Both sexes",188,0,-1,"Total",0,"Not applicable",1,"Model-based Estimates",2,"Interpolation",9.253
55,"Crude birth rate","Crude birth rate (births per 1,000 population)","World Population Prospects",2024,"United Nations Population Division",191,"Croatia","HR","HRV",56,"2005",4,"Median",3,"Both sexes",188,0,-1,"Total",0,"Not applicable",1,"Model-based Estimates",2,"Interpolation",9.841
55,"Crude birth rate","Crude birth rate (births per 1,000 population)","World Population Prospects",2024,"United Nations Population Division",191,"Croatia","HR","HRV",57,"2006",4,"Median",3,"Both sexes",188,0,-1,"Total",0,"Not applicable",1,"Model-based Estimates",2,"Interpolation",9.607
55,"Crude birth rate","Crude birth rate (births per 1,000 population)","World Population Prospects",2024,"United Nations Population Division",191,"Croatia","HR","HRV",58,"2007",4,"Median",3,"Both sexes",188,0,-1,"Total",0,"Not applicable",1,"Model-based Estimates",2,"Interpolation",9.717
55,"Crude birth rate","Crude birth rate (births per 1,000 population)","World Population Prospects",2024,"United Nations Population Division",191,"Croatia","HR","HRV",59,"2008",4,"Median",3,"Both sexes",188,0,-1,"Total",0,"Not applicable",1,"Model-based Estimates",2,"Interpolation",10.146
55,"Crude birth rate","Crude birth rate (births per 1,000 population)","World Population Prospects",2024,"United Nations Population Division",191,"Croatia","HR","HRV",60,"2009",4,"Median",3,"Both sexes",188,0,-1,"Total",0,"Not applicable",1,"Model-based Estimates",2,"Interpolation",10.354
55,"Crude birth rate","Crude birth rate (births per 1,000 population)","World Population Prospects",2024,"United Nations Population Division",191,"Croatia","HR","HRV",61,"2010",4,"Median",3,"Both sexes",188,0,-1,"Total",0,"Not applicable",1,"Model-based Estimates",2,"Interpolation",10.1
55,"Crude birth rate","Crude birth rate (births per 1,000 population)","World Population Prospects",2024,"United Nations Population Division",191,"Croatia","HR","HRV",62,"2011",4,"Median",3,"Both sexes",188,0,-1,"Total",0,"Not applicable",1,"Model-based Estimates",2,"Interpolation",9.653
55,"Crude birth rate","Crude birth rate (births per 1,000 population)","World Population Prospects",2024,"United Nations Population Division",191,"Croatia","HR","HRV",63,"2012",4,"Median",3,"Both sexes",188,0,-1,"Total",0,"Not applicable",1,"Model-based Estimates",2,"Interpolation",9.761
55,"Crude birth rate","Crude birth rate (births per 1,000 population)","World Population Prospects",2024,"United Nations Population Division",191,"Croatia","HR","HRV",64,"2013",4,"Median",3,"Both sexes",188,0,-1,"Total",0,"Not applicable",1,"Model-based Estimates",2,"Interpolation",9.349
55,"Crude birth rate","Crude birth rate (births per 1,000 population)","World Population Prospects",2024,"United Nations Population Division",191,"Croatia","HR","HRV",65,"2014",4,"Median",3,"Both sexes",188,0,-1,"Total",0,"Not applicable",1,"Model-based Estimates",2,"Interpolation",9.288
55,"Crude birth rate","Crude birth rate (births per 1,000 population)","World Population Prospects",2024,"United Nations Population Division",191,"Croatia","HR","HRV",66,"2015",4,"Median",3,"Both sexes",188,0,-1,"Total",0,"Not applicable",1,"Model-based Estimates",2,"Interpolation",8.843
55,"Crude birth rate","Crude birth rate (births per 1,000 population)","World Population Prospects",2024,"United Nations Population Division",191,"Croatia","HR","HRV",67,"2016",4,"Median",3,"Both sexes",188,0,-1,"Total",0,"Not applicable",1,"Model-based Estimates",2,"Interpolation",8.863
55,"Crude birth rate","Crude birth rate (births per 1,000 population)","World Population Prospects",2024,"United Nations Population Division",191,"Croatia","HR","HRV",68,"2017",4,"Median",3,"Both sexes",188,0,-1,"Total",0,"Not applicable",1,"Model-based Estimates",2,"Interpolation",8.682
55,"Crude birth rate","Crude birth rate (births per 1,000 population)","World Population Prospects",2024,"United Nations Population Division",191,"Croatia","HR","HRV",69,"2018",4,"Median",3,"Both sexes",188,0,-1,"Total",0,"Not applicable",1,"Model-based Estimates",2,"Interpolation",8.729
55,"Crude birth rate","Crude birth rate (births per 1,000 population)","World Population Prospects",2024,"United Nations Population Division",191,"Croatia","HR","HRV",70,"2019",4,"Median",3,"Both sexes",188,0,-1,"Total",0,"Not applicable",1,"Model-based Estimates",2,"Interpolation",8.529
55,"Crude birth rate","Crude birth rate (births per 1,000 population)","World Population Prospects",2024,"United Nations Population Division",191,"Croatia","HR","HRV",71,"2020",4,"Median",3,"Both sexes",188,0,-1,"Total",0,"Not applicable",1,"Model-based Estimates",2,"Interpolation",8.461
55,"Crude birth rate","Crude birth rate (births per 1,000 population)","World Population Prospects",2024,"United Nations Population Division",191,"Croatia","HR","HRV",72,"2021",4,"Median",3,"Both sexes",188,0,-1,"Total",0,"Not applicable",1,"Model-based Estimates",2,"Interpolation",9.118
55,"Crude birth rate","Crude birth rate (births per 1,000 population)","World Population Prospects",2024,"United Nations Population Division",191,"Croatia","HR","HRV",73,"2022",4,"Median",3,"Both sexes",188,0,-1,"Total",0,"Not applicable",1,"Model-based Estimates",2,"Interpolation",8.456
55,"Crude birth rate","Crude birth rate (births per 1,000 population)","World Population Prospects",2024,"United Nations Population Division",191,"Croatia","HR","HRV",74,"2023",4,"Median",3,"Both sexes",188,0,-1,"Total",0,"Not applicable",1,"Model-based Estimates",2,"Interpolation",8.071
55,"Crude birth rate","Crude birth rate (births per 1,000 population)","World Population Prospects",2024,"United Nations Population Division",191,"Croatia","HR","HRV",75,"2024",4,"Median",3,"Both sexes",188,0,-1,"Total",0,"Not applicable",1,"Model-based Estimates",3,"Projection",8.097
55,"Crude birth rate","Crude birth rate (births per 1,000 population)","World Population Prospects",2024,"United Nations Population Division",191,"Croatia","HR","HRV",76,"2025",4,"Median",3,"Both sexes",188,0,-1,"Total",0,"Not applicable",1,"Model-based Estimates",3,"Projection",8.054
55,"Crude birth rate","Crude birth rate (births per 1,000 population)","World Population Prospects",2024,"United Nations Population Division",191,"Croatia","HR","HRV",77,"2026",4,"Median",3,"Both sexes",188,0,-1,"Total",0,"Not applicable",1,"Model-based Estimates",3,"Projection",8.008
55,"Crude birth rate","Crude birth rate (births per 1,000 population)","World Population Prospects",2024,"United Nations Population Division",191,"Croatia","HR","HRV",78,"2027",4,"Median",3,"Both sexes",188,0,-1,"Total",0,"Not applicable",1,"Model-based Estimates",3,"Projection",7.995
55,"Crude birth rate","Crude birth rate (births per 1,000 population)","World Population Prospects",2024,"United Nations Population Division",191,"Croatia","HR","HRV",79,"2028",4,"Median",3,"Both sexes",188,0,-1,"Total",0,"Not applicable",1,"Model-based Estimates",3,"Projection",7.976
55,"Crude birth rate","Crude birth rate (births per 1,000 population)","World Population Prospects",2024,"United Nations Population Division",191,"Croatia","HR","HRV",80,"2029",4,"Median",3,"Both sexes",188,0,-1,"Total",0,"Not applicable",1,"Model-based Estimates",3,"Projection",7.986
55,"Crude birth rate","Crude birth rate (births per 1,000 population)","World Population Prospects",2024,"United Nations Population Division",191,"Croatia","HR","HRV",81,"2030",4,"Median",3,"Both sexes",188,0,-1,"Total",0,"Not applicable",1,"Model-based Estimates",3,"Projection",7.987
55,"Crude birth rate","Crude birth rate (births per 1,000 population)","World Population Prospects",2024,"United Nations Population Division",191,"Croatia","HR","HRV",82,"2031",4,"Median",3,"Both sexes",188,0,-1,"Total",0,"Not applicable",1,"Model-based Estimates",3,"Projection",7.996
55,"Crude birth rate","Crude birth rate (births per 1,000 population)","World Population Prospects",2024,"United Nations Population Division",191,"Croatia","HR","HRV",83,"2032",4,"Median",3,"Both sexes",188,0,-1,"Total",0,"Not applicable",1,"Model-based Estimates",3,"Projection",7.992
55,"Crude birth rate","Crude birth rate (births per 1,000 population)","World Population Prospects",2024,"United Nations Population Division",191,"Croatia","HR","HRV",84,"2033",4,"Median",3,"Both sexes",188,0,-1,"Total",0,"Not applicable",1,"Model-based Estimates",3,"Projection",7.985
55,"Crude birth rate","Crude birth rate (births per 1,000 population)","World Population Prospects",2024,"United Nations Population Division",191,"Croatia","HR","HRV",85,"2034",4,"Median",3,"Both sexes",188,0,-1,"Total",0,"Not applicable",1,"Model-based Estimates",3,"Projection",8.007
55,"Crude birth rate","Crude birth rate (births per 1,000 population)","World Population Prospects",2024,"United Nations Population Division",191,"Croatia","HR","HRV",86,"2035",4,"Median",3,"Both sexes",188,0,-1,"Total",0,"Not applicable",1,"Model-based Estimates",3,"Projection",8.04
55,"Crude birth rate","Crude birth rate (births per 1,000 population)","World Population Prospects",2024,"United Nations Population Division",191,"Croatia","HR","HRV",87,"2036",4,"Median",3,"Both sexes",188,0,-1,"Total",0,"Not applicable",1,"Model-based Estimates",3,"Projection",8.066
55,"Crude birth rate","Crude birth rate (births per 1,000 population)","World Population Prospects",2024,"United Nations Population Division",191,"Croatia","HR","HRV",88,"2037",4,"Median",3,"Both sexes",188,0,-1,"Total",0,"Not applicable",1,"Model-based Estimates",3,"Projection",8.095
55,"Crude birth rate","Crude birth rate (births per 1,000 population)","World Population Prospects",2024,"United Nations Population Division",191,"Croatia","HR","HRV",89,"2038",4,"Median",3,"Both sexes",188,0,-1,"Total",0,"Not applicable",1,"Model-based Estimates",3,"Projection",8.131
55,"Crude birth rate","Crude birth rate (births per 1,000 population)","World Population Prospects",2024,"United Nations Population Division",191,"Croatia","HR","HRV",90,"2039",4,"Median",3,"Both sexes",188,0,-1,"Total",0,"Not applicable",1,"Model-based Estimates",3,"Projection",8.147
55,"Crude birth rate","Crude birth rate (births per 1,000 population)","World Population Prospects",2024,"United Nations Population Division",191,"Croatia","HR","HRV",91,"2040",4,"Median",3,"Both sexes",188,0,-1,"Total",0,"Not applicable",1,"Model-based Estimates",3,"Projection",8.159
55,"Crude birth rate","Crude birth rate (births per 1,000 population)","World Population Prospects",2024,"United Nations Population Division",191,"Croatia","HR","HRV",92,"2041",4,"Median",3,"Both sexes",188,0,-1,"Total",0,"Not applicable",1,"Model-based Estimates",3,"Projection",8.179
55,"Crude birth rate","Crude birth rate (births per 1,000 population)","World Population Prospects",2024,"United Nations Population Division",191,"Croatia","HR","HRV",93,"2042",4,"Median",3,"Both sexes",188,0,-1,"Total",0,"Not applicable",1,"Model-based Estimates",3,"Projection",8.177
55,"Crude birth rate","Crude birth rate (births per 1,000 population)","World Population Prospects",2024,"United Nations Population Division",191,"Croatia","HR","HRV",94,"2043",4,"Median",3,"Both sexes",188,0,-1,"Total",0,"Not applicable",1,"Model-based Estimates",3,"Projection",8.164
55,"Crude birth rate","Crude birth rate (births per 1,000 population)","World Population Prospects",2024,"United Nations Population Division",191,"Croatia","HR","HRV",95,"2044",4,"Median",3,"Both sexes",188,0,-1,"Total",0,"Not applicable",1,"Model-based Estimates",3,"Projection",8.125
55,"Crude birth rate","Crude birth rate (births per 1,000 population)","World Population Prospects",2024,"United Nations Population Division",191,"Croatia","HR","HRV",96,"2045",4,"Median",3,"Both sexes",188,0,-1,"Total",0,"Not applicable",1,"Model-based Estimates",3,"Projection",8.08
55,"Crude birth rate","Crude birth rate (births per 1,000 population)","World Population Prospects",2024,"United Nations Population Division",191,"Croatia","HR","HRV",97,"2046",4,"Median",3,"Both sexes",188,0,-1,"Total",0,"Not applicable",1,"Model-based Estimates",3,"Projection",8.037
55,"Crude birth rate","Crude birth rate (births per 1,000 population)","World Population Prospects",2024,"United Nations Population Division",191,"Croatia","HR","HRV",98,"2047",4,"Median",3,"Both sexes",188,0,-1,"Total",0,"Not applicable",1,"Model-based Estimates",3,"Projection",7.993
55,"Crude birth rate","Crude birth rate (births per 1,000 population)","World Population Prospects",2024,"United Nations Population Division",191,"Croatia","HR","HRV",99,"2048",4,"Median",3,"Both sexes",188,0,-1,"Total",0,"Not applicable",1,"Model-based Estimates",3,"Projection",7.914
55,"Crude birth rate","Crude birth rate (births per 1,000 population)","World Population Prospects",2024,"United Nations Population Division",191,"Croatia","HR","HRV",100,"2049",4,"Median",3,"Both sexes",188,0,-1,"Total",0,"Not applicable",1,"Model-based Estimates",3,"Projection",7.844
55,"Crude birth rate","Crude birth rate (births per 1,000 population)","World Population Prospects",2024,"United Nations Population Division",191,"Croatia","HR","HRV",101,"2050",4,"Median",3,"Both sexes",188,0,-1,"Total",0,"Not applicable",1,"Model-based Estimates",3,"Projection",7.78
55,"Crude birth rate","Crude birth rate (births per 1,000 population)","World Population Prospects",2024,"United Nations Population Division",191,"Croatia","HR","HRV",102,"2051",4,"Median",3,"Both sexes",188,0,-1,"Total",0,"Not applicable",1,"Model-based Estimates",3,"Projection",7.719
55,"Crude birth rate","Crude birth rate (births per 1,000 population)","World Population Prospects",2024,"United Nations Population Division",191,"Croatia","HR","HRV",103,"2052",4,"Median",3,"Both sexes",188,0,-1,"Total",0,"Not applicable",1,"Model-based Estimates",3,"Projection",7.678
55,"Crude birth rate","Crude birth rate (births per 1,000 population)","World Population Prospects",2024,"United Nations Population Division",191,"Croatia","HR","HRV",104,"2053",4,"Median",3,"Both sexes",188,0,-1,"Total",0,"Not applicable",1,"Model-based Estimates",3,"Projection",7.622
55,"Crude birth rate","Crude birth rate (births per 1,000 population)","World Population Prospects",2024,"United Nations Population Division",191,"Croatia","HR","HRV",105,"2054",4,"Median",3,"Both sexes",188,0,-1,"Total",0,"Not applicable",1,"Model-based Estimates",3,"Projection",7.569
55,"Crude birth rate","Crude birth rate (births per 1,000 population)","World Population Prospects",2024,"United Nations Population Division",191,"Croatia","HR","HRV",106,"2055",4,"Median",3,"Both sexes",188,0,-1,"Total",0,"Not applicable",1,"Model-based Estimates",3,"Projection",7.533
55,"Crude birth rate","Crude birth rate (births per 1,000 population)","World Population Prospects",2024,"United Nations Population Division",191,"Croatia","HR","HRV",107,"2056",4,"Median",3,"Both sexes",188,0,-1,"Total",0,"Not applicable",1,"Model-based Estimates",3,"Projection",7.509
55,"Crude birth rate","Crude birth rate (births per 1,000 population)","World Population Prospects",2024,"United Nations Population Division",191,"Croatia","HR","HRV",108,"2057",4,"Median",3,"Both sexes",188,0,-1,"Total",0,"Not applicable",1,"Model-based Estimates",3,"Projection",7.471
55,"Crude birth rate","Crude birth rate (births per 1,000 population)","World Population Prospects",2024,"United Nations Population Division",191,"Croatia","HR","HRV",109,"2058",4,"Median",3,"Both sexes",188,0,-1,"Total",0,"Not applicable",1,"Model-based Estimates",3,"Projection",7.451
55,"Crude birth rate","Crude birth rate (births per 1,000 population)","World Population Prospects",2024,"United Nations Population Division",191,"Croatia","HR","HRV",110,"2059",4,"Median",3,"Both sexes",188,0,-1,"Total",0,"Not applicable",1,"Model-based Estimates",3,"Projection",7.441
55,"Crude birth rate","Crude birth rate (births per 1,000 population)","World Population Prospects",2024,"United Nations Population Division",191,"Croatia","HR","HRV",111,"2060",4,"Median",3,"Both sexes",188,0,-1,"Total",0,"Not applicable",1,"Model-based Estimates",3,"Projection",7.433
55,"Crude birth rate","Crude birth rate (births per 1,000 population)","World Population Prospects",2024,"United Nations Population Division",191,"Croatia","HR","HRV",112,"2061",4,"Median",3,"Both sexes",188,0,-1,"Total",0,"Not applicable",1,"Model-based Estimates",3,"Projection",7.421
55,"Crude birth rate","Crude birth rate (births per 1,000 population)","World Population Prospects",2024,"United Nations Population Division",191,"Croatia","HR","HRV",113,"2062",4,"Median",3,"Both sexes",188,0,-1,"Total",0,"Not applicable",1,"Model-based Estimates",3,"Projection",7.432
55,"Crude birth rate","Crude birth rate (births per 1,000 population)","World Population Prospects",2024,"United Nations Population Division",191,"Croatia","HR","HRV",114,"2063",4,"Median",3,"Both sexes",188,0,-1,"Total",0,"Not applicable",1,"Model-based Estimates",3,"Projection",7.437
55,"Crude birth rate","Crude birth rate (births per 1,000 population)","World Population Prospects",2024,"United Nations Population Division",191,"Croatia","HR","HRV",115,"2064",4,"Median",3,"Both sexes",188,0,-1,"Total",0,"Not applicable",1,"Model-based Estimates",3,"Projection",7.451
55,"Crude birth rate","Crude birth rate (births per 1,000 population)","World Population Prospects",2024,"United Nations Population Division",191,"Croatia","HR","HRV",116,"2065",4,"Median",3,"Both sexes",188,0,-1,"Total",0,"Not applicable",1,"Model-based Estimates",3,"Projection",7.473
55,"Crude birth rate","Crude birth rate (births per 1,000 population)","World Population Prospects",2024,"United Nations Population Division",191,"Croatia","HR","HRV",117,"2066",4,"Median",3,"Both sexes",188,0,-1,"Total",0,"Not applicable",1,"Model-based Estimates",3,"Projection",7.486
55,"Crude birth rate","Crude birth rate (births per 1,000 population)","World Population Prospects",2024,"United Nations Population Division",191,"Croatia","HR","HRV",118,"2067",4,"Median",3,"Both sexes",188,0,-1,"Total",0,"Not applicable",1,"Model-based Estimates",3,"Projection",7.5
55,"Crude birth rate","Crude birth rate (births per 1,000 population)","World Population Prospects",2024,"United Nations Population Division",191,"Croatia","HR","HRV",119,"2068",4,"Median",3,"Both sexes",188,0,-1,"Total",0,"Not applicable",1,"Model-based Estimates",3,"Projection",7.533
55,"Crude birth rate","Crude birth rate (births per 1,000 population)","World Population Prospects",2024,"United Nations Population Division",191,"Croatia","HR","HRV",120,"2069",4,"Median",3,"Both sexes",188,0,-1,"Total",0,"Not applicable",1,"Model-based Estimates",3,"Projection",7.552
55,"Crude birth rate","Crude birth rate (births per 1,000 population)","World Population Prospects",2024,"United Nations Population Division",191,"Croatia","HR","HRV",121,"2070",4,"Median",3,"Both sexes",188,0,-1,"Total",0,"Not applicable",1,"Model-based Estimates",3,"Projection",7.578
55,"Crude birth rate","Crude birth rate (births per 1,000 population)","World Population Prospects",2024,"United Nations Population Division",191,"Croatia","HR","HRV",122,"2071",4,"Median",3,"Both sexes",188,0,-1,"Total",0,"Not applicable",1,"Model-based Estimates",3,"Projection",7.604
55,"Crude birth rate","Crude birth rate (births per 1,000 population)","World Population Prospects",2024,"United Nations Population Division",191,"Croatia","HR","HRV",123,"2072",4,"Median",3,"Both sexes",188,0,-1,"Total",0,"Not applicable",1,"Model-based Estimates",3,"Projection",7.634
55,"Crude birth rate","Crude birth rate (births per 1,000 population)","World Population Prospects",2024,"United Nations Population Division",191,"Croatia","HR","HRV",124,"2073",4,"Median",3,"Both sexes",188,0,-1,"Total",0,"Not applicable",1,"Model-based Estimates",3,"Projection",7.649
55,"Crude birth rate","Crude birth rate (births per 1,000 population)","World Population Prospects",2024,"United Nations Population Division",191,"Croatia","HR","HRV",125,"2074",4,"Median",3,"Both sexes",188,0,-1,"Total",0,"Not applicable",1,"Model-based Estimates",3,"Projection",7.664
55,"Crude birth rate","Crude birth rate (births per 1,000 population)","World Population Prospects",2024,"United Nations Population Division",191,"Croatia","HR","HRV",126,"2075",4,"Median",3,"Both sexes",188,0,-1,"Total",0,"Not applicable",1,"Model-based Estimates",3,"Projection",7.673
55,"Crude birth rate","Crude birth rate (births per 1,000 population)","World Population Prospects",2024,"United Nations Population Division",191,"Croatia","HR","HRV",127,"2076",4,"Median",3,"Both sexes",188,0,-1,"Total",0,"Not applicable",1,"Model-based Estimates",3,"Projection",7.672
55,"Crude birth rate","Crude birth rate (births per 1,000 population)","World Population Prospects",2024,"United Nations Population Division",191,"Croatia","HR","HRV",128,"2077",4,"Median",3,"Both sexes",188,0,-1,"Total",0,"Not applicable",1,"Model-based Estimates",3,"Projection",7.665
55,"Crude birth rate","Crude birth rate (births per 1,000 population)","World Population Prospects",2024,"United Nations Population Division",191,"Croatia","HR","HRV",129,"2078",4,"Median",3,"Both sexes",188,0,-1,"Total",0,"Not applicable",1,"Model-based Estimates",3,"Projection",7.655
55,"Crude birth rate","Crude birth rate (births per 1,000 population)","World Population Prospects",2024,"United Nations Population Division",191,"Croatia","HR","HRV",130,"2079",4,"Median",3,"Both sexes",188,0,-1,"Total",0,"Not applicable",1,"Model-based Estimates",3,"Projection",7.628
55,"Crude birth rate","Crude birth rate (births per 1,000 population)","World Population Prospects",2024,"United Nations Population Division",191,"Croatia","HR","HRV",131,"2080",4,"Median",3,"Both sexes",188,0,-1,"Total",0,"Not applicable",1,"Model-based Estimates",3,"Projection",7.608
55,"Crude birth rate","Crude birth rate (births per 1,000 population)","World Population Prospects",2024,"United Nations Population Division",191,"Croatia","HR","HRV",132,"2081",4,"Median",3,"Both sexes",188,0,-1,"Total",0,"Not applicable",1,"Model-based Estimates",3,"Projection",7.583
55,"Crude birth rate","Crude birth rate (births per 1,000 population)","World Population Prospects",2024,"United Nations Population Division",191,"Croatia","HR","HRV",133,"2082",4,"Median",3,"Both sexes",188,0,-1,"Total",0,"Not applicable",1,"Model-based Estimates",3,"Projection",7.548
55,"Crude birth rate","Crude birth rate (births per 1,000 population)","World Population Prospects",2024,"United Nations Population Division",191,"Croatia","HR","HRV",134,"2083",4,"Median",3,"Both sexes",188,0,-1,"Total",0,"Not applicable",1,"Model-based Estimates",3,"Projection",7.509
55,"Crude birth rate","Crude birth rate (births per 1,000 population)","World Population Prospects",2024,"United Nations Population Division",191,"Croatia","HR","HRV",135,"2084",4,"Median",3,"Both sexes",188,0,-1,"Total",0,"Not applicable",1,"Model-based Estimates",3,"Projection",7.483
55,"Crude birth rate","Crude birth rate (births per 1,000 population)","World Population Prospects",2024,"United Nations Population Division",191,"Croatia","HR","HRV",136,"2085",4,"Median",3,"Both sexes",188,0,-1,"Total",0,"Not applicable",1,"Model-based Estimates",3,"Projection",7.444
55,"Crude birth rate","Crude birth rate (births per 1,000 population)","World Population Prospects",2024,"United Nations Population Division",191,"Croatia","HR","HRV",137,"2086",4,"Median",3,"Both sexes",188,0,-1,"Total",0,"Not applicable",1,"Model-based Estimates",3,"Projection",7.402
55,"Crude birth rate","Crude birth rate (births per 1,000 population)","World Population Prospects",2024,"United Nations Population Division",191,"Croatia","HR","HRV",138,"2087",4,"Median",3,"Both sexes",188,0,-1,"Total",0,"Not applicable",1,"Model-based Estimates",3,"Projection",7.368
55,"Crude birth rate","Crude birth rate (births per 1,000 population)","World Population Prospects",2024,"United Nations Population Division",191,"Croatia","HR","HRV",139,"2088",4,"Median",3,"Both sexes",188,0,-1,"Total",0,"Not applicable",1,"Model-based Estimates",3,"Projection",7.338
55,"Crude birth rate","Crude birth rate (births per 1,000 population)","World Population Prospects",2024,"United Nations Population Division",191,"Croatia","HR","HRV",140,"2089",4,"Median",3,"Both sexes",188,0,-1,"Total",0,"Not applicable",1,"Model-based Estimates",3,"Projection",7.309
55,"Crude birth rate","Crude birth rate (births per 1,000 population)","World Population Prospects",2024,"United Nations Population Division",191,"Croatia","HR","HRV",141,"2090",4,"Median",3,"Both sexes",188,0,-1,"Total",0,"Not applicable",1,"Model-based Estimates",3,"Projection",7.277
55,"Crude birth rate","Crude birth rate (births per 1,000 population)","World Population Prospects",2024,"United Nations Population Division",191,"Croatia","HR","HRV",142,"2091",4,"Median",3,"Both sexes",188,0,-1,"Total",0,"Not applicable",1,"Model-based Estimates",3,"Projection",7.251
55,"Crude birth rate","Crude birth rate (births per 1,000 population)","World Population Prospects",2024,"United Nations Population Division",191,"Croatia","HR","HRV",143,"2092",4,"Median",3,"Both sexes",188,0,-1,"Total",0,"Not applicable",1,"Model-based Estimates",3,"Projection",7.244
55,"Crude birth rate","Crude birth rate (births per 1,000 population)","World Population Prospects",2024,"United Nations Population Division",191,"Croatia","HR","HRV",144,"2093",4,"Median",3,"Both sexes",188,0,-1,"Total",0,"Not applicable",1,"Model-based Estimates",3,"Projection",7.227
55,"Crude birth rate","Crude birth rate (births per 1,000 population)","World Population Prospects",2024,"United Nations Population Division",191,"Croatia","HR","HRV",145,"2094",4,"Median",3,"Both sexes",188,0,-1,"Total",0,"Not applicable",1,"Model-based Estimates",3,"Projection",7.236
55,"Crude birth rate","Crude birth rate (births per 1,000 population)","World Population Prospects",2024,"United Nations Population Division",191,"Croatia","HR","HRV",146,"2095",4,"Median",3,"Both sexes",188,0,-1,"Total",0,"Not applicable",1,"Model-based Estimates",3,"Projection",7.23
55,"Crude birth rate","Crude birth rate (births per 1,000 population)","World Population Prospects",2024,"United Nations Population Division",191,"Croatia","HR","HRV",147,"2096",4,"Median",3,"Both sexes",188,0,-1,"Total",0,"Not applicable",1,"Model-based Estimates",3,"Projection",7.228
55,"Crude birth rate","Crude birth rate (births per 1,000 population)","World Population Prospects",2024,"United Nations Population Division",191,"Croatia","HR","HRV",148,"2097",4,"Median",3,"Both sexes",188,0,-1,"Total",0,"Not applicable",1,"Model-based Estimates",3,"Projection",7.243
55,"Crude birth rate","Crude birth rate (births per 1,000 population)","World Population Prospects",2024,"United Nations Population Division",191,"Croatia","HR","HRV",149,"2098",4,"Median",3,"Both sexes",188,0,-1,"Total",0,"Not applicable",1,"Model-based Estimates",3,"Projection",7.24
55,"Crude birth rate","Crude birth rate (births per 1,000 population)","World Population Prospects",2024,"United Nations Population Division",191,"Croatia","HR","HRV",150,"2099",4,"Median",3,"Both sexes",188,0,-1,"Total",0,"Not applicable",1,"Model-based Estimates",3,"Projection",7.237
55,"Crude birth rate","Crude birth rate (births per 1,000 population)","World Population Prospects",2024,"United Nations Population Division",191,"Croatia","HR","HRV",151,"2100",4,"Median",3,"Both sexes",188,0,-1,"Total",0,"Not applicable",1,"Model-based Estimates",3,"Projection",7.254
55,"Crude birth rate","Crude birth rate (births per 1,000 population)","World Population Prospects",2024,"United Nations Population Division",196,"Cyprus","CY","CYP",41,"1990",4,"Median",3,"Both sexes",188,0,-1,"Total",0,"Not applicable",1,"Model-based Estimates",2,"Interpolation",19.124
55,"Crude birth rate","Crude birth rate (births per 1,000 population)","World Population Prospects",2024,"United Nations Population Division",196,"Cyprus","CY","CYP",42,"1991",4,"Median",3,"Both sexes",188,0,-1,"Total",0,"Not applicable",1,"Model-based Estimates",2,"Interpolation",18.568
55,"Crude birth rate","Crude birth rate (births per 1,000 population)","World Population Prospects",2024,"United Nations Population Division",196,"Cyprus","CY","CYP",43,"1992",4,"Median",3,"Both sexes",188,0,-1,"Total",0,"Not applicable",1,"Model-based Estimates",2,"Interpolation",19.425
55,"Crude birth rate","Crude birth rate (births per 1,000 population)","World Population Prospects",2024,"United Nations Population Division",196,"Cyprus","CY","CYP",44,"1993",4,"Median",3,"Both sexes",188,0,-1,"Total",0,"Not applicable",1,"Model-based Estimates",2,"Interpolation",17.592
55,"Crude birth rate","Crude birth rate (births per 1,000 population)","World Population Prospects",2024,"United Nations Population Division",196,"Cyprus","CY","CYP",45,"1994",4,"Median",3,"Both sexes",188,0,-1,"Total",0,"Not applicable",1,"Model-based Estimates",2,"Interpolation",16.734
55,"Crude birth rate","Crude birth rate (births per 1,000 population)","World Population Prospects",2024,"United Nations Population Division",196,"Cyprus","CY","CYP",46,"1995",4,"Median",3,"Both sexes",188,0,-1,"Total",0,"Not applicable",1,"Model-based Estimates",2,"Interpolation",15.543
55,"Crude birth rate","Crude birth rate (births per 1,000 population)","World Population Prospects",2024,"United Nations Population Division",196,"Cyprus","CY","CYP",47,"1996",4,"Median",3,"Both sexes",188,0,-1,"Total",0,"Not applicable",1,"Model-based Estimates",2,"Interpolation",14.85
55,"Crude birth rate","Crude birth rate (births per 1,000 population)","World Population Prospects",2024,"United Nations Population Division",196,"Cyprus","CY","CYP",48,"1997",4,"Median",3,"Both sexes",188,0,-1,"Total",0,"Not applicable",1,"Model-based Estimates",2,"Interpolation",14.066
55,"Crude birth rate","Crude birth rate (births per 1,000 population)","World Population Prospects",2024,"United Nations Population Division",196,"Cyprus","CY","CYP",49,"1998",4,"Median",3,"Both sexes",188,0,-1,"Total",0,"Not applicable",1,"Model-based Estimates",2,"Interpolation",13.318
55,"Crude birth rate","Crude birth rate (births per 1,000 population)","World Population Prospects",2024,"United Nations Population Division",196,"Cyprus","CY","CYP",50,"1999",4,"Median",3,"Both sexes",188,0,-1,"Total",0,"Not applicable",1,"Model-based Estimates",2,"Interpolation",12.675
55,"Crude birth rate","Crude birth rate (births per 1,000 population)","World Population Prospects",2024,"United Nations Population Division",196,"Cyprus","CY","CYP",51,"2000",4,"Median",3,"Both sexes",188,0,-1,"Total",0,"Not applicable",1,"Model-based Estimates",2,"Interpolation",12.493
55,"Crude birth rate","Crude birth rate (births per 1,000 population)","World Population Prospects",2024,"United Nations Population Division",196,"Cyprus","CY","CYP",52,"2001",4,"Median",3,"Both sexes",188,0,-1,"Total",0,"Not applicable",1,"Model-based Estimates",2,"Interpolation",12.045
55,"Crude birth rate","Crude birth rate (births per 1,000 population)","World Population Prospects",2024,"United Nations Population Division",196,"Cyprus","CY","CYP",53,"2002",4,"Median",3,"Both sexes",188,0,-1,"Total",0,"Not applicable",1,"Model-based Estimates",2,"Interpolation",11.611
55,"Crude birth rate","Crude birth rate (births per 1,000 population)","World Population Prospects",2024,"United Nations Population Division",196,"Cyprus","CY","CYP",54,"2003",4,"Median",3,"Both sexes",188,0,-1,"Total",0,"Not applicable",1,"Model-based Estimates",2,"Interpolation",11.751
55,"Crude birth rate","Crude birth rate (births per 1,000 population)","World Population Prospects",2024,"United Nations Population Division",196,"Cyprus","CY","CYP",55,"2004",4,"Median",3,"Both sexes",188,0,-1,"Total",0,"Not applicable",1,"Model-based Estimates",2,"Interpolation",11.894
55,"Crude birth rate","Crude birth rate (births per 1,000 population)","World Population Prospects",2024,"United Nations Population Division",196,"Cyprus","CY","CYP",56,"2005",4,"Median",3,"Both sexes",188,0,-1,"Total",0,"Not applicable",1,"Model-based Estimates",2,"Interpolation",11.702
55,"Crude birth rate","Crude birth rate (births per 1,000 population)","World Population Prospects",2024,"United Nations Population Division",196,"Cyprus","CY","CYP",57,"2006",4,"Median",3,"Both sexes",188,0,-1,"Total",0,"Not applicable",1,"Model-based Estimates",2,"Interpolation",12.023
55,"Crude birth rate","Crude birth rate (births per 1,000 population)","World Population Prospects",2024,"United Nations Population Division",196,"Cyprus","CY","CYP",58,"2007",4,"Median",3,"Both sexes",188,0,-1,"Total",0,"Not applicable",1,"Model-based Estimates",2,"Interpolation",11.633
55,"Crude birth rate","Crude birth rate (births per 1,000 population)","World Population Prospects",2024,"United Nations Population Division",196,"Cyprus","CY","CYP",59,"2008",4,"Median",3,"Both sexes",188,0,-1,"Total",0,"Not applicable",1,"Model-based Estimates",2,"Interpolation",11.987
55,"Crude birth rate","Crude birth rate (births per 1,000 population)","World Population Prospects",2024,"United Nations Population Division",196,"Cyprus","CY","CYP",60,"2009",4,"Median",3,"Both sexes",188,0,-1,"Total",0,"Not applicable",1,"Model-based Estimates",2,"Interpolation",12.07
55,"Crude birth rate","Crude birth rate (births per 1,000 population)","World Population Prospects",2024,"United Nations Population Division",196,"Cyprus","CY","CYP",61,"2010",4,"Median",3,"Both sexes",188,0,-1,"Total",0,"Not applicable",1,"Model-based Estimates",2,"Interpolation",11.844
55,"Crude birth rate","Crude birth rate (births per 1,000 population)","World Population Prospects",2024,"United Nations Population Division",196,"Cyprus","CY","CYP",62,"2011",4,"Median",3,"Both sexes",188,0,-1,"Total",0,"Not applicable",1,"Model-based Estimates",2,"Interpolation",11.344
55,"Crude birth rate","Crude birth rate (births per 1,000 population)","World Population Prospects",2024,"United Nations Population Division",196,"Cyprus","CY","CYP",63,"2012",4,"Median",3,"Both sexes",188,0,-1,"Total",0,"Not applicable",1,"Model-based Estimates",2,"Interpolation",11.609
55,"Crude birth rate","Crude birth rate (births per 1,000 population)","World Population Prospects",2024,"United Nations Population Division",196,"Cyprus","CY","CYP",64,"2013",4,"Median",3,"Both sexes",188,0,-1,"Total",0,"Not applicable",1,"Model-based Estimates",2,"Interpolation",11.027
55,"Crude birth rate","Crude birth rate (births per 1,000 population)","World Population Prospects",2024,"United Nations Population Division",196,"Cyprus","CY","CYP",65,"2014",4,"Median",3,"Both sexes",188,0,-1,"Total",0,"Not applicable",1,"Model-based Estimates",2,"Interpolation",11.141
55,"Crude birth rate","Crude birth rate (births per 1,000 population)","World Population Prospects",2024,"United Nations Population Division",196,"Cyprus","CY","CYP",66,"2015",4,"Median",3,"Both sexes",188,0,-1,"Total",0,"Not applicable",1,"Model-based Estimates",2,"Interpolation",11.242
55,"Crude birth rate","Crude birth rate (births per 1,000 population)","World Population Prospects",2024,"United Nations Population Division",196,"Cyprus","CY","CYP",67,"2016",4,"Median",3,"Both sexes",188,0,-1,"Total",0,"Not applicable",1,"Model-based Estimates",2,"Interpolation",11.505
55,"Crude birth rate","Crude birth rate (births per 1,000 population)","World Population Prospects",2024,"United Nations Population Division",196,"Cyprus","CY","CYP",68,"2017",4,"Median",3,"Both sexes",188,0,-1,"Total",0,"Not applicable",1,"Model-based Estimates",2,"Interpolation",11.158
55,"Crude birth rate","Crude birth rate (births per 1,000 population)","World Population Prospects",2024,"United Nations Population Division",196,"Cyprus","CY","CYP",69,"2018",4,"Median",3,"Both sexes",188,0,-1,"Total",0,"Not applicable",1,"Model-based Estimates",2,"Interpolation",11.029
55,"Crude birth rate","Crude birth rate (births per 1,000 population)","World Population Prospects",2024,"United Nations Population Division",196,"Cyprus","CY","CYP",70,"2019",4,"Median",3,"Both sexes",188,0,-1,"Total",0,"Not applicable",1,"Model-based Estimates",2,"Interpolation",11.014
55,"Crude birth rate","Crude birth rate (births per 1,000 population)","World Population Prospects",2024,"United Nations Population Division",196,"Cyprus","CY","CYP",71,"2020",4,"Median",3,"Both sexes",188,0,-1,"Total",0,"Not applicable",1,"Model-based Estimates",2,"Interpolation",11.142
55,"Crude birth rate","Crude birth rate (births per 1,000 population)","World Population Prospects",2024,"United Nations Population Division",196,"Cyprus","CY","CYP",72,"2021",4,"Median",3,"Both sexes",188,0,-1,"Total",0,"Not applicable",1,"Model-based Estimates",2,"Interpolation",11.236
55,"Crude birth rate","Crude birth rate (births per 1,000 population)","World Population Prospects",2024,"United Nations Population Division",196,"Cyprus","CY","CYP",73,"2022",4,"Median",3,"Both sexes",188,0,-1,"Total",0,"Not applicable",1,"Model-based Estimates",2,"Interpolation",11.048
55,"Crude birth rate","Crude birth rate (births per 1,000 population)","World Population Prospects",2024,"United Nations Population Division",196,"Cyprus","CY","CYP",74,"2023",4,"Median",3,"Both sexes",188,0,-1,"Total",0,"Not applicable",1,"Model-based Estimates",2,"Interpolation",10.799
55,"Crude birth rate","Crude birth rate (births per 1,000 population)","World Population Prospects",2024,"United Nations Population Division",196,"Cyprus","CY","CYP",75,"2024",4,"Median",3,"Both sexes",188,0,-1,"Total",0,"Not applicable",1,"Model-based Estimates",3,"Projection",10.517
55,"Crude birth rate","Crude birth rate (births per 1,000 population)","World Population Prospects",2024,"United Nations Population Division",196,"Cyprus","CY","CYP",76,"2025",4,"Median",3,"Both sexes",188,0,-1,"Total",0,"Not applicable",1,"Model-based Estimates",3,"Projection",10.179
55,"Crude birth rate","Crude birth rate (births per 1,000 population)","World Population Prospects",2024,"United Nations Population Division",196,"Cyprus","CY","CYP",77,"2026",4,"Median",3,"Both sexes",188,0,-1,"Total",0,"Not applicable",1,"Model-based Estimates",3,"Projection",9.902
55,"Crude birth rate","Crude birth rate (births per 1,000 population)","World Population Prospects",2024,"United Nations Population Division",196,"Cyprus","CY","CYP",78,"2027",4,"Median",3,"Both sexes",188,0,-1,"Total",0,"Not applicable",1,"Model-based Estimates",3,"Projection",9.625
55,"Crude birth rate","Crude birth rate (births per 1,000 population)","World Population Prospects",2024,"United Nations Population Division",196,"Cyprus","CY","CYP",79,"2028",4,"Median",3,"Both sexes",188,0,-1,"Total",0,"Not applicable",1,"Model-based Estimates",3,"Projection",9.358
55,"Crude birth rate","Crude birth rate (births per 1,000 population)","World Population Prospects",2024,"United Nations Population Division",196,"Cyprus","CY","CYP",80,"2029",4,"Median",3,"Both sexes",188,0,-1,"Total",0,"Not applicable",1,"Model-based Estimates",3,"Projection",9.119
55,"Crude birth rate","Crude birth rate (births per 1,000 population)","World Population Prospects",2024,"United Nations Population Division",196,"Cyprus","CY","CYP",81,"2030",4,"Median",3,"Both sexes",188,0,-1,"Total",0,"Not applicable",1,"Model-based Estimates",3,"Projection",8.903
55,"Crude birth rate","Crude birth rate (births per 1,000 population)","World Population Prospects",2024,"United Nations Population Division",196,"Cyprus","CY","CYP",82,"2031",4,"Median",3,"Both sexes",188,0,-1,"Total",0,"Not applicable",1,"Model-based Estimates",3,"Projection",8.697
55,"Crude birth rate","Crude birth rate (births per 1,000 population)","World Population Prospects",2024,"United Nations Population Division",196,"Cyprus","CY","CYP",83,"2032",4,"Median",3,"Both sexes",188,0,-1,"Total",0,"Not applicable",1,"Model-based Estimates",3,"Projection",8.512
55,"Crude birth rate","Crude birth rate (births per 1,000 population)","World Population Prospects",2024,"United Nations Population Division",196,"Cyprus","CY","CYP",84,"2033",4,"Median",3,"Both sexes",188,0,-1,"Total",0,"Not applicable",1,"Model-based Estimates",3,"Projection",8.356
55,"Crude birth rate","Crude birth rate (births per 1,000 population)","World Population Prospects",2024,"United Nations Population Division",196,"Cyprus","CY","CYP",85,"2034",4,"Median",3,"Both sexes",188,0,-1,"Total",0,"Not applicable",1,"Model-based Estimates",3,"Projection",8.211
55,"Crude birth rate","Crude birth rate (births per 1,000 population)","World Population Prospects",2024,"United Nations Population Division",196,"Cyprus","CY","CYP",86,"2035",4,"Median",3,"Both sexes",188,0,-1,"Total",0,"Not applicable",1,"Model-based Estimates",3,"Projection",8.091
55,"Crude birth rate","Crude birth rate (births per 1,000 population)","World Population Prospects",2024,"United Nations Population Division",196,"Cyprus","CY","CYP",87,"2036",4,"Median",3,"Both sexes",188,0,-1,"Total",0,"Not applicable",1,"Model-based Estimates",3,"Projection",7.999
55,"Crude birth rate","Crude birth rate (births per 1,000 population)","World Population Prospects",2024,"United Nations Population Division",196,"Cyprus","CY","CYP",88,"2037",4,"Median",3,"Both sexes",188,0,-1,"Total",0,"Not applicable",1,"Model-based Estimates",3,"Projection",7.94
55,"Crude birth rate","Crude birth rate (births per 1,000 population)","World Population Prospects",2024,"United Nations Population Division",196,"Cyprus","CY","CYP",89,"2038",4,"Median",3,"Both sexes",188,0,-1,"Total",0,"Not applicable",1,"Model-based Estimates",3,"Projection",7.887
55,"Crude birth rate","Crude birth rate (births per 1,000 population)","World Population Prospects",2024,"United Nations Population Division",196,"Cyprus","CY","CYP",90,"2039",4,"Median",3,"Both sexes",188,0,-1,"Total",0,"Not applicable",1,"Model-based Estimates",3,"Projection",7.873
55,"Crude birth rate","Crude birth rate (births per 1,000 population)","World Population Prospects",2024,"United Nations Population Division",196,"Cyprus","CY","CYP",91,"2040",4,"Median",3,"Both sexes",188,0,-1,"Total",0,"Not applicable",1,"Model-based Estimates",3,"Projection",7.865
55,"Crude birth rate","Crude birth rate (births per 1,000 population)","World Population Prospects",2024,"United Nations Population Division",196,"Cyprus","CY","CYP",92,"2041",4,"Median",3,"Both sexes",188,0,-1,"Total",0,"Not applicable",1,"Model-based Estimates",3,"Projection",7.865
55,"Crude birth rate","Crude birth rate (births per 1,000 population)","World Population Prospects",2024,"United Nations Population Division",196,"Cyprus","CY","CYP",93,"2042",4,"Median",3,"Both sexes",188,0,-1,"Total",0,"Not applicable",1,"Model-based Estimates",3,"Projection",7.877
55,"Crude birth rate","Crude birth rate (births per 1,000 population)","World Population Prospects",2024,"United Nations Population Division",196,"Cyprus","CY","CYP",94,"2043",4,"Median",3,"Both sexes",188,0,-1,"Total",0,"Not applicable",1,"Model-based Estimates",3,"Projection",7.903
55,"Crude birth rate","Crude birth rate (births per 1,000 population)","World Population Prospects",2024,"United Nations Population Division",196,"Cyprus","CY","CYP",95,"2044",4,"Median",3,"Both sexes",188,0,-1,"Total",0,"Not applicable",1,"Model-based Estimates",3,"Projection",7.937
55,"Crude birth rate","Crude birth rate (births per 1,000 population)","World Population Prospects",2024,"United Nations Population Division",196,"Cyprus","CY","CYP",96,"2045",4,"Median",3,"Both sexes",188,0,-1,"Total",0,"Not applicable",1,"Model-based Estimates",3,"Projection",7.977
55,"Crude birth rate","Crude birth rate (births per 1,000 population)","World Population Prospects",2024,"United Nations Population Division",196,"Cyprus","CY","CYP",97,"2046",4,"Median",3,"Both sexes",188,0,-1,"Total",0,"Not applicable",1,"Model-based Estimates",3,"Projection",8.018
55,"Crude birth rate","Crude birth rate (births per 1,000 population)","World Population Prospects",2024,"United Nations Population Division",196,"Cyprus","CY","CYP",98,"2047",4,"Median",3,"Both sexes",188,0,-1,"Total",0,"Not applicable",1,"Model-based Estimates",3,"Projection",8.059
55,"Crude birth rate","Crude birth rate (births per 1,000 population)","World Population Prospects",2024,"United Nations Population Division",196,"Cyprus","CY","CYP",99,"2048",4,"Median",3,"Both sexes",188,0,-1,"Total",0,"Not applicable",1,"Model-based Estimates",3,"Projection",8.112
55,"Crude birth rate","Crude birth rate (births per 1,000 population)","World Population Prospects",2024,"United Nations Population Division",196,"Cyprus","CY","CYP",100,"2049",4,"Median",3,"Both sexes",188,0,-1,"Total",0,"Not applicable",1,"Model-based Estimates",3,"Projection",8.151
55,"Crude birth rate","Crude birth rate (births per 1,000 population)","World Population Prospects",2024,"United Nations Population Division",196,"Cyprus","CY","CYP",101,"2050",4,"Median",3,"Both sexes",188,0,-1,"Total",0,"Not applicable",1,"Model-based Estimates",3,"Projection",8.193
55,"Crude birth rate","Crude birth rate (births per 1,000 population)","World Population Prospects",2024,"United Nations Population Division",196,"Cyprus","CY","CYP",102,"2051",4,"Median",3,"Both sexes",188,0,-1,"Total",0,"Not applicable",1,"Model-based Estimates",3,"Projection",8.235
55,"Crude birth rate","Crude birth rate (births per 1,000 population)","World Population Prospects",2024,"United Nations Population Division",196,"Cyprus","CY","CYP",103,"2052",4,"Median",3,"Both sexes",188,0,-1,"Total",0,"Not applicable",1,"Model-based Estimates",3,"Projection",8.264
55,"Crude birth rate","Crude birth rate (births per 1,000 population)","World Population Prospects",2024,"United Nations Population Division",196,"Cyprus","CY","CYP",104,"2053",4,"Median",3,"Both sexes",188,0,-1,"Total",0,"Not applicable",1,"Model-based Estimates",3,"Projection",8.283
55,"Crude birth rate","Crude birth rate (births per 1,000 population)","World Population Prospects",2024,"United Nations Population Division",196,"Cyprus","CY","CYP",105,"2054",4,"Median",3,"Both sexes",188,0,-1,"Total",0,"Not applicable",1,"Model-based Estimates",3,"Projection",8.281
55,"Crude birth rate","Crude birth rate (births per 1,000 population)","World Population Prospects",2024,"United Nations Population Division",196,"Cyprus","CY","CYP",106,"2055",4,"Median",3,"Both sexes",188,0,-1,"Total",0,"Not applicable",1,"Model-based Estimates",3,"Projection",8.273
55,"Crude birth rate","Crude birth rate (births per 1,000 population)","World Population Prospects",2024,"United Nations Population Division",196,"Cyprus","CY","CYP",107,"2056",4,"Median",3,"Both sexes",188,0,-1,"Total",0,"Not applicable",1,"Model-based Estimates",3,"Projection",8.243
55,"Crude birth rate","Crude birth rate (births per 1,000 population)","World Population Prospects",2024,"United Nations Population Division",196,"Cyprus","CY","CYP",108,"2057",4,"Median",3,"Both sexes",188,0,-1,"Total",0,"Not applicable",1,"Model-based Estimates",3,"Projection",8.214
55,"Crude birth rate","Crude birth rate (births per 1,000 population)","World Population Prospects",2024,"United Nations Population Division",196,"Cyprus","CY","CYP",109,"2058",4,"Median",3,"Both sexes",188,0,-1,"Total",0,"Not applicable",1,"Model-based Estimates",3,"Projection",8.178
55,"Crude birth rate","Crude birth rate (births per 1,000 population)","World Population Prospects",2024,"United Nations Population Division",196,"Cyprus","CY","CYP",110,"2059",4,"Median",3,"Both sexes",188,0,-1,"Total",0,"Not applicable",1,"Model-based Estimates",3,"Projection",8.129
55,"Crude birth rate","Crude birth rate (births per 1,000 population)","World Population Prospects",2024,"United Nations Population Division",196,"Cyprus","CY","CYP",111,"2060",4,"Median",3,"Both sexes",188,0,-1,"Total",0,"Not applicable",1,"Model-based Estimates",3,"Projection",8.067
55,"Crude birth rate","Crude birth rate (births per 1,000 population)","World Population Prospects",2024,"United Nations Population Division",196,"Cyprus","CY","CYP",112,"2061",4,"Median",3,"Both sexes",188,0,-1,"Total",0,"Not applicable",1,"Model-based Estimates",3,"Projection",7.999
55,"Crude birth rate","Crude birth rate (births per 1,000 population)","World Population Prospects",2024,"United Nations Population Division",196,"Cyprus","CY","CYP",113,"2062",4,"Median",3,"Both sexes",188,0,-1,"Total",0,"Not applicable",1,"Model-based Estimates",3,"Projection",7.93
55,"Crude birth rate","Crude birth rate (births per 1,000 population)","World Population Prospects",2024,"United Nations Population Division",196,"Cyprus","CY","CYP",114,"2063",4,"Median",3,"Both sexes",188,0,-1,"Total",0,"Not applicable",1,"Model-based Estimates",3,"Projection",7.859
55,"Crude birth rate","Crude birth rate (births per 1,000 population)","World Population Prospects",2024,"United Nations Population Division",196,"Cyprus","CY","CYP",115,"2064",4,"Median",3,"Both sexes",188,0,-1,"Total",0,"Not applicable",1,"Model-based Estimates",3,"Projection",7.783
55,"Crude birth rate","Crude birth rate (births per 1,000 population)","World Population Prospects",2024,"United Nations Population Division",196,"Cyprus","CY","CYP",116,"2065",4,"Median",3,"Both sexes",188,0,-1,"Total",0,"Not applicable",1,"Model-based Estimates",3,"Projection",7.708
55,"Crude birth rate","Crude birth rate (births per 1,000 population)","World Population Prospects",2024,"United Nations Population Division",196,"Cyprus","CY","CYP",117,"2066",4,"Median",3,"Both sexes",188,0,-1,"Total",0,"Not applicable",1,"Model-based Estimates",3,"Projection",7.642
55,"Crude birth rate","Crude birth rate (births per 1,000 population)","World Population Prospects",2024,"United Nations Population Division",196,"Cyprus","CY","CYP",118,"2067",4,"Median",3,"Both sexes",188,0,-1,"Total",0,"Not applicable",1,"Model-based Estimates",3,"Projection",7.588
55,"Crude birth rate","Crude birth rate (births per 1,000 population)","World Population Prospects",2024,"United Nations Population Division",196,"Cyprus","CY","CYP",119,"2068",4,"Median",3,"Both sexes",188,0,-1,"Total",0,"Not applicable",1,"Model-based Estimates",3,"Projection",7.533
55,"Crude birth rate","Crude birth rate (births per 1,000 population)","World Population Prospects",2024,"United Nations Population Division",196,"Cyprus","CY","CYP",120,"2069",4,"Median",3,"Both sexes",188,0,-1,"Total",0,"Not applicable",1,"Model-based Estimates",3,"Projection",7.488
55,"Crude birth rate","Crude birth rate (births per 1,000 population)","World Population Prospects",2024,"United Nations Population Division",196,"Cyprus","CY","CYP",121,"2070",4,"Median",3,"Both sexes",188,0,-1,"Total",0,"Not applicable",1,"Model-based Estimates",3,"Projection",7.452
55,"Crude birth rate","Crude birth rate (births per 1,000 population)","World Population Prospects",2024,"United Nations Population Division",196,"Cyprus","CY","CYP",122,"2071",4,"Median",3,"Both sexes",188,0,-1,"Total",0,"Not applicable",1,"Model-based Estimates",3,"Projection",7.432
55,"Crude birth rate","Crude birth rate (births per 1,000 population)","World Population Prospects",2024,"United Nations Population Division",196,"Cyprus","CY","CYP",123,"2072",4,"Median",3,"Both sexes",188,0,-1,"Total",0,"Not applicable",1,"Model-based Estimates",3,"Projection",7.425
55,"Crude birth rate","Crude birth rate (births per 1,000 population)","World Population Prospects",2024,"United Nations Population Division",196,"Cyprus","CY","CYP",124,"2073",4,"Median",3,"Both sexes",188,0,-1,"Total",0,"Not applicable",1,"Model-based Estimates",3,"Projection",7.42
55,"Crude birth rate","Crude birth rate (births per 1,000 population)","World Population Prospects",2024,"United Nations Population Division",196,"Cyprus","CY","CYP",125,"2074",4,"Median",3,"Both sexes",188,0,-1,"Total",0,"Not applicable",1,"Model-based Estimates",3,"Projection",7.429
55,"Crude birth rate","Crude birth rate (births per 1,000 population)","World Population Prospects",2024,"United Nations Population Division",196,"Cyprus","CY","CYP",126,"2075",4,"Median",3,"Both sexes",188,0,-1,"Total",0,"Not applicable",1,"Model-based Estimates",3,"Projection",7.455
55,"Crude birth rate","Crude birth rate (births per 1,000 population)","World Population Prospects",2024,"United Nations Population Division",196,"Cyprus","CY","CYP",127,"2076",4,"Median",3,"Both sexes",188,0,-1,"Total",0,"Not applicable",1,"Model-based Estimates",3,"Projection",7.483
55,"Crude birth rate","Crude birth rate (births per 1,000 population)","World Population Prospects",2024,"United Nations Population Division",196,"Cyprus","CY","CYP",128,"2077",4,"Median",3,"Both sexes",188,0,-1,"Total",0,"Not applicable",1,"Model-based Estimates",3,"Projection",7.519
55,"Crude birth rate","Crude birth rate (births per 1,000 population)","World Population Prospects",2024,"United Nations Population Division",196,"Cyprus","CY","CYP",129,"2078",4,"Median",3,"Both sexes",188,0,-1,"Total",0,"Not applicable",1,"Model-based Estimates",3,"Projection",7.566
55,"Crude birth rate","Crude birth rate (births per 1,000 population)","World Population Prospects",2024,"United Nations Population Division",196,"Cyprus","CY","CYP",130,"2079",4,"Median",3,"Both sexes",188,0,-1,"Total",0,"Not applicable",1,"Model-based Estimates",3,"Projection",7.61
55,"Crude birth rate","Crude birth rate (births per 1,000 population)","World Population Prospects",2024,"United Nations Population Division",196,"Cyprus","CY","CYP",131,"2080",4,"Median",3,"Both sexes",188,0,-1,"Total",0,"Not applicable",1,"Model-based Estimates",3,"Projection",7.659
55,"Crude birth rate","Crude birth rate (births per 1,000 population)","World Population Prospects",2024,"United Nations Population Division",196,"Cyprus","CY","CYP",132,"2081",4,"Median",3,"Both sexes",188,0,-1,"Total",0,"Not applicable",1,"Model-based Estimates",3,"Projection",7.714
55,"Crude birth rate","Crude birth rate (births per 1,000 population)","World Population Prospects",2024,"United Nations Population Division",196,"Cyprus","CY","CYP",133,"2082",4,"Median",3,"Both sexes",188,0,-1,"Total",0,"Not applicable",1,"Model-based Estimates",3,"Projection",7.765
55,"Crude birth rate","Crude birth rate (births per 1,000 population)","World Population Prospects",2024,"United Nations Population Division",196,"Cyprus","CY","CYP",134,"2083",4,"Median",3,"Both sexes",188,0,-1,"Total",0,"Not applicable",1,"Model-based Estimates",3,"Projection",7.823
55,"Crude birth rate","Crude birth rate (births per 1,000 population)","World Population Prospects",2024,"United Nations Population Division",196,"Cyprus","CY","CYP",135,"2084",4,"Median",3,"Both sexes",188,0,-1,"Total",0,"Not applicable",1,"Model-based Estimates",3,"Projection",7.87
55,"Crude birth rate","Crude birth rate (births per 1,000 population)","World Population Prospects",2024,"United Nations Population Division",196,"Cyprus","CY","CYP",136,"2085",4,"Median",3,"Both sexes",188,0,-1,"Total",0,"Not applicable",1,"Model-based Estimates",3,"Projection",7.906
55,"Crude birth rate","Crude birth rate (births per 1,000 population)","World Population Prospects",2024,"United Nations Population Division",196,"Cyprus","CY","CYP",137,"2086",4,"Median",3,"Both sexes",188,0,-1,"Total",0,"Not applicable",1,"Model-based Estimates",3,"Projection",7.945
55,"Crude birth rate","Crude birth rate (births per 1,000 population)","World Population Prospects",2024,"United Nations Population Division",196,"Cyprus","CY","CYP",138,"2087",4,"Median",3,"Both sexes",188,0,-1,"Total",0,"Not applicable",1,"Model-based Estimates",3,"Projection",7.979
55,"Crude birth rate","Crude birth rate (births per 1,000 population)","World Population Prospects",2024,"United Nations Population Division",196,"Cyprus","CY","CYP",139,"2088",4,"Median",3,"Both sexes",188,0,-1,"Total",0,"Not applicable",1,"Model-based Estimates",3,"Projection",8.002
55,"Crude birth rate","Crude birth rate (births per 1,000 population)","World Population Prospects",2024,"United Nations Population Division",196,"Cyprus","CY","CYP",140,"2089",4,"Median",3,"Both sexes",188,0,-1,"Total",0,"Not applicable",1,"Model-based Estimates",3,"Projection",8.028
55,"Crude birth rate","Crude birth rate (births per 1,000 population)","World Population Prospects",2024,"United Nations Population Division",196,"Cyprus","CY","CYP",141,"2090",4,"Median",3,"Both sexes",188,0,-1,"Total",0,"Not applicable",1,"Model-based Estimates",3,"Projection",8.036
55,"Crude birth rate","Crude birth rate (births per 1,000 population)","World Population Prospects",2024,"United Nations Population Division",196,"Cyprus","CY","CYP",142,"2091",4,"Median",3,"Both sexes",188,0,-1,"Total",0,"Not applicable",1,"Model-based Estimates",3,"Projection",8.036
55,"Crude birth rate","Crude birth rate (births per 1,000 population)","World Population Prospects",2024,"United Nations Population Division",196,"Cyprus","CY","CYP",143,"2092",4,"Median",3,"Both sexes",188,0,-1,"Total",0,"Not applicable",1,"Model-based Estimates",3,"Projection",8.034
55,"Crude birth rate","Crude birth rate (births per 1,000 population)","World Population Prospects",2024,"United Nations Population Division",196,"Cyprus","CY","CYP",144,"2093",4,"Median",3,"Both sexes",188,0,-1,"Total",0,"Not applicable",1,"Model-based Estimates",3,"Projection",8.018
55,"Crude birth rate","Crude birth rate (births per 1,000 population)","World Population Prospects",2024,"United Nations Population Division",196,"Cyprus","CY","CYP",145,"2094",4,"Median",3,"Both sexes",188,0,-1,"Total",0,"Not applicable",1,"Model-based Estimates",3,"Projection",7.993
55,"Crude birth rate","Crude birth rate (births per 1,000 population)","World Population Prospects",2024,"United Nations Population Division",196,"Cyprus","CY","CYP",146,"2095",4,"Median",3,"Both sexes",188,0,-1,"Total",0,"Not applicable",1,"Model-based Estimates",3,"Projection",7.963
55,"Crude birth rate","Crude birth rate (births per 1,000 population)","World Population Prospects",2024,"United Nations Population Division",196,"Cyprus","CY","CYP",147,"2096",4,"Median",3,"Both sexes",188,0,-1,"Total",0,"Not applicable",1,"Model-based Estimates",3,"Projection",7.931
55,"Crude birth rate","Crude birth rate (births per 1,000 population)","World Population Prospects",2024,"United Nations Population Division",196,"Cyprus","CY","CYP",148,"2097",4,"Median",3,"Both sexes",188,0,-1,"Total",0,"Not applicable",1,"Model-based Estimates",3,"Projection",7.899
55,"Crude birth rate","Crude birth rate (births per 1,000 population)","World Population Prospects",2024,"United Nations Population Division",196,"Cyprus","CY","CYP",149,"2098",4,"Median",3,"Both sexes",188,0,-1,"Total",0,"Not applicable",1,"Model-based Estimates",3,"Projection",7.855
55,"Crude birth rate","Crude birth rate (births per 1,000 population)","World Population Prospects",2024,"United Nations Population Division",196,"Cyprus","CY","CYP",150,"2099",4,"Median",3,"Both sexes",188,0,-1,"Total",0,"Not applicable",1,"Model-based Estimates",3,"Projection",7.809
55,"Crude birth rate","Crude birth rate (births per 1,000 population)","World Population Prospects",2024,"United Nations Population Division",196,"Cyprus","CY","CYP",151,"2100",4,"Median",3,"Both sexes",188,0,-1,"Total",0,"Not applicable",1,"Model-based Estimates",3,"Projection",7.772
55,"Crude birth rate","Crude birth rate (births per 1,000 population)","World Population Prospects",2024,"United Nations Population Division",203,"Czechia","CZ","CZE",41,"1990",4,"Median",3,"Both sexes",188,0,-1,"Total",0,"Not applicable",1,"Model-based Estimates",2,"Interpolation",12.514
55,"Crude birth rate","Crude birth rate (births per 1,000 population)","World Population Prospects",2024,"United Nations Population Division",203,"Czechia","CZ","CZE",42,"1991",4,"Median",3,"Both sexes",188,0,-1,"Total",0,"Not applicable",1,"Model-based Estimates",2,"Interpolation",12.404
55,"Crude birth rate","Crude birth rate (births per 1,000 population)","World Population Prospects",2024,"United Nations Population Division",203,"Czechia","CZ","CZE",43,"1992",4,"Median",3,"Both sexes",188,0,-1,"Total",0,"Not applicable",1,"Model-based Estimates",2,"Interpolation",11.738
55,"Crude birth rate","Crude birth rate (births per 1,000 population)","World Population Prospects",2024,"United Nations Population Division",203,"Czechia","CZ","CZE",44,"1993",4,"Median",3,"Both sexes",188,0,-1,"Total",0,"Not applicable",1,"Model-based Estimates",2,"Interpolation",11.615
55,"Crude birth rate","Crude birth rate (births per 1,000 population)","World Population Prospects",2024,"United Nations Population Division",203,"Czechia","CZ","CZE",45,"1994",4,"Median",3,"Both sexes",188,0,-1,"Total",0,"Not applicable",1,"Model-based Estimates",2,"Interpolation",10.286
55,"Crude birth rate","Crude birth rate (births per 1,000 population)","World Population Prospects",2024,"United Nations Population Division",203,"Czechia","CZ","CZE",46,"1995",4,"Median",3,"Both sexes",188,0,-1,"Total",0,"Not applicable",1,"Model-based Estimates",2,"Interpolation",9.276
55,"Crude birth rate","Crude birth rate (births per 1,000 population)","World Population Prospects",2024,"United Nations Population Division",203,"Czechia","CZ","CZE",47,"1996",4,"Median",3,"Both sexes",188,0,-1,"Total",0,"Not applicable",1,"Model-based Estimates",2,"Interpolation",8.753
55,"Crude birth rate","Crude birth rate (births per 1,000 population)","World Population Prospects",2024,"United Nations Population Division",203,"Czechia","CZ","CZE",48,"1997",4,"Median",3,"Both sexes",188,0,-1,"Total",0,"Not applicable",1,"Model-based Estimates",2,"Interpolation",8.766
55,"Crude birth rate","Crude birth rate (births per 1,000 population)","World Population Prospects",2024,"United Nations Population Division",203,"Czechia","CZ","CZE",49,"1998",4,"Median",3,"Both sexes",188,0,-1,"Total",0,"Not applicable",1,"Model-based Estimates",2,"Interpolation",8.763
55,"Crude birth rate","Crude birth rate (births per 1,000 population)","World Population Prospects",2024,"United Nations Population Division",203,"Czechia","CZ","CZE",50,"1999",4,"Median",3,"Both sexes",188,0,-1,"Total",0,"Not applicable",1,"Model-based Estimates",2,"Interpolation",8.691
55,"Crude birth rate","Crude birth rate (births per 1,000 population)","World Population Prospects",2024,"United Nations Population Division",203,"Czechia","CZ","CZE",51,"2000",4,"Median",3,"Both sexes",188,0,-1,"Total",0,"Not applicable",1,"Model-based Estimates",2,"Interpolation",8.838
55,"Crude birth rate","Crude birth rate (births per 1,000 population)","World Population Prospects",2024,"United Nations Population Division",203,"Czechia","CZ","CZE",52,"2001",4,"Median",3,"Both sexes",188,0,-1,"Total",0,"Not applicable",1,"Model-based Estimates",2,"Interpolation",8.864
55,"Crude birth rate","Crude birth rate (births per 1,000 population)","World Population Prospects",2024,"United Nations Population Division",203,"Czechia","CZ","CZE",53,"2002",4,"Median",3,"Both sexes",188,0,-1,"Total",0,"Not applicable",1,"Model-based Estimates",2,"Interpolation",9.055
55,"Crude birth rate","Crude birth rate (births per 1,000 population)","World Population Prospects",2024,"United Nations Population Division",203,"Czechia","CZ","CZE",54,"2003",4,"Median",3,"Both sexes",188,0,-1,"Total",0,"Not applicable",1,"Model-based Estimates",2,"Interpolation",9.148
55,"Crude birth rate","Crude birth rate (births per 1,000 population)","World Population Prospects",2024,"United Nations Population Division",203,"Czechia","CZ","CZE",55,"2004",4,"Median",3,"Both sexes",188,0,-1,"Total",0,"Not applicable",1,"Model-based Estimates",2,"Interpolation",9.542
55,"Crude birth rate","Crude birth rate (births per 1,000 population)","World Population Prospects",2024,"United Nations Population Division",203,"Czechia","CZ","CZE",56,"2005",4,"Median",3,"Both sexes",188,0,-1,"Total",0,"Not applicable",1,"Model-based Estimates",2,"Interpolation",9.968
55,"Crude birth rate","Crude birth rate (births per 1,000 population)","World Population Prospects",2024,"United Nations Population Division",203,"Czechia","CZ","CZE",57,"2006",4,"Median",3,"Both sexes",188,0,-1,"Total",0,"Not applicable",1,"Model-based Estimates",2,"Interpolation",10.327
55,"Crude birth rate","Crude birth rate (births per 1,000 population)","World Population Prospects",2024,"United Nations Population Division",203,"Czechia","CZ","CZE",58,"2007",4,"Median",3,"Both sexes",188,0,-1,"Total",0,"Not applicable",1,"Model-based Estimates",2,"Interpolation",11.075
55,"Crude birth rate","Crude birth rate (births per 1,000 population)","World Population Prospects",2024,"United Nations Population Division",203,"Czechia","CZ","CZE",59,"2008",4,"Median",3,"Both sexes",188,0,-1,"Total",0,"Not applicable",1,"Model-based Estimates",2,"Interpolation",11.451
55,"Crude birth rate","Crude birth rate (births per 1,000 population)","World Population Prospects",2024,"United Nations Population Division",203,"Czechia","CZ","CZE",60,"2009",4,"Median",3,"Both sexes",188,0,-1,"Total",0,"Not applicable",1,"Model-based Estimates",2,"Interpolation",11.298
55,"Crude birth rate","Crude birth rate (births per 1,000 population)","World Population Prospects",2024,"United Nations Population Division",203,"Czechia","CZ","CZE",61,"2010",4,"Median",3,"Both sexes",188,0,-1,"Total",0,"Not applicable",1,"Model-based Estimates",2,"Interpolation",11.116
55,"Crude birth rate","Crude birth rate (births per 1,000 population)","World Population Prospects",2024,"United Nations Population Division",203,"Czechia","CZ","CZE",62,"2011",4,"Median",3,"Both sexes",188,0,-1,"Total",0,"Not applicable",1,"Model-based Estimates",2,"Interpolation",10.337
55,"Crude birth rate","Crude birth rate (births per 1,000 population)","World Population Prospects",2024,"United Nations Population Division",203,"Czechia","CZ","CZE",63,"2012",4,"Median",3,"Both sexes",188,0,-1,"Total",0,"Not applicable",1,"Model-based Estimates",2,"Interpolation",10.278
55,"Crude birth rate","Crude birth rate (births per 1,000 population)","World Population Prospects",2024,"United Nations Population Division",203,"Czechia","CZ","CZE",64,"2013",4,"Median",3,"Both sexes",188,0,-1,"Total",0,"Not applicable",1,"Model-based Estimates",2,"Interpolation",10.11
55,"Crude birth rate","Crude birth rate (births per 1,000 population)","World Population Prospects",2024,"United Nations Population Division",203,"Czechia","CZ","CZE",65,"2014",4,"Median",3,"Both sexes",188,0,-1,"Total",0,"Not applicable",1,"Model-based Estimates",2,"Interpolation",10.367
55,"Crude birth rate","Crude birth rate (births per 1,000 population)","World Population Prospects",2024,"United Nations Population Division",203,"Czechia","CZ","CZE",66,"2015",4,"Median",3,"Both sexes",188,0,-1,"Total",0,"Not applicable",1,"Model-based Estimates",2,"Interpolation",10.54
55,"Crude birth rate","Crude birth rate (births per 1,000 population)","World Population Prospects",2024,"United Nations Population Division",203,"Czechia","CZ","CZE",67,"2016",4,"Median",3,"Both sexes",188,0,-1,"Total",0,"Not applicable",1,"Model-based Estimates",2,"Interpolation",10.695
55,"Crude birth rate","Crude birth rate (births per 1,000 population)","World Population Prospects",2024,"United Nations Population Division",203,"Czechia","CZ","CZE",68,"2017",4,"Median",3,"Both sexes",188,0,-1,"Total",0,"Not applicable",1,"Model-based Estimates",2,"Interpolation",10.844
55,"Crude birth rate","Crude birth rate (births per 1,000 population)","World Population Prospects",2024,"United Nations Population Division",203,"Czechia","CZ","CZE",69,"2018",4,"Median",3,"Both sexes",188,0,-1,"Total",0,"Not applicable",1,"Model-based Estimates",2,"Interpolation",10.79
55,"Crude birth rate","Crude birth rate (births per 1,000 population)","World Population Prospects",2024,"United Nations Population Division",203,"Czechia","CZ","CZE",70,"2019",4,"Median",3,"Both sexes",188,0,-1,"Total",0,"Not applicable",1,"Model-based Estimates",2,"Interpolation",10.614
55,"Crude birth rate","Crude birth rate (births per 1,000 population)","World Population Prospects",2024,"United Nations Population Division",203,"Czechia","CZ","CZE",71,"2020",4,"Median",3,"Both sexes",188,0,-1,"Total",0,"Not applicable",1,"Model-based Estimates",2,"Interpolation",10.45
55,"Crude birth rate","Crude birth rate (births per 1,000 population)","World Population Prospects",2024,"United Nations Population Division",203,"Czechia","CZ","CZE",72,"2021",4,"Median",3,"Both sexes",188,0,-1,"Total",0,"Not applicable",1,"Model-based Estimates",2,"Interpolation",10.616
55,"Crude birth rate","Crude birth rate (births per 1,000 population)","World Population Prospects",2024,"United Nations Population Division",203,"Czechia","CZ","CZE",73,"2022",4,"Median",3,"Both sexes",188,0,-1,"Total",0,"Not applicable",1,"Model-based Estimates",2,"Interpolation",9.083
55,"Crude birth rate","Crude birth rate (births per 1,000 population)","World Population Prospects",2024,"United Nations Population Division",203,"Czechia","CZ","CZE",74,"2023",4,"Median",3,"Both sexes",188,0,-1,"Total",0,"Not applicable",1,"Model-based Estimates",2,"Interpolation",8.496
55,"Crude birth rate","Crude birth rate (births per 1,000 population)","World Population Prospects",2024,"United Nations Population Division",203,"Czechia","CZ","CZE",75,"2024",4,"Median",3,"Both sexes",188,0,-1,"Total",0,"Not applicable",1,"Model-based Estimates",3,"Projection",8.403
55,"Crude birth rate","Crude birth rate (births per 1,000 population)","World Population Prospects",2024,"United Nations Population Division",203,"Czechia","CZ","CZE",76,"2025",4,"Median",3,"Both sexes",188,0,-1,"Total",0,"Not applicable",1,"Model-based Estimates",3,"Projection",8.193
55,"Crude birth rate","Crude birth rate (births per 1,000 population)","World Population Prospects",2024,"United Nations Population Division",203,"Czechia","CZ","CZE",77,"2026",4,"Median",3,"Both sexes",188,0,-1,"Total",0,"Not applicable",1,"Model-based Estimates",3,"Projection",7.903
55,"Crude birth rate","Crude birth rate (births per 1,000 population)","World Population Prospects",2024,"United Nations Population Division",203,"Czechia","CZ","CZE",78,"2027",4,"Median",3,"Both sexes",188,0,-1,"Total",0,"Not applicable",1,"Model-based Estimates",3,"Projection",7.821
55,"Crude birth rate","Crude birth rate (births per 1,000 population)","World Population Prospects",2024,"United Nations Population Division",203,"Czechia","CZ","CZE",79,"2028",4,"Median",3,"Both sexes",188,0,-1,"Total",0,"Not applicable",1,"Model-based Estimates",3,"Projection",7.759
55,"Crude birth rate","Crude birth rate (births per 1,000 population)","World Population Prospects",2024,"United Nations Population Division",203,"Czechia","CZ","CZE",80,"2029",4,"Median",3,"Both sexes",188,0,-1,"Total",0,"Not applicable",1,"Model-based Estimates",3,"Projection",7.732
55,"Crude birth rate","Crude birth rate (births per 1,000 population)","World Population Prospects",2024,"United Nations Population Division",203,"Czechia","CZ","CZE",81,"2030",4,"Median",3,"Both sexes",188,0,-1,"Total",0,"Not applicable",1,"Model-based Estimates",3,"Projection",7.742
55,"Crude birth rate","Crude birth rate (births per 1,000 population)","World Population Prospects",2024,"United Nations Population Division",203,"Czechia","CZ","CZE",82,"2031",4,"Median",3,"Both sexes",188,0,-1,"Total",0,"Not applicable",1,"Model-based Estimates",3,"Projection",7.793
55,"Crude birth rate","Crude birth rate (births per 1,000 population)","World Population Prospects",2024,"United Nations Population Division",203,"Czechia","CZ","CZE",83,"2032",4,"Median",3,"Both sexes",188,0,-1,"Total",0,"Not applicable",1,"Model-based Estimates",3,"Projection",7.87
55,"Crude birth rate","Crude birth rate (births per 1,000 population)","World Population Prospects",2024,"United Nations Population Division",203,"Czechia","CZ","CZE",84,"2033",4,"Median",3,"Both sexes",188,0,-1,"Total",0,"Not applicable",1,"Model-based Estimates",3,"Projection",7.979
55,"Crude birth rate","Crude birth rate (births per 1,000 population)","World Population Prospects",2024,"United Nations Population Division",203,"Czechia","CZ","CZE",85,"2034",4,"Median",3,"Both sexes",188,0,-1,"Total",0,"Not applicable",1,"Model-based Estimates",3,"Projection",8.094
55,"Crude birth rate","Crude birth rate (births per 1,000 population)","World Population Prospects",2024,"United Nations Population Division",203,"Czechia","CZ","CZE",86,"2035",4,"Median",3,"Both sexes",188,0,-1,"Total",0,"Not applicable",1,"Model-based Estimates",3,"Projection",8.23
55,"Crude birth rate","Crude birth rate (births per 1,000 population)","World Population Prospects",2024,"United Nations Population Division",203,"Czechia","CZ","CZE",87,"2036",4,"Median",3,"Both sexes",188,0,-1,"Total",0,"Not applicable",1,"Model-based Estimates",3,"Projection",8.39
55,"Crude birth rate","Crude birth rate (births per 1,000 population)","World Population Prospects",2024,"United Nations Population Division",203,"Czechia","CZ","CZE",88,"2037",4,"Median",3,"Both sexes",188,0,-1,"Total",0,"Not applicable",1,"Model-based Estimates",3,"Projection",8.553
55,"Crude birth rate","Crude birth rate (births per 1,000 population)","World Population Prospects",2024,"United Nations Population Division",203,"Czechia","CZ","CZE",89,"2038",4,"Median",3,"Both sexes",188,0,-1,"Total",0,"Not applicable",1,"Model-based Estimates",3,"Projection",8.696
55,"Crude birth rate","Crude birth rate (births per 1,000 population)","World Population Prospects",2024,"United Nations Population Division",203,"Czechia","CZ","CZE",90,"2039",4,"Median",3,"Both sexes",188,0,-1,"Total",0,"Not applicable",1,"Model-based Estimates",3,"Projection",8.832
55,"Crude birth rate","Crude birth rate (births per 1,000 population)","World Population Prospects",2024,"United Nations Population Division",203,"Czechia","CZ","CZE",91,"2040",4,"Median",3,"Both sexes",188,0,-1,"Total",0,"Not applicable",1,"Model-based Estimates",3,"Projection",8.957
55,"Crude birth rate","Crude birth rate (births per 1,000 population)","World Population Prospects",2024,"United Nations Population Division",203,"Czechia","CZ","CZE",92,"2041",4,"Median",3,"Both sexes",188,0,-1,"Total",0,"Not applicable",1,"Model-based Estimates",3,"Projection",9.071
55,"Crude birth rate","Crude birth rate (births per 1,000 population)","World Population Prospects",2024,"United Nations Population Division",203,"Czechia","CZ","CZE",93,"2042",4,"Median",3,"Both sexes",188,0,-1,"Total",0,"Not applicable",1,"Model-based Estimates",3,"Projection",9.152
55,"Crude birth rate","Crude birth rate (births per 1,000 population)","World Population Prospects",2024,"United Nations Population Division",203,"Czechia","CZ","CZE",94,"2043",4,"Median",3,"Both sexes",188,0,-1,"Total",0,"Not applicable",1,"Model-based Estimates",3,"Projection",9.221
55,"Crude birth rate","Crude birth rate (births per 1,000 population)","World Population Prospects",2024,"United Nations Population Division",203,"Czechia","CZ","CZE",95,"2044",4,"Median",3,"Both sexes",188,0,-1,"Total",0,"Not applicable",1,"Model-based Estimates",3,"Projection",9.263
55,"Crude birth rate","Crude birth rate (births per 1,000 population)","World Population Prospects",2024,"United Nations Population Division",203,"Czechia","CZ","CZE",96,"2045",4,"Median",3,"Both sexes",188,0,-1,"Total",0,"Not applicable",1,"Model-based Estimates",3,"Projection",9.294
55,"Crude birth rate","Crude birth rate (births per 1,000 population)","World Population Prospects",2024,"United Nations Population Division",203,"Czechia","CZ","CZE",97,"2046",4,"Median",3,"Both sexes",188,0,-1,"Total",0,"Not applicable",1,"Model-based Estimates",3,"Projection",9.303
55,"Crude birth rate","Crude birth rate (births per 1,000 population)","World Population Prospects",2024,"United Nations Population Division",203,"Czechia","CZ","CZE",98,"2047",4,"Median",3,"Both sexes",188,0,-1,"Total",0,"Not applicable",1,"Model-based Estimates",3,"Projection",9.276
55,"Crude birth rate","Crude birth rate (births per 1,000 population)","World Population Prospects",2024,"United Nations Population Division",203,"Czechia","CZ","CZE",99,"2048",4,"Median",3,"Both sexes",188,0,-1,"Total",0,"Not applicable",1,"Model-based Estimates",3,"Projection",9.219
55,"Crude birth rate","Crude birth rate (births per 1,000 population)","World Population Prospects",2024,"United Nations Population Division",203,"Czechia","CZ","CZE",100,"2049",4,"Median",3,"Both sexes",188,0,-1,"Total",0,"Not applicable",1,"Model-based Estimates",3,"Projection",9.148
55,"Crude birth rate","Crude birth rate (births per 1,000 population)","World Population Prospects",2024,"United Nations Population Division",203,"Czechia","CZ","CZE",101,"2050",4,"Median",3,"Both sexes",188,0,-1,"Total",0,"Not applicable",1,"Model-based Estimates",3,"Projection",9.064
55,"Crude birth rate","Crude birth rate (births per 1,000 population)","World Population Prospects",2024,"United Nations Population Division",203,"Czechia","CZ","CZE",102,"2051",4,"Median",3,"Both sexes",188,0,-1,"Total",0,"Not applicable",1,"Model-based Estimates",3,"Projection",8.954
55,"Crude birth rate","Crude birth rate (births per 1,000 population)","World Population Prospects",2024,"United Nations Population Division",203,"Czechia","CZ","CZE",103,"2052",4,"Median",3,"Both sexes",188,0,-1,"Total",0,"Not applicable",1,"Model-based Estimates",3,"Projection",8.838
55,"Crude birth rate","Crude birth rate (births per 1,000 population)","World Population Prospects",2024,"United Nations Population Division",203,"Czechia","CZ","CZE",104,"2053",4,"Median",3,"Both sexes",188,0,-1,"Total",0,"Not applicable",1,"Model-based Estimates",3,"Projection",8.719
55,"Crude birth rate","Crude birth rate (births per 1,000 population)","World Population Prospects",2024,"United Nations Population Division",203,"Czechia","CZ","CZE",105,"2054",4,"Median",3,"Both sexes",188,0,-1,"Total",0,"Not applicable",1,"Model-based Estimates",3,"Projection",8.594
55,"Crude birth rate","Crude birth rate (births per 1,000 population)","World Population Prospects",2024,"United Nations Population Division",203,"Czechia","CZ","CZE",106,"2055",4,"Median",3,"Both sexes",188,0,-1,"Total",0,"Not applicable",1,"Model-based Estimates",3,"Projection",8.479
55,"Crude birth rate","Crude birth rate (births per 1,000 population)","World Population Prospects",2024,"United Nations Population Division",203,"Czechia","CZ","CZE",107,"2056",4,"Median",3,"Both sexes",188,0,-1,"Total",0,"Not applicable",1,"Model-based Estimates",3,"Projection",8.371
55,"Crude birth rate","Crude birth rate (births per 1,000 population)","World Population Prospects",2024,"United Nations Population Division",203,"Czechia","CZ","CZE",108,"2057",4,"Median",3,"Both sexes",188,0,-1,"Total",0,"Not applicable",1,"Model-based Estimates",3,"Projection",8.288
55,"Crude birth rate","Crude birth rate (births per 1,000 population)","World Population Prospects",2024,"United Nations Population Division",203,"Czechia","CZ","CZE",109,"2058",4,"Median",3,"Both sexes",188,0,-1,"Total",0,"Not applicable",1,"Model-based Estimates",3,"Projection",8.207
55,"Crude birth rate","Crude birth rate (births per 1,000 population)","World Population Prospects",2024,"United Nations Population Division",203,"Czechia","CZ","CZE",110,"2059",4,"Median",3,"Both sexes",188,0,-1,"Total",0,"Not applicable",1,"Model-based Estimates",3,"Projection",8.149
55,"Crude birth rate","Crude birth rate (births per 1,000 population)","World Population Prospects",2024,"United Nations Population Division",203,"Czechia","CZ","CZE",111,"2060",4,"Median",3,"Both sexes",188,0,-1,"Total",0,"Not applicable",1,"Model-based Estimates",3,"Projection",8.121
55,"Crude birth rate","Crude birth rate (births per 1,000 population)","World Population Prospects",2024,"United Nations Population Division",203,"Czechia","CZ","CZE",112,"2061",4,"Median",3,"Both sexes",188,0,-1,"Total",0,"Not applicable",1,"Model-based Estimates",3,"Projection",8.107
55,"Crude birth rate","Crude birth rate (births per 1,000 population)","World Population Prospects",2024,"United Nations Population Division",203,"Czechia","CZ","CZE",113,"2062",4,"Median",3,"Both sexes",188,0,-1,"Total",0,"Not applicable",1,"Model-based Estimates",3,"Projection",8.116
55,"Crude birth rate","Crude birth rate (births per 1,000 population)","World Population Prospects",2024,"United Nations Population Division",203,"Czechia","CZ","CZE",114,"2063",4,"Median",3,"Both sexes",188,0,-1,"Total",0,"Not applicable",1,"Model-based Estimates",3,"Projection",8.144
55,"Crude birth rate","Crude birth rate (births per 1,000 population)","World Population Prospects",2024,"United Nations Population Division",203,"Czechia","CZ","CZE",115,"2064",4,"Median",3,"Both sexes",188,0,-1,"Total",0,"Not applicable",1,"Model-based Estimates",3,"Projection",8.19
55,"Crude birth rate","Crude birth rate (births per 1,000 population)","World Population Prospects",2024,"United Nations Population Division",203,"Czechia","CZ","CZE",116,"2065",4,"Median",3,"Both sexes",188,0,-1,"Total",0,"Not applicable",1,"Model-based Estimates",3,"Projection",8.271
55,"Crude birth rate","Crude birth rate (births per 1,000 population)","World Population Prospects",2024,"United Nations Population Division",203,"Czechia","CZ","CZE",117,"2066",4,"Median",3,"Both sexes",188,0,-1,"Total",0,"Not applicable",1,"Model-based Estimates",3,"Projection",8.353
55,"Crude birth rate","Crude birth rate (births per 1,000 population)","World Population Prospects",2024,"United Nations Population Division",203,"Czechia","CZ","CZE",118,"2067",4,"Median",3,"Both sexes",188,0,-1,"Total",0,"Not applicable",1,"Model-based Estimates",3,"Projection",8.439
55,"Crude birth rate","Crude birth rate (births per 1,000 population)","World Population Prospects",2024,"United Nations Population Division",203,"Czechia","CZ","CZE",119,"2068",4,"Median",3,"Both sexes",188,0,-1,"Total",0,"Not applicable",1,"Model-based Estimates",3,"Projection",8.531
55,"Crude birth rate","Crude birth rate (births per 1,000 population)","World Population Prospects",2024,"United Nations Population Division",203,"Czechia","CZ","CZE",120,"2069",4,"Median",3,"Both sexes",188,0,-1,"Total",0,"Not applicable",1,"Model-based Estimates",3,"Projection",8.625
55,"Crude birth rate","Crude birth rate (births per 1,000 population)","World Population Prospects",2024,"United Nations Population Division",203,"Czechia","CZ","CZE",121,"2070",4,"Median",3,"Both sexes",188,0,-1,"Total",0,"Not applicable",1,"Model-based Estimates",3,"Projection",8.718
55,"Crude birth rate","Crude birth rate (births per 1,000 population)","World Population Prospects",2024,"United Nations Population Division",203,"Czechia","CZ","CZE",122,"2071",4,"Median",3,"Both sexes",188,0,-1,"Total",0,"Not applicable",1,"Model-based Estimates",3,"Projection",8.804
55,"Crude birth rate","Crude birth rate (births per 1,000 population)","World Population Prospects",2024,"United Nations Population Division",203,"Czechia","CZ","CZE",123,"2072",4,"Median",3,"Both sexes",188,0,-1,"Total",0,"Not applicable",1,"Model-based Estimates",3,"Projection",8.886
55,"Crude birth rate","Crude birth rate (births per 1,000 population)","World Population Prospects",2024,"United Nations Population Division",203,"Czechia","CZ","CZE",124,"2073",4,"Median",3,"Both sexes",188,0,-1,"Total",0,"Not applicable",1,"Model-based Estimates",3,"Projection",8.95
55,"Crude birth rate","Crude birth rate (births per 1,000 population)","World Population Prospects",2024,"United Nations Population Division",203,"Czechia","CZ","CZE",125,"2074",4,"Median",3,"Both sexes",188,0,-1,"Total",0,"Not applicable",1,"Model-based Estimates",3,"Projection",9.004
55,"Crude birth rate","Crude birth rate (births per 1,000 population)","World Population Prospects",2024,"United Nations Population Division",203,"Czechia","CZ","CZE",126,"2075",4,"Median",3,"Both sexes",188,0,-1,"Total",0,"Not applicable",1,"Model-based Estimates",3,"Projection",9.043
55,"Crude birth rate","Crude birth rate (births per 1,000 population)","World Population Prospects",2024,"United Nations Population Division",203,"Czechia","CZ","CZE",127,"2076",4,"Median",3,"Both sexes",188,0,-1,"Total",0,"Not applicable",1,"Model-based Estimates",3,"Projection",9.079
55,"Crude birth rate","Crude birth rate (births per 1,000 population)","World Population Prospects",2024,"United Nations Population Division",203,"Czechia","CZ","CZE",128,"2077",4,"Median",3,"Both sexes",188,0,-1,"Total",0,"Not applicable",1,"Model-based Estimates",3,"Projection",9.075
55,"Crude birth rate","Crude birth rate (births per 1,000 population)","World Population Prospects",2024,"United Nations Population Division",203,"Czechia","CZ","CZE",129,"2078",4,"Median",3,"Both sexes",188,0,-1,"Total",0,"Not applicable",1,"Model-based Estimates",3,"Projection",9.074
55,"Crude birth rate","Crude birth rate (births per 1,000 population)","World Population Prospects",2024,"United Nations Population Division",203,"Czechia","CZ","CZE",130,"2079",4,"Median",3,"Both sexes",188,0,-1,"Total",0,"Not applicable",1,"Model-based Estimates",3,"Projection",9.073
55,"Crude birth rate","Crude birth rate (births per 1,000 population)","World Population Prospects",2024,"United Nations Population Division",203,"Czechia","CZ","CZE",131,"2080",4,"Median",3,"Both sexes",188,0,-1,"Total",0,"Not applicable",1,"Model-based Estimates",3,"Projection",9.046
55,"Crude birth rate","Crude birth rate (births per 1,000 population)","World Population Prospects",2024,"United Nations Population Division",203,"Czechia","CZ","CZE",132,"2081",4,"Median",3,"Both sexes",188,0,-1,"Total",0,"Not applicable",1,"Model-based Estimates",3,"Projection",9.013
55,"Crude birth rate","Crude birth rate (births per 1,000 population)","World Population Prospects",2024,"United Nations Population Division",203,"Czechia","CZ","CZE",133,"2082",4,"Median",3,"Both sexes",188,0,-1,"Total",0,"Not applicable",1,"Model-based Estimates",3,"Projection",8.957
55,"Crude birth rate","Crude birth rate (births per 1,000 population)","World Population Prospects",2024,"United Nations Population Division",203,"Czechia","CZ","CZE",134,"2083",4,"Median",3,"Both sexes",188,0,-1,"Total",0,"Not applicable",1,"Model-based Estimates",3,"Projection",8.902
55,"Crude birth rate","Crude birth rate (births per 1,000 population)","World Population Prospects",2024,"United Nations Population Division",203,"Czechia","CZ","CZE",135,"2084",4,"Median",3,"Both sexes",188,0,-1,"Total",0,"Not applicable",1,"Model-based Estimates",3,"Projection",8.834
55,"Crude birth rate","Crude birth rate (births per 1,000 population)","World Population Prospects",2024,"United Nations Population Division",203,"Czechia","CZ","CZE",136,"2085",4,"Median",3,"Both sexes",188,0,-1,"Total",0,"Not applicable",1,"Model-based Estimates",3,"Projection",8.777
55,"Crude birth rate","Crude birth rate (births per 1,000 population)","World Population Prospects",2024,"United Nations Population Division",203,"Czechia","CZ","CZE",137,"2086",4,"Median",3,"Both sexes",188,0,-1,"Total",0,"Not applicable",1,"Model-based Estimates",3,"Projection",8.711
55,"Crude birth rate","Crude birth rate (births per 1,000 population)","World Population Prospects",2024,"United Nations Population Division",203,"Czechia","CZ","CZE",138,"2087",4,"Median",3,"Both sexes",188,0,-1,"Total",0,"Not applicable",1,"Model-based Estimates",3,"Projection",8.642
55,"Crude birth rate","Crude birth rate (births per 1,000 population)","World Population Prospects",2024,"United Nations Population Division",203,"Czechia","CZ","CZE",139,"2088",4,"Median",3,"Both sexes",188,0,-1,"Total",0,"Not applicable",1,"Model-based Estimates",3,"Projection",8.576
55,"Crude birth rate","Crude birth rate (births per 1,000 population)","World Population Prospects",2024,"United Nations Population Division",203,"Czechia","CZ","CZE",140,"2089",4,"Median",3,"Both sexes",188,0,-1,"Total",0,"Not applicable",1,"Model-based Estimates",3,"Projection",8.528
55,"Crude birth rate","Crude birth rate (births per 1,000 population)","World Population Prospects",2024,"United Nations Population Division",203,"Czechia","CZ","CZE",141,"2090",4,"Median",3,"Both sexes",188,0,-1,"Total",0,"Not applicable",1,"Model-based Estimates",3,"Projection",8.47
55,"Crude birth rate","Crude birth rate (births per 1,000 population)","World Population Prospects",2024,"United Nations Population Division",203,"Czechia","CZ","CZE",142,"2091",4,"Median",3,"Both sexes",188,0,-1,"Total",0,"Not applicable",1,"Model-based Estimates",3,"Projection",8.438
55,"Crude birth rate","Crude birth rate (births per 1,000 population)","World Population Prospects",2024,"United Nations Population Division",203,"Czechia","CZ","CZE",143,"2092",4,"Median",3,"Both sexes",188,0,-1,"Total",0,"Not applicable",1,"Model-based Estimates",3,"Projection",8.402
55,"Crude birth rate","Crude birth rate (births per 1,000 population)","World Population Prospects",2024,"United Nations Population Division",203,"Czechia","CZ","CZE",144,"2093",4,"Median",3,"Both sexes",188,0,-1,"Total",0,"Not applicable",1,"Model-based Estimates",3,"Projection",8.381
55,"Crude birth rate","Crude birth rate (births per 1,000 population)","World Population Prospects",2024,"United Nations Population Division",203,"Czechia","CZ","CZE",145,"2094",4,"Median",3,"Both sexes",188,0,-1,"Total",0,"Not applicable",1,"Model-based Estimates",3,"Projection",8.371
55,"Crude birth rate","Crude birth rate (births per 1,000 population)","World Population Prospects",2024,"United Nations Population Division",203,"Czechia","CZ","CZE",146,"2095",4,"Median",3,"Both sexes",188,0,-1,"Total",0,"Not applicable",1,"Model-based Estimates",3,"Projection",8.372
55,"Crude birth rate","Crude birth rate (births per 1,000 population)","World Population Prospects",2024,"United Nations Population Division",203,"Czechia","CZ","CZE",147,"2096",4,"Median",3,"Both sexes",188,0,-1,"Total",0,"Not applicable",1,"Model-based Estimates",3,"Projection",8.381
55,"Crude birth rate","Crude birth rate (births per 1,000 population)","World Population Prospects",2024,"United Nations Population Division",203,"Czechia","CZ","CZE",148,"2097",4,"Median",3,"Both sexes",188,0,-1,"Total",0,"Not applicable",1,"Model-based Estimates",3,"Projection",8.405
55,"Crude birth rate","Crude birth rate (births per 1,000 population)","World Population Prospects",2024,"United Nations Population Division",203,"Czechia","CZ","CZE",149,"2098",4,"Median",3,"Both sexes",188,0,-1,"Total",0,"Not applicable",1,"Model-based Estimates",3,"Projection",8.429
55,"Crude birth rate","Crude birth rate (births per 1,000 population)","World Population Prospects",2024,"United Nations Population Division",203,"Czechia","CZ","CZE",150,"2099",4,"Median",3,"Both sexes",188,0,-1,"Total",0,"Not applicable",1,"Model-based Estimates",3,"Projection",8.461
55,"Crude birth rate","Crude birth rate (births per 1,000 population)","World Population Prospects",2024,"United Nations Population Division",203,"Czechia","CZ","CZE",151,"2100",4,"Median",3,"Both sexes",188,0,-1,"Total",0,"Not applicable",1,"Model-based Estimates",3,"Projection",8.497
55,"Crude birth rate","Crude birth rate (births per 1,000 population)","World Population Prospects",2024,"United Nations Population Division",208,"Denmark","DK","DNK",41,"1990",4,"Median",3,"Both sexes",188,0,-1,"Total",0,"Not applicable",1,"Model-based Estimates",2,"Interpolation",12.302
55,"Crude birth rate","Crude birth rate (births per 1,000 population)","World Population Prospects",2024,"United Nations Population Division",208,"Denmark","DK","DNK",42,"1991",4,"Median",3,"Both sexes",188,0,-1,"Total",0,"Not applicable",1,"Model-based Estimates",2,"Interpolation",12.478
55,"Crude birth rate","Crude birth rate (births per 1,000 population)","World Population Prospects",2024,"United Nations Population Division",208,"Denmark","DK","DNK",43,"1992",4,"Median",3,"Both sexes",188,0,-1,"Total",0,"Not applicable",1,"Model-based Estimates",2,"Interpolation",13.013
55,"Crude birth rate","Crude birth rate (births per 1,000 population)","World Population Prospects",2024,"United Nations Population Division",208,"Denmark","DK","DNK",44,"1993",4,"Median",3,"Both sexes",188,0,-1,"Total",0,"Not applicable",1,"Model-based Estimates",2,"Interpolation",12.971
55,"Crude birth rate","Crude birth rate (births per 1,000 population)","World Population Prospects",2024,"United Nations Population Division",208,"Denmark","DK","DNK",45,"1994",4,"Median",3,"Both sexes",188,0,-1,"Total",0,"Not applicable",1,"Model-based Estimates",2,"Interpolation",13.319
55,"Crude birth rate","Crude birth rate (births per 1,000 population)","World Population Prospects",2024,"United Nations Population Division",208,"Denmark","DK","DNK",46,"1995",4,"Median",3,"Both sexes",188,0,-1,"Total",0,"Not applicable",1,"Model-based Estimates",2,"Interpolation",13.243
55,"Crude birth rate","Crude birth rate (births per 1,000 population)","World Population Prospects",2024,"United Nations Population Division",208,"Denmark","DK","DNK",47,"1996",4,"Median",3,"Both sexes",188,0,-1,"Total",0,"Not applicable",1,"Model-based Estimates",2,"Interpolation",12.833
55,"Crude birth rate","Crude birth rate (births per 1,000 population)","World Population Prospects",2024,"United Nations Population Division",208,"Denmark","DK","DNK",48,"1997",4,"Median",3,"Both sexes",188,0,-1,"Total",0,"Not applicable",1,"Model-based Estimates",2,"Interpolation",12.747
55,"Crude birth rate","Crude birth rate (births per 1,000 population)","World Population Prospects",2024,"United Nations Population Division",208,"Denmark","DK","DNK",49,"1998",4,"Median",3,"Both sexes",188,0,-1,"Total",0,"Not applicable",1,"Model-based Estimates",2,"Interpolation",12.446
55,"Crude birth rate","Crude birth rate (births per 1,000 population)","World Population Prospects",2024,"United Nations Population Division",208,"Denmark","DK","DNK",50,"1999",4,"Median",3,"Both sexes",188,0,-1,"Total",0,"Not applicable",1,"Model-based Estimates",2,"Interpolation",12.411
55,"Crude birth rate","Crude birth rate (births per 1,000 population)","World Population Prospects",2024,"United Nations Population Division",208,"Denmark","DK","DNK",51,"2000",4,"Median",3,"Both sexes",188,0,-1,"Total",0,"Not applicable",1,"Model-based Estimates",2,"Interpolation",12.496
55,"Crude birth rate","Crude birth rate (births per 1,000 population)","World Population Prospects",2024,"United Nations Population Division",208,"Denmark","DK","DNK",52,"2001",4,"Median",3,"Both sexes",188,0,-1,"Total",0,"Not applicable",1,"Model-based Estimates",2,"Interpolation",12.173
55,"Crude birth rate","Crude birth rate (births per 1,000 population)","World Population Prospects",2024,"United Nations Population Division",208,"Denmark","DK","DNK",53,"2002",4,"Median",3,"Both sexes",188,0,-1,"Total",0,"Not applicable",1,"Model-based Estimates",2,"Interpolation",11.921
55,"Crude birth rate","Crude birth rate (births per 1,000 population)","World Population Prospects",2024,"United Nations Population Division",208,"Denmark","DK","DNK",54,"2003",4,"Median",3,"Both sexes",188,0,-1,"Total",0,"Not applicable",1,"Model-based Estimates",2,"Interpolation",11.961
55,"Crude birth rate","Crude birth rate (births per 1,000 population)","World Population Prospects",2024,"United Nations Population Division",208,"Denmark","DK","DNK",55,"2004",4,"Median",3,"Both sexes",188,0,-1,"Total",0,"Not applicable",1,"Model-based Estimates",2,"Interpolation",11.918
55,"Crude birth rate","Crude birth rate (births per 1,000 population)","World Population Prospects",2024,"United Nations Population Division",208,"Denmark","DK","DNK",56,"2005",4,"Median",3,"Both sexes",188,0,-1,"Total",0,"Not applicable",1,"Model-based Estimates",2,"Interpolation",11.826
55,"Crude birth rate","Crude birth rate (births per 1,000 population)","World Population Prospects",2024,"United Nations Population Division",208,"Denmark","DK","DNK",57,"2006",4,"Median",3,"Both sexes",188,0,-1,"Total",0,"Not applicable",1,"Model-based Estimates",2,"Interpolation",11.882
55,"Crude birth rate","Crude birth rate (births per 1,000 population)","World Population Prospects",2024,"United Nations Population Division",208,"Denmark","DK","DNK",58,"2007",4,"Median",3,"Both sexes",188,0,-1,"Total",0,"Not applicable",1,"Model-based Estimates",2,"Interpolation",11.672
55,"Crude birth rate","Crude birth rate (births per 1,000 population)","World Population Prospects",2024,"United Nations Population Division",208,"Denmark","DK","DNK",59,"2008",4,"Median",3,"Both sexes",188,0,-1,"Total",0,"Not applicable",1,"Model-based Estimates",2,"Interpolation",11.729
55,"Crude birth rate","Crude birth rate (births per 1,000 population)","World Population Prospects",2024,"United Nations Population Division",208,"Denmark","DK","DNK",60,"2009",4,"Median",3,"Both sexes",188,0,-1,"Total",0,"Not applicable",1,"Model-based Estimates",2,"Interpolation",11.336
55,"Crude birth rate","Crude birth rate (births per 1,000 population)","World Population Prospects",2024,"United Nations Population Division",208,"Denmark","DK","DNK",61,"2010",4,"Median",3,"Both sexes",188,0,-1,"Total",0,"Not applicable",1,"Model-based Estimates",2,"Interpolation",11.313
55,"Crude birth rate","Crude birth rate (births per 1,000 population)","World Population Prospects",2024,"United Nations Population Division",208,"Denmark","DK","DNK",62,"2011",4,"Median",3,"Both sexes",188,0,-1,"Total",0,"Not applicable",1,"Model-based Estimates",2,"Interpolation",10.578
55,"Crude birth rate","Crude birth rate (births per 1,000 population)","World Population Prospects",2024,"United Nations Population Division",208,"Denmark","DK","DNK",63,"2012",4,"Median",3,"Both sexes",188,0,-1,"Total",0,"Not applicable",1,"Model-based Estimates",2,"Interpolation",10.299
55,"Crude birth rate","Crude birth rate (births per 1,000 population)","World Population Prospects",2024,"United Nations Population Division",208,"Denmark","DK","DNK",64,"2013",4,"Median",3,"Both sexes",188,0,-1,"Total",0,"Not applicable",1,"Model-based Estimates",2,"Interpolation",9.923
55,"Crude birth rate","Crude birth rate (births per 1,000 population)","World Population Prospects",2024,"United Nations Population Division",208,"Denmark","DK","DNK",65,"2014",4,"Median",3,"Both sexes",188,0,-1,"Total",0,"Not applicable",1,"Model-based Estimates",2,"Interpolation",10.023
55,"Crude birth rate","Crude birth rate (births per 1,000 population)","World Population Prospects",2024,"United Nations Population Division",208,"Denmark","DK","DNK",66,"2015",4,"Median",3,"Both sexes",188,0,-1,"Total",0,"Not applicable",1,"Model-based Estimates",2,"Interpolation",10.171
55,"Crude birth rate","Crude birth rate (births per 1,000 population)","World Population Prospects",2024,"United Nations Population Division",208,"Denmark","DK","DNK",67,"2016",4,"Median",3,"Both sexes",188,0,-1,"Total",0,"Not applicable",1,"Model-based Estimates",2,"Interpolation",10.636
55,"Crude birth rate","Crude birth rate (births per 1,000 population)","World Population Prospects",2024,"United Nations Population Division",208,"Denmark","DK","DNK",68,"2017",4,"Median",3,"Both sexes",188,0,-1,"Total",0,"Not applicable",1,"Model-based Estimates",2,"Interpolation",10.59
55,"Crude birth rate","Crude birth rate (births per 1,000 population)","World Population Prospects",2024,"United Nations Population Division",208,"Denmark","DK","DNK",69,"2018",4,"Median",3,"Both sexes",188,0,-1,"Total",0,"Not applicable",1,"Model-based Estimates",2,"Interpolation",10.561
55,"Crude birth rate","Crude birth rate (births per 1,000 population)","World Population Prospects",2024,"United Nations Population Division",208,"Denmark","DK","DNK",70,"2019",4,"Median",3,"Both sexes",188,0,-1,"Total",0,"Not applicable",1,"Model-based Estimates",2,"Interpolation",10.502
55,"Crude birth rate","Crude birth rate (births per 1,000 population)","World Population Prospects",2024,"United Nations Population Division",208,"Denmark","DK","DNK",71,"2020",4,"Median",3,"Both sexes",188,0,-1,"Total",0,"Not applicable",1,"Model-based Estimates",2,"Interpolation",10.459
55,"Crude birth rate","Crude birth rate (births per 1,000 population)","World Population Prospects",2024,"United Nations Population Division",208,"Denmark","DK","DNK",72,"2021",4,"Median",3,"Both sexes",188,0,-1,"Total",0,"Not applicable",1,"Model-based Estimates",2,"Interpolation",10.838
55,"Crude birth rate","Crude birth rate (births per 1,000 population)","World Population Prospects",2024,"United Nations Population Division",208,"Denmark","DK","DNK",73,"2022",4,"Median",3,"Both sexes",188,0,-1,"Total",0,"Not applicable",1,"Model-based Estimates",2,"Interpolation",9.842
55,"Crude birth rate","Crude birth rate (births per 1,000 population)","World Population Prospects",2024,"United Nations Population Division",208,"Denmark","DK","DNK",74,"2023",4,"Median",3,"Both sexes",188,0,-1,"Total",0,"Not applicable",1,"Model-based Estimates",2,"Interpolation",9.719
55,"Crude birth rate","Crude birth rate (births per 1,000 population)","World Population Prospects",2024,"United Nations Population Division",208,"Denmark","DK","DNK",75,"2024",4,"Median",3,"Both sexes",188,0,-1,"Total",0,"Not applicable",1,"Model-based Estimates",3,"Projection",9.811
55,"Crude birth rate","Crude birth rate (births per 1,000 population)","World Population Prospects",2024,"United Nations Population Division",208,"Denmark","DK","DNK",76,"2025",4,"Median",3,"Both sexes",188,0,-1,"Total",0,"Not applicable",1,"Model-based Estimates",3,"Projection",9.867
55,"Crude birth rate","Crude birth rate (births per 1,000 population)","World Population Prospects",2024,"United Nations Population Division",208,"Denmark","DK","DNK",77,"2026",4,"Median",3,"Both sexes",188,0,-1,"Total",0,"Not applicable",1,"Model-based Estimates",3,"Projection",9.897
55,"Crude birth rate","Crude birth rate (births per 1,000 population)","World Population Prospects",2024,"United Nations Population Division",208,"Denmark","DK","DNK",78,"2027",4,"Median",3,"Both sexes",188,0,-1,"Total",0,"Not applicable",1,"Model-based Estimates",3,"Projection",9.908
55,"Crude birth rate","Crude birth rate (births per 1,000 population)","World Population Prospects",2024,"United Nations Population Division",208,"Denmark","DK","DNK",79,"2028",4,"Median",3,"Both sexes",188,0,-1,"Total",0,"Not applicable",1,"Model-based Estimates",3,"Projection",9.907
55,"Crude birth rate","Crude birth rate (births per 1,000 population)","World Population Prospects",2024,"United Nations Population Division",208,"Denmark","DK","DNK",80,"2029",4,"Median",3,"Both sexes",188,0,-1,"Total",0,"Not applicable",1,"Model-based Estimates",3,"Projection",9.883
55,"Crude birth rate","Crude birth rate (births per 1,000 population)","World Population Prospects",2024,"United Nations Population Division",208,"Denmark","DK","DNK",81,"2030",4,"Median",3,"Both sexes",188,0,-1,"Total",0,"Not applicable",1,"Model-based Estimates",3,"Projection",9.863
55,"Crude birth rate","Crude birth rate (births per 1,000 population)","World Population Prospects",2024,"United Nations Population Division",208,"Denmark","DK","DNK",82,"2031",4,"Median",3,"Both sexes",188,0,-1,"Total",0,"Not applicable",1,"Model-based Estimates",3,"Projection",9.829
55,"Crude birth rate","Crude birth rate (births per 1,000 population)","World Population Prospects",2024,"United Nations Population Division",208,"Denmark","DK","DNK",83,"2032",4,"Median",3,"Both sexes",188,0,-1,"Total",0,"Not applicable",1,"Model-based Estimates",3,"Projection",9.799
55,"Crude birth rate","Crude birth rate (births per 1,000 population)","World Population Prospects",2024,"United Nations Population Division",208,"Denmark","DK","DNK",84,"2033",4,"Median",3,"Both sexes",188,0,-1,"Total",0,"Not applicable",1,"Model-based Estimates",3,"Projection",9.764
55,"Crude birth rate","Crude birth rate (births per 1,000 population)","World Population Prospects",2024,"United Nations Population Division",208,"Denmark","DK","DNK",85,"2034",4,"Median",3,"Both sexes",188,0,-1,"Total",0,"Not applicable",1,"Model-based Estimates",3,"Projection",9.738
55,"Crude birth rate","Crude birth rate (births per 1,000 population)","World Population Prospects",2024,"United Nations Population Division",208,"Denmark","DK","DNK",86,"2035",4,"Median",3,"Both sexes",188,0,-1,"Total",0,"Not applicable",1,"Model-based Estimates",3,"Projection",9.711
55,"Crude birth rate","Crude birth rate (births per 1,000 population)","World Population Prospects",2024,"United Nations Population Division",208,"Denmark","DK","DNK",87,"2036",4,"Median",3,"Both sexes",188,0,-1,"Total",0,"Not applicable",1,"Model-based Estimates",3,"Projection",9.681
55,"Crude birth rate","Crude birth rate (births per 1,000 population)","World Population Prospects",2024,"United Nations Population Division",208,"Denmark","DK","DNK",88,"2037",4,"Median",3,"Both sexes",188,0,-1,"Total",0,"Not applicable",1,"Model-based Estimates",3,"Projection",9.641
55,"Crude birth rate","Crude birth rate (births per 1,000 population)","World Population Prospects",2024,"United Nations Population Division",208,"Denmark","DK","DNK",89,"2038",4,"Median",3,"Both sexes",188,0,-1,"Total",0,"Not applicable",1,"Model-based Estimates",3,"Projection",9.598
55,"Crude birth rate","Crude birth rate (births per 1,000 population)","World Population Prospects",2024,"United Nations Population Division",208,"Denmark","DK","DNK",90,"2039",4,"Median",3,"Both sexes",188,0,-1,"Total",0,"Not applicable",1,"Model-based Estimates",3,"Projection",9.556
55,"Crude birth rate","Crude birth rate (births per 1,000 population)","World Population Prospects",2024,"United Nations Population Division",208,"Denmark","DK","DNK",91,"2040",4,"Median",3,"Both sexes",188,0,-1,"Total",0,"Not applicable",1,"Model-based Estimates",3,"Projection",9.509
55,"Crude birth rate","Crude birth rate (births per 1,000 population)","World Population Prospects",2024,"United Nations Population Division",208,"Denmark","DK","DNK",92,"2041",4,"Median",3,"Both sexes",188,0,-1,"Total",0,"Not applicable",1,"Model-based Estimates",3,"Projection",9.459
55,"Crude birth rate","Crude birth rate (births per 1,000 population)","World Population Prospects",2024,"United Nations Population Division",208,"Denmark","DK","DNK",93,"2042",4,"Median",3,"Both sexes",188,0,-1,"Total",0,"Not applicable",1,"Model-based Estimates",3,"Projection",9.417
55,"Crude birth rate","Crude birth rate (births per 1,000 population)","World Population Prospects",2024,"United Nations Population Division",208,"Denmark","DK","DNK",94,"2043",4,"Median",3,"Both sexes",188,0,-1,"Total",0,"Not applicable",1,"Model-based Estimates",3,"Projection",9.37
55,"Crude birth rate","Crude birth rate (births per 1,000 population)","World Population Prospects",2024,"United Nations Population Division",208,"Denmark","DK","DNK",95,"2044",4,"Median",3,"Both sexes",188,0,-1,"Total",0,"Not applicable",1,"Model-based Estimates",3,"Projection",9.328
55,"Crude birth rate","Crude birth rate (births per 1,000 population)","World Population Prospects",2024,"United Nations Population Division",208,"Denmark","DK","DNK",96,"2045",4,"Median",3,"Both sexes",188,0,-1,"Total",0,"Not applicable",1,"Model-based Estimates",3,"Projection",9.296
55,"Crude birth rate","Crude birth rate (births per 1,000 population)","World Population Prospects",2024,"United Nations Population Division",208,"Denmark","DK","DNK",97,"2046",4,"Median",3,"Both sexes",188,0,-1,"Total",0,"Not applicable",1,"Model-based Estimates",3,"Projection",9.266
55,"Crude birth rate","Crude birth rate (births per 1,000 population)","World Population Prospects",2024,"United Nations Population Division",208,"Denmark","DK","DNK",98,"2047",4,"Median",3,"Both sexes",188,0,-1,"Total",0,"Not applicable",1,"Model-based Estimates",3,"Projection",9.249
55,"Crude birth rate","Crude birth rate (births per 1,000 population)","World Population Prospects",2024,"United Nations Population Division",208,"Denmark","DK","DNK",99,"2048",4,"Median",3,"Both sexes",188,0,-1,"Total",0,"Not applicable",1,"Model-based Estimates",3,"Projection",9.227
55,"Crude birth rate","Crude birth rate (births per 1,000 population)","World Population Prospects",2024,"United Nations Population Division",208,"Denmark","DK","DNK",100,"2049",4,"Median",3,"Both sexes",188,0,-1,"Total",0,"Not applicable",1,"Model-based Estimates",3,"Projection",9.21
55,"Crude birth rate","Crude birth rate (births per 1,000 population)","World Population Prospects",2024,"United Nations Population Division",208,"Denmark","DK","DNK",101,"2050",4,"Median",3,"Both sexes",188,0,-1,"Total",0,"Not applicable",1,"Model-based Estimates",3,"Projection",9.19
55,"Crude birth rate","Crude birth rate (births per 1,000 population)","World Population Prospects",2024,"United Nations Population Division",208,"Denmark","DK","DNK",102,"2051",4,"Median",3,"Both sexes",188,0,-1,"Total",0,"Not applicable",1,"Model-based Estimates",3,"Projection",9.183
55,"Crude birth rate","Crude birth rate (births per 1,000 population)","World Population Prospects",2024,"United Nations Population Division",208,"Denmark","DK","DNK",103,"2052",4,"Median",3,"Both sexes",188,0,-1,"Total",0,"Not applicable",1,"Model-based Estimates",3,"Projection",9.184
55,"Crude birth rate","Crude birth rate (births per 1,000 population)","World Population Prospects",2024,"United Nations Population Division",208,"Denmark","DK","DNK",104,"2053",4,"Median",3,"Both sexes",188,0,-1,"Total",0,"Not applicable",1,"Model-based Estimates",3,"Projection",9.178
55,"Crude birth rate","Crude birth rate (births per 1,000 population)","World Population Prospects",2024,"United Nations Population Division",208,"Denmark","DK","DNK",105,"2054",4,"Median",3,"Both sexes",188,0,-1,"Total",0,"Not applicable",1,"Model-based Estimates",3,"Projection",9.177
55,"Crude birth rate","Crude birth rate (births per 1,000 population)","World Population Prospects",2024,"United Nations Population Division",208,"Denmark","DK","DNK",106,"2055",4,"Median",3,"Both sexes",188,0,-1,"Total",0,"Not applicable",1,"Model-based Estimates",3,"Projection",9.177
55,"Crude birth rate","Crude birth rate (births per 1,000 population)","World Population Prospects",2024,"United Nations Population Division",208,"Denmark","DK","DNK",107,"2056",4,"Median",3,"Both sexes",188,0,-1,"Total",0,"Not applicable",1,"Model-based Estimates",3,"Projection",9.162
55,"Crude birth rate","Crude birth rate (births per 1,000 population)","World Population Prospects",2024,"United Nations Population Division",208,"Denmark","DK","DNK",108,"2057",4,"Median",3,"Both sexes",188,0,-1,"Total",0,"Not applicable",1,"Model-based Estimates",3,"Projection",9.16
55,"Crude birth rate","Crude birth rate (births per 1,000 population)","World Population Prospects",2024,"United Nations Population Division",208,"Denmark","DK","DNK",109,"2058",4,"Median",3,"Both sexes",188,0,-1,"Total",0,"Not applicable",1,"Model-based Estimates",3,"Projection",9.148
55,"Crude birth rate","Crude birth rate (births per 1,000 population)","World Population Prospects",2024,"United Nations Population Division",208,"Denmark","DK","DNK",110,"2059",4,"Median",3,"Both sexes",188,0,-1,"Total",0,"Not applicable",1,"Model-based Estimates",3,"Projection",9.131
55,"Crude birth rate","Crude birth rate (births per 1,000 population)","World Population Prospects",2024,"United Nations Population Division",208,"Denmark","DK","DNK",111,"2060",4,"Median",3,"Both sexes",188,0,-1,"Total",0,"Not applicable",1,"Model-based Estimates",3,"Projection",9.13
55,"Crude birth rate","Crude birth rate (births per 1,000 population)","World Population Prospects",2024,"United Nations Population Division",208,"Denmark","DK","DNK",112,"2061",4,"Median",3,"Both sexes",188,0,-1,"Total",0,"Not applicable",1,"Model-based Estimates",3,"Projection",9.129
55,"Crude birth rate","Crude birth rate (births per 1,000 population)","World Population Prospects",2024,"United Nations Population Division",208,"Denmark","DK","DNK",113,"2062",4,"Median",3,"Both sexes",188,0,-1,"Total",0,"Not applicable",1,"Model-based Estimates",3,"Projection",9.119
55,"Crude birth rate","Crude birth rate (births per 1,000 population)","World Population Prospects",2024,"United Nations Population Division",208,"Denmark","DK","DNK",114,"2063",4,"Median",3,"Both sexes",188,0,-1,"Total",0,"Not applicable",1,"Model-based Estimates",3,"Projection",9.118
55,"Crude birth rate","Crude birth rate (births per 1,000 population)","World Population Prospects",2024,"United Nations Population Division",208,"Denmark","DK","DNK",115,"2064",4,"Median",3,"Both sexes",188,0,-1,"Total",0,"Not applicable",1,"Model-based Estimates",3,"Projection",9.114
55,"Crude birth rate","Crude birth rate (births per 1,000 population)","World Population Prospects",2024,"United Nations Population Division",208,"Denmark","DK","DNK",116,"2065",4,"Median",3,"Both sexes",188,0,-1,"Total",0,"Not applicable",1,"Model-based Estimates",3,"Projection",9.1
55,"Crude birth rate","Crude birth rate (births per 1,000 population)","World Population Prospects",2024,"United Nations Population Division",208,"Denmark","DK","DNK",117,"2066",4,"Median",3,"Both sexes",188,0,-1,"Total",0,"Not applicable",1,"Model-based Estimates",3,"Projection",9.09
55,"Crude birth rate","Crude birth rate (births per 1,000 population)","World Population Prospects",2024,"United Nations Population Division",208,"Denmark","DK","DNK",118,"2067",4,"Median",3,"Both sexes",188,0,-1,"Total",0,"Not applicable",1,"Model-based Estimates",3,"Projection",9.071
55,"Crude birth rate","Crude birth rate (births per 1,000 population)","World Population Prospects",2024,"United Nations Population Division",208,"Denmark","DK","DNK",119,"2068",4,"Median",3,"Both sexes",188,0,-1,"Total",0,"Not applicable",1,"Model-based Estimates",3,"Projection",9.047
55,"Crude birth rate","Crude birth rate (births per 1,000 population)","World Population Prospects",2024,"United Nations Population Division",208,"Denmark","DK","DNK",120,"2069",4,"Median",3,"Both sexes",188,0,-1,"Total",0,"Not applicable",1,"Model-based Estimates",3,"Projection",9.028
55,"Crude birth rate","Crude birth rate (births per 1,000 population)","World Population Prospects",2024,"United Nations Population Division",208,"Denmark","DK","DNK",121,"2070",4,"Median",3,"Both sexes",188,0,-1,"Total",0,"Not applicable",1,"Model-based Estimates",3,"Projection",9.019
55,"Crude birth rate","Crude birth rate (births per 1,000 population)","World Population Prospects",2024,"United Nations Population Division",208,"Denmark","DK","DNK",122,"2071",4,"Median",3,"Both sexes",188,0,-1,"Total",0,"Not applicable",1,"Model-based Estimates",3,"Projection",8.999
55,"Crude birth rate","Crude birth rate (births per 1,000 population)","World Population Prospects",2024,"United Nations Population Division",208,"Denmark","DK","DNK",123,"2072",4,"Median",3,"Both sexes",188,0,-1,"Total",0,"Not applicable",1,"Model-based Estimates",3,"Projection",8.972
55,"Crude birth rate","Crude birth rate (births per 1,000 population)","World Population Prospects",2024,"United Nations Population Division",208,"Denmark","DK","DNK",124,"2073",4,"Median",3,"Both sexes",188,0,-1,"Total",0,"Not applicable",1,"Model-based Estimates",3,"Projection",8.949
55,"Crude birth rate","Crude birth rate (births per 1,000 population)","World Population Prospects",2024,"United Nations Population Division",208,"Denmark","DK","DNK",125,"2074",4,"Median",3,"Both sexes",188,0,-1,"Total",0,"Not applicable",1,"Model-based Estimates",3,"Projection",8.919
55,"Crude birth rate","Crude birth rate (births per 1,000 population)","World Population Prospects",2024,"United Nations Population Division",208,"Denmark","DK","DNK",126,"2075",4,"Median",3,"Both sexes",188,0,-1,"Total",0,"Not applicable",1,"Model-based Estimates",3,"Projection",8.918
55,"Crude birth rate","Crude birth rate (births per 1,000 population)","World Population Prospects",2024,"United Nations Population Division",208,"Denmark","DK","DNK",127,"2076",4,"Median",3,"Both sexes",188,0,-1,"Total",0,"Not applicable",1,"Model-based Estimates",3,"Projection",8.898
55,"Crude birth rate","Crude birth rate (births per 1,000 population)","World Population Prospects",2024,"United Nations Population Division",208,"Denmark","DK","DNK",128,"2077",4,"Median",3,"Both sexes",188,0,-1,"Total",0,"Not applicable",1,"Model-based Estimates",3,"Projection",8.882
55,"Crude birth rate","Crude birth rate (births per 1,000 population)","World Population Prospects",2024,"United Nations Population Division",208,"Denmark","DK","DNK",129,"2078",4,"Median",3,"Both sexes",188,0,-1,"Total",0,"Not applicable",1,"Model-based Estimates",3,"Projection",8.87
55,"Crude birth rate","Crude birth rate (births per 1,000 population)","World Population Prospects",2024,"United Nations Population Division",208,"Denmark","DK","DNK",130,"2079",4,"Median",3,"Both sexes",188,0,-1,"Total",0,"Not applicable",1,"Model-based Estimates",3,"Projection",8.862
55,"Crude birth rate","Crude birth rate (births per 1,000 population)","World Population Prospects",2024,"United Nations Population Division",208,"Denmark","DK","DNK",131,"2080",4,"Median",3,"Both sexes",188,0,-1,"Total",0,"Not applicable",1,"Model-based Estimates",3,"Projection",8.855
55,"Crude birth rate","Crude birth rate (births per 1,000 population)","World Population Prospects",2024,"United Nations Population Division",208,"Denmark","DK","DNK",132,"2081",4,"Median",3,"Both sexes",188,0,-1,"Total",0,"Not applicable",1,"Model-based Estimates",3,"Projection",8.852
55,"Crude birth rate","Crude birth rate (births per 1,000 population)","World Population Prospects",2024,"United Nations Population Division",208,"Denmark","DK","DNK",133,"2082",4,"Median",3,"Both sexes",188,0,-1,"Total",0,"Not applicable",1,"Model-based Estimates",3,"Projection",8.84
55,"Crude birth rate","Crude birth rate (births per 1,000 population)","World Population Prospects",2024,"United Nations Population Division",208,"Denmark","DK","DNK",134,"2083",4,"Median",3,"Both sexes",188,0,-1,"Total",0,"Not applicable",1,"Model-based Estimates",3,"Projection",8.836
55,"Crude birth rate","Crude birth rate (births per 1,000 population)","World Population Prospects",2024,"United Nations Population Division",208,"Denmark","DK","DNK",135,"2084",4,"Median",3,"Both sexes",188,0,-1,"Total",0,"Not applicable",1,"Model-based Estimates",3,"Projection",8.831
55,"Crude birth rate","Crude birth rate (births per 1,000 population)","World Population Prospects",2024,"United Nations Population Division",208,"Denmark","DK","DNK",136,"2085",4,"Median",3,"Both sexes",188,0,-1,"Total",0,"Not applicable",1,"Model-based Estimates",3,"Projection",8.826
55,"Crude birth rate","Crude birth rate (births per 1,000 population)","World Population Prospects",2024,"United Nations Population Division",208,"Denmark","DK","DNK",137,"2086",4,"Median",3,"Both sexes",188,0,-1,"Total",0,"Not applicable",1,"Model-based Estimates",3,"Projection",8.818
55,"Crude birth rate","Crude birth rate (births per 1,000 population)","World Population Prospects",2024,"United Nations Population Division",208,"Denmark","DK","DNK",138,"2087",4,"Median",3,"Both sexes",188,0,-1,"Total",0,"Not applicable",1,"Model-based Estimates",3,"Projection",8.813
55,"Crude birth rate","Crude birth rate (births per 1,000 population)","World Population Prospects",2024,"United Nations Population Division",208,"Denmark","DK","DNK",139,"2088",4,"Median",3,"Both sexes",188,0,-1,"Total",0,"Not applicable",1,"Model-based Estimates",3,"Projection",8.828
55,"Crude birth rate","Crude birth rate (births per 1,000 population)","World Population Prospects",2024,"United Nations Population Division",208,"Denmark","DK","DNK",140,"2089",4,"Median",3,"Both sexes",188,0,-1,"Total",0,"Not applicable",1,"Model-based Estimates",3,"Projection",8.824
55,"Crude birth rate","Crude birth rate (births per 1,000 population)","World Population Prospects",2024,"United Nations Population Division",208,"Denmark","DK","DNK",141,"2090",4,"Median",3,"Both sexes",188,0,-1,"Total",0,"Not applicable",1,"Model-based Estimates",3,"Projection",8.827
55,"Crude birth rate","Crude birth rate (births per 1,000 population)","World Population Prospects",2024,"United Nations Population Division",208,"Denmark","DK","DNK",142,"2091",4,"Median",3,"Both sexes",188,0,-1,"Total",0,"Not applicable",1,"Model-based Estimates",3,"Projection",8.836
55,"Crude birth rate","Crude birth rate (births per 1,000 population)","World Population Prospects",2024,"United Nations Population Division",208,"Denmark","DK","DNK",143,"2092",4,"Median",3,"Both sexes",188,0,-1,"Total",0,"Not applicable",1,"Model-based Estimates",3,"Projection",8.828
55,"Crude birth rate","Crude birth rate (births per 1,000 population)","World Population Prospects",2024,"United Nations Population Division",208,"Denmark","DK","DNK",144,"2093",4,"Median",3,"Both sexes",188,0,-1,"Total",0,"Not applicable",1,"Model-based Estimates",3,"Projection",8.818
55,"Crude birth rate","Crude birth rate (births per 1,000 population)","World Population Prospects",2024,"United Nations Population Division",208,"Denmark","DK","DNK",145,"2094",4,"Median",3,"Both sexes",188,0,-1,"Total",0,"Not applicable",1,"Model-based Estimates",3,"Projection",8.818
55,"Crude birth rate","Crude birth rate (births per 1,000 population)","World Population Prospects",2024,"United Nations Population Division",208,"Denmark","DK","DNK",146,"2095",4,"Median",3,"Both sexes",188,0,-1,"Total",0,"Not applicable",1,"Model-based Estimates",3,"Projection",8.81
55,"Crude birth rate","Crude birth rate (births per 1,000 population)","World Population Prospects",2024,"United Nations Population Division",208,"Denmark","DK","DNK",147,"2096",4,"Median",3,"Both sexes",188,0,-1,"Total",0,"Not applicable",1,"Model-based Estimates",3,"Projection",8.804
55,"Crude birth rate","Crude birth rate (births per 1,000 population)","World Population Prospects",2024,"United Nations Population Division",208,"Denmark","DK","DNK",148,"2097",4,"Median",3,"Both sexes",188,0,-1,"Total",0,"Not applicable",1,"Model-based Estimates",3,"Projection",8.794
55,"Crude birth rate","Crude birth rate (births per 1,000 population)","World Population Prospects",2024,"United Nations Population Division",208,"Denmark","DK","DNK",149,"2098",4,"Median",3,"Both sexes",188,0,-1,"Total",0,"Not applicable",1,"Model-based Estimates",3,"Projection",8.788
55,"Crude birth rate","Crude birth rate (births per 1,000 population)","World Population Prospects",2024,"United Nations Population Division",208,"Denmark","DK","DNK",150,"2099",4,"Median",3,"Both sexes",188,0,-1,"Total",0,"Not applicable",1,"Model-based Estimates",3,"Projection",8.781
55,"Crude birth rate","Crude birth rate (births per 1,000 population)","World Population Prospects",2024,"United Nations Population Division",208,"Denmark","DK","DNK",151,"2100",4,"Median",3,"Both sexes",188,0,-1,"Total",0,"Not applicable",1,"Model-based Estimates",3,"Projection",8.765
55,"Crude birth rate","Crude birth rate (births per 1,000 population)","World Population Prospects",2024,"United Nations Population Division",233,"Estonia","EE","EST",41,"1990",4,"Median",3,"Both sexes",188,0,-1,"Total",0,"Not applicable",1,"Model-based Estimates",2,"Interpolation",14.151
55,"Crude birth rate","Crude birth rate (births per 1,000 population)","World Population Prospects",2024,"United Nations Population Division",233,"Estonia","EE","EST",42,"1991",4,"Median",3,"Both sexes",188,0,-1,"Total",0,"Not applicable",1,"Model-based Estimates",2,"Interpolation",12.446
55,"Crude birth rate","Crude birth rate (births per 1,000 population)","World Population Prospects",2024,"United Nations Population Division",233,"Estonia","EE","EST",43,"1992",4,"Median",3,"Both sexes",188,0,-1,"Total",0,"Not applicable",1,"Model-based Estimates",2,"Interpolation",11.79
55,"Crude birth rate","Crude birth rate (births per 1,000 population)","World Population Prospects",2024,"United Nations Population Division",233,"Estonia","EE","EST",44,"1993",4,"Median",3,"Both sexes",188,0,-1,"Total",0,"Not applicable",1,"Model-based Estimates",2,"Interpolation",10.27
55,"Crude birth rate","Crude birth rate (births per 1,000 population)","World Population Prospects",2024,"United Nations Population Division",233,"Estonia","EE","EST",45,"1994",4,"Median",3,"Both sexes",188,0,-1,"Total",0,"Not applicable",1,"Model-based Estimates",2,"Interpolation",9.684
55,"Crude birth rate","Crude birth rate (births per 1,000 population)","World Population Prospects",2024,"United Nations Population Division",233,"Estonia","EE","EST",46,"1995",4,"Median",3,"Both sexes",188,0,-1,"Total",0,"Not applicable",1,"Model-based Estimates",2,"Interpolation",9.361
55,"Crude birth rate","Crude birth rate (births per 1,000 population)","World Population Prospects",2024,"United Nations Population Division",233,"Estonia","EE","EST",47,"1996",4,"Median",3,"Both sexes",188,0,-1,"Total",0,"Not applicable",1,"Model-based Estimates",2,"Interpolation",9.268
55,"Crude birth rate","Crude birth rate (births per 1,000 population)","World Population Prospects",2024,"United Nations Population Division",233,"Estonia","EE","EST",48,"1997",4,"Median",3,"Both sexes",188,0,-1,"Total",0,"Not applicable",1,"Model-based Estimates",2,"Interpolation",8.873
55,"Crude birth rate","Crude birth rate (births per 1,000 population)","World Population Prospects",2024,"United Nations Population Division",233,"Estonia","EE","EST",49,"1998",4,"Median",3,"Both sexes",188,0,-1,"Total",0,"Not applicable",1,"Model-based Estimates",2,"Interpolation",8.647
55,"Crude birth rate","Crude birth rate (births per 1,000 population)","World Population Prospects",2024,"United Nations Population Division",233,"Estonia","EE","EST",50,"1999",4,"Median",3,"Both sexes",188,0,-1,"Total",0,"Not applicable",1,"Model-based Estimates",2,"Interpolation",8.792
55,"Crude birth rate","Crude birth rate (births per 1,000 population)","World Population Prospects",2024,"United Nations Population Division",233,"Estonia","EE","EST",51,"2000",4,"Median",3,"Both sexes",188,0,-1,"Total",0,"Not applicable",1,"Model-based Estimates",2,"Interpolation",9.314
55,"Crude birth rate","Crude birth rate (births per 1,000 population)","World Population Prospects",2024,"United Nations Population Division",233,"Estonia","EE","EST",52,"2001",4,"Median",3,"Both sexes",188,0,-1,"Total",0,"Not applicable",1,"Model-based Estimates",2,"Interpolation",9.114
55,"Crude birth rate","Crude birth rate (births per 1,000 population)","World Population Prospects",2024,"United Nations Population Division",233,"Estonia","EE","EST",53,"2002",4,"Median",3,"Both sexes",188,0,-1,"Total",0,"Not applicable",1,"Model-based Estimates",2,"Interpolation",9.404
55,"Crude birth rate","Crude birth rate (births per 1,000 population)","World Population Prospects",2024,"United Nations Population Division",233,"Estonia","EE","EST",54,"2003",4,"Median",3,"Both sexes",188,0,-1,"Total",0,"Not applicable",1,"Model-based Estimates",2,"Interpolation",9.519
55,"Crude birth rate","Crude birth rate (births per 1,000 population)","World Population Prospects",2024,"United Nations Population Division",233,"Estonia","EE","EST",55,"2004",4,"Median",3,"Both sexes",188,0,-1,"Total",0,"Not applicable",1,"Model-based Estimates",2,"Interpolation",10.24
55,"Crude birth rate","Crude birth rate (births per 1,000 population)","World Population Prospects",2024,"United Nations Population Division",233,"Estonia","EE","EST",56,"2005",4,"Median",3,"Both sexes",188,0,-1,"Total",0,"Not applicable",1,"Model-based Estimates",2,"Interpolation",10.608
55,"Crude birth rate","Crude birth rate (births per 1,000 population)","World Population Prospects",2024,"United Nations Population Division",233,"Estonia","EE","EST",57,"2006",4,"Median",3,"Both sexes",188,0,-1,"Total",0,"Not applicable",1,"Model-based Estimates",2,"Interpolation",11.079
55,"Crude birth rate","Crude birth rate (births per 1,000 population)","World Population Prospects",2024,"United Nations Population Division",233,"Estonia","EE","EST",58,"2007",4,"Median",3,"Both sexes",188,0,-1,"Total",0,"Not applicable",1,"Model-based Estimates",2,"Interpolation",11.775
55,"Crude birth rate","Crude birth rate (births per 1,000 population)","World Population Prospects",2024,"United Nations Population Division",233,"Estonia","EE","EST",59,"2008",4,"Median",3,"Both sexes",188,0,-1,"Total",0,"Not applicable",1,"Model-based Estimates",2,"Interpolation",11.999
55,"Crude birth rate","Crude birth rate (births per 1,000 population)","World Population Prospects",2024,"United Nations Population Division",233,"Estonia","EE","EST",60,"2009",4,"Median",3,"Both sexes",188,0,-1,"Total",0,"Not applicable",1,"Model-based Estimates",2,"Interpolation",11.837
55,"Crude birth rate","Crude birth rate (births per 1,000 population)","World Population Prospects",2024,"United Nations Population Division",233,"Estonia","EE","EST",61,"2010",4,"Median",3,"Both sexes",188,0,-1,"Total",0,"Not applicable",1,"Model-based Estimates",2,"Interpolation",11.883
55,"Crude birth rate","Crude birth rate (births per 1,000 population)","World Population Prospects",2024,"United Nations Population Division",233,"Estonia","EE","EST",62,"2011",4,"Median",3,"Both sexes",188,0,-1,"Total",0,"Not applicable",1,"Model-based Estimates",2,"Interpolation",11.113
55,"Crude birth rate","Crude birth rate (births per 1,000 population)","World Population Prospects",2024,"United Nations Population Division",233,"Estonia","EE","EST",63,"2012",4,"Median",3,"Both sexes",188,0,-1,"Total",0,"Not applicable",1,"Model-based Estimates",2,"Interpolation",10.658
55,"Crude birth rate","Crude birth rate (births per 1,000 population)","World Population Prospects",2024,"United Nations Population Division",233,"Estonia","EE","EST",64,"2013",4,"Median",3,"Both sexes",188,0,-1,"Total",0,"Not applicable",1,"Model-based Estimates",2,"Interpolation",10.308
55,"Crude birth rate","Crude birth rate (births per 1,000 population)","World Population Prospects",2024,"United Nations Population Division",233,"Estonia","EE","EST",65,"2014",4,"Median",3,"Both sexes",188,0,-1,"Total",0,"Not applicable",1,"Model-based Estimates",2,"Interpolation",10.346
55,"Crude birth rate","Crude birth rate (births per 1,000 population)","World Population Prospects",2024,"United Nations Population Division",233,"Estonia","EE","EST",66,"2015",4,"Median",3,"Both sexes",188,0,-1,"Total",0,"Not applicable",1,"Model-based Estimates",2,"Interpolation",10.512
55,"Crude birth rate","Crude birth rate (births per 1,000 population)","World Population Prospects",2024,"United Nations Population Division",233,"Estonia","EE","EST",67,"2016",4,"Median",3,"Both sexes",188,0,-1,"Total",0,"Not applicable",1,"Model-based Estimates",2,"Interpolation",10.66
55,"Crude birth rate","Crude birth rate (births per 1,000 population)","World Population Prospects",2024,"United Nations Population Division",233,"Estonia","EE","EST",68,"2017",4,"Median",3,"Both sexes",188,0,-1,"Total",0,"Not applicable",1,"Model-based Estimates",2,"Interpolation",10.478
55,"Crude birth rate","Crude birth rate (births per 1,000 population)","World Population Prospects",2024,"United Nations Population Division",233,"Estonia","EE","EST",69,"2018",4,"Median",3,"Both sexes",188,0,-1,"Total",0,"Not applicable",1,"Model-based Estimates",2,"Interpolation",10.824
55,"Crude birth rate","Crude birth rate (births per 1,000 population)","World Population Prospects",2024,"United Nations Population Division",233,"Estonia","EE","EST",70,"2019",4,"Median",3,"Both sexes",188,0,-1,"Total",0,"Not applicable",1,"Model-based Estimates",2,"Interpolation",10.611
55,"Crude birth rate","Crude birth rate (births per 1,000 population)","World Population Prospects",2024,"United Nations Population Division",233,"Estonia","EE","EST",71,"2020",4,"Median",3,"Both sexes",188,0,-1,"Total",0,"Not applicable",1,"Model-based Estimates",2,"Interpolation",9.954
55,"Crude birth rate","Crude birth rate (births per 1,000 population)","World Population Prospects",2024,"United Nations Population Division",233,"Estonia","EE","EST",72,"2021",4,"Median",3,"Both sexes",188,0,-1,"Total",0,"Not applicable",1,"Model-based Estimates",2,"Interpolation",9.85
55,"Crude birth rate","Crude birth rate (births per 1,000 population)","World Population Prospects",2024,"United Nations Population Division",233,"Estonia","EE","EST",73,"2022",4,"Median",3,"Both sexes",188,0,-1,"Total",0,"Not applicable",1,"Model-based Estimates",2,"Interpolation",8.504
55,"Crude birth rate","Crude birth rate (births per 1,000 population)","World Population Prospects",2024,"United Nations Population Division",233,"Estonia","EE","EST",74,"2023",4,"Median",3,"Both sexes",188,0,-1,"Total",0,"Not applicable",1,"Model-based Estimates",2,"Interpolation",8.072
55,"Crude birth rate","Crude birth rate (births per 1,000 population)","World Population Prospects",2024,"United Nations Population Division",233,"Estonia","EE","EST",75,"2024",4,"Median",3,"Both sexes",188,0,-1,"Total",0,"Not applicable",1,"Model-based Estimates",3,"Projection",8.031
55,"Crude birth rate","Crude birth rate (births per 1,000 population)","World Population Prospects",2024,"United Nations Population Division",233,"Estonia","EE","EST",76,"2025",4,"Median",3,"Both sexes",188,0,-1,"Total",0,"Not applicable",1,"Model-based Estimates",3,"Projection",7.89
55,"Crude birth rate","Crude birth rate (births per 1,000 population)","World Population Prospects",2024,"United Nations Population Division",233,"Estonia","EE","EST",77,"2026",4,"Median",3,"Both sexes",188,0,-1,"Total",0,"Not applicable",1,"Model-based Estimates",3,"Projection",7.63
55,"Crude birth rate","Crude birth rate (births per 1,000 population)","World Population Prospects",2024,"United Nations Population Division",233,"Estonia","EE","EST",78,"2027",4,"Median",3,"Both sexes",188,0,-1,"Total",0,"Not applicable",1,"Model-based Estimates",3,"Projection",7.516
55,"Crude birth rate","Crude birth rate (births per 1,000 population)","World Population Prospects",2024,"United Nations Population Division",233,"Estonia","EE","EST",79,"2028",4,"Median",3,"Both sexes",188,0,-1,"Total",0,"Not applicable",1,"Model-based Estimates",3,"Projection",7.433
55,"Crude birth rate","Crude birth rate (births per 1,000 population)","World Population Prospects",2024,"United Nations Population Division",233,"Estonia","EE","EST",80,"2029",4,"Median",3,"Both sexes",188,0,-1,"Total",0,"Not applicable",1,"Model-based Estimates",3,"Projection",7.376
55,"Crude birth rate","Crude birth rate (births per 1,000 population)","World Population Prospects",2024,"United Nations Population Division",233,"Estonia","EE","EST",81,"2030",4,"Median",3,"Both sexes",188,0,-1,"Total",0,"Not applicable",1,"Model-based Estimates",3,"Projection",7.354
55,"Crude birth rate","Crude birth rate (births per 1,000 population)","World Population Prospects",2024,"United Nations Population Division",233,"Estonia","EE","EST",82,"2031",4,"Median",3,"Both sexes",188,0,-1,"Total",0,"Not applicable",1,"Model-based Estimates",3,"Projection",7.353
55,"Crude birth rate","Crude birth rate (births per 1,000 population)","World Population Prospects",2024,"United Nations Population Division",233,"Estonia","EE","EST",83,"2032",4,"Median",3,"Both sexes",188,0,-1,"Total",0,"Not applicable",1,"Model-based Estimates",3,"Projection",7.375
55,"Crude birth rate","Crude birth rate (births per 1,000 population)","World Population Prospects",2024,"United Nations Population Division",233,"Estonia","EE","EST",84,"2033",4,"Median",3,"Both sexes",188,0,-1,"Total",0,"Not applicable",1,"Model-based Estimates",3,"Projection",7.453
55,"Crude birth rate","Crude birth rate (births per 1,000 population)","World Population Prospects",2024,"United Nations Population Division",233,"Estonia","EE","EST",85,"2034",4,"Median",3,"Both sexes",188,0,-1,"Total",0,"Not applicable",1,"Model-based Estimates",3,"Projection",7.544
55,"Crude birth rate","Crude birth rate (births per 1,000 population)","World Population Prospects",2024,"United Nations Population Division",233,"Estonia","EE","EST",86,"2035",4,"Median",3,"Both sexes",188,0,-1,"Total",0,"Not applicable",1,"Model-based Estimates",3,"Projection",7.666
55,"Crude birth rate","Crude birth rate (births per 1,000 population)","World Population Prospects",2024,"United Nations Population Division",233,"Estonia","EE","EST",87,"2036",4,"Median",3,"Both sexes",188,0,-1,"Total",0,"Not applicable",1,"Model-based Estimates",3,"Projection",7.814
55,"Crude birth rate","Crude birth rate (births per 1,000 population)","World Population Prospects",2024,"United Nations Population Division",233,"Estonia","EE","EST",88,"2037",4,"Median",3,"Both sexes",188,0,-1,"Total",0,"Not applicable",1,"Model-based Estimates",3,"Projection",7.975
55,"Crude birth rate","Crude birth rate (births per 1,000 population)","World Population Prospects",2024,"United Nations Population Division",233,"Estonia","EE","EST",89,"2038",4,"Median",3,"Both sexes",188,0,-1,"Total",0,"Not applicable",1,"Model-based Estimates",3,"Projection",8.111
55,"Crude birth rate","Crude birth rate (births per 1,000 population)","World Population Prospects",2024,"United Nations Population Division",233,"Estonia","EE","EST",90,"2039",4,"Median",3,"Both sexes",188,0,-1,"Total",0,"Not applicable",1,"Model-based Estimates",3,"Projection",8.243
55,"Crude birth rate","Crude birth rate (births per 1,000 population)","World Population Prospects",2024,"United Nations Population Division",233,"Estonia","EE","EST",91,"2040",4,"Median",3,"Both sexes",188,0,-1,"Total",0,"Not applicable",1,"Model-based Estimates",3,"Projection",8.369
55,"Crude birth rate","Crude birth rate (births per 1,000 population)","World Population Prospects",2024,"United Nations Population Division",233,"Estonia","EE","EST",92,"2041",4,"Median",3,"Both sexes",188,0,-1,"Total",0,"Not applicable",1,"Model-based Estimates",3,"Projection",8.476
55,"Crude birth rate","Crude birth rate (births per 1,000 population)","World Population Prospects",2024,"United Nations Population Division",233,"Estonia","EE","EST",93,"2042",4,"Median",3,"Both sexes",188,0,-1,"Total",0,"Not applicable",1,"Model-based Estimates",3,"Projection",8.56
55,"Crude birth rate","Crude birth rate (births per 1,000 population)","World Population Prospects",2024,"United Nations Population Division",233,"Estonia","EE","EST",94,"2043",4,"Median",3,"Both sexes",188,0,-1,"Total",0,"Not applicable",1,"Model-based Estimates",3,"Projection",8.62
55,"Crude birth rate","Crude birth rate (births per 1,000 population)","World Population Prospects",2024,"United Nations Population Division",233,"Estonia","EE","EST",95,"2044",4,"Median",3,"Both sexes",188,0,-1,"Total",0,"Not applicable",1,"Model-based Estimates",3,"Projection",8.671
55,"Crude birth rate","Crude birth rate (births per 1,000 population)","World Population Prospects",2024,"United Nations Population Division",233,"Estonia","EE","EST",96,"2045",4,"Median",3,"Both sexes",188,0,-1,"Total",0,"Not applicable",1,"Model-based Estimates",3,"Projection",8.683
55,"Crude birth rate","Crude birth rate (births per 1,000 population)","World Population Prospects",2024,"United Nations Population Division",233,"Estonia","EE","EST",97,"2046",4,"Median",3,"Both sexes",188,0,-1,"Total",0,"Not applicable",1,"Model-based Estimates",3,"Projection",8.671
55,"Crude birth rate","Crude birth rate (births per 1,000 population)","World Population Prospects",2024,"United Nations Population Division",233,"Estonia","EE","EST",98,"2047",4,"Median",3,"Both sexes",188,0,-1,"Total",0,"Not applicable",1,"Model-based Estimates",3,"Projection",8.612
55,"Crude birth rate","Crude birth rate (births per 1,000 population)","World Population Prospects",2024,"United Nations Population Division",233,"Estonia","EE","EST",99,"2048",4,"Median",3,"Both sexes",188,0,-1,"Total",0,"Not applicable",1,"Model-based Estimates",3,"Projection",8.531
55,"Crude birth rate","Crude birth rate (births per 1,000 population)","World Population Prospects",2024,"United Nations Population Division",233,"Estonia","EE","EST",100,"2049",4,"Median",3,"Both sexes",188,0,-1,"Total",0,"Not applicable",1,"Model-based Estimates",3,"Projection",8.441
55,"Crude birth rate","Crude birth rate (births per 1,000 population)","World Population Prospects",2024,"United Nations Population Division",233,"Estonia","EE","EST",101,"2050",4,"Median",3,"Both sexes",188,0,-1,"Total",0,"Not applicable",1,"Model-based Estimates",3,"Projection",8.324
55,"Crude birth rate","Crude birth rate (births per 1,000 population)","World Population Prospects",2024,"United Nations Population Division",233,"Estonia","EE","EST",102,"2051",4,"Median",3,"Both sexes",188,0,-1,"Total",0,"Not applicable",1,"Model-based Estimates",3,"Projection",8.182
55,"Crude birth rate","Crude birth rate (births per 1,000 population)","World Population Prospects",2024,"United Nations Population Division",233,"Estonia","EE","EST",103,"2052",4,"Median",3,"Both sexes",188,0,-1,"Total",0,"Not applicable",1,"Model-based Estimates",3,"Projection",8.036
55,"Crude birth rate","Crude birth rate (births per 1,000 population)","World Population Prospects",2024,"United Nations Population Division",233,"Estonia","EE","EST",104,"2053",4,"Median",3,"Both sexes",188,0,-1,"Total",0,"Not applicable",1,"Model-based Estimates",3,"Projection",7.886
55,"Crude birth rate","Crude birth rate (births per 1,000 population)","World Population Prospects",2024,"United Nations Population Division",233,"Estonia","EE","EST",105,"2054",4,"Median",3,"Both sexes",188,0,-1,"Total",0,"Not applicable",1,"Model-based Estimates",3,"Projection",7.735
55,"Crude birth rate","Crude birth rate (births per 1,000 population)","World Population Prospects",2024,"United Nations Population Division",233,"Estonia","EE","EST",106,"2055",4,"Median",3,"Both sexes",188,0,-1,"Total",0,"Not applicable",1,"Model-based Estimates",3,"Projection",7.594
55,"Crude birth rate","Crude birth rate (births per 1,000 population)","World Population Prospects",2024,"United Nations Population Division",233,"Estonia","EE","EST",107,"2056",4,"Median",3,"Both sexes",188,0,-1,"Total",0,"Not applicable",1,"Model-based Estimates",3,"Projection",7.462
55,"Crude birth rate","Crude birth rate (births per 1,000 population)","World Population Prospects",2024,"United Nations Population Division",233,"Estonia","EE","EST",108,"2057",4,"Median",3,"Both sexes",188,0,-1,"Total",0,"Not applicable",1,"Model-based Estimates",3,"Projection",7.341
55,"Crude birth rate","Crude birth rate (births per 1,000 population)","World Population Prospects",2024,"United Nations Population Division",233,"Estonia","EE","EST",109,"2058",4,"Median",3,"Both sexes",188,0,-1,"Total",0,"Not applicable",1,"Model-based Estimates",3,"Projection",7.24
55,"Crude birth rate","Crude birth rate (births per 1,000 population)","World Population Prospects",2024,"United Nations Population Division",233,"Estonia","EE","EST",110,"2059",4,"Median",3,"Both sexes",188,0,-1,"Total",0,"Not applicable",1,"Model-based Estimates",3,"Projection",7.16
55,"Crude birth rate","Crude birth rate (births per 1,000 population)","World Population Prospects",2024,"United Nations Population Division",233,"Estonia","EE","EST",111,"2060",4,"Median",3,"Both sexes",188,0,-1,"Total",0,"Not applicable",1,"Model-based Estimates",3,"Projection",7.104
55,"Crude birth rate","Crude birth rate (births per 1,000 population)","World Population Prospects",2024,"United Nations Population Division",233,"Estonia","EE","EST",112,"2061",4,"Median",3,"Both sexes",188,0,-1,"Total",0,"Not applicable",1,"Model-based Estimates",3,"Projection",7.066
55,"Crude birth rate","Crude birth rate (births per 1,000 population)","World Population Prospects",2024,"United Nations Population Division",233,"Estonia","EE","EST",113,"2062",4,"Median",3,"Both sexes",188,0,-1,"Total",0,"Not applicable",1,"Model-based Estimates",3,"Projection",7.066
55,"Crude birth rate","Crude birth rate (births per 1,000 population)","World Population Prospects",2024,"United Nations Population Division",233,"Estonia","EE","EST",114,"2063",4,"Median",3,"Both sexes",188,0,-1,"Total",0,"Not applicable",1,"Model-based Estimates",3,"Projection",7.083
55,"Crude birth rate","Crude birth rate (births per 1,000 population)","World Population Prospects",2024,"United Nations Population Division",233,"Estonia","EE","EST",115,"2064",4,"Median",3,"Both sexes",188,0,-1,"Total",0,"Not applicable",1,"Model-based Estimates",3,"Projection",7.121
55,"Crude birth rate","Crude birth rate (births per 1,000 population)","World Population Prospects",2024,"United Nations Population Division",233,"Estonia","EE","EST",116,"2065",4,"Median",3,"Both sexes",188,0,-1,"Total",0,"Not applicable",1,"Model-based Estimates",3,"Projection",7.172
55,"Crude birth rate","Crude birth rate (births per 1,000 population)","World Population Prospects",2024,"United Nations Population Division",233,"Estonia","EE","EST",117,"2066",4,"Median",3,"Both sexes",188,0,-1,"Total",0,"Not applicable",1,"Model-based Estimates",3,"Projection",7.249
55,"Crude birth rate","Crude birth rate (births per 1,000 population)","World Population Prospects",2024,"United Nations Population Division",233,"Estonia","EE","EST",118,"2067",4,"Median",3,"Both sexes",188,0,-1,"Total",0,"Not applicable",1,"Model-based Estimates",3,"Projection",7.32
55,"Crude birth rate","Crude birth rate (births per 1,000 population)","World Population Prospects",2024,"United Nations Population Division",233,"Estonia","EE","EST",119,"2068",4,"Median",3,"Both sexes",188,0,-1,"Total",0,"Not applicable",1,"Model-based Estimates",3,"Projection",7.405
55,"Crude birth rate","Crude birth rate (births per 1,000 population)","World Population Prospects",2024,"United Nations Population Division",233,"Estonia","EE","EST",120,"2069",4,"Median",3,"Both sexes",188,0,-1,"Total",0,"Not applicable",1,"Model-based Estimates",3,"Projection",7.487
55,"Crude birth rate","Crude birth rate (births per 1,000 population)","World Population Prospects",2024,"United Nations Population Division",233,"Estonia","EE","EST",121,"2070",4,"Median",3,"Both sexes",188,0,-1,"Total",0,"Not applicable",1,"Model-based Estimates",3,"Projection",7.581
55,"Crude birth rate","Crude birth rate (births per 1,000 population)","World Population Prospects",2024,"United Nations Population Division",233,"Estonia","EE","EST",122,"2071",4,"Median",3,"Both sexes",188,0,-1,"Total",0,"Not applicable",1,"Model-based Estimates",3,"Projection",7.667
55,"Crude birth rate","Crude birth rate (births per 1,000 population)","World Population Prospects",2024,"United Nations Population Division",233,"Estonia","EE","EST",123,"2072",4,"Median",3,"Both sexes",188,0,-1,"Total",0,"Not applicable",1,"Model-based Estimates",3,"Projection",7.746
55,"Crude birth rate","Crude birth rate (births per 1,000 population)","World Population Prospects",2024,"United Nations Population Division",233,"Estonia","EE","EST",124,"2073",4,"Median",3,"Both sexes",188,0,-1,"Total",0,"Not applicable",1,"Model-based Estimates",3,"Projection",7.825
55,"Crude birth rate","Crude birth rate (births per 1,000 population)","World Population Prospects",2024,"United Nations Population Division",233,"Estonia","EE","EST",125,"2074",4,"Median",3,"Both sexes",188,0,-1,"Total",0,"Not applicable",1,"Model-based Estimates",3,"Projection",7.899
55,"Crude birth rate","Crude birth rate (births per 1,000 population)","World Population Prospects",2024,"United Nations Population Division",233,"Estonia","EE","EST",126,"2075",4,"Median",3,"Both sexes",188,0,-1,"Total",0,"Not applicable",1,"Model-based Estimates",3,"Projection",7.952
55,"Crude birth rate","Crude birth rate (births per 1,000 population)","World Population Prospects",2024,"United Nations Population Division",233,"Estonia","EE","EST",127,"2076",4,"Median",3,"Both sexes",188,0,-1,"Total",0,"Not applicable",1,"Model-based Estimates",3,"Projection",7.996
55,"Crude birth rate","Crude birth rate (births per 1,000 population)","World Population Prospects",2024,"United Nations Population Division",233,"Estonia","EE","EST",128,"2077",4,"Median",3,"Both sexes",188,0,-1,"Total",0,"Not applicable",1,"Model-based Estimates",3,"Projection",8.02
55,"Crude birth rate","Crude birth rate (births per 1,000 population)","World Population Prospects",2024,"United Nations Population Division",233,"Estonia","EE","EST",129,"2078",4,"Median",3,"Both sexes",188,0,-1,"Total",0,"Not applicable",1,"Model-based Estimates",3,"Projection",8.021
55,"Crude birth rate","Crude birth rate (births per 1,000 population)","World Population Prospects",2024,"United Nations Population Division",233,"Estonia","EE","EST",130,"2079",4,"Median",3,"Both sexes",188,0,-1,"Total",0,"Not applicable",1,"Model-based Estimates",3,"Projection",8.005
55,"Crude birth rate","Crude birth rate (births per 1,000 population)","World Population Prospects",2024,"United Nations Population Division",233,"Estonia","EE","EST",131,"2080",4,"Median",3,"Both sexes",188,0,-1,"Total",0,"Not applicable",1,"Model-based Estimates",3,"Projection",7.984
55,"Crude birth rate","Crude birth rate (births per 1,000 population)","World Population Prospects",2024,"United Nations Population Division",233,"Estonia","EE","EST",132,"2081",4,"Median",3,"Both sexes",188,0,-1,"Total",0,"Not applicable",1,"Model-based Estimates",3,"Projection",7.948
55,"Crude birth rate","Crude birth rate (births per 1,000 population)","World Population Prospects",2024,"United Nations Population Division",233,"Estonia","EE","EST",133,"2082",4,"Median",3,"Both sexes",188,0,-1,"Total",0,"Not applicable",1,"Model-based Estimates",3,"Projection",7.907
55,"Crude birth rate","Crude birth rate (births per 1,000 population)","World Population Prospects",2024,"United Nations Population Division",233,"Estonia","EE","EST",134,"2083",4,"Median",3,"Both sexes",188,0,-1,"Total",0,"Not applicable",1,"Model-based Estimates",3,"Projection",7.85
55,"Crude birth rate","Crude birth rate (births per 1,000 population)","World Population Prospects",2024,"United Nations Population Division",233,"Estonia","EE","EST",135,"2084",4,"Median",3,"Both sexes",188,0,-1,"Total",0,"Not applicable",1,"Model-based Estimates",3,"Projection",7.78
55,"Crude birth rate","Crude birth rate (births per 1,000 population)","World Population Prospects",2024,"United Nations Population Division",233,"Estonia","EE","EST",136,"2085",4,"Median",3,"Both sexes",188,0,-1,"Total",0,"Not applicable",1,"Model-based Estimates",3,"Projection",7.708
55,"Crude birth rate","Crude birth rate (births per 1,000 population)","World Population Prospects",2024,"United Nations Population Division",233,"Estonia","EE","EST",137,"2086",4,"Median",3,"Both sexes",188,0,-1,"Total",0,"Not applicable",1,"Model-based Estimates",3,"Projection",7.634
55,"Crude birth rate","Crude birth rate (births per 1,000 population)","World Population Prospects",2024,"United Nations Population Division",233,"Estonia","EE","EST",138,"2087",4,"Median",3,"Both sexes",188,0,-1,"Total",0,"Not applicable",1,"Model-based Estimates",3,"Projection",7.564
55,"Crude birth rate","Crude birth rate (births per 1,000 population)","World Population Prospects",2024,"United Nations Population Division",233,"Estonia","EE","EST",139,"2088",4,"Median",3,"Both sexes",188,0,-1,"Total",0,"Not applicable",1,"Model-based Estimates",3,"Projection",7.492
55,"Crude birth rate","Crude birth rate (births per 1,000 population)","World Population Prospects",2024,"United Nations Population Division",233,"Estonia","EE","EST",140,"2089",4,"Median",3,"Both sexes",188,0,-1,"Total",0,"Not applicable",1,"Model-based Estimates",3,"Projection",7.432
55,"Crude birth rate","Crude birth rate (births per 1,000 population)","World Population Prospects",2024,"United Nations Population Division",233,"Estonia","EE","EST",141,"2090",4,"Median",3,"Both sexes",188,0,-1,"Total",0,"Not applicable",1,"Model-based Estimates",3,"Projection",7.368
55,"Crude birth rate","Crude birth rate (births per 1,000 population)","World Population Prospects",2024,"United Nations Population Division",233,"Estonia","EE","EST",142,"2091",4,"Median",3,"Both sexes",188,0,-1,"Total",0,"Not applicable",1,"Model-based Estimates",3,"Projection",7.322
55,"Crude birth rate","Crude birth rate (births per 1,000 population)","World Population Prospects",2024,"United Nations Population Division",233,"Estonia","EE","EST",143,"2092",4,"Median",3,"Both sexes",188,0,-1,"Total",0,"Not applicable",1,"Model-based Estimates",3,"Projection",7.285
55,"Crude birth rate","Crude birth rate (births per 1,000 population)","World Population Prospects",2024,"United Nations Population Division",233,"Estonia","EE","EST",144,"2093",4,"Median",3,"Both sexes",188,0,-1,"Total",0,"Not applicable",1,"Model-based Estimates",3,"Projection",7.262
55,"Crude birth rate","Crude birth rate (births per 1,000 population)","World Population Prospects",2024,"United Nations Population Division",233,"Estonia","EE","EST",145,"2094",4,"Median",3,"Both sexes",188,0,-1,"Total",0,"Not applicable",1,"Model-based Estimates",3,"Projection",7.244
55,"Crude birth rate","Crude birth rate (births per 1,000 population)","World Population Prospects",2024,"United Nations Population Division",233,"Estonia","EE","EST",146,"2095",4,"Median",3,"Both sexes",188,0,-1,"Total",0,"Not applicable",1,"Model-based Estimates",3,"Projection",7.246
55,"Crude birth rate","Crude birth rate (births per 1,000 population)","World Population Prospects",2024,"United Nations Population Division",233,"Estonia","EE","EST",147,"2096",4,"Median",3,"Both sexes",188,0,-1,"Total",0,"Not applicable",1,"Model-based Estimates",3,"Projection",7.249
55,"Crude birth rate","Crude birth rate (births per 1,000 population)","World Population Prospects",2024,"United Nations Population Division",233,"Estonia","EE","EST",148,"2097",4,"Median",3,"Both sexes",188,0,-1,"Total",0,"Not applicable",1,"Model-based Estimates",3,"Projection",7.27
55,"Crude birth rate","Crude birth rate (births per 1,000 population)","World Population Prospects",2024,"United Nations Population Division",233,"Estonia","EE","EST",149,"2098",4,"Median",3,"Both sexes",188,0,-1,"Total",0,"Not applicable",1,"Model-based Estimates",3,"Projection",7.301
55,"Crude birth rate","Crude birth rate (births per 1,000 population)","World Population Prospects",2024,"United Nations Population Division",233,"Estonia","EE","EST",150,"2099",4,"Median",3,"Both sexes",188,0,-1,"Total",0,"Not applicable",1,"Model-based Estimates",3,"Projection",7.338
55,"Crude birth rate","Crude birth rate (births per 1,000 population)","World Population Prospects",2024,"United Nations Population Division",233,"Estonia","EE","EST",151,"2100",4,"Median",3,"Both sexes",188,0,-1,"Total",0,"Not applicable",1,"Model-based Estimates",3,"Projection",7.383
55,"Crude birth rate","Crude birth rate (births per 1,000 population)","World Population Prospects",2024,"United Nations Population Division",246,"Finland","FI","FIN",41,"1990",4,"Median",3,"Both sexes",188,0,-1,"Total",0,"Not applicable",1,"Model-based Estimates",2,"Interpolation",13.077
55,"Crude birth rate","Crude birth rate (births per 1,000 population)","World Population Prospects",2024,"United Nations Population Division",246,"Finland","FI","FIN",42,"1991",4,"Median",3,"Both sexes",188,0,-1,"Total",0,"Not applicable",1,"Model-based Estimates",2,"Interpolation",13.015
55,"Crude birth rate","Crude birth rate (births per 1,000 population)","World Population Prospects",2024,"United Nations Population Division",246,"Finland","FI","FIN",43,"1992",4,"Median",3,"Both sexes",188,0,-1,"Total",0,"Not applicable",1,"Model-based Estimates",2,"Interpolation",13.167
55,"Crude birth rate","Crude birth rate (births per 1,000 population)","World Population Prospects",2024,"United Nations Population Division",246,"Finland","FI","FIN",44,"1993",4,"Median",3,"Both sexes",188,0,-1,"Total",0,"Not applicable",1,"Model-based Estimates",2,"Interpolation",12.788
55,"Crude birth rate","Crude birth rate (births per 1,000 population)","World Population Prospects",2024,"United Nations Population Division",246,"Finland","FI","FIN",45,"1994",4,"Median",3,"Both sexes",188,0,-1,"Total",0,"Not applicable",1,"Model-based Estimates",2,"Interpolation",12.763
55,"Crude birth rate","Crude birth rate (births per 1,000 population)","World Population Prospects",2024,"United Nations Population Division",246,"Finland","FI","FIN",46,"1995",4,"Median",3,"Both sexes",188,0,-1,"Total",0,"Not applicable",1,"Model-based Estimates",2,"Interpolation",12.323
55,"Crude birth rate","Crude birth rate (births per 1,000 population)","World Population Prospects",2024,"United Nations Population Division",246,"Finland","FI","FIN",47,"1996",4,"Median",3,"Both sexes",188,0,-1,"Total",0,"Not applicable",1,"Model-based Estimates",2,"Interpolation",11.873
55,"Crude birth rate","Crude birth rate (births per 1,000 population)","World Population Prospects",2024,"United Nations Population Division",246,"Finland","FI","FIN",48,"1997",4,"Median",3,"Both sexes",188,0,-1,"Total",0,"Not applicable",1,"Model-based Estimates",2,"Interpolation",11.505
55,"Crude birth rate","Crude birth rate (births per 1,000 population)","World Population Prospects",2024,"United Nations Population Division",246,"Finland","FI","FIN",49,"1998",4,"Median",3,"Both sexes",188,0,-1,"Total",0,"Not applicable",1,"Model-based Estimates",2,"Interpolation",11.083
55,"Crude birth rate","Crude birth rate (births per 1,000 population)","World Population Prospects",2024,"United Nations Population Division",246,"Finland","FI","FIN",50,"1999",4,"Median",3,"Both sexes",188,0,-1,"Total",0,"Not applicable",1,"Model-based Estimates",2,"Interpolation",11.109
55,"Crude birth rate","Crude birth rate (births per 1,000 population)","World Population Prospects",2024,"United Nations Population Division",246,"Finland","FI","FIN",51,"2000",4,"Median",3,"Both sexes",188,0,-1,"Total",0,"Not applicable",1,"Model-based Estimates",2,"Interpolation",10.939
55,"Crude birth rate","Crude birth rate (births per 1,000 population)","World Population Prospects",2024,"United Nations Population Division",246,"Finland","FI","FIN",52,"2001",4,"Median",3,"Both sexes",188,0,-1,"Total",0,"Not applicable",1,"Model-based Estimates",2,"Interpolation",10.797
55,"Crude birth rate","Crude birth rate (births per 1,000 population)","World Population Prospects",2024,"United Nations Population Division",246,"Finland","FI","FIN",53,"2002",4,"Median",3,"Both sexes",188,0,-1,"Total",0,"Not applicable",1,"Model-based Estimates",2,"Interpolation",10.673
55,"Crude birth rate","Crude birth rate (births per 1,000 population)","World Population Prospects",2024,"United Nations Population Division",246,"Finland","FI","FIN",54,"2003",4,"Median",3,"Both sexes",188,0,-1,"Total",0,"Not applicable",1,"Model-based Estimates",2,"Interpolation",10.832
55,"Crude birth rate","Crude birth rate (births per 1,000 population)","World Population Prospects",2024,"United Nations Population Division",246,"Finland","FI","FIN",55,"2004",4,"Median",3,"Both sexes",188,0,-1,"Total",0,"Not applicable",1,"Model-based Estimates",2,"Interpolation",11
55,"Crude birth rate","Crude birth rate (births per 1,000 population)","World Population Prospects",2024,"United Nations Population Division",246,"Finland","FI","FIN",56,"2005",4,"Median",3,"Both sexes",188,0,-1,"Total",0,"Not applicable",1,"Model-based Estimates",2,"Interpolation",10.975
55,"Crude birth rate","Crude birth rate (births per 1,000 population)","World Population Prospects",2024,"United Nations Population Division",246,"Finland","FI","FIN",57,"2006",4,"Median",3,"Both sexes",188,0,-1,"Total",0,"Not applicable",1,"Model-based Estimates",2,"Interpolation",11.124
55,"Crude birth rate","Crude birth rate (births per 1,000 population)","World Population Prospects",2024,"United Nations Population Division",246,"Finland","FI","FIN",58,"2007",4,"Median",3,"Both sexes",188,0,-1,"Total",0,"Not applicable",1,"Model-based Estimates",2,"Interpolation",11.07
55,"Crude birth rate","Crude birth rate (births per 1,000 population)","World Population Prospects",2024,"United Nations Population Division",246,"Finland","FI","FIN",59,"2008",4,"Median",3,"Both sexes",188,0,-1,"Total",0,"Not applicable",1,"Model-based Estimates",2,"Interpolation",11.156
55,"Crude birth rate","Crude birth rate (births per 1,000 population)","World Population Prospects",2024,"United Nations Population Division",246,"Finland","FI","FIN",60,"2009",4,"Median",3,"Both sexes",188,0,-1,"Total",0,"Not applicable",1,"Model-based Estimates",2,"Interpolation",11.267
55,"Crude birth rate","Crude birth rate (births per 1,000 population)","World Population Prospects",2024,"United Nations Population Division",246,"Finland","FI","FIN",61,"2010",4,"Median",3,"Both sexes",188,0,-1,"Total",0,"Not applicable",1,"Model-based Estimates",2,"Interpolation",11.3
55,"Crude birth rate","Crude birth rate (births per 1,000 population)","World Population Prospects",2024,"United Nations Population Division",246,"Finland","FI","FIN",62,"2011",4,"Median",3,"Both sexes",188,0,-1,"Total",0,"Not applicable",1,"Model-based Estimates",2,"Interpolation",11.086
55,"Crude birth rate","Crude birth rate (births per 1,000 population)","World Population Prospects",2024,"United Nations Population Division",246,"Finland","FI","FIN",63,"2012",4,"Median",3,"Both sexes",188,0,-1,"Total",0,"Not applicable",1,"Model-based Estimates",2,"Interpolation",10.931
55,"Crude birth rate","Crude birth rate (births per 1,000 population)","World Population Prospects",2024,"United Nations Population Division",246,"Finland","FI","FIN",64,"2013",4,"Median",3,"Both sexes",188,0,-1,"Total",0,"Not applicable",1,"Model-based Estimates",2,"Interpolation",10.645
55,"Crude birth rate","Crude birth rate (births per 1,000 population)","World Population Prospects",2024,"United Nations Population Division",246,"Finland","FI","FIN",65,"2014",4,"Median",3,"Both sexes",188,0,-1,"Total",0,"Not applicable",1,"Model-based Estimates",2,"Interpolation",10.425
55,"Crude birth rate","Crude birth rate (births per 1,000 population)","World Population Prospects",2024,"United Nations Population Division",246,"Finland","FI","FIN",66,"2015",4,"Median",3,"Both sexes",188,0,-1,"Total",0,"Not applicable",1,"Model-based Estimates",2,"Interpolation",10.074
55,"Crude birth rate","Crude birth rate (births per 1,000 population)","World Population Prospects",2024,"United Nations Population Division",246,"Finland","FI","FIN",67,"2016",4,"Median",3,"Both sexes",188,0,-1,"Total",0,"Not applicable",1,"Model-based Estimates",2,"Interpolation",9.574
55,"Crude birth rate","Crude birth rate (births per 1,000 population)","World Population Prospects",2024,"United Nations Population Division",246,"Finland","FI","FIN",68,"2017",4,"Median",3,"Both sexes",188,0,-1,"Total",0,"Not applicable",1,"Model-based Estimates",2,"Interpolation",9.102
55,"Crude birth rate","Crude birth rate (births per 1,000 population)","World Population Prospects",2024,"United Nations Population Division",246,"Finland","FI","FIN",69,"2018",4,"Median",3,"Both sexes",188,0,-1,"Total",0,"Not applicable",1,"Model-based Estimates",2,"Interpolation",8.61
55,"Crude birth rate","Crude birth rate (births per 1,000 population)","World Population Prospects",2024,"United Nations Population Division",246,"Finland","FI","FIN",70,"2019",4,"Median",3,"Both sexes",188,0,-1,"Total",0,"Not applicable",1,"Model-based Estimates",2,"Interpolation",8.258
55,"Crude birth rate","Crude birth rate (births per 1,000 population)","World Population Prospects",2024,"United Nations Population Division",246,"Finland","FI","FIN",71,"2020",4,"Median",3,"Both sexes",188,0,-1,"Total",0,"Not applicable",1,"Model-based Estimates",2,"Interpolation",8.398
55,"Crude birth rate","Crude birth rate (births per 1,000 population)","World Population Prospects",2024,"United Nations Population Division",246,"Finland","FI","FIN",72,"2021",4,"Median",3,"Both sexes",188,0,-1,"Total",0,"Not applicable",1,"Model-based Estimates",2,"Interpolation",8.931
55,"Crude birth rate","Crude birth rate (births per 1,000 population)","World Population Prospects",2024,"United Nations Population Division",246,"Finland","FI","FIN",73,"2022",4,"Median",3,"Both sexes",188,0,-1,"Total",0,"Not applicable",1,"Model-based Estimates",2,"Interpolation",8.027
55,"Crude birth rate","Crude birth rate (births per 1,000 population)","World Population Prospects",2024,"United Nations Population Division",246,"Finland","FI","FIN",74,"2023",4,"Median",3,"Both sexes",188,0,-1,"Total",0,"Not applicable",1,"Model-based Estimates",2,"Interpolation",7.776
55,"Crude birth rate","Crude birth rate (births per 1,000 population)","World Population Prospects",2024,"United Nations Population Division",246,"Finland","FI","FIN",75,"2024",4,"Median",3,"Both sexes",188,0,-1,"Total",0,"Not applicable",1,"Model-based Estimates",3,"Projection",7.802
55,"Crude birth rate","Crude birth rate (births per 1,000 population)","World Population Prospects",2024,"United Nations Population Division",246,"Finland","FI","FIN",76,"2025",4,"Median",3,"Both sexes",188,0,-1,"Total",0,"Not applicable",1,"Model-based Estimates",3,"Projection",7.811
55,"Crude birth rate","Crude birth rate (births per 1,000 population)","World Population Prospects",2024,"United Nations Population Division",246,"Finland","FI","FIN",77,"2026",4,"Median",3,"Both sexes",188,0,-1,"Total",0,"Not applicable",1,"Model-based Estimates",3,"Projection",7.802
55,"Crude birth rate","Crude birth rate (births per 1,000 population)","World Population Prospects",2024,"United Nations Population Division",246,"Finland","FI","FIN",78,"2027",4,"Median",3,"Both sexes",188,0,-1,"Total",0,"Not applicable",1,"Model-based Estimates",3,"Projection",7.777
55,"Crude birth rate","Crude birth rate (births per 1,000 population)","World Population Prospects",2024,"United Nations Population Division",246,"Finland","FI","FIN",79,"2028",4,"Median",3,"Both sexes",188,0,-1,"Total",0,"Not applicable",1,"Model-based Estimates",3,"Projection",7.759
55,"Crude birth rate","Crude birth rate (births per 1,000 population)","World Population Prospects",2024,"United Nations Population Division",246,"Finland","FI","FIN",80,"2029",4,"Median",3,"Both sexes",188,0,-1,"Total",0,"Not applicable",1,"Model-based Estimates",3,"Projection",7.754
55,"Crude birth rate","Crude birth rate (births per 1,000 population)","World Population Prospects",2024,"United Nations Population Division",246,"Finland","FI","FIN",81,"2030",4,"Median",3,"Both sexes",188,0,-1,"Total",0,"Not applicable",1,"Model-based Estimates",3,"Projection",7.747
55,"Crude birth rate","Crude birth rate (births per 1,000 population)","World Population Prospects",2024,"United Nations Population Division",246,"Finland","FI","FIN",82,"2031",4,"Median",3,"Both sexes",188,0,-1,"Total",0,"Not applicable",1,"Model-based Estimates",3,"Projection",7.772
55,"Crude birth rate","Crude birth rate (births per 1,000 population)","World Population Prospects",2024,"United Nations Population Division",246,"Finland","FI","FIN",83,"2032",4,"Median",3,"Both sexes",188,0,-1,"Total",0,"Not applicable",1,"Model-based Estimates",3,"Projection",7.813
55,"Crude birth rate","Crude birth rate (births per 1,000 population)","World Population Prospects",2024,"United Nations Population Division",246,"Finland","FI","FIN",84,"2033",4,"Median",3,"Both sexes",188,0,-1,"Total",0,"Not applicable",1,"Model-based Estimates",3,"Projection",7.865
55,"Crude birth rate","Crude birth rate (births per 1,000 population)","World Population Prospects",2024,"United Nations Population Division",246,"Finland","FI","FIN",85,"2034",4,"Median",3,"Both sexes",188,0,-1,"Total",0,"Not applicable",1,"Model-based Estimates",3,"Projection",7.944
55,"Crude birth rate","Crude birth rate (births per 1,000 population)","World Population Prospects",2024,"United Nations Population Division",246,"Finland","FI","FIN",86,"2035",4,"Median",3,"Both sexes",188,0,-1,"Total",0,"Not applicable",1,"Model-based Estimates",3,"Projection",8.026
55,"Crude birth rate","Crude birth rate (births per 1,000 population)","World Population Prospects",2024,"United Nations Population Division",246,"Finland","FI","FIN",87,"2036",4,"Median",3,"Both sexes",188,0,-1,"Total",0,"Not applicable",1,"Model-based Estimates",3,"Projection",8.126
55,"Crude birth rate","Crude birth rate (births per 1,000 population)","World Population Prospects",2024,"United Nations Population Division",246,"Finland","FI","FIN",88,"2037",4,"Median",3,"Both sexes",188,0,-1,"Total",0,"Not applicable",1,"Model-based Estimates",3,"Projection",8.21
55,"Crude birth rate","Crude birth rate (births per 1,000 population)","World Population Prospects",2024,"United Nations Population Division",246,"Finland","FI","FIN",89,"2038",4,"Median",3,"Both sexes",188,0,-1,"Total",0,"Not applicable",1,"Model-based Estimates",3,"Projection",8.295
55,"Crude birth rate","Crude birth rate (births per 1,000 population)","World Population Prospects",2024,"United Nations Population Division",246,"Finland","FI","FIN",90,"2039",4,"Median",3,"Both sexes",188,0,-1,"Total",0,"Not applicable",1,"Model-based Estimates",3,"Projection",8.367
55,"Crude birth rate","Crude birth rate (births per 1,000 population)","World Population Prospects",2024,"United Nations Population Division",246,"Finland","FI","FIN",91,"2040",4,"Median",3,"Both sexes",188,0,-1,"Total",0,"Not applicable",1,"Model-based Estimates",3,"Projection",8.424
55,"Crude birth rate","Crude birth rate (births per 1,000 population)","World Population Prospects",2024,"United Nations Population Division",246,"Finland","FI","FIN",92,"2041",4,"Median",3,"Both sexes",188,0,-1,"Total",0,"Not applicable",1,"Model-based Estimates",3,"Projection",8.455
55,"Crude birth rate","Crude birth rate (births per 1,000 population)","World Population Prospects",2024,"United Nations Population Division",246,"Finland","FI","FIN",93,"2042",4,"Median",3,"Both sexes",188,0,-1,"Total",0,"Not applicable",1,"Model-based Estimates",3,"Projection",8.5
55,"Crude birth rate","Crude birth rate (births per 1,000 population)","World Population Prospects",2024,"United Nations Population Division",246,"Finland","FI","FIN",94,"2043",4,"Median",3,"Both sexes",188,0,-1,"Total",0,"Not applicable",1,"Model-based Estimates",3,"Projection",8.495
55,"Crude birth rate","Crude birth rate (births per 1,000 population)","World Population Prospects",2024,"United Nations Population Division",246,"Finland","FI","FIN",95,"2044",4,"Median",3,"Both sexes",188,0,-1,"Total",0,"Not applicable",1,"Model-based Estimates",3,"Projection",8.466
55,"Crude birth rate","Crude birth rate (births per 1,000 population)","World Population Prospects",2024,"United Nations Population Division",246,"Finland","FI","FIN",96,"2045",4,"Median",3,"Both sexes",188,0,-1,"Total",0,"Not applicable",1,"Model-based Estimates",3,"Projection",8.404
55,"Crude birth rate","Crude birth rate (births per 1,000 population)","World Population Prospects",2024,"United Nations Population Division",246,"Finland","FI","FIN",97,"2046",4,"Median",3,"Both sexes",188,0,-1,"Total",0,"Not applicable",1,"Model-based Estimates",3,"Projection",8.342
55,"Crude birth rate","Crude birth rate (births per 1,000 population)","World Population Prospects",2024,"United Nations Population Division",246,"Finland","FI","FIN",98,"2047",4,"Median",3,"Both sexes",188,0,-1,"Total",0,"Not applicable",1,"Model-based Estimates",3,"Projection",8.266
55,"Crude birth rate","Crude birth rate (births per 1,000 population)","World Population Prospects",2024,"United Nations Population Division",246,"Finland","FI","FIN",99,"2048",4,"Median",3,"Both sexes",188,0,-1,"Total",0,"Not applicable",1,"Model-based Estimates",3,"Projection",8.19
55,"Crude birth rate","Crude birth rate (births per 1,000 population)","World Population Prospects",2024,"United Nations Population Division",246,"Finland","FI","FIN",100,"2049",4,"Median",3,"Both sexes",188,0,-1,"Total",0,"Not applicable",1,"Model-based Estimates",3,"Projection",8.077
55,"Crude birth rate","Crude birth rate (births per 1,000 population)","World Population Prospects",2024,"United Nations Population Division",246,"Finland","FI","FIN",101,"2050",4,"Median",3,"Both sexes",188,0,-1,"Total",0,"Not applicable",1,"Model-based Estimates",3,"Projection",7.972
55,"Crude birth rate","Crude birth rate (births per 1,000 population)","World Population Prospects",2024,"United Nations Population Division",246,"Finland","FI","FIN",102,"2051",4,"Median",3,"Both sexes",188,0,-1,"Total",0,"Not applicable",1,"Model-based Estimates",3,"Projection",7.867
55,"Crude birth rate","Crude birth rate (births per 1,000 population)","World Population Prospects",2024,"United Nations Population Division",246,"Finland","FI","FIN",103,"2052",4,"Median",3,"Both sexes",188,0,-1,"Total",0,"Not applicable",1,"Model-based Estimates",3,"Projection",7.774
55,"Crude birth rate","Crude birth rate (births per 1,000 population)","World Population Prospects",2024,"United Nations Population Division",246,"Finland","FI","FIN",104,"2053",4,"Median",3,"Both sexes",188,0,-1,"Total",0,"Not applicable",1,"Model-based Estimates",3,"Projection",7.685
55,"Crude birth rate","Crude birth rate (births per 1,000 population)","World Population Prospects",2024,"United Nations Population Division",246,"Finland","FI","FIN",105,"2054",4,"Median",3,"Both sexes",188,0,-1,"Total",0,"Not applicable",1,"Model-based Estimates",3,"Projection",7.604
55,"Crude birth rate","Crude birth rate (births per 1,000 population)","World Population Prospects",2024,"United Nations Population Division",246,"Finland","FI","FIN",106,"2055",4,"Median",3,"Both sexes",188,0,-1,"Total",0,"Not applicable",1,"Model-based Estimates",3,"Projection",7.543
55,"Crude birth rate","Crude birth rate (births per 1,000 population)","World Population Prospects",2024,"United Nations Population Division",246,"Finland","FI","FIN",107,"2056",4,"Median",3,"Both sexes",188,0,-1,"Total",0,"Not applicable",1,"Model-based Estimates",3,"Projection",7.486
55,"Crude birth rate","Crude birth rate (births per 1,000 population)","World Population Prospects",2024,"United Nations Population Division",246,"Finland","FI","FIN",108,"2057",4,"Median",3,"Both sexes",188,0,-1,"Total",0,"Not applicable",1,"Model-based Estimates",3,"Projection",7.436
55,"Crude birth rate","Crude birth rate (births per 1,000 population)","World Population Prospects",2024,"United Nations Population Division",246,"Finland","FI","FIN",109,"2058",4,"Median",3,"Both sexes",188,0,-1,"Total",0,"Not applicable",1,"Model-based Estimates",3,"Projection",7.415
55,"Crude birth rate","Crude birth rate (births per 1,000 population)","World Population Prospects",2024,"United Nations Population Division",246,"Finland","FI","FIN",110,"2059",4,"Median",3,"Both sexes",188,0,-1,"Total",0,"Not applicable",1,"Model-based Estimates",3,"Projection",7.404
55,"Crude birth rate","Crude birth rate (births per 1,000 population)","World Population Prospects",2024,"United Nations Population Division",246,"Finland","FI","FIN",111,"2060",4,"Median",3,"Both sexes",188,0,-1,"Total",0,"Not applicable",1,"Model-based Estimates",3,"Projection",7.398
55,"Crude birth rate","Crude birth rate (births per 1,000 population)","World Population Prospects",2024,"United Nations Population Division",246,"Finland","FI","FIN",112,"2061",4,"Median",3,"Both sexes",188,0,-1,"Total",0,"Not applicable",1,"Model-based Estimates",3,"Projection",7.416
55,"Crude birth rate","Crude birth rate (births per 1,000 population)","World Population Prospects",2024,"United Nations Population Division",246,"Finland","FI","FIN",113,"2062",4,"Median",3,"Both sexes",188,0,-1,"Total",0,"Not applicable",1,"Model-based Estimates",3,"Projection",7.451
55,"Crude birth rate","Crude birth rate (births per 1,000 population)","World Population Prospects",2024,"United Nations Population Division",246,"Finland","FI","FIN",114,"2063",4,"Median",3,"Both sexes",188,0,-1,"Total",0,"Not applicable",1,"Model-based Estimates",3,"Projection",7.473
55,"Crude birth rate","Crude birth rate (births per 1,000 population)","World Population Prospects",2024,"United Nations Population Division",246,"Finland","FI","FIN",115,"2064",4,"Median",3,"Both sexes",188,0,-1,"Total",0,"Not applicable",1,"Model-based Estimates",3,"Projection",7.514
55,"Crude birth rate","Crude birth rate (births per 1,000 population)","World Population Prospects",2024,"United Nations Population Division",246,"Finland","FI","FIN",116,"2065",4,"Median",3,"Both sexes",188,0,-1,"Total",0,"Not applicable",1,"Model-based Estimates",3,"Projection",7.554
55,"Crude birth rate","Crude birth rate (births per 1,000 population)","World Population Prospects",2024,"United Nations Population Division",246,"Finland","FI","FIN",117,"2066",4,"Median",3,"Both sexes",188,0,-1,"Total",0,"Not applicable",1,"Model-based Estimates",3,"Projection",7.587
55,"Crude birth rate","Crude birth rate (births per 1,000 population)","World Population Prospects",2024,"United Nations Population Division",246,"Finland","FI","FIN",118,"2067",4,"Median",3,"Both sexes",188,0,-1,"Total",0,"Not applicable",1,"Model-based Estimates",3,"Projection",7.631
55,"Crude birth rate","Crude birth rate (births per 1,000 population)","World Population Prospects",2024,"United Nations Population Division",246,"Finland","FI","FIN",119,"2068",4,"Median",3,"Both sexes",188,0,-1,"Total",0,"Not applicable",1,"Model-based Estimates",3,"Projection",7.666
55,"Crude birth rate","Crude birth rate (births per 1,000 population)","World Population Prospects",2024,"United Nations Population Division",246,"Finland","FI","FIN",120,"2069",4,"Median",3,"Both sexes",188,0,-1,"Total",0,"Not applicable",1,"Model-based Estimates",3,"Projection",7.721
55,"Crude birth rate","Crude birth rate (births per 1,000 population)","World Population Prospects",2024,"United Nations Population Division",246,"Finland","FI","FIN",121,"2070",4,"Median",3,"Both sexes",188,0,-1,"Total",0,"Not applicable",1,"Model-based Estimates",3,"Projection",7.759
55,"Crude birth rate","Crude birth rate (births per 1,000 population)","World Population Prospects",2024,"United Nations Population Division",246,"Finland","FI","FIN",122,"2071",4,"Median",3,"Both sexes",188,0,-1,"Total",0,"Not applicable",1,"Model-based Estimates",3,"Projection",7.799
55,"Crude birth rate","Crude birth rate (births per 1,000 population)","World Population Prospects",2024,"United Nations Population Division",246,"Finland","FI","FIN",123,"2072",4,"Median",3,"Both sexes",188,0,-1,"Total",0,"Not applicable",1,"Model-based Estimates",3,"Projection",7.822
55,"Crude birth rate","Crude birth rate (births per 1,000 population)","World Population Prospects",2024,"United Nations Population Division",246,"Finland","FI","FIN",124,"2073",4,"Median",3,"Both sexes",188,0,-1,"Total",0,"Not applicable",1,"Model-based Estimates",3,"Projection",7.857
55,"Crude birth rate","Crude birth rate (births per 1,000 population)","World Population Prospects",2024,"United Nations Population Division",246,"Finland","FI","FIN",125,"2074",4,"Median",3,"Both sexes",188,0,-1,"Total",0,"Not applicable",1,"Model-based Estimates",3,"Projection",7.879
55,"Crude birth rate","Crude birth rate (births per 1,000 population)","World Population Prospects",2024,"United Nations Population Division",246,"Finland","FI","FIN",126,"2075",4,"Median",3,"Both sexes",188,0,-1,"Total",0,"Not applicable",1,"Model-based Estimates",3,"Projection",7.89
55,"Crude birth rate","Crude birth rate (births per 1,000 population)","World Population Prospects",2024,"United Nations Population Division",246,"Finland","FI","FIN",127,"2076",4,"Median",3,"Both sexes",188,0,-1,"Total",0,"Not applicable",1,"Model-based Estimates",3,"Projection",7.874
55,"Crude birth rate","Crude birth rate (births per 1,000 population)","World Population Prospects",2024,"United Nations Population Division",246,"Finland","FI","FIN",128,"2077",4,"Median",3,"Both sexes",188,0,-1,"Total",0,"Not applicable",1,"Model-based Estimates",3,"Projection",7.861
55,"Crude birth rate","Crude birth rate (births per 1,000 population)","World Population Prospects",2024,"United Nations Population Division",246,"Finland","FI","FIN",129,"2078",4,"Median",3,"Both sexes",188,0,-1,"Total",0,"Not applicable",1,"Model-based Estimates",3,"Projection",7.838
55,"Crude birth rate","Crude birth rate (births per 1,000 population)","World Population Prospects",2024,"United Nations Population Division",246,"Finland","FI","FIN",130,"2079",4,"Median",3,"Both sexes",188,0,-1,"Total",0,"Not applicable",1,"Model-based Estimates",3,"Projection",7.817
55,"Crude birth rate","Crude birth rate (births per 1,000 population)","World Population Prospects",2024,"United Nations Population Division",246,"Finland","FI","FIN",131,"2080",4,"Median",3,"Both sexes",188,0,-1,"Total",0,"Not applicable",1,"Model-based Estimates",3,"Projection",7.783
55,"Crude birth rate","Crude birth rate (births per 1,000 population)","World Population Prospects",2024,"United Nations Population Division",246,"Finland","FI","FIN",132,"2081",4,"Median",3,"Both sexes",188,0,-1,"Total",0,"Not applicable",1,"Model-based Estimates",3,"Projection",7.751
55,"Crude birth rate","Crude birth rate (births per 1,000 population)","World Population Prospects",2024,"United Nations Population Division",246,"Finland","FI","FIN",133,"2082",4,"Median",3,"Both sexes",188,0,-1,"Total",0,"Not applicable",1,"Model-based Estimates",3,"Projection",7.725
55,"Crude birth rate","Crude birth rate (births per 1,000 population)","World Population Prospects",2024,"United Nations Population Division",246,"Finland","FI","FIN",134,"2083",4,"Median",3,"Both sexes",188,0,-1,"Total",0,"Not applicable",1,"Model-based Estimates",3,"Projection",7.696
55,"Crude birth rate","Crude birth rate (births per 1,000 population)","World Population Prospects",2024,"United Nations Population Division",246,"Finland","FI","FIN",135,"2084",4,"Median",3,"Both sexes",188,0,-1,"Total",0,"Not applicable",1,"Model-based Estimates",3,"Projection",7.664
55,"Crude birth rate","Crude birth rate (births per 1,000 population)","World Population Prospects",2024,"United Nations Population Division",246,"Finland","FI","FIN",136,"2085",4,"Median",3,"Both sexes",188,0,-1,"Total",0,"Not applicable",1,"Model-based Estimates",3,"Projection",7.621
55,"Crude birth rate","Crude birth rate (births per 1,000 population)","World Population Prospects",2024,"United Nations Population Division",246,"Finland","FI","FIN",137,"2086",4,"Median",3,"Both sexes",188,0,-1,"Total",0,"Not applicable",1,"Model-based Estimates",3,"Projection",7.577
55,"Crude birth rate","Crude birth rate (births per 1,000 population)","World Population Prospects",2024,"United Nations Population Division",246,"Finland","FI","FIN",138,"2087",4,"Median",3,"Both sexes",188,0,-1,"Total",0,"Not applicable",1,"Model-based Estimates",3,"Projection",7.556
55,"Crude birth rate","Crude birth rate (births per 1,000 population)","World Population Prospects",2024,"United Nations Population Division",246,"Finland","FI","FIN",139,"2088",4,"Median",3,"Both sexes",188,0,-1,"Total",0,"Not applicable",1,"Model-based Estimates",3,"Projection",7.528
55,"Crude birth rate","Crude birth rate (births per 1,000 population)","World Population Prospects",2024,"United Nations Population Division",246,"Finland","FI","FIN",140,"2089",4,"Median",3,"Both sexes",188,0,-1,"Total",0,"Not applicable",1,"Model-based Estimates",3,"Projection",7.508
55,"Crude birth rate","Crude birth rate (births per 1,000 population)","World Population Prospects",2024,"United Nations Population Division",246,"Finland","FI","FIN",141,"2090",4,"Median",3,"Both sexes",188,0,-1,"Total",0,"Not applicable",1,"Model-based Estimates",3,"Projection",7.496
55,"Crude birth rate","Crude birth rate (births per 1,000 population)","World Population Prospects",2024,"United Nations Population Division",246,"Finland","FI","FIN",142,"2091",4,"Median",3,"Both sexes",188,0,-1,"Total",0,"Not applicable",1,"Model-based Estimates",3,"Projection",7.484
55,"Crude birth rate","Crude birth rate (births per 1,000 population)","World Population Prospects",2024,"United Nations Population Division",246,"Finland","FI","FIN",143,"2092",4,"Median",3,"Both sexes",188,0,-1,"Total",0,"Not applicable",1,"Model-based Estimates",3,"Projection",7.49
55,"Crude birth rate","Crude birth rate (births per 1,000 population)","World Population Prospects",2024,"United Nations Population Division",246,"Finland","FI","FIN",144,"2093",4,"Median",3,"Both sexes",188,0,-1,"Total",0,"Not applicable",1,"Model-based Estimates",3,"Projection",7.496
55,"Crude birth rate","Crude birth rate (births per 1,000 population)","World Population Prospects",2024,"United Nations Population Division",246,"Finland","FI","FIN",145,"2094",4,"Median",3,"Both sexes",188,0,-1,"Total",0,"Not applicable",1,"Model-based Estimates",3,"Projection",7.5
55,"Crude birth rate","Crude birth rate (births per 1,000 population)","World Population Prospects",2024,"United Nations Population Division",246,"Finland","FI","FIN",146,"2095",4,"Median",3,"Both sexes",188,0,-1,"Total",0,"Not applicable",1,"Model-based Estimates",3,"Projection",7.523
55,"Crude birth rate","Crude birth rate (births per 1,000 population)","World Population Prospects",2024,"United Nations Population Division",246,"Finland","FI","FIN",147,"2096",4,"Median",3,"Both sexes",188,0,-1,"Total",0,"Not applicable",1,"Model-based Estimates",3,"Projection",7.546
55,"Crude birth rate","Crude birth rate (births per 1,000 population)","World Population Prospects",2024,"United Nations Population Division",246,"Finland","FI","FIN",148,"2097",4,"Median",3,"Both sexes",188,0,-1,"Total",0,"Not applicable",1,"Model-based Estimates",3,"Projection",7.573
55,"Crude birth rate","Crude birth rate (births per 1,000 population)","World Population Prospects",2024,"United Nations Population Division",246,"Finland","FI","FIN",149,"2098",4,"Median",3,"Both sexes",188,0,-1,"Total",0,"Not applicable",1,"Model-based Estimates",3,"Projection",7.582
55,"Crude birth rate","Crude birth rate (births per 1,000 population)","World Population Prospects",2024,"United Nations Population Division",246,"Finland","FI","FIN",150,"2099",4,"Median",3,"Both sexes",188,0,-1,"Total",0,"Not applicable",1,"Model-based Estimates",3,"Projection",7.61
55,"Crude birth rate","Crude birth rate (births per 1,000 population)","World Population Prospects",2024,"United Nations Population Division",246,"Finland","FI","FIN",151,"2100",4,"Median",3,"Both sexes",188,0,-1,"Total",0,"Not applicable",1,"Model-based Estimates",3,"Projection",7.63
55,"Crude birth rate","Crude birth rate (births per 1,000 population)","World Population Prospects",2024,"United Nations Population Division",250,"France","FR","FRA",41,"1990",4,"Median",3,"Both sexes",188,0,-1,"Total",0,"Not applicable",1,"Model-based Estimates",2,"Interpolation",13.527
55,"Crude birth rate","Crude birth rate (births per 1,000 population)","World Population Prospects",2024,"United Nations Population Division",250,"France","FR","FRA",42,"1991",4,"Median",3,"Both sexes",188,0,-1,"Total",0,"Not applicable",1,"Model-based Estimates",2,"Interpolation",13.403
55,"Crude birth rate","Crude birth rate (births per 1,000 population)","World Population Prospects",2024,"United Nations Population Division",250,"France","FR","FRA",43,"1992",4,"Median",3,"Both sexes",188,0,-1,"Total",0,"Not applicable",1,"Model-based Estimates",2,"Interpolation",13.055
55,"Crude birth rate","Crude birth rate (births per 1,000 population)","World Population Prospects",2024,"United Nations Population Division",250,"France","FR","FRA",44,"1993",4,"Median",3,"Both sexes",188,0,-1,"Total",0,"Not applicable",1,"Model-based Estimates",2,"Interpolation",12.456
55,"Crude birth rate","Crude birth rate (births per 1,000 population)","World Population Prospects",2024,"United Nations Population Division",250,"France","FR","FRA",45,"1994",4,"Median",3,"Both sexes",188,0,-1,"Total",0,"Not applicable",1,"Model-based Estimates",2,"Interpolation",12.423
55,"Crude birth rate","Crude birth rate (births per 1,000 population)","World Population Prospects",2024,"United Nations Population Division",250,"France","FR","FRA",46,"1995",4,"Median",3,"Both sexes",188,0,-1,"Total",0,"Not applicable",1,"Model-based Estimates",2,"Interpolation",12.726
55,"Crude birth rate","Crude birth rate (births per 1,000 population)","World Population Prospects",2024,"United Nations Population Division",250,"France","FR","FRA",47,"1996",4,"Median",3,"Both sexes",188,0,-1,"Total",0,"Not applicable",1,"Model-based Estimates",2,"Interpolation",12.778
55,"Crude birth rate","Crude birth rate (births per 1,000 population)","World Population Prospects",2024,"United Nations Population Division",250,"France","FR","FRA",48,"1997",4,"Median",3,"Both sexes",188,0,-1,"Total",0,"Not applicable",1,"Model-based Estimates",2,"Interpolation",12.588
55,"Crude birth rate","Crude birth rate (births per 1,000 population)","World Population Prospects",2024,"United Nations Population Division",250,"France","FR","FRA",49,"1998",4,"Median",3,"Both sexes",188,0,-1,"Total",0,"Not applicable",1,"Model-based Estimates",2,"Interpolation",12.705
55,"Crude birth rate","Crude birth rate (births per 1,000 population)","World Population Prospects",2024,"United Nations Population Division",250,"France","FR","FRA",50,"1999",4,"Median",3,"Both sexes",188,0,-1,"Total",0,"Not applicable",1,"Model-based Estimates",2,"Interpolation",12.702
55,"Crude birth rate","Crude birth rate (births per 1,000 population)","World Population Prospects",2024,"United Nations Population Division",250,"France","FR","FRA",51,"2000",4,"Median",3,"Both sexes",188,0,-1,"Total",0,"Not applicable",1,"Model-based Estimates",2,"Interpolation",13.132
55,"Crude birth rate","Crude birth rate (births per 1,000 population)","World Population Prospects",2024,"United Nations Population Division",250,"France","FR","FRA",52,"2001",4,"Median",3,"Both sexes",188,0,-1,"Total",0,"Not applicable",1,"Model-based Estimates",2,"Interpolation",12.983
55,"Crude birth rate","Crude birth rate (births per 1,000 population)","World Population Prospects",2024,"United Nations Population Division",250,"France","FR","FRA",53,"2002",4,"Median",3,"Both sexes",188,0,-1,"Total",0,"Not applicable",1,"Model-based Estimates",2,"Interpolation",12.723
55,"Crude birth rate","Crude birth rate (births per 1,000 population)","World Population Prospects",2024,"United Nations Population Division",250,"France","FR","FRA",54,"2003",4,"Median",3,"Both sexes",188,0,-1,"Total",0,"Not applicable",1,"Model-based Estimates",2,"Interpolation",12.624
55,"Crude birth rate","Crude birth rate (births per 1,000 population)","World Population Prospects",2024,"United Nations Population Division",250,"France","FR","FRA",55,"2004",4,"Median",3,"Both sexes",188,0,-1,"Total",0,"Not applicable",1,"Model-based Estimates",2,"Interpolation",12.638
55,"Crude birth rate","Crude birth rate (births per 1,000 population)","World Population Prospects",2024,"United Nations Population Division",250,"France","FR","FRA",56,"2005",4,"Median",3,"Both sexes",188,0,-1,"Total",0,"Not applicable",1,"Model-based Estimates",2,"Interpolation",12.626
55,"Crude birth rate","Crude birth rate (births per 1,000 population)","World Population Prospects",2024,"United Nations Population Division",250,"France","FR","FRA",57,"2006",4,"Median",3,"Both sexes",188,0,-1,"Total",0,"Not applicable",1,"Model-based Estimates",2,"Interpolation",12.885
55,"Crude birth rate","Crude birth rate (births per 1,000 population)","World Population Prospects",2024,"United Nations Population Division",250,"France","FR","FRA",58,"2007",4,"Median",3,"Both sexes",188,0,-1,"Total",0,"Not applicable",1,"Model-based Estimates",2,"Interpolation",12.624
55,"Crude birth rate","Crude birth rate (births per 1,000 population)","World Population Prospects",2024,"United Nations Population Division",250,"France","FR","FRA",59,"2008",4,"Median",3,"Both sexes",188,0,-1,"Total",0,"Not applicable",1,"Model-based Estimates",2,"Interpolation",12.728
55,"Crude birth rate","Crude birth rate (births per 1,000 population)","World Population Prospects",2024,"United Nations Population Division",250,"France","FR","FRA",60,"2009",4,"Median",3,"Both sexes",188,0,-1,"Total",0,"Not applicable",1,"Model-based Estimates",2,"Interpolation",12.631
55,"Crude birth rate","Crude birth rate (births per 1,000 population)","World Population Prospects",2024,"United Nations Population Division",250,"France","FR","FRA",61,"2010",4,"Median",3,"Both sexes",188,0,-1,"Total",0,"Not applicable",1,"Model-based Estimates",2,"Interpolation",12.692
55,"Crude birth rate","Crude birth rate (births per 1,000 population)","World Population Prospects",2024,"United Nations Population Division",250,"France","FR","FRA",62,"2011",4,"Median",3,"Both sexes",188,0,-1,"Total",0,"Not applicable",1,"Model-based Estimates",2,"Interpolation",12.448
55,"Crude birth rate","Crude birth rate (births per 1,000 population)","World Population Prospects",2024,"United Nations Population Division",250,"France","FR","FRA",63,"2012",4,"Median",3,"Both sexes",188,0,-1,"Total",0,"Not applicable",1,"Model-based Estimates",2,"Interpolation",12.326
55,"Crude birth rate","Crude birth rate (births per 1,000 population)","World Population Prospects",2024,"United Nations Population Division",250,"France","FR","FRA",64,"2013",4,"Median",3,"Both sexes",188,0,-1,"Total",0,"Not applicable",1,"Model-based Estimates",2,"Interpolation",12.131
55,"Crude birth rate","Crude birth rate (births per 1,000 population)","World Population Prospects",2024,"United Nations Population Division",250,"France","FR","FRA",65,"2014",4,"Median",3,"Both sexes",188,0,-1,"Total",0,"Not applicable",1,"Model-based Estimates",2,"Interpolation",12.063
55,"Crude birth rate","Crude birth rate (births per 1,000 population)","World Population Prospects",2024,"United Nations Population Division",250,"France","FR","FRA",66,"2015",4,"Median",3,"Both sexes",188,0,-1,"Total",0,"Not applicable",1,"Model-based Estimates",2,"Interpolation",11.711
55,"Crude birth rate","Crude birth rate (births per 1,000 population)","World Population Prospects",2024,"United Nations Population Division",250,"France","FR","FRA",67,"2016",4,"Median",3,"Both sexes",188,0,-1,"Total",0,"Not applicable",1,"Model-based Estimates",2,"Interpolation",11.441
55,"Crude birth rate","Crude birth rate (births per 1,000 population)","World Population Prospects",2024,"United Nations Population Division",250,"France","FR","FRA",68,"2017",4,"Median",3,"Both sexes",188,0,-1,"Total",0,"Not applicable",1,"Model-based Estimates",2,"Interpolation",11.099
55,"Crude birth rate","Crude birth rate (births per 1,000 population)","World Population Prospects",2024,"United Nations Population Division",250,"France","FR","FRA",69,"2018",4,"Median",3,"Both sexes",188,0,-1,"Total",0,"Not applicable",1,"Model-based Estimates",2,"Interpolation",10.947
55,"Crude birth rate","Crude birth rate (births per 1,000 population)","World Population Prospects",2024,"United Nations Population Division",250,"France","FR","FRA",70,"2019",4,"Median",3,"Both sexes",188,0,-1,"Total",0,"Not applicable",1,"Model-based Estimates",2,"Interpolation",10.826
55,"Crude birth rate","Crude birth rate (births per 1,000 population)","World Population Prospects",2024,"United Nations Population Division",250,"France","FR","FRA",71,"2020",4,"Median",3,"Both sexes",188,0,-1,"Total",0,"Not applicable",1,"Model-based Estimates",2,"Interpolation",10.56
55,"Crude birth rate","Crude birth rate (births per 1,000 population)","World Population Prospects",2024,"United Nations Population Division",250,"France","FR","FRA",72,"2021",4,"Median",3,"Both sexes",188,0,-1,"Total",0,"Not applicable",1,"Model-based Estimates",2,"Interpolation",10.627
55,"Crude birth rate","Crude birth rate (births per 1,000 population)","World Population Prospects",2024,"United Nations Population Division",250,"France","FR","FRA",73,"2022",4,"Median",3,"Both sexes",188,0,-1,"Total",0,"Not applicable",1,"Model-based Estimates",2,"Interpolation",10.374
55,"Crude birth rate","Crude birth rate (births per 1,000 population)","World Population Prospects",2024,"United Nations Population Division",250,"France","FR","FRA",74,"2023",4,"Median",3,"Both sexes",188,0,-1,"Total",0,"Not applicable",1,"Model-based Estimates",2,"Interpolation",9.616
55,"Crude birth rate","Crude birth rate (births per 1,000 population)","World Population Prospects",2024,"United Nations Population Division",250,"France","FR","FRA",75,"2024",4,"Median",3,"Both sexes",188,0,-1,"Total",0,"Not applicable",1,"Model-based Estimates",3,"Projection",9.557
55,"Crude birth rate","Crude birth rate (births per 1,000 population)","World Population Prospects",2024,"United Nations Population Division",250,"France","FR","FRA",76,"2025",4,"Median",3,"Both sexes",188,0,-1,"Total",0,"Not applicable",1,"Model-based Estimates",3,"Projection",9.52
55,"Crude birth rate","Crude birth rate (births per 1,000 population)","World Population Prospects",2024,"United Nations Population Division",250,"France","FR","FRA",77,"2026",4,"Median",3,"Both sexes",188,0,-1,"Total",0,"Not applicable",1,"Model-based Estimates",3,"Projection",9.498
55,"Crude birth rate","Crude birth rate (births per 1,000 population)","World Population Prospects",2024,"United Nations Population Division",250,"France","FR","FRA",78,"2027",4,"Median",3,"Both sexes",188,0,-1,"Total",0,"Not applicable",1,"Model-based Estimates",3,"Projection",9.493
55,"Crude birth rate","Crude birth rate (births per 1,000 population)","World Population Prospects",2024,"United Nations Population Division",250,"France","FR","FRA",79,"2028",4,"Median",3,"Both sexes",188,0,-1,"Total",0,"Not applicable",1,"Model-based Estimates",3,"Projection",9.507
55,"Crude birth rate","Crude birth rate (births per 1,000 population)","World Population Prospects",2024,"United Nations Population Division",250,"France","FR","FRA",80,"2029",4,"Median",3,"Both sexes",188,0,-1,"Total",0,"Not applicable",1,"Model-based Estimates",3,"Projection",9.545
55,"Crude birth rate","Crude birth rate (births per 1,000 population)","World Population Prospects",2024,"United Nations Population Division",250,"France","FR","FRA",81,"2030",4,"Median",3,"Both sexes",188,0,-1,"Total",0,"Not applicable",1,"Model-based Estimates",3,"Projection",9.588
55,"Crude birth rate","Crude birth rate (births per 1,000 population)","World Population Prospects",2024,"United Nations Population Division",250,"France","FR","FRA",82,"2031",4,"Median",3,"Both sexes",188,0,-1,"Total",0,"Not applicable",1,"Model-based Estimates",3,"Projection",9.666
55,"Crude birth rate","Crude birth rate (births per 1,000 population)","World Population Prospects",2024,"United Nations Population Division",250,"France","FR","FRA",83,"2032",4,"Median",3,"Both sexes",188,0,-1,"Total",0,"Not applicable",1,"Model-based Estimates",3,"Projection",9.75
55,"Crude birth rate","Crude birth rate (births per 1,000 population)","World Population Prospects",2024,"United Nations Population Division",250,"France","FR","FRA",84,"2033",4,"Median",3,"Both sexes",188,0,-1,"Total",0,"Not applicable",1,"Model-based Estimates",3,"Projection",9.848
55,"Crude birth rate","Crude birth rate (births per 1,000 population)","World Population Prospects",2024,"United Nations Population Division",250,"France","FR","FRA",85,"2034",4,"Median",3,"Both sexes",188,0,-1,"Total",0,"Not applicable",1,"Model-based Estimates",3,"Projection",9.951
55,"Crude birth rate","Crude birth rate (births per 1,000 population)","World Population Prospects",2024,"United Nations Population Division",250,"France","FR","FRA",86,"2035",4,"Median",3,"Both sexes",188,0,-1,"Total",0,"Not applicable",1,"Model-based Estimates",3,"Projection",10.053
55,"Crude birth rate","Crude birth rate (births per 1,000 population)","World Population Prospects",2024,"United Nations Population Division",250,"France","FR","FRA",87,"2036",4,"Median",3,"Both sexes",188,0,-1,"Total",0,"Not applicable",1,"Model-based Estimates",3,"Projection",10.154
55,"Crude birth rate","Crude birth rate (births per 1,000 population)","World Population Prospects",2024,"United Nations Population Division",250,"France","FR","FRA",88,"2037",4,"Median",3,"Both sexes",188,0,-1,"Total",0,"Not applicable",1,"Model-based Estimates",3,"Projection",10.246
55,"Crude birth rate","Crude birth rate (births per 1,000 population)","World Population Prospects",2024,"United Nations Population Division",250,"France","FR","FRA",89,"2038",4,"Median",3,"Both sexes",188,0,-1,"Total",0,"Not applicable",1,"Model-based Estimates",3,"Projection",10.309
55,"Crude birth rate","Crude birth rate (births per 1,000 population)","World Population Prospects",2024,"United Nations Population Division",250,"France","FR","FRA",90,"2039",4,"Median",3,"Both sexes",188,0,-1,"Total",0,"Not applicable",1,"Model-based Estimates",3,"Projection",10.35
55,"Crude birth rate","Crude birth rate (births per 1,000 population)","World Population Prospects",2024,"United Nations Population Division",250,"France","FR","FRA",91,"2040",4,"Median",3,"Both sexes",188,0,-1,"Total",0,"Not applicable",1,"Model-based Estimates",3,"Projection",10.384
55,"Crude birth rate","Crude birth rate (births per 1,000 population)","World Population Prospects",2024,"United Nations Population Division",250,"France","FR","FRA",92,"2041",4,"Median",3,"Both sexes",188,0,-1,"Total",0,"Not applicable",1,"Model-based Estimates",3,"Projection",10.401
55,"Crude birth rate","Crude birth rate (births per 1,000 population)","World Population Prospects",2024,"United Nations Population Division",250,"France","FR","FRA",93,"2042",4,"Median",3,"Both sexes",188,0,-1,"Total",0,"Not applicable",1,"Model-based Estimates",3,"Projection",10.396
55,"Crude birth rate","Crude birth rate (births per 1,000 population)","World Population Prospects",2024,"United Nations Population Division",250,"France","FR","FRA",94,"2043",4,"Median",3,"Both sexes",188,0,-1,"Total",0,"Not applicable",1,"Model-based Estimates",3,"Projection",10.378
55,"Crude birth rate","Crude birth rate (births per 1,000 population)","World Population Prospects",2024,"United Nations Population Division",250,"France","FR","FRA",95,"2044",4,"Median",3,"Both sexes",188,0,-1,"Total",0,"Not applicable",1,"Model-based Estimates",3,"Projection",10.326
55,"Crude birth rate","Crude birth rate (births per 1,000 population)","World Population Prospects",2024,"United Nations Population Division",250,"France","FR","FRA",96,"2045",4,"Median",3,"Both sexes",188,0,-1,"Total",0,"Not applicable",1,"Model-based Estimates",3,"Projection",10.273
55,"Crude birth rate","Crude birth rate (births per 1,000 population)","World Population Prospects",2024,"United Nations Population Division",250,"France","FR","FRA",97,"2046",4,"Median",3,"Both sexes",188,0,-1,"Total",0,"Not applicable",1,"Model-based Estimates",3,"Projection",10.181
55,"Crude birth rate","Crude birth rate (births per 1,000 population)","World Population Prospects",2024,"United Nations Population Division",250,"France","FR","FRA",98,"2047",4,"Median",3,"Both sexes",188,0,-1,"Total",0,"Not applicable",1,"Model-based Estimates",3,"Projection",10.096
55,"Crude birth rate","Crude birth rate (births per 1,000 population)","World Population Prospects",2024,"United Nations Population Division",250,"France","FR","FRA",99,"2048",4,"Median",3,"Both sexes",188,0,-1,"Total",0,"Not applicable",1,"Model-based Estimates",3,"Projection",10.008
55,"Crude birth rate","Crude birth rate (births per 1,000 population)","World Population Prospects",2024,"United Nations Population Division",250,"France","FR","FRA",100,"2049",4,"Median",3,"Both sexes",188,0,-1,"Total",0,"Not applicable",1,"Model-based Estimates",3,"Projection",9.902
55,"Crude birth rate","Crude birth rate (births per 1,000 population)","World Population Prospects",2024,"United Nations Population Division",250,"France","FR","FRA",101,"2050",4,"Median",3,"Both sexes",188,0,-1,"Total",0,"Not applicable",1,"Model-based Estimates",3,"Projection",9.807
55,"Crude birth rate","Crude birth rate (births per 1,000 population)","World Population Prospects",2024,"United Nations Population Division",250,"France","FR","FRA",102,"2051",4,"Median",3,"Both sexes",188,0,-1,"Total",0,"Not applicable",1,"Model-based Estimates",3,"Projection",9.71
55,"Crude birth rate","Crude birth rate (births per 1,000 population)","World Population Prospects",2024,"United Nations Population Division",250,"France","FR","FRA",103,"2052",4,"Median",3,"Both sexes",188,0,-1,"Total",0,"Not applicable",1,"Model-based Estimates",3,"Projection",9.627
55,"Crude birth rate","Crude birth rate (births per 1,000 population)","World Population Prospects",2024,"United Nations Population Division",250,"France","FR","FRA",104,"2053",4,"Median",3,"Both sexes",188,0,-1,"Total",0,"Not applicable",1,"Model-based Estimates",3,"Projection",9.565
55,"Crude birth rate","Crude birth rate (births per 1,000 population)","World Population Prospects",2024,"United Nations Population Division",250,"France","FR","FRA",105,"2054",4,"Median",3,"Both sexes",188,0,-1,"Total",0,"Not applicable",1,"Model-based Estimates",3,"Projection",9.49
55,"Crude birth rate","Crude birth rate (births per 1,000 population)","World Population Prospects",2024,"United Nations Population Division",250,"France","FR","FRA",106,"2055",4,"Median",3,"Both sexes",188,0,-1,"Total",0,"Not applicable",1,"Model-based Estimates",3,"Projection",9.427
55,"Crude birth rate","Crude birth rate (births per 1,000 population)","World Population Prospects",2024,"United Nations Population Division",250,"France","FR","FRA",107,"2056",4,"Median",3,"Both sexes",188,0,-1,"Total",0,"Not applicable",1,"Model-based Estimates",3,"Projection",9.379
55,"Crude birth rate","Crude birth rate (births per 1,000 population)","World Population Prospects",2024,"United Nations Population Division",250,"France","FR","FRA",108,"2057",4,"Median",3,"Both sexes",188,0,-1,"Total",0,"Not applicable",1,"Model-based Estimates",3,"Projection",9.357
55,"Crude birth rate","Crude birth rate (births per 1,000 population)","World Population Prospects",2024,"United Nations Population Division",250,"France","FR","FRA",109,"2058",4,"Median",3,"Both sexes",188,0,-1,"Total",0,"Not applicable",1,"Model-based Estimates",3,"Projection",9.342
55,"Crude birth rate","Crude birth rate (births per 1,000 population)","World Population Prospects",2024,"United Nations Population Division",250,"France","FR","FRA",110,"2059",4,"Median",3,"Both sexes",188,0,-1,"Total",0,"Not applicable",1,"Model-based Estimates",3,"Projection",9.33
55,"Crude birth rate","Crude birth rate (births per 1,000 population)","World Population Prospects",2024,"United Nations Population Division",250,"France","FR","FRA",111,"2060",4,"Median",3,"Both sexes",188,0,-1,"Total",0,"Not applicable",1,"Model-based Estimates",3,"Projection",9.335
55,"Crude birth rate","Crude birth rate (births per 1,000 population)","World Population Prospects",2024,"United Nations Population Division",250,"France","FR","FRA",112,"2061",4,"Median",3,"Both sexes",188,0,-1,"Total",0,"Not applicable",1,"Model-based Estimates",3,"Projection",9.363
55,"Crude birth rate","Crude birth rate (births per 1,000 population)","World Population Prospects",2024,"United Nations Population Division",250,"France","FR","FRA",113,"2062",4,"Median",3,"Both sexes",188,0,-1,"Total",0,"Not applicable",1,"Model-based Estimates",3,"Projection",9.389
55,"Crude birth rate","Crude birth rate (births per 1,000 population)","World Population Prospects",2024,"United Nations Population Division",250,"France","FR","FRA",114,"2063",4,"Median",3,"Both sexes",188,0,-1,"Total",0,"Not applicable",1,"Model-based Estimates",3,"Projection",9.419
55,"Crude birth rate","Crude birth rate (births per 1,000 population)","World Population Prospects",2024,"United Nations Population Division",250,"France","FR","FRA",115,"2064",4,"Median",3,"Both sexes",188,0,-1,"Total",0,"Not applicable",1,"Model-based Estimates",3,"Projection",9.456
55,"Crude birth rate","Crude birth rate (births per 1,000 population)","World Population Prospects",2024,"United Nations Population Division",250,"France","FR","FRA",116,"2065",4,"Median",3,"Both sexes",188,0,-1,"Total",0,"Not applicable",1,"Model-based Estimates",3,"Projection",9.509
55,"Crude birth rate","Crude birth rate (births per 1,000 population)","World Population Prospects",2024,"United Nations Population Division",250,"France","FR","FRA",117,"2066",4,"Median",3,"Both sexes",188,0,-1,"Total",0,"Not applicable",1,"Model-based Estimates",3,"Projection",9.552
55,"Crude birth rate","Crude birth rate (births per 1,000 population)","World Population Prospects",2024,"United Nations Population Division",250,"France","FR","FRA",118,"2067",4,"Median",3,"Both sexes",188,0,-1,"Total",0,"Not applicable",1,"Model-based Estimates",3,"Projection",9.596
55,"Crude birth rate","Crude birth rate (births per 1,000 population)","World Population Prospects",2024,"United Nations Population Division",250,"France","FR","FRA",119,"2068",4,"Median",3,"Both sexes",188,0,-1,"Total",0,"Not applicable",1,"Model-based Estimates",3,"Projection",9.647
55,"Crude birth rate","Crude birth rate (births per 1,000 population)","World Population Prospects",2024,"United Nations Population Division",250,"France","FR","FRA",120,"2069",4,"Median",3,"Both sexes",188,0,-1,"Total",0,"Not applicable",1,"Model-based Estimates",3,"Projection",9.697
55,"Crude birth rate","Crude birth rate (births per 1,000 population)","World Population Prospects",2024,"United Nations Population Division",250,"France","FR","FRA",121,"2070",4,"Median",3,"Both sexes",188,0,-1,"Total",0,"Not applicable",1,"Model-based Estimates",3,"Projection",9.743
55,"Crude birth rate","Crude birth rate (births per 1,000 population)","World Population Prospects",2024,"United Nations Population Division",250,"France","FR","FRA",122,"2071",4,"Median",3,"Both sexes",188,0,-1,"Total",0,"Not applicable",1,"Model-based Estimates",3,"Projection",9.77
55,"Crude birth rate","Crude birth rate (births per 1,000 population)","World Population Prospects",2024,"United Nations Population Division",250,"France","FR","FRA",123,"2072",4,"Median",3,"Both sexes",188,0,-1,"Total",0,"Not applicable",1,"Model-based Estimates",3,"Projection",9.785
55,"Crude birth rate","Crude birth rate (births per 1,000 population)","World Population Prospects",2024,"United Nations Population Division",250,"France","FR","FRA",124,"2073",4,"Median",3,"Both sexes",188,0,-1,"Total",0,"Not applicable",1,"Model-based Estimates",3,"Projection",9.799
55,"Crude birth rate","Crude birth rate (births per 1,000 population)","World Population Prospects",2024,"United Nations Population Division",250,"France","FR","FRA",125,"2074",4,"Median",3,"Both sexes",188,0,-1,"Total",0,"Not applicable",1,"Model-based Estimates",3,"Projection",9.802
55,"Crude birth rate","Crude birth rate (births per 1,000 population)","World Population Prospects",2024,"United Nations Population Division",250,"France","FR","FRA",126,"2075",4,"Median",3,"Both sexes",188,0,-1,"Total",0,"Not applicable",1,"Model-based Estimates",3,"Projection",9.796
55,"Crude birth rate","Crude birth rate (births per 1,000 population)","World Population Prospects",2024,"United Nations Population Division",250,"France","FR","FRA",127,"2076",4,"Median",3,"Both sexes",188,0,-1,"Total",0,"Not applicable",1,"Model-based Estimates",3,"Projection",9.77
55,"Crude birth rate","Crude birth rate (births per 1,000 population)","World Population Prospects",2024,"United Nations Population Division",250,"France","FR","FRA",128,"2077",4,"Median",3,"Both sexes",188,0,-1,"Total",0,"Not applicable",1,"Model-based Estimates",3,"Projection",9.744
55,"Crude birth rate","Crude birth rate (births per 1,000 population)","World Population Prospects",2024,"United Nations Population Division",250,"France","FR","FRA",129,"2078",4,"Median",3,"Both sexes",188,0,-1,"Total",0,"Not applicable",1,"Model-based Estimates",3,"Projection",9.692
55,"Crude birth rate","Crude birth rate (births per 1,000 population)","World Population Prospects",2024,"United Nations Population Division",250,"France","FR","FRA",130,"2079",4,"Median",3,"Both sexes",188,0,-1,"Total",0,"Not applicable",1,"Model-based Estimates",3,"Projection",9.646
55,"Crude birth rate","Crude birth rate (births per 1,000 population)","World Population Prospects",2024,"United Nations Population Division",250,"France","FR","FRA",131,"2080",4,"Median",3,"Both sexes",188,0,-1,"Total",0,"Not applicable",1,"Model-based Estimates",3,"Projection",9.59
55,"Crude birth rate","Crude birth rate (births per 1,000 population)","World Population Prospects",2024,"United Nations Population Division",250,"France","FR","FRA",132,"2081",4,"Median",3,"Both sexes",188,0,-1,"Total",0,"Not applicable",1,"Model-based Estimates",3,"Projection",9.526
55,"Crude birth rate","Crude birth rate (births per 1,000 population)","World Population Prospects",2024,"United Nations Population Division",250,"France","FR","FRA",133,"2082",4,"Median",3,"Both sexes",188,0,-1,"Total",0,"Not applicable",1,"Model-based Estimates",3,"Projection",9.471
55,"Crude birth rate","Crude birth rate (births per 1,000 population)","World Population Prospects",2024,"United Nations Population Division",250,"France","FR","FRA",134,"2083",4,"Median",3,"Both sexes",188,0,-1,"Total",0,"Not applicable",1,"Model-based Estimates",3,"Projection",9.406
55,"Crude birth rate","Crude birth rate (births per 1,000 population)","World Population Prospects",2024,"United Nations Population Division",250,"France","FR","FRA",135,"2084",4,"Median",3,"Both sexes",188,0,-1,"Total",0,"Not applicable",1,"Model-based Estimates",3,"Projection",9.353
55,"Crude birth rate","Crude birth rate (births per 1,000 population)","World Population Prospects",2024,"United Nations Population Division",250,"France","FR","FRA",136,"2085",4,"Median",3,"Both sexes",188,0,-1,"Total",0,"Not applicable",1,"Model-based Estimates",3,"Projection",9.308
55,"Crude birth rate","Crude birth rate (births per 1,000 population)","World Population Prospects",2024,"United Nations Population Division",250,"France","FR","FRA",137,"2086",4,"Median",3,"Both sexes",188,0,-1,"Total",0,"Not applicable",1,"Model-based Estimates",3,"Projection",9.262
55,"Crude birth rate","Crude birth rate (births per 1,000 population)","World Population Prospects",2024,"United Nations Population Division",250,"France","FR","FRA",138,"2087",4,"Median",3,"Both sexes",188,0,-1,"Total",0,"Not applicable",1,"Model-based Estimates",3,"Projection",9.214
55,"Crude birth rate","Crude birth rate (births per 1,000 population)","World Population Prospects",2024,"United Nations Population Division",250,"France","FR","FRA",139,"2088",4,"Median",3,"Both sexes",188,0,-1,"Total",0,"Not applicable",1,"Model-based Estimates",3,"Projection",9.184
55,"Crude birth rate","Crude birth rate (births per 1,000 population)","World Population Prospects",2024,"United Nations Population Division",250,"France","FR","FRA",140,"2089",4,"Median",3,"Both sexes",188,0,-1,"Total",0,"Not applicable",1,"Model-based Estimates",3,"Projection",9.151
55,"Crude birth rate","Crude birth rate (births per 1,000 population)","World Population Prospects",2024,"United Nations Population Division",250,"France","FR","FRA",141,"2090",4,"Median",3,"Both sexes",188,0,-1,"Total",0,"Not applicable",1,"Model-based Estimates",3,"Projection",9.134
55,"Crude birth rate","Crude birth rate (births per 1,000 population)","World Population Prospects",2024,"United Nations Population Division",250,"France","FR","FRA",142,"2091",4,"Median",3,"Both sexes",188,0,-1,"Total",0,"Not applicable",1,"Model-based Estimates",3,"Projection",9.119
55,"Crude birth rate","Crude birth rate (births per 1,000 population)","World Population Prospects",2024,"United Nations Population Division",250,"France","FR","FRA",143,"2092",4,"Median",3,"Both sexes",188,0,-1,"Total",0,"Not applicable",1,"Model-based Estimates",3,"Projection",9.11
55,"Crude birth rate","Crude birth rate (births per 1,000 population)","World Population Prospects",2024,"United Nations Population Division",250,"France","FR","FRA",144,"2093",4,"Median",3,"Both sexes",188,0,-1,"Total",0,"Not applicable",1,"Model-based Estimates",3,"Projection",9.108
55,"Crude birth rate","Crude birth rate (births per 1,000 population)","World Population Prospects",2024,"United Nations Population Division",250,"France","FR","FRA",145,"2094",4,"Median",3,"Both sexes",188,0,-1,"Total",0,"Not applicable",1,"Model-based Estimates",3,"Projection",9.111
55,"Crude birth rate","Crude birth rate (births per 1,000 population)","World Population Prospects",2024,"United Nations Population Division",250,"France","FR","FRA",146,"2095",4,"Median",3,"Both sexes",188,0,-1,"Total",0,"Not applicable",1,"Model-based Estimates",3,"Projection",9.113
55,"Crude birth rate","Crude birth rate (births per 1,000 population)","World Population Prospects",2024,"United Nations Population Division",250,"France","FR","FRA",147,"2096",4,"Median",3,"Both sexes",188,0,-1,"Total",0,"Not applicable",1,"Model-based Estimates",3,"Projection",9.115
55,"Crude birth rate","Crude birth rate (births per 1,000 population)","World Population Prospects",2024,"United Nations Population Division",250,"France","FR","FRA",148,"2097",4,"Median",3,"Both sexes",188,0,-1,"Total",0,"Not applicable",1,"Model-based Estimates",3,"Projection",9.126
55,"Crude birth rate","Crude birth rate (births per 1,000 population)","World Population Prospects",2024,"United Nations Population Division",250,"France","FR","FRA",149,"2098",4,"Median",3,"Both sexes",188,0,-1,"Total",0,"Not applicable",1,"Model-based Estimates",3,"Projection",9.144
55,"Crude birth rate","Crude birth rate (births per 1,000 population)","World Population Prospects",2024,"United Nations Population Division",250,"France","FR","FRA",150,"2099",4,"Median",3,"Both sexes",188,0,-1,"Total",0,"Not applicable",1,"Model-based Estimates",3,"Projection",9.161
55,"Crude birth rate","Crude birth rate (births per 1,000 population)","World Population Prospects",2024,"United Nations Population Division",250,"France","FR","FRA",151,"2100",4,"Median",3,"Both sexes",188,0,-1,"Total",0,"Not applicable",1,"Model-based Estimates",3,"Projection",9.174
55,"Crude birth rate","Crude birth rate (births per 1,000 population)","World Population Prospects",2024,"United Nations Population Division",276,"Germany","DE","DEU",41,"1990",4,"Median",3,"Both sexes",188,0,-1,"Total",0,"Not applicable",1,"Model-based Estimates",2,"Interpolation",11.385
55,"Crude birth rate","Crude birth rate (births per 1,000 population)","World Population Prospects",2024,"United Nations Population Division",276,"Germany","DE","DEU",42,"1991",4,"Median",3,"Both sexes",188,0,-1,"Total",0,"Not applicable",1,"Model-based Estimates",2,"Interpolation",10.423
55,"Crude birth rate","Crude birth rate (births per 1,000 population)","World Population Prospects",2024,"United Nations Population Division",276,"Germany","DE","DEU",43,"1992",4,"Median",3,"Both sexes",188,0,-1,"Total",0,"Not applicable",1,"Model-based Estimates",2,"Interpolation",10.048
55,"Crude birth rate","Crude birth rate (births per 1,000 population)","World Population Prospects",2024,"United Nations Population Division",276,"Germany","DE","DEU",44,"1993",4,"Median",3,"Both sexes",188,0,-1,"Total",0,"Not applicable",1,"Model-based Estimates",2,"Interpolation",9.88
55,"Crude birth rate","Crude birth rate (births per 1,000 population)","World Population Prospects",2024,"United Nations Population Division",276,"Germany","DE","DEU",45,"1994",4,"Median",3,"Both sexes",188,0,-1,"Total",0,"Not applicable",1,"Model-based Estimates",2,"Interpolation",9.529
55,"Crude birth rate","Crude birth rate (births per 1,000 population)","World Population Prospects",2024,"United Nations Population Division",276,"Germany","DE","DEU",46,"1995",4,"Median",3,"Both sexes",188,0,-1,"Total",0,"Not applicable",1,"Model-based Estimates",2,"Interpolation",9.461
55,"Crude birth rate","Crude birth rate (births per 1,000 population)","World Population Prospects",2024,"United Nations Population Division",276,"Germany","DE","DEU",47,"1996",4,"Median",3,"Both sexes",188,0,-1,"Total",0,"Not applicable",1,"Model-based Estimates",2,"Interpolation",9.812
55,"Crude birth rate","Crude birth rate (births per 1,000 population)","World Population Prospects",2024,"United Nations Population Division",276,"Germany","DE","DEU",48,"1997",4,"Median",3,"Both sexes",188,0,-1,"Total",0,"Not applicable",1,"Model-based Estimates",2,"Interpolation",9.996
55,"Crude birth rate","Crude birth rate (births per 1,000 population)","World Population Prospects",2024,"United Nations Population Division",276,"Germany","DE","DEU",49,"1998",4,"Median",3,"Both sexes",188,0,-1,"Total",0,"Not applicable",1,"Model-based Estimates",2,"Interpolation",9.791
55,"Crude birth rate","Crude birth rate (births per 1,000 population)","World Population Prospects",2024,"United Nations Population Division",276,"Germany","DE","DEU",50,"1999",4,"Median",3,"Both sexes",188,0,-1,"Total",0,"Not applicable",1,"Model-based Estimates",2,"Interpolation",9.433
55,"Crude birth rate","Crude birth rate (births per 1,000 population)","World Population Prospects",2024,"United Nations Population Division",276,"Germany","DE","DEU",51,"2000",4,"Median",3,"Both sexes",188,0,-1,"Total",0,"Not applicable",1,"Model-based Estimates",2,"Interpolation",9.355
55,"Crude birth rate","Crude birth rate (births per 1,000 population)","World Population Prospects",2024,"United Nations Population Division",276,"Germany","DE","DEU",52,"2001",4,"Median",3,"Both sexes",188,0,-1,"Total",0,"Not applicable",1,"Model-based Estimates",2,"Interpolation",8.964
55,"Crude birth rate","Crude birth rate (births per 1,000 population)","World Population Prospects",2024,"United Nations Population Division",276,"Germany","DE","DEU",53,"2002",4,"Median",3,"Both sexes",188,0,-1,"Total",0,"Not applicable",1,"Model-based Estimates",2,"Interpolation",8.769
55,"Crude birth rate","Crude birth rate (births per 1,000 population)","World Population Prospects",2024,"United Nations Population Division",276,"Germany","DE","DEU",54,"2003",4,"Median",3,"Both sexes",188,0,-1,"Total",0,"Not applicable",1,"Model-based Estimates",2,"Interpolation",8.639
55,"Crude birth rate","Crude birth rate (births per 1,000 population)","World Population Prospects",2024,"United Nations Population Division",276,"Germany","DE","DEU",55,"2004",4,"Median",3,"Both sexes",188,0,-1,"Total",0,"Not applicable",1,"Model-based Estimates",2,"Interpolation",8.655
55,"Crude birth rate","Crude birth rate (births per 1,000 population)","World Population Prospects",2024,"United Nations Population Division",276,"Germany","DE","DEU",56,"2005",4,"Median",3,"Both sexes",188,0,-1,"Total",0,"Not applicable",1,"Model-based Estimates",2,"Interpolation",8.437
55,"Crude birth rate","Crude birth rate (births per 1,000 population)","World Population Prospects",2024,"United Nations Population Division",276,"Germany","DE","DEU",57,"2006",4,"Median",3,"Both sexes",188,0,-1,"Total",0,"Not applicable",1,"Model-based Estimates",2,"Interpolation",8.4
55,"Crude birth rate","Crude birth rate (births per 1,000 population)","World Population Prospects",2024,"United Nations Population Division",276,"Germany","DE","DEU",58,"2007",4,"Median",3,"Both sexes",188,0,-1,"Total",0,"Not applicable",1,"Model-based Estimates",2,"Interpolation",8.349
55,"Crude birth rate","Crude birth rate (births per 1,000 population)","World Population Prospects",2024,"United Nations Population Division",276,"Germany","DE","DEU",59,"2008",4,"Median",3,"Both sexes",188,0,-1,"Total",0,"Not applicable",1,"Model-based Estimates",2,"Interpolation",8.336
55,"Crude birth rate","Crude birth rate (births per 1,000 population)","World Population Prospects",2024,"United Nations Population Division",276,"Germany","DE","DEU",60,"2009",4,"Median",3,"Both sexes",188,0,-1,"Total",0,"Not applicable",1,"Model-based Estimates",2,"Interpolation",8.16
55,"Crude birth rate","Crude birth rate (births per 1,000 population)","World Population Prospects",2024,"United Nations Population Division",276,"Germany","DE","DEU",61,"2010",4,"Median",3,"Both sexes",188,0,-1,"Total",0,"Not applicable",1,"Model-based Estimates",2,"Interpolation",8.373
55,"Crude birth rate","Crude birth rate (births per 1,000 population)","World Population Prospects",2024,"United Nations Population Division",276,"Germany","DE","DEU",62,"2011",4,"Median",3,"Both sexes",188,0,-1,"Total",0,"Not applicable",1,"Model-based Estimates",2,"Interpolation",8.272
55,"Crude birth rate","Crude birth rate (births per 1,000 population)","World Population Prospects",2024,"United Nations Population Division",276,"Germany","DE","DEU",63,"2012",4,"Median",3,"Both sexes",188,0,-1,"Total",0,"Not applicable",1,"Model-based Estimates",2,"Interpolation",8.421
55,"Crude birth rate","Crude birth rate (births per 1,000 population)","World Population Prospects",2024,"United Nations Population Division",276,"Germany","DE","DEU",64,"2013",4,"Median",3,"Both sexes",188,0,-1,"Total",0,"Not applicable",1,"Model-based Estimates",2,"Interpolation",8.387
55,"Crude birth rate","Crude birth rate (births per 1,000 population)","World Population Prospects",2024,"United Nations Population Division",276,"Germany","DE","DEU",65,"2014",4,"Median",3,"Both sexes",188,0,-1,"Total",0,"Not applicable",1,"Model-based Estimates",2,"Interpolation",8.734
55,"Crude birth rate","Crude birth rate (births per 1,000 population)","World Population Prospects",2024,"United Nations Population Division",276,"Germany","DE","DEU",66,"2015",4,"Median",3,"Both sexes",188,0,-1,"Total",0,"Not applicable",1,"Model-based Estimates",2,"Interpolation",8.925
55,"Crude birth rate","Crude birth rate (births per 1,000 population)","World Population Prospects",2024,"United Nations Population Division",276,"Germany","DE","DEU",67,"2016",4,"Median",3,"Both sexes",188,0,-1,"Total",0,"Not applicable",1,"Model-based Estimates",2,"Interpolation",9.524
55,"Crude birth rate","Crude birth rate (births per 1,000 population)","World Population Prospects",2024,"United Nations Population Division",276,"Germany","DE","DEU",68,"2017",4,"Median",3,"Both sexes",188,0,-1,"Total",0,"Not applicable",1,"Model-based Estimates",2,"Interpolation",9.439
55,"Crude birth rate","Crude birth rate (births per 1,000 population)","World Population Prospects",2024,"United Nations Population Division",276,"Germany","DE","DEU",69,"2018",4,"Median",3,"Both sexes",188,0,-1,"Total",0,"Not applicable",1,"Model-based Estimates",2,"Interpolation",9.448
55,"Crude birth rate","Crude birth rate (births per 1,000 population)","World Population Prospects",2024,"United Nations Population Division",276,"Germany","DE","DEU",70,"2019",4,"Median",3,"Both sexes",188,0,-1,"Total",0,"Not applicable",1,"Model-based Estimates",2,"Interpolation",9.32
55,"Crude birth rate","Crude birth rate (births per 1,000 population)","World Population Prospects",2024,"United Nations Population Division",276,"Germany","DE","DEU",71,"2020",4,"Median",3,"Both sexes",188,0,-1,"Total",0,"Not applicable",1,"Model-based Estimates",2,"Interpolation",9.269
55,"Crude birth rate","Crude birth rate (births per 1,000 population)","World Population Prospects",2024,"United Nations Population Division",276,"Germany","DE","DEU",72,"2021",4,"Median",3,"Both sexes",188,0,-1,"Total",0,"Not applicable",1,"Model-based Estimates",2,"Interpolation",9.507
55,"Crude birth rate","Crude birth rate (births per 1,000 population)","World Population Prospects",2024,"United Nations Population Division",276,"Germany","DE","DEU",73,"2022",4,"Median",3,"Both sexes",188,0,-1,"Total",0,"Not applicable",1,"Model-based Estimates",2,"Interpolation",8.688
55,"Crude birth rate","Crude birth rate (births per 1,000 population)","World Population Prospects",2024,"United Nations Population Division",276,"Germany","DE","DEU",74,"2023",4,"Median",3,"Both sexes",188,0,-1,"Total",0,"Not applicable",1,"Model-based Estimates",2,"Interpolation",8.507
55,"Crude birth rate","Crude birth rate (births per 1,000 population)","World Population Prospects",2024,"United Nations Population Division",276,"Germany","DE","DEU",75,"2024",4,"Median",3,"Both sexes",188,0,-1,"Total",0,"Not applicable",1,"Model-based Estimates",3,"Projection",8.483
55,"Crude birth rate","Crude birth rate (births per 1,000 population)","World Population Prospects",2024,"United Nations Population Division",276,"Germany","DE","DEU",76,"2025",4,"Median",3,"Both sexes",188,0,-1,"Total",0,"Not applicable",1,"Model-based Estimates",3,"Projection",8.421
55,"Crude birth rate","Crude birth rate (births per 1,000 population)","World Population Prospects",2024,"United Nations Population Division",276,"Germany","DE","DEU",77,"2026",4,"Median",3,"Both sexes",188,0,-1,"Total",0,"Not applicable",1,"Model-based Estimates",3,"Projection",8.249
55,"Crude birth rate","Crude birth rate (births per 1,000 population)","World Population Prospects",2024,"United Nations Population Division",276,"Germany","DE","DEU",78,"2027",4,"Median",3,"Both sexes",188,0,-1,"Total",0,"Not applicable",1,"Model-based Estimates",3,"Projection",8.154
55,"Crude birth rate","Crude birth rate (births per 1,000 population)","World Population Prospects",2024,"United Nations Population Division",276,"Germany","DE","DEU",79,"2028",4,"Median",3,"Both sexes",188,0,-1,"Total",0,"Not applicable",1,"Model-based Estimates",3,"Projection",8.081
55,"Crude birth rate","Crude birth rate (births per 1,000 population)","World Population Prospects",2024,"United Nations Population Division",276,"Germany","DE","DEU",80,"2029",4,"Median",3,"Both sexes",188,0,-1,"Total",0,"Not applicable",1,"Model-based Estimates",3,"Projection",7.999
55,"Crude birth rate","Crude birth rate (births per 1,000 population)","World Population Prospects",2024,"United Nations Population Division",276,"Germany","DE","DEU",81,"2030",4,"Median",3,"Both sexes",188,0,-1,"Total",0,"Not applicable",1,"Model-based Estimates",3,"Projection",7.921
55,"Crude birth rate","Crude birth rate (births per 1,000 population)","World Population Prospects",2024,"United Nations Population Division",276,"Germany","DE","DEU",82,"2031",4,"Median",3,"Both sexes",188,0,-1,"Total",0,"Not applicable",1,"Model-based Estimates",3,"Projection",7.868
55,"Crude birth rate","Crude birth rate (births per 1,000 population)","World Population Prospects",2024,"United Nations Population Division",276,"Germany","DE","DEU",83,"2032",4,"Median",3,"Both sexes",188,0,-1,"Total",0,"Not applicable",1,"Model-based Estimates",3,"Projection",7.821
55,"Crude birth rate","Crude birth rate (births per 1,000 population)","World Population Prospects",2024,"United Nations Population Division",276,"Germany","DE","DEU",84,"2033",4,"Median",3,"Both sexes",188,0,-1,"Total",0,"Not applicable",1,"Model-based Estimates",3,"Projection",7.793
55,"Crude birth rate","Crude birth rate (births per 1,000 population)","World Population Prospects",2024,"United Nations Population Division",276,"Germany","DE","DEU",85,"2034",4,"Median",3,"Both sexes",188,0,-1,"Total",0,"Not applicable",1,"Model-based Estimates",3,"Projection",7.796
55,"Crude birth rate","Crude birth rate (births per 1,000 population)","World Population Prospects",2024,"United Nations Population Division",276,"Germany","DE","DEU",86,"2035",4,"Median",3,"Both sexes",188,0,-1,"Total",0,"Not applicable",1,"Model-based Estimates",3,"Projection",7.813
55,"Crude birth rate","Crude birth rate (births per 1,000 population)","World Population Prospects",2024,"United Nations Population Division",276,"Germany","DE","DEU",87,"2036",4,"Median",3,"Both sexes",188,0,-1,"Total",0,"Not applicable",1,"Model-based Estimates",3,"Projection",7.855
55,"Crude birth rate","Crude birth rate (births per 1,000 population)","World Population Prospects",2024,"United Nations Population Division",276,"Germany","DE","DEU",88,"2037",4,"Median",3,"Both sexes",188,0,-1,"Total",0,"Not applicable",1,"Model-based Estimates",3,"Projection",7.884
55,"Crude birth rate","Crude birth rate (births per 1,000 population)","World Population Prospects",2024,"United Nations Population Division",276,"Germany","DE","DEU",89,"2038",4,"Median",3,"Both sexes",188,0,-1,"Total",0,"Not applicable",1,"Model-based Estimates",3,"Projection",7.934
55,"Crude birth rate","Crude birth rate (births per 1,000 population)","World Population Prospects",2024,"United Nations Population Division",276,"Germany","DE","DEU",90,"2039",4,"Median",3,"Both sexes",188,0,-1,"Total",0,"Not applicable",1,"Model-based Estimates",3,"Projection",7.997
55,"Crude birth rate","Crude birth rate (births per 1,000 population)","World Population Prospects",2024,"United Nations Population Division",276,"Germany","DE","DEU",91,"2040",4,"Median",3,"Both sexes",188,0,-1,"Total",0,"Not applicable",1,"Model-based Estimates",3,"Projection",8.057
55,"Crude birth rate","Crude birth rate (births per 1,000 population)","World Population Prospects",2024,"United Nations Population Division",276,"Germany","DE","DEU",92,"2041",4,"Median",3,"Both sexes",188,0,-1,"Total",0,"Not applicable",1,"Model-based Estimates",3,"Projection",8.129
55,"Crude birth rate","Crude birth rate (births per 1,000 population)","World Population Prospects",2024,"United Nations Population Division",276,"Germany","DE","DEU",93,"2042",4,"Median",3,"Both sexes",188,0,-1,"Total",0,"Not applicable",1,"Model-based Estimates",3,"Projection",8.223
55,"Crude birth rate","Crude birth rate (births per 1,000 population)","World Population Prospects",2024,"United Nations Population Division",276,"Germany","DE","DEU",94,"2043",4,"Median",3,"Both sexes",188,0,-1,"Total",0,"Not applicable",1,"Model-based Estimates",3,"Projection",8.312
55,"Crude birth rate","Crude birth rate (births per 1,000 population)","World Population Prospects",2024,"United Nations Population Division",276,"Germany","DE","DEU",95,"2044",4,"Median",3,"Both sexes",188,0,-1,"Total",0,"Not applicable",1,"Model-based Estimates",3,"Projection",8.406
55,"Crude birth rate","Crude birth rate (births per 1,000 population)","World Population Prospects",2024,"United Nations Population Division",276,"Germany","DE","DEU",96,"2045",4,"Median",3,"Both sexes",188,0,-1,"Total",0,"Not applicable",1,"Model-based Estimates",3,"Projection",8.499
55,"Crude birth rate","Crude birth rate (births per 1,000 population)","World Population Prospects",2024,"United Nations Population Division",276,"Germany","DE","DEU",97,"2046",4,"Median",3,"Both sexes",188,0,-1,"Total",0,"Not applicable",1,"Model-based Estimates",3,"Projection",8.59
55,"Crude birth rate","Crude birth rate (births per 1,000 population)","World Population Prospects",2024,"United Nations Population Division",276,"Germany","DE","DEU",98,"2047",4,"Median",3,"Both sexes",188,0,-1,"Total",0,"Not applicable",1,"Model-based Estimates",3,"Projection",8.667
55,"Crude birth rate","Crude birth rate (births per 1,000 population)","World Population Prospects",2024,"United Nations Population Division",276,"Germany","DE","DEU",99,"2048",4,"Median",3,"Both sexes",188,0,-1,"Total",0,"Not applicable",1,"Model-based Estimates",3,"Projection",8.745
55,"Crude birth rate","Crude birth rate (births per 1,000 population)","World Population Prospects",2024,"United Nations Population Division",276,"Germany","DE","DEU",100,"2049",4,"Median",3,"Both sexes",188,0,-1,"Total",0,"Not applicable",1,"Model-based Estimates",3,"Projection",8.788
55,"Crude birth rate","Crude birth rate (births per 1,000 population)","World Population Prospects",2024,"United Nations Population Division",276,"Germany","DE","DEU",101,"2050",4,"Median",3,"Both sexes",188,0,-1,"Total",0,"Not applicable",1,"Model-based Estimates",3,"Projection",8.82
55,"Crude birth rate","Crude birth rate (births per 1,000 population)","World Population Prospects",2024,"United Nations Population Division",276,"Germany","DE","DEU",102,"2051",4,"Median",3,"Both sexes",188,0,-1,"Total",0,"Not applicable",1,"Model-based Estimates",3,"Projection",8.845
55,"Crude birth rate","Crude birth rate (births per 1,000 population)","World Population Prospects",2024,"United Nations Population Division",276,"Germany","DE","DEU",103,"2052",4,"Median",3,"Both sexes",188,0,-1,"Total",0,"Not applicable",1,"Model-based Estimates",3,"Projection",8.861
55,"Crude birth rate","Crude birth rate (births per 1,000 population)","World Population Prospects",2024,"United Nations Population Division",276,"Germany","DE","DEU",104,"2053",4,"Median",3,"Both sexes",188,0,-1,"Total",0,"Not applicable",1,"Model-based Estimates",3,"Projection",8.859
55,"Crude birth rate","Crude birth rate (births per 1,000 population)","World Population Prospects",2024,"United Nations Population Division",276,"Germany","DE","DEU",105,"2054",4,"Median",3,"Both sexes",188,0,-1,"Total",0,"Not applicable",1,"Model-based Estimates",3,"Projection",8.839
55,"Crude birth rate","Crude birth rate (births per 1,000 population)","World Population Prospects",2024,"United Nations Population Division",276,"Germany","DE","DEU",106,"2055",4,"Median",3,"Both sexes",188,0,-1,"Total",0,"Not applicable",1,"Model-based Estimates",3,"Projection",8.809
55,"Crude birth rate","Crude birth rate (births per 1,000 population)","World Population Prospects",2024,"United Nations Population Division",276,"Germany","DE","DEU",107,"2056",4,"Median",3,"Both sexes",188,0,-1,"Total",0,"Not applicable",1,"Model-based Estimates",3,"Projection",8.782
55,"Crude birth rate","Crude birth rate (births per 1,000 population)","World Population Prospects",2024,"United Nations Population Division",276,"Germany","DE","DEU",108,"2057",4,"Median",3,"Both sexes",188,0,-1,"Total",0,"Not applicable",1,"Model-based Estimates",3,"Projection",8.741
55,"Crude birth rate","Crude birth rate (births per 1,000 population)","World Population Prospects",2024,"United Nations Population Division",276,"Germany","DE","DEU",109,"2058",4,"Median",3,"Both sexes",188,0,-1,"Total",0,"Not applicable",1,"Model-based Estimates",3,"Projection",8.688
55,"Crude birth rate","Crude birth rate (births per 1,000 population)","World Population Prospects",2024,"United Nations Population Division",276,"Germany","DE","DEU",110,"2059",4,"Median",3,"Both sexes",188,0,-1,"Total",0,"Not applicable",1,"Model-based Estimates",3,"Projection",8.646
55,"Crude birth rate","Crude birth rate (births per 1,000 population)","World Population Prospects",2024,"United Nations Population Division",276,"Germany","DE","DEU",111,"2060",4,"Median",3,"Both sexes",188,0,-1,"Total",0,"Not applicable",1,"Model-based Estimates",3,"Projection",8.607
55,"Crude birth rate","Crude birth rate (births per 1,000 population)","World Population Prospects",2024,"United Nations Population Division",276,"Germany","DE","DEU",112,"2061",4,"Median",3,"Both sexes",188,0,-1,"Total",0,"Not applicable",1,"Model-based Estimates",3,"Projection",8.564
55,"Crude birth rate","Crude birth rate (births per 1,000 population)","World Population Prospects",2024,"United Nations Population Division",276,"Germany","DE","DEU",113,"2062",4,"Median",3,"Both sexes",188,0,-1,"Total",0,"Not applicable",1,"Model-based Estimates",3,"Projection",8.524
55,"Crude birth rate","Crude birth rate (births per 1,000 population)","World Population Prospects",2024,"United Nations Population Division",276,"Germany","DE","DEU",114,"2063",4,"Median",3,"Both sexes",188,0,-1,"Total",0,"Not applicable",1,"Model-based Estimates",3,"Projection",8.485
55,"Crude birth rate","Crude birth rate (births per 1,000 population)","World Population Prospects",2024,"United Nations Population Division",276,"Germany","DE","DEU",115,"2064",4,"Median",3,"Both sexes",188,0,-1,"Total",0,"Not applicable",1,"Model-based Estimates",3,"Projection",8.465
55,"Crude birth rate","Crude birth rate (births per 1,000 population)","World Population Prospects",2024,"United Nations Population Division",276,"Germany","DE","DEU",116,"2065",4,"Median",3,"Both sexes",188,0,-1,"Total",0,"Not applicable",1,"Model-based Estimates",3,"Projection",8.447
55,"Crude birth rate","Crude birth rate (births per 1,000 population)","World Population Prospects",2024,"United Nations Population Division",276,"Germany","DE","DEU",117,"2066",4,"Median",3,"Both sexes",188,0,-1,"Total",0,"Not applicable",1,"Model-based Estimates",3,"Projection",8.438
55,"Crude birth rate","Crude birth rate (births per 1,000 population)","World Population Prospects",2024,"United Nations Population Division",276,"Germany","DE","DEU",118,"2067",4,"Median",3,"Both sexes",188,0,-1,"Total",0,"Not applicable",1,"Model-based Estimates",3,"Projection",8.424
55,"Crude birth rate","Crude birth rate (births per 1,000 population)","World Population Prospects",2024,"United Nations Population Division",276,"Germany","DE","DEU",119,"2068",4,"Median",3,"Both sexes",188,0,-1,"Total",0,"Not applicable",1,"Model-based Estimates",3,"Projection",8.428
55,"Crude birth rate","Crude birth rate (births per 1,000 population)","World Population Prospects",2024,"United Nations Population Division",276,"Germany","DE","DEU",120,"2069",4,"Median",3,"Both sexes",188,0,-1,"Total",0,"Not applicable",1,"Model-based Estimates",3,"Projection",8.444
55,"Crude birth rate","Crude birth rate (births per 1,000 population)","World Population Prospects",2024,"United Nations Population Division",276,"Germany","DE","DEU",121,"2070",4,"Median",3,"Both sexes",188,0,-1,"Total",0,"Not applicable",1,"Model-based Estimates",3,"Projection",8.459
55,"Crude birth rate","Crude birth rate (births per 1,000 population)","World Population Prospects",2024,"United Nations Population Division",276,"Germany","DE","DEU",122,"2071",4,"Median",3,"Both sexes",188,0,-1,"Total",0,"Not applicable",1,"Model-based Estimates",3,"Projection",8.484
55,"Crude birth rate","Crude birth rate (births per 1,000 population)","World Population Prospects",2024,"United Nations Population Division",276,"Germany","DE","DEU",123,"2072",4,"Median",3,"Both sexes",188,0,-1,"Total",0,"Not applicable",1,"Model-based Estimates",3,"Projection",8.525
55,"Crude birth rate","Crude birth rate (births per 1,000 population)","World Population Prospects",2024,"United Nations Population Division",276,"Germany","DE","DEU",124,"2073",4,"Median",3,"Both sexes",188,0,-1,"Total",0,"Not applicable",1,"Model-based Estimates",3,"Projection",8.574
55,"Crude birth rate","Crude birth rate (births per 1,000 population)","World Population Prospects",2024,"United Nations Population Division",276,"Germany","DE","DEU",125,"2074",4,"Median",3,"Both sexes",188,0,-1,"Total",0,"Not applicable",1,"Model-based Estimates",3,"Projection",8.616
55,"Crude birth rate","Crude birth rate (births per 1,000 population)","World Population Prospects",2024,"United Nations Population Division",276,"Germany","DE","DEU",126,"2075",4,"Median",3,"Both sexes",188,0,-1,"Total",0,"Not applicable",1,"Model-based Estimates",3,"Projection",8.666
55,"Crude birth rate","Crude birth rate (births per 1,000 population)","World Population Prospects",2024,"United Nations Population Division",276,"Germany","DE","DEU",127,"2076",4,"Median",3,"Both sexes",188,0,-1,"Total",0,"Not applicable",1,"Model-based Estimates",3,"Projection",8.725
55,"Crude birth rate","Crude birth rate (births per 1,000 population)","World Population Prospects",2024,"United Nations Population Division",276,"Germany","DE","DEU",128,"2077",4,"Median",3,"Both sexes",188,0,-1,"Total",0,"Not applicable",1,"Model-based Estimates",3,"Projection",8.763
55,"Crude birth rate","Crude birth rate (births per 1,000 population)","World Population Prospects",2024,"United Nations Population Division",276,"Germany","DE","DEU",129,"2078",4,"Median",3,"Both sexes",188,0,-1,"Total",0,"Not applicable",1,"Model-based Estimates",3,"Projection",8.802
55,"Crude birth rate","Crude birth rate (births per 1,000 population)","World Population Prospects",2024,"United Nations Population Division",276,"Germany","DE","DEU",130,"2079",4,"Median",3,"Both sexes",188,0,-1,"Total",0,"Not applicable",1,"Model-based Estimates",3,"Projection",8.844
55,"Crude birth rate","Crude birth rate (births per 1,000 population)","World Population Prospects",2024,"United Nations Population Division",276,"Germany","DE","DEU",131,"2080",4,"Median",3,"Both sexes",188,0,-1,"Total",0,"Not applicable",1,"Model-based Estimates",3,"Projection",8.892
55,"Crude birth rate","Crude birth rate (births per 1,000 population)","World Population Prospects",2024,"United Nations Population Division",276,"Germany","DE","DEU",132,"2081",4,"Median",3,"Both sexes",188,0,-1,"Total",0,"Not applicable",1,"Model-based Estimates",3,"Projection",8.918
55,"Crude birth rate","Crude birth rate (births per 1,000 population)","World Population Prospects",2024,"United Nations Population Division",276,"Germany","DE","DEU",133,"2082",4,"Median",3,"Both sexes",188,0,-1,"Total",0,"Not applicable",1,"Model-based Estimates",3,"Projection",8.931
55,"Crude birth rate","Crude birth rate (births per 1,000 population)","World Population Prospects",2024,"United Nations Population Division",276,"Germany","DE","DEU",134,"2083",4,"Median",3,"Both sexes",188,0,-1,"Total",0,"Not applicable",1,"Model-based Estimates",3,"Projection",8.96
55,"Crude birth rate","Crude birth rate (births per 1,000 population)","World Population Prospects",2024,"United Nations Population Division",276,"Germany","DE","DEU",135,"2084",4,"Median",3,"Both sexes",188,0,-1,"Total",0,"Not applicable",1,"Model-based Estimates",3,"Projection",8.977
55,"Crude birth rate","Crude birth rate (births per 1,000 population)","World Population Prospects",2024,"United Nations Population Division",276,"Germany","DE","DEU",136,"2085",4,"Median",3,"Both sexes",188,0,-1,"Total",0,"Not applicable",1,"Model-based Estimates",3,"Projection",8.973
55,"Crude birth rate","Crude birth rate (births per 1,000 population)","World Population Prospects",2024,"United Nations Population Division",276,"Germany","DE","DEU",137,"2086",4,"Median",3,"Both sexes",188,0,-1,"Total",0,"Not applicable",1,"Model-based Estimates",3,"Projection",8.969
55,"Crude birth rate","Crude birth rate (births per 1,000 population)","World Population Prospects",2024,"United Nations Population Division",276,"Germany","DE","DEU",138,"2087",4,"Median",3,"Both sexes",188,0,-1,"Total",0,"Not applicable",1,"Model-based Estimates",3,"Projection",8.969
55,"Crude birth rate","Crude birth rate (births per 1,000 population)","World Population Prospects",2024,"United Nations Population Division",276,"Germany","DE","DEU",139,"2088",4,"Median",3,"Both sexes",188,0,-1,"Total",0,"Not applicable",1,"Model-based Estimates",3,"Projection",8.948
55,"Crude birth rate","Crude birth rate (births per 1,000 population)","World Population Prospects",2024,"United Nations Population Division",276,"Germany","DE","DEU",140,"2089",4,"Median",3,"Both sexes",188,0,-1,"Total",0,"Not applicable",1,"Model-based Estimates",3,"Projection",8.93
55,"Crude birth rate","Crude birth rate (births per 1,000 population)","World Population Prospects",2024,"United Nations Population Division",276,"Germany","DE","DEU",141,"2090",4,"Median",3,"Both sexes",188,0,-1,"Total",0,"Not applicable",1,"Model-based Estimates",3,"Projection",8.902
55,"Crude birth rate","Crude birth rate (births per 1,000 population)","World Population Prospects",2024,"United Nations Population Division",276,"Germany","DE","DEU",142,"2091",4,"Median",3,"Both sexes",188,0,-1,"Total",0,"Not applicable",1,"Model-based Estimates",3,"Projection",8.884
55,"Crude birth rate","Crude birth rate (births per 1,000 population)","World Population Prospects",2024,"United Nations Population Division",276,"Germany","DE","DEU",143,"2092",4,"Median",3,"Both sexes",188,0,-1,"Total",0,"Not applicable",1,"Model-based Estimates",3,"Projection",8.844
55,"Crude birth rate","Crude birth rate (births per 1,000 population)","World Population Prospects",2024,"United Nations Population Division",276,"Germany","DE","DEU",144,"2093",4,"Median",3,"Both sexes",188,0,-1,"Total",0,"Not applicable",1,"Model-based Estimates",3,"Projection",8.807
55,"Crude birth rate","Crude birth rate (births per 1,000 population)","World Population Prospects",2024,"United Nations Population Division",276,"Germany","DE","DEU",145,"2094",4,"Median",3,"Both sexes",188,0,-1,"Total",0,"Not applicable",1,"Model-based Estimates",3,"Projection",8.761
55,"Crude birth rate","Crude birth rate (births per 1,000 population)","World Population Prospects",2024,"United Nations Population Division",276,"Germany","DE","DEU",146,"2095",4,"Median",3,"Both sexes",188,0,-1,"Total",0,"Not applicable",1,"Model-based Estimates",3,"Projection",8.714
55,"Crude birth rate","Crude birth rate (births per 1,000 population)","World Population Prospects",2024,"United Nations Population Division",276,"Germany","DE","DEU",147,"2096",4,"Median",3,"Both sexes",188,0,-1,"Total",0,"Not applicable",1,"Model-based Estimates",3,"Projection",8.685
55,"Crude birth rate","Crude birth rate (births per 1,000 population)","World Population Prospects",2024,"United Nations Population Division",276,"Germany","DE","DEU",148,"2097",4,"Median",3,"Both sexes",188,0,-1,"Total",0,"Not applicable",1,"Model-based Estimates",3,"Projection",8.65
55,"Crude birth rate","Crude birth rate (births per 1,000 population)","World Population Prospects",2024,"United Nations Population Division",276,"Germany","DE","DEU",149,"2098",4,"Median",3,"Both sexes",188,0,-1,"Total",0,"Not applicable",1,"Model-based Estimates",3,"Projection",8.635
55,"Crude birth rate","Crude birth rate (births per 1,000 population)","World Population Prospects",2024,"United Nations Population Division",276,"Germany","DE","DEU",150,"2099",4,"Median",3,"Both sexes",188,0,-1,"Total",0,"Not applicable",1,"Model-based Estimates",3,"Projection",8.615
55,"Crude birth rate","Crude birth rate (births per 1,000 population)","World Population Prospects",2024,"United Nations Population Division",276,"Germany","DE","DEU",151,"2100",4,"Median",3,"Both sexes",188,0,-1,"Total",0,"Not applicable",1,"Model-based Estimates",3,"Projection",8.6
55,"Crude birth rate","Crude birth rate (births per 1,000 population)","World Population Prospects",2024,"United Nations Population Division",300,"Greece","GR","GRC",41,"1990",4,"Median",3,"Both sexes",188,0,-1,"Total",0,"Not applicable",1,"Model-based Estimates",2,"Interpolation",10.57
55,"Crude birth rate","Crude birth rate (births per 1,000 population)","World Population Prospects",2024,"United Nations Population Division",300,"Greece","GR","GRC",42,"1991",4,"Median",3,"Both sexes",188,0,-1,"Total",0,"Not applicable",1,"Model-based Estimates",2,"Interpolation",10.543
55,"Crude birth rate","Crude birth rate (births per 1,000 population)","World Population Prospects",2024,"United Nations Population Division",300,"Greece","GR","GRC",43,"1992",4,"Median",3,"Both sexes",188,0,-1,"Total",0,"Not applicable",1,"Model-based Estimates",2,"Interpolation",10.535
55,"Crude birth rate","Crude birth rate (births per 1,000 population)","World Population Prospects",2024,"United Nations Population Division",300,"Greece","GR","GRC",44,"1993",4,"Median",3,"Both sexes",188,0,-1,"Total",0,"Not applicable",1,"Model-based Estimates",2,"Interpolation",10.386
55,"Crude birth rate","Crude birth rate (births per 1,000 population)","World Population Prospects",2024,"United Nations Population Division",300,"Greece","GR","GRC",45,"1994",4,"Median",3,"Both sexes",188,0,-1,"Total",0,"Not applicable",1,"Model-based Estimates",2,"Interpolation",10.345
55,"Crude birth rate","Crude birth rate (births per 1,000 population)","World Population Prospects",2024,"United Nations Population Division",300,"Greece","GR","GRC",46,"1995",4,"Median",3,"Both sexes",188,0,-1,"Total",0,"Not applicable",1,"Model-based Estimates",2,"Interpolation",10.182
55,"Crude birth rate","Crude birth rate (births per 1,000 population)","World Population Prospects",2024,"United Nations Population Division",300,"Greece","GR","GRC",47,"1996",4,"Median",3,"Both sexes",188,0,-1,"Total",0,"Not applicable",1,"Model-based Estimates",2,"Interpolation",10.072
55,"Crude birth rate","Crude birth rate (births per 1,000 population)","World Population Prospects",2024,"United Nations Population Division",300,"Greece","GR","GRC",48,"1997",4,"Median",3,"Both sexes",188,0,-1,"Total",0,"Not applicable",1,"Model-based Estimates",2,"Interpolation",10.049
55,"Crude birth rate","Crude birth rate (births per 1,000 population)","World Population Prospects",2024,"United Nations Population Division",300,"Greece","GR","GRC",49,"1998",4,"Median",3,"Both sexes",188,0,-1,"Total",0,"Not applicable",1,"Model-based Estimates",2,"Interpolation",9.936
55,"Crude birth rate","Crude birth rate (births per 1,000 population)","World Population Prospects",2024,"United Nations Population Division",300,"Greece","GR","GRC",50,"1999",4,"Median",3,"Both sexes",188,0,-1,"Total",0,"Not applicable",1,"Model-based Estimates",2,"Interpolation",9.856
55,"Crude birth rate","Crude birth rate (births per 1,000 population)","World Population Prospects",2024,"United Nations Population Division",300,"Greece","GR","GRC",51,"2000",4,"Median",3,"Both sexes",188,0,-1,"Total",0,"Not applicable",1,"Model-based Estimates",2,"Interpolation",9.897
55,"Crude birth rate","Crude birth rate (births per 1,000 population)","World Population Prospects",2024,"United Nations Population Division",300,"Greece","GR","GRC",52,"2001",4,"Median",3,"Both sexes",188,0,-1,"Total",0,"Not applicable",1,"Model-based Estimates",2,"Interpolation",9.849
55,"Crude birth rate","Crude birth rate (births per 1,000 population)","World Population Prospects",2024,"United Nations Population Division",300,"Greece","GR","GRC",53,"2002",4,"Median",3,"Both sexes",188,0,-1,"Total",0,"Not applicable",1,"Model-based Estimates",2,"Interpolation",9.891
55,"Crude birth rate","Crude birth rate (births per 1,000 population)","World Population Prospects",2024,"United Nations Population Division",300,"Greece","GR","GRC",54,"2003",4,"Median",3,"Both sexes",188,0,-1,"Total",0,"Not applicable",1,"Model-based Estimates",2,"Interpolation",9.829
55,"Crude birth rate","Crude birth rate (births per 1,000 population)","World Population Prospects",2024,"United Nations Population Division",300,"Greece","GR","GRC",55,"2004",4,"Median",3,"Both sexes",188,0,-1,"Total",0,"Not applicable",1,"Model-based Estimates",2,"Interpolation",9.829
55,"Crude birth rate","Crude birth rate (births per 1,000 population)","World Population Prospects",2024,"United Nations Population Division",300,"Greece","GR","GRC",56,"2005",4,"Median",3,"Both sexes",188,0,-1,"Total",0,"Not applicable",1,"Model-based Estimates",2,"Interpolation",9.904
55,"Crude birth rate","Crude birth rate (births per 1,000 population)","World Population Prospects",2024,"United Nations Population Division",300,"Greece","GR","GRC",57,"2006",4,"Median",3,"Both sexes",188,0,-1,"Total",0,"Not applicable",1,"Model-based Estimates",2,"Interpolation",10.16
55,"Crude birth rate","Crude birth rate (births per 1,000 population)","World Population Prospects",2024,"United Nations Population Division",300,"Greece","GR","GRC",58,"2007",4,"Median",3,"Both sexes",188,0,-1,"Total",0,"Not applicable",1,"Model-based Estimates",2,"Interpolation",10.165
55,"Crude birth rate","Crude birth rate (births per 1,000 population)","World Population Prospects",2024,"United Nations Population Division",300,"Greece","GR","GRC",59,"2008",4,"Median",3,"Both sexes",188,0,-1,"Total",0,"Not applicable",1,"Model-based Estimates",2,"Interpolation",10.625
55,"Crude birth rate","Crude birth rate (births per 1,000 population)","World Population Prospects",2024,"United Nations Population Division",300,"Greece","GR","GRC",60,"2009",4,"Median",3,"Both sexes",188,0,-1,"Total",0,"Not applicable",1,"Model-based Estimates",2,"Interpolation",10.615
55,"Crude birth rate","Crude birth rate (births per 1,000 population)","World Population Prospects",2024,"United Nations Population Division",300,"Greece","GR","GRC",61,"2010",4,"Median",3,"Both sexes",188,0,-1,"Total",0,"Not applicable",1,"Model-based Estimates",2,"Interpolation",10.333
55,"Crude birth rate","Crude birth rate (births per 1,000 population)","World Population Prospects",2024,"United Nations Population Division",300,"Greece","GR","GRC",62,"2011",4,"Median",3,"Both sexes",188,0,-1,"Total",0,"Not applicable",1,"Model-based Estimates",2,"Interpolation",9.6
55,"Crude birth rate","Crude birth rate (births per 1,000 population)","World Population Prospects",2024,"United Nations Population Division",300,"Greece","GR","GRC",63,"2012",4,"Median",3,"Both sexes",188,0,-1,"Total",0,"Not applicable",1,"Model-based Estimates",2,"Interpolation",9.121
55,"Crude birth rate","Crude birth rate (births per 1,000 population)","World Population Prospects",2024,"United Nations Population Division",300,"Greece","GR","GRC",64,"2013",4,"Median",3,"Both sexes",188,0,-1,"Total",0,"Not applicable",1,"Model-based Estimates",2,"Interpolation",8.61
55,"Crude birth rate","Crude birth rate (births per 1,000 population)","World Population Prospects",2024,"United Nations Population Division",300,"Greece","GR","GRC",65,"2014",4,"Median",3,"Both sexes",188,0,-1,"Total",0,"Not applicable",1,"Model-based Estimates",2,"Interpolation",8.482
55,"Crude birth rate","Crude birth rate (births per 1,000 population)","World Population Prospects",2024,"United Nations Population Division",300,"Greece","GR","GRC",66,"2015",4,"Median",3,"Both sexes",188,0,-1,"Total",0,"Not applicable",1,"Model-based Estimates",2,"Interpolation",8.507
55,"Crude birth rate","Crude birth rate (births per 1,000 population)","World Population Prospects",2024,"United Nations Population Division",300,"Greece","GR","GRC",67,"2016",4,"Median",3,"Both sexes",188,0,-1,"Total",0,"Not applicable",1,"Model-based Estimates",2,"Interpolation",8.632
55,"Crude birth rate","Crude birth rate (births per 1,000 population)","World Population Prospects",2024,"United Nations Population Division",300,"Greece","GR","GRC",68,"2017",4,"Median",3,"Both sexes",188,0,-1,"Total",0,"Not applicable",1,"Model-based Estimates",2,"Interpolation",8.234
55,"Crude birth rate","Crude birth rate (births per 1,000 population)","World Population Prospects",2024,"United Nations Population Division",300,"Greece","GR","GRC",69,"2018",4,"Median",3,"Both sexes",188,0,-1,"Total",0,"Not applicable",1,"Model-based Estimates",2,"Interpolation",8.054
55,"Crude birth rate","Crude birth rate (births per 1,000 population)","World Population Prospects",2024,"United Nations Population Division",300,"Greece","GR","GRC",70,"2019",4,"Median",3,"Both sexes",188,0,-1,"Total",0,"Not applicable",1,"Model-based Estimates",2,"Interpolation",7.798
55,"Crude birth rate","Crude birth rate (births per 1,000 population)","World Population Prospects",2024,"United Nations Population Division",300,"Greece","GR","GRC",71,"2020",4,"Median",3,"Both sexes",188,0,-1,"Total",0,"Not applicable",1,"Model-based Estimates",2,"Interpolation",7.921
55,"Crude birth rate","Crude birth rate (births per 1,000 population)","World Population Prospects",2024,"United Nations Population Division",300,"Greece","GR","GRC",72,"2021",4,"Median",3,"Both sexes",188,0,-1,"Total",0,"Not applicable",1,"Model-based Estimates",2,"Interpolation",8.144
55,"Crude birth rate","Crude birth rate (births per 1,000 population)","World Population Prospects",2024,"United Nations Population Division",300,"Greece","GR","GRC",73,"2022",4,"Median",3,"Both sexes",188,0,-1,"Total",0,"Not applicable",1,"Model-based Estimates",2,"Interpolation",7.123
55,"Crude birth rate","Crude birth rate (births per 1,000 population)","World Population Prospects",2024,"United Nations Population Division",300,"Greece","GR","GRC",74,"2023",4,"Median",3,"Both sexes",188,0,-1,"Total",0,"Not applicable",1,"Model-based Estimates",2,"Interpolation",7.191
55,"Crude birth rate","Crude birth rate (births per 1,000 population)","World Population Prospects",2024,"United Nations Population Division",300,"Greece","GR","GRC",75,"2024",4,"Median",3,"Both sexes",188,0,-1,"Total",0,"Not applicable",1,"Model-based Estimates",3,"Projection",7.107
55,"Crude birth rate","Crude birth rate (births per 1,000 population)","World Population Prospects",2024,"United Nations Population Division",300,"Greece","GR","GRC",76,"2025",4,"Median",3,"Both sexes",188,0,-1,"Total",0,"Not applicable",1,"Model-based Estimates",3,"Projection",6.857
55,"Crude birth rate","Crude birth rate (births per 1,000 population)","World Population Prospects",2024,"United Nations Population Division",300,"Greece","GR","GRC",77,"2026",4,"Median",3,"Both sexes",188,0,-1,"Total",0,"Not applicable",1,"Model-based Estimates",3,"Projection",6.806
55,"Crude birth rate","Crude birth rate (births per 1,000 population)","World Population Prospects",2024,"United Nations Population Division",300,"Greece","GR","GRC",78,"2027",4,"Median",3,"Both sexes",188,0,-1,"Total",0,"Not applicable",1,"Model-based Estimates",3,"Projection",6.774
55,"Crude birth rate","Crude birth rate (births per 1,000 population)","World Population Prospects",2024,"United Nations Population Division",300,"Greece","GR","GRC",79,"2028",4,"Median",3,"Both sexes",188,0,-1,"Total",0,"Not applicable",1,"Model-based Estimates",3,"Projection",6.761
55,"Crude birth rate","Crude birth rate (births per 1,000 population)","World Population Prospects",2024,"United Nations Population Division",300,"Greece","GR","GRC",80,"2029",4,"Median",3,"Both sexes",188,0,-1,"Total",0,"Not applicable",1,"Model-based Estimates",3,"Projection",6.756
55,"Crude birth rate","Crude birth rate (births per 1,000 population)","World Population Prospects",2024,"United Nations Population Division",300,"Greece","GR","GRC",81,"2030",4,"Median",3,"Both sexes",188,0,-1,"Total",0,"Not applicable",1,"Model-based Estimates",3,"Projection",6.769
55,"Crude birth rate","Crude birth rate (births per 1,000 population)","World Population Prospects",2024,"United Nations Population Division",300,"Greece","GR","GRC",82,"2031",4,"Median",3,"Both sexes",188,0,-1,"Total",0,"Not applicable",1,"Model-based Estimates",3,"Projection",6.795
55,"Crude birth rate","Crude birth rate (births per 1,000 population)","World Population Prospects",2024,"United Nations Population Division",300,"Greece","GR","GRC",83,"2032",4,"Median",3,"Both sexes",188,0,-1,"Total",0,"Not applicable",1,"Model-based Estimates",3,"Projection",6.845
55,"Crude birth rate","Crude birth rate (births per 1,000 population)","World Population Prospects",2024,"United Nations Population Division",300,"Greece","GR","GRC",84,"2033",4,"Median",3,"Both sexes",188,0,-1,"Total",0,"Not applicable",1,"Model-based Estimates",3,"Projection",6.908
55,"Crude birth rate","Crude birth rate (births per 1,000 population)","World Population Prospects",2024,"United Nations Population Division",300,"Greece","GR","GRC",85,"2034",4,"Median",3,"Both sexes",188,0,-1,"Total",0,"Not applicable",1,"Model-based Estimates",3,"Projection",7.006
55,"Crude birth rate","Crude birth rate (births per 1,000 population)","World Population Prospects",2024,"United Nations Population Division",300,"Greece","GR","GRC",86,"2035",4,"Median",3,"Both sexes",188,0,-1,"Total",0,"Not applicable",1,"Model-based Estimates",3,"Projection",7.118
55,"Crude birth rate","Crude birth rate (births per 1,000 population)","World Population Prospects",2024,"United Nations Population Division",300,"Greece","GR","GRC",87,"2036",4,"Median",3,"Both sexes",188,0,-1,"Total",0,"Not applicable",1,"Model-based Estimates",3,"Projection",7.241
55,"Crude birth rate","Crude birth rate (births per 1,000 population)","World Population Prospects",2024,"United Nations Population Division",300,"Greece","GR","GRC",88,"2037",4,"Median",3,"Both sexes",188,0,-1,"Total",0,"Not applicable",1,"Model-based Estimates",3,"Projection",7.364
55,"Crude birth rate","Crude birth rate (births per 1,000 population)","World Population Prospects",2024,"United Nations Population Division",300,"Greece","GR","GRC",89,"2038",4,"Median",3,"Both sexes",188,0,-1,"Total",0,"Not applicable",1,"Model-based Estimates",3,"Projection",7.491
55,"Crude birth rate","Crude birth rate (births per 1,000 population)","World Population Prospects",2024,"United Nations Population Division",300,"Greece","GR","GRC",90,"2039",4,"Median",3,"Both sexes",188,0,-1,"Total",0,"Not applicable",1,"Model-based Estimates",3,"Projection",7.602
55,"Crude birth rate","Crude birth rate (births per 1,000 population)","World Population Prospects",2024,"United Nations Population Division",300,"Greece","GR","GRC",91,"2040",4,"Median",3,"Both sexes",188,0,-1,"Total",0,"Not applicable",1,"Model-based Estimates",3,"Projection",7.697
55,"Crude birth rate","Crude birth rate (births per 1,000 population)","World Population Prospects",2024,"United Nations Population Division",300,"Greece","GR","GRC",92,"2041",4,"Median",3,"Both sexes",188,0,-1,"Total",0,"Not applicable",1,"Model-based Estimates",3,"Projection",7.794
55,"Crude birth rate","Crude birth rate (births per 1,000 population)","World Population Prospects",2024,"United Nations Population Division",300,"Greece","GR","GRC",93,"2042",4,"Median",3,"Both sexes",188,0,-1,"Total",0,"Not applicable",1,"Model-based Estimates",3,"Projection",7.874
55,"Crude birth rate","Crude birth rate (births per 1,000 population)","World Population Prospects",2024,"United Nations Population Division",300,"Greece","GR","GRC",94,"2043",4,"Median",3,"Both sexes",188,0,-1,"Total",0,"Not applicable",1,"Model-based Estimates",3,"Projection",7.922
55,"Crude birth rate","Crude birth rate (births per 1,000 population)","World Population Prospects",2024,"United Nations Population Division",300,"Greece","GR","GRC",95,"2044",4,"Median",3,"Both sexes",188,0,-1,"Total",0,"Not applicable",1,"Model-based Estimates",3,"Projection",7.948
55,"Crude birth rate","Crude birth rate (births per 1,000 population)","World Population Prospects",2024,"United Nations Population Division",300,"Greece","GR","GRC",96,"2045",4,"Median",3,"Both sexes",188,0,-1,"Total",0,"Not applicable",1,"Model-based Estimates",3,"Projection",7.949
55,"Crude birth rate","Crude birth rate (births per 1,000 population)","World Population Prospects",2024,"United Nations Population Division",300,"Greece","GR","GRC",97,"2046",4,"Median",3,"Both sexes",188,0,-1,"Total",0,"Not applicable",1,"Model-based Estimates",3,"Projection",7.916
55,"Crude birth rate","Crude birth rate (births per 1,000 population)","World Population Prospects",2024,"United Nations Population Division",300,"Greece","GR","GRC",98,"2047",4,"Median",3,"Both sexes",188,0,-1,"Total",0,"Not applicable",1,"Model-based Estimates",3,"Projection",7.868
55,"Crude birth rate","Crude birth rate (births per 1,000 population)","World Population Prospects",2024,"United Nations Population Division",300,"Greece","GR","GRC",99,"2048",4,"Median",3,"Both sexes",188,0,-1,"Total",0,"Not applicable",1,"Model-based Estimates",3,"Projection",7.797
55,"Crude birth rate","Crude birth rate (births per 1,000 population)","World Population Prospects",2024,"United Nations Population Division",300,"Greece","GR","GRC",100,"2049",4,"Median",3,"Both sexes",188,0,-1,"Total",0,"Not applicable",1,"Model-based Estimates",3,"Projection",7.719
55,"Crude birth rate","Crude birth rate (births per 1,000 population)","World Population Prospects",2024,"United Nations Population Division",300,"Greece","GR","GRC",101,"2050",4,"Median",3,"Both sexes",188,0,-1,"Total",0,"Not applicable",1,"Model-based Estimates",3,"Projection",7.624
55,"Crude birth rate","Crude birth rate (births per 1,000 population)","World Population Prospects",2024,"United Nations Population Division",300,"Greece","GR","GRC",102,"2051",4,"Median",3,"Both sexes",188,0,-1,"Total",0,"Not applicable",1,"Model-based Estimates",3,"Projection",7.522
55,"Crude birth rate","Crude birth rate (births per 1,000 population)","World Population Prospects",2024,"United Nations Population Division",300,"Greece","GR","GRC",103,"2052",4,"Median",3,"Both sexes",188,0,-1,"Total",0,"Not applicable",1,"Model-based Estimates",3,"Projection",7.415
55,"Crude birth rate","Crude birth rate (births per 1,000 population)","World Population Prospects",2024,"United Nations Population Division",300,"Greece","GR","GRC",104,"2053",4,"Median",3,"Both sexes",188,0,-1,"Total",0,"Not applicable",1,"Model-based Estimates",3,"Projection",7.306
55,"Crude birth rate","Crude birth rate (births per 1,000 population)","World Population Prospects",2024,"United Nations Population Division",300,"Greece","GR","GRC",105,"2054",4,"Median",3,"Both sexes",188,0,-1,"Total",0,"Not applicable",1,"Model-based Estimates",3,"Projection",7.216
55,"Crude birth rate","Crude birth rate (births per 1,000 population)","World Population Prospects",2024,"United Nations Population Division",300,"Greece","GR","GRC",106,"2055",4,"Median",3,"Both sexes",188,0,-1,"Total",0,"Not applicable",1,"Model-based Estimates",3,"Projection",7.124
55,"Crude birth rate","Crude birth rate (births per 1,000 population)","World Population Prospects",2024,"United Nations Population Division",300,"Greece","GR","GRC",107,"2056",4,"Median",3,"Both sexes",188,0,-1,"Total",0,"Not applicable",1,"Model-based Estimates",3,"Projection",7.038
55,"Crude birth rate","Crude birth rate (births per 1,000 population)","World Population Prospects",2024,"United Nations Population Division",300,"Greece","GR","GRC",108,"2057",4,"Median",3,"Both sexes",188,0,-1,"Total",0,"Not applicable",1,"Model-based Estimates",3,"Projection",6.952
55,"Crude birth rate","Crude birth rate (births per 1,000 population)","World Population Prospects",2024,"United Nations Population Division",300,"Greece","GR","GRC",109,"2058",4,"Median",3,"Both sexes",188,0,-1,"Total",0,"Not applicable",1,"Model-based Estimates",3,"Projection",6.883
55,"Crude birth rate","Crude birth rate (births per 1,000 population)","World Population Prospects",2024,"United Nations Population Division",300,"Greece","GR","GRC",110,"2059",4,"Median",3,"Both sexes",188,0,-1,"Total",0,"Not applicable",1,"Model-based Estimates",3,"Projection",6.831
55,"Crude birth rate","Crude birth rate (births per 1,000 population)","World Population Prospects",2024,"United Nations Population Division",300,"Greece","GR","GRC",111,"2060",4,"Median",3,"Both sexes",188,0,-1,"Total",0,"Not applicable",1,"Model-based Estimates",3,"Projection",6.795
55,"Crude birth rate","Crude birth rate (births per 1,000 population)","World Population Prospects",2024,"United Nations Population Division",300,"Greece","GR","GRC",112,"2061",4,"Median",3,"Both sexes",188,0,-1,"Total",0,"Not applicable",1,"Model-based Estimates",3,"Projection",6.782
55,"Crude birth rate","Crude birth rate (births per 1,000 population)","World Population Prospects",2024,"United Nations Population Division",300,"Greece","GR","GRC",113,"2062",4,"Median",3,"Both sexes",188,0,-1,"Total",0,"Not applicable",1,"Model-based Estimates",3,"Projection",6.77
55,"Crude birth rate","Crude birth rate (births per 1,000 population)","World Population Prospects",2024,"United Nations Population Division",300,"Greece","GR","GRC",114,"2063",4,"Median",3,"Both sexes",188,0,-1,"Total",0,"Not applicable",1,"Model-based Estimates",3,"Projection",6.785
55,"Crude birth rate","Crude birth rate (births per 1,000 population)","World Population Prospects",2024,"United Nations Population Division",300,"Greece","GR","GRC",115,"2064",4,"Median",3,"Both sexes",188,0,-1,"Total",0,"Not applicable",1,"Model-based Estimates",3,"Projection",6.807
55,"Crude birth rate","Crude birth rate (births per 1,000 population)","World Population Prospects",2024,"United Nations Population Division",300,"Greece","GR","GRC",116,"2065",4,"Median",3,"Both sexes",188,0,-1,"Total",0,"Not applicable",1,"Model-based Estimates",3,"Projection",6.845
55,"Crude birth rate","Crude birth rate (births per 1,000 population)","World Population Prospects",2024,"United Nations Population Division",300,"Greece","GR","GRC",117,"2066",4,"Median",3,"Both sexes",188,0,-1,"Total",0,"Not applicable",1,"Model-based Estimates",3,"Projection",6.901
55,"Crude birth rate","Crude birth rate (births per 1,000 population)","World Population Prospects",2024,"United Nations Population Division",300,"Greece","GR","GRC",118,"2067",4,"Median",3,"Both sexes",188,0,-1,"Total",0,"Not applicable",1,"Model-based Estimates",3,"Projection",6.961
55,"Crude birth rate","Crude birth rate (births per 1,000 population)","World Population Prospects",2024,"United Nations Population Division",300,"Greece","GR","GRC",119,"2068",4,"Median",3,"Both sexes",188,0,-1,"Total",0,"Not applicable",1,"Model-based Estimates",3,"Projection",7.038
55,"Crude birth rate","Crude birth rate (births per 1,000 population)","World Population Prospects",2024,"United Nations Population Division",300,"Greece","GR","GRC",120,"2069",4,"Median",3,"Both sexes",188,0,-1,"Total",0,"Not applicable",1,"Model-based Estimates",3,"Projection",7.121
55,"Crude birth rate","Crude birth rate (births per 1,000 population)","World Population Prospects",2024,"United Nations Population Division",300,"Greece","GR","GRC",121,"2070",4,"Median",3,"Both sexes",188,0,-1,"Total",0,"Not applicable",1,"Model-based Estimates",3,"Projection",7.212
55,"Crude birth rate","Crude birth rate (births per 1,000 population)","World Population Prospects",2024,"United Nations Population Division",300,"Greece","GR","GRC",122,"2071",4,"Median",3,"Both sexes",188,0,-1,"Total",0,"Not applicable",1,"Model-based Estimates",3,"Projection",7.298
55,"Crude birth rate","Crude birth rate (births per 1,000 population)","World Population Prospects",2024,"United Nations Population Division",300,"Greece","GR","GRC",123,"2072",4,"Median",3,"Both sexes",188,0,-1,"Total",0,"Not applicable",1,"Model-based Estimates",3,"Projection",7.382
55,"Crude birth rate","Crude birth rate (births per 1,000 population)","World Population Prospects",2024,"United Nations Population Division",300,"Greece","GR","GRC",124,"2073",4,"Median",3,"Both sexes",188,0,-1,"Total",0,"Not applicable",1,"Model-based Estimates",3,"Projection",7.457
55,"Crude birth rate","Crude birth rate (births per 1,000 population)","World Population Prospects",2024,"United Nations Population Division",300,"Greece","GR","GRC",125,"2074",4,"Median",3,"Both sexes",188,0,-1,"Total",0,"Not applicable",1,"Model-based Estimates",3,"Projection",7.518
55,"Crude birth rate","Crude birth rate (births per 1,000 population)","World Population Prospects",2024,"United Nations Population Division",300,"Greece","GR","GRC",126,"2075",4,"Median",3,"Both sexes",188,0,-1,"Total",0,"Not applicable",1,"Model-based Estimates",3,"Projection",7.581
55,"Crude birth rate","Crude birth rate (births per 1,000 population)","World Population Prospects",2024,"United Nations Population Division",300,"Greece","GR","GRC",127,"2076",4,"Median",3,"Both sexes",188,0,-1,"Total",0,"Not applicable",1,"Model-based Estimates",3,"Projection",7.636
55,"Crude birth rate","Crude birth rate (births per 1,000 population)","World Population Prospects",2024,"United Nations Population Division",300,"Greece","GR","GRC",128,"2077",4,"Median",3,"Both sexes",188,0,-1,"Total",0,"Not applicable",1,"Model-based Estimates",3,"Projection",7.689
55,"Crude birth rate","Crude birth rate (births per 1,000 population)","World Population Prospects",2024,"United Nations Population Division",300,"Greece","GR","GRC",129,"2078",4,"Median",3,"Both sexes",188,0,-1,"Total",0,"Not applicable",1,"Model-based Estimates",3,"Projection",7.725
55,"Crude birth rate","Crude birth rate (births per 1,000 population)","World Population Prospects",2024,"United Nations Population Division",300,"Greece","GR","GRC",130,"2079",4,"Median",3,"Both sexes",188,0,-1,"Total",0,"Not applicable",1,"Model-based Estimates",3,"Projection",7.73
55,"Crude birth rate","Crude birth rate (births per 1,000 population)","World Population Prospects",2024,"United Nations Population Division",300,"Greece","GR","GRC",131,"2080",4,"Median",3,"Both sexes",188,0,-1,"Total",0,"Not applicable",1,"Model-based Estimates",3,"Projection",7.73
55,"Crude birth rate","Crude birth rate (births per 1,000 population)","World Population Prospects",2024,"United Nations Population Division",300,"Greece","GR","GRC",132,"2081",4,"Median",3,"Both sexes",188,0,-1,"Total",0,"Not applicable",1,"Model-based Estimates",3,"Projection",7.713
55,"Crude birth rate","Crude birth rate (births per 1,000 population)","World Population Prospects",2024,"United Nations Population Division",300,"Greece","GR","GRC",133,"2082",4,"Median",3,"Both sexes",188,0,-1,"Total",0,"Not applicable",1,"Model-based Estimates",3,"Projection",7.69
55,"Crude birth rate","Crude birth rate (births per 1,000 population)","World Population Prospects",2024,"United Nations Population Division",300,"Greece","GR","GRC",134,"2083",4,"Median",3,"Both sexes",188,0,-1,"Total",0,"Not applicable",1,"Model-based Estimates",3,"Projection",7.661
55,"Crude birth rate","Crude birth rate (births per 1,000 population)","World Population Prospects",2024,"United Nations Population Division",300,"Greece","GR","GRC",135,"2084",4,"Median",3,"Both sexes",188,0,-1,"Total",0,"Not applicable",1,"Model-based Estimates",3,"Projection",7.604
55,"Crude birth rate","Crude birth rate (births per 1,000 population)","World Population Prospects",2024,"United Nations Population Division",300,"Greece","GR","GRC",136,"2085",4,"Median",3,"Both sexes",188,0,-1,"Total",0,"Not applicable",1,"Model-based Estimates",3,"Projection",7.554
55,"Crude birth rate","Crude birth rate (births per 1,000 population)","World Population Prospects",2024,"United Nations Population Division",300,"Greece","GR","GRC",137,"2086",4,"Median",3,"Both sexes",188,0,-1,"Total",0,"Not applicable",1,"Model-based Estimates",3,"Projection",7.49
55,"Crude birth rate","Crude birth rate (births per 1,000 population)","World Population Prospects",2024,"United Nations Population Division",300,"Greece","GR","GRC",138,"2087",4,"Median",3,"Both sexes",188,0,-1,"Total",0,"Not applicable",1,"Model-based Estimates",3,"Projection",7.427
55,"Crude birth rate","Crude birth rate (births per 1,000 population)","World Population Prospects",2024,"United Nations Population Division",300,"Greece","GR","GRC",139,"2088",4,"Median",3,"Both sexes",188,0,-1,"Total",0,"Not applicable",1,"Model-based Estimates",3,"Projection",7.366
55,"Crude birth rate","Crude birth rate (births per 1,000 population)","World Population Prospects",2024,"United Nations Population Division",300,"Greece","GR","GRC",140,"2089",4,"Median",3,"Both sexes",188,0,-1,"Total",0,"Not applicable",1,"Model-based Estimates",3,"Projection",7.289
55,"Crude birth rate","Crude birth rate (births per 1,000 population)","World Population Prospects",2024,"United Nations Population Division",300,"Greece","GR","GRC",141,"2090",4,"Median",3,"Both sexes",188,0,-1,"Total",0,"Not applicable",1,"Model-based Estimates",3,"Projection",7.221
55,"Crude birth rate","Crude birth rate (births per 1,000 population)","World Population Prospects",2024,"United Nations Population Division",300,"Greece","GR","GRC",142,"2091",4,"Median",3,"Both sexes",188,0,-1,"Total",0,"Not applicable",1,"Model-based Estimates",3,"Projection",7.171
55,"Crude birth rate","Crude birth rate (births per 1,000 population)","World Population Prospects",2024,"United Nations Population Division",300,"Greece","GR","GRC",143,"2092",4,"Median",3,"Both sexes",188,0,-1,"Total",0,"Not applicable",1,"Model-based Estimates",3,"Projection",7.115
55,"Crude birth rate","Crude birth rate (births per 1,000 population)","World Population Prospects",2024,"United Nations Population Division",300,"Greece","GR","GRC",144,"2093",4,"Median",3,"Both sexes",188,0,-1,"Total",0,"Not applicable",1,"Model-based Estimates",3,"Projection",7.069
55,"Crude birth rate","Crude birth rate (births per 1,000 population)","World Population Prospects",2024,"United Nations Population Division",300,"Greece","GR","GRC",145,"2094",4,"Median",3,"Both sexes",188,0,-1,"Total",0,"Not applicable",1,"Model-based Estimates",3,"Projection",7.039
55,"Crude birth rate","Crude birth rate (births per 1,000 population)","World Population Prospects",2024,"United Nations Population Division",300,"Greece","GR","GRC",146,"2095",4,"Median",3,"Both sexes",188,0,-1,"Total",0,"Not applicable",1,"Model-based Estimates",3,"Projection",7.013
55,"Crude birth rate","Crude birth rate (births per 1,000 population)","World Population Prospects",2024,"United Nations Population Division",300,"Greece","GR","GRC",147,"2096",4,"Median",3,"Both sexes",188,0,-1,"Total",0,"Not applicable",1,"Model-based Estimates",3,"Projection",6.991
55,"Crude birth rate","Crude birth rate (births per 1,000 population)","World Population Prospects",2024,"United Nations Population Division",300,"Greece","GR","GRC",148,"2097",4,"Median",3,"Both sexes",188,0,-1,"Total",0,"Not applicable",1,"Model-based Estimates",3,"Projection",6.98
55,"Crude birth rate","Crude birth rate (births per 1,000 population)","World Population Prospects",2024,"United Nations Population Division",300,"Greece","GR","GRC",149,"2098",4,"Median",3,"Both sexes",188,0,-1,"Total",0,"Not applicable",1,"Model-based Estimates",3,"Projection",6.986
55,"Crude birth rate","Crude birth rate (births per 1,000 population)","World Population Prospects",2024,"United Nations Population Division",300,"Greece","GR","GRC",150,"2099",4,"Median",3,"Both sexes",188,0,-1,"Total",0,"Not applicable",1,"Model-based Estimates",3,"Projection",6.995
55,"Crude birth rate","Crude birth rate (births per 1,000 population)","World Population Prospects",2024,"United Nations Population Division",300,"Greece","GR","GRC",151,"2100",4,"Median",3,"Both sexes",188,0,-1,"Total",0,"Not applicable",1,"Model-based Estimates",3,"Projection",7.009
55,"Crude birth rate","Crude birth rate (births per 1,000 population)","World Population Prospects",2024,"United Nations Population Division",348,"Hungary","HU","HUN",41,"1990",4,"Median",3,"Both sexes",188,0,-1,"Total",0,"Not applicable",1,"Model-based Estimates",2,"Interpolation",12.032
55,"Crude birth rate","Crude birth rate (births per 1,000 population)","World Population Prospects",2024,"United Nations Population Division",348,"Hungary","HU","HUN",42,"1991",4,"Median",3,"Both sexes",188,0,-1,"Total",0,"Not applicable",1,"Model-based Estimates",2,"Interpolation",12.171
55,"Crude birth rate","Crude birth rate (births per 1,000 population)","World Population Prospects",2024,"United Nations Population Division",348,"Hungary","HU","HUN",43,"1992",4,"Median",3,"Both sexes",188,0,-1,"Total",0,"Not applicable",1,"Model-based Estimates",2,"Interpolation",11.692
55,"Crude birth rate","Crude birth rate (births per 1,000 population)","World Population Prospects",2024,"United Nations Population Division",348,"Hungary","HU","HUN",44,"1993",4,"Median",3,"Both sexes",188,0,-1,"Total",0,"Not applicable",1,"Model-based Estimates",2,"Interpolation",11.296
55,"Crude birth rate","Crude birth rate (births per 1,000 population)","World Population Prospects",2024,"United Nations Population Division",348,"Hungary","HU","HUN",45,"1994",4,"Median",3,"Both sexes",188,0,-1,"Total",0,"Not applicable",1,"Model-based Estimates",2,"Interpolation",11.18
55,"Crude birth rate","Crude birth rate (births per 1,000 population)","World Population Prospects",2024,"United Nations Population Division",348,"Hungary","HU","HUN",46,"1995",4,"Median",3,"Both sexes",188,0,-1,"Total",0,"Not applicable",1,"Model-based Estimates",2,"Interpolation",10.843
55,"Crude birth rate","Crude birth rate (births per 1,000 population)","World Population Prospects",2024,"United Nations Population Division",348,"Hungary","HU","HUN",47,"1996",4,"Median",3,"Both sexes",188,0,-1,"Total",0,"Not applicable",1,"Model-based Estimates",2,"Interpolation",10.217
55,"Crude birth rate","Crude birth rate (births per 1,000 population)","World Population Prospects",2024,"United Nations Population Division",348,"Hungary","HU","HUN",48,"1997",4,"Median",3,"Both sexes",188,0,-1,"Total",0,"Not applicable",1,"Model-based Estimates",2,"Interpolation",9.76
55,"Crude birth rate","Crude birth rate (births per 1,000 population)","World Population Prospects",2024,"United Nations Population Division",348,"Hungary","HU","HUN",49,"1998",4,"Median",3,"Both sexes",188,0,-1,"Total",0,"Not applicable",1,"Model-based Estimates",2,"Interpolation",9.491
55,"Crude birth rate","Crude birth rate (births per 1,000 population)","World Population Prospects",2024,"United Nations Population Division",348,"Hungary","HU","HUN",50,"1999",4,"Median",3,"Both sexes",188,0,-1,"Total",0,"Not applicable",1,"Model-based Estimates",2,"Interpolation",9.307
55,"Crude birth rate","Crude birth rate (births per 1,000 population)","World Population Prospects",2024,"United Nations Population Division",348,"Hungary","HU","HUN",51,"2000",4,"Median",3,"Both sexes",188,0,-1,"Total",0,"Not applicable",1,"Model-based Estimates",2,"Interpolation",9.569
55,"Crude birth rate","Crude birth rate (births per 1,000 population)","World Population Prospects",2024,"United Nations Population Division",348,"Hungary","HU","HUN",52,"2001",4,"Median",3,"Both sexes",188,0,-1,"Total",0,"Not applicable",1,"Model-based Estimates",2,"Interpolation",9.55
55,"Crude birth rate","Crude birth rate (births per 1,000 population)","World Population Prospects",2024,"United Nations Population Division",348,"Hungary","HU","HUN",53,"2002",4,"Median",3,"Both sexes",188,0,-1,"Total",0,"Not applicable",1,"Model-based Estimates",2,"Interpolation",9.541
55,"Crude birth rate","Crude birth rate (births per 1,000 population)","World Population Prospects",2024,"United Nations Population Division",348,"Hungary","HU","HUN",54,"2003",4,"Median",3,"Both sexes",188,0,-1,"Total",0,"Not applicable",1,"Model-based Estimates",2,"Interpolation",9.375
55,"Crude birth rate","Crude birth rate (births per 1,000 population)","World Population Prospects",2024,"United Nations Population Division",348,"Hungary","HU","HUN",55,"2004",4,"Median",3,"Both sexes",188,0,-1,"Total",0,"Not applicable",1,"Model-based Estimates",2,"Interpolation",9.451
55,"Crude birth rate","Crude birth rate (births per 1,000 population)","World Population Prospects",2024,"United Nations Population Division",348,"Hungary","HU","HUN",56,"2005",4,"Median",3,"Both sexes",188,0,-1,"Total",0,"Not applicable",1,"Model-based Estimates",2,"Interpolation",9.712
55,"Crude birth rate","Crude birth rate (births per 1,000 population)","World Population Prospects",2024,"United Nations Population Division",348,"Hungary","HU","HUN",57,"2006",4,"Median",3,"Both sexes",188,0,-1,"Total",0,"Not applicable",1,"Model-based Estimates",2,"Interpolation",9.931
55,"Crude birth rate","Crude birth rate (births per 1,000 population)","World Population Prospects",2024,"United Nations Population Division",348,"Hungary","HU","HUN",58,"2007",4,"Median",3,"Both sexes",188,0,-1,"Total",0,"Not applicable",1,"Model-based Estimates",2,"Interpolation",9.768
55,"Crude birth rate","Crude birth rate (births per 1,000 population)","World Population Prospects",2024,"United Nations Population Division",348,"Hungary","HU","HUN",59,"2008",4,"Median",3,"Both sexes",188,0,-1,"Total",0,"Not applicable",1,"Model-based Estimates",2,"Interpolation",9.87
55,"Crude birth rate","Crude birth rate (births per 1,000 population)","World Population Prospects",2024,"United Nations Population Division",348,"Hungary","HU","HUN",60,"2009",4,"Median",3,"Both sexes",188,0,-1,"Total",0,"Not applicable",1,"Model-based Estimates",2,"Interpolation",9.628
55,"Crude birth rate","Crude birth rate (births per 1,000 population)","World Population Prospects",2024,"United Nations Population Division",348,"Hungary","HU","HUN",61,"2010",4,"Median",3,"Both sexes",188,0,-1,"Total",0,"Not applicable",1,"Model-based Estimates",2,"Interpolation",9.09
55,"Crude birth rate","Crude birth rate (births per 1,000 population)","World Population Prospects",2024,"United Nations Population Division",348,"Hungary","HU","HUN",62,"2011",4,"Median",3,"Both sexes",188,0,-1,"Total",0,"Not applicable",1,"Model-based Estimates",2,"Interpolation",8.957
55,"Crude birth rate","Crude birth rate (births per 1,000 population)","World Population Prospects",2024,"United Nations Population Division",348,"Hungary","HU","HUN",63,"2012",4,"Median",3,"Both sexes",188,0,-1,"Total",0,"Not applicable",1,"Model-based Estimates",2,"Interpolation",9.08
55,"Crude birth rate","Crude birth rate (births per 1,000 population)","World Population Prospects",2024,"United Nations Population Division",348,"Hungary","HU","HUN",64,"2013",4,"Median",3,"Both sexes",188,0,-1,"Total",0,"Not applicable",1,"Model-based Estimates",2,"Interpolation",9.038
55,"Crude birth rate","Crude birth rate (births per 1,000 population)","World Population Prospects",2024,"United Nations Population Division",348,"Hungary","HU","HUN",65,"2014",4,"Median",3,"Both sexes",188,0,-1,"Total",0,"Not applicable",1,"Model-based Estimates",2,"Interpolation",9.362
55,"Crude birth rate","Crude birth rate (births per 1,000 population)","World Population Prospects",2024,"United Nations Population Division",348,"Hungary","HU","HUN",66,"2015",4,"Median",3,"Both sexes",188,0,-1,"Total",0,"Not applicable",1,"Model-based Estimates",2,"Interpolation",9.348
55,"Crude birth rate","Crude birth rate (births per 1,000 population)","World Population Prospects",2024,"United Nations Population Division",348,"Hungary","HU","HUN",67,"2016",4,"Median",3,"Both sexes",188,0,-1,"Total",0,"Not applicable",1,"Model-based Estimates",2,"Interpolation",9.619
55,"Crude birth rate","Crude birth rate (births per 1,000 population)","World Population Prospects",2024,"United Nations Population Division",348,"Hungary","HU","HUN",68,"2017",4,"Median",3,"Both sexes",188,0,-1,"Total",0,"Not applicable",1,"Model-based Estimates",2,"Interpolation",9.523
55,"Crude birth rate","Crude birth rate (births per 1,000 population)","World Population Prospects",2024,"United Nations Population Division",348,"Hungary","HU","HUN",69,"2018",4,"Median",3,"Both sexes",188,0,-1,"Total",0,"Not applicable",1,"Model-based Estimates",2,"Interpolation",9.381
55,"Crude birth rate","Crude birth rate (births per 1,000 population)","World Population Prospects",2024,"United Nations Population Division",348,"Hungary","HU","HUN",70,"2019",4,"Median",3,"Both sexes",188,0,-1,"Total",0,"Not applicable",1,"Model-based Estimates",2,"Interpolation",9.342
55,"Crude birth rate","Crude birth rate (births per 1,000 population)","World Population Prospects",2024,"United Nations Population Division",348,"Hungary","HU","HUN",71,"2020",4,"Median",3,"Both sexes",188,0,-1,"Total",0,"Not applicable",1,"Model-based Estimates",2,"Interpolation",9.546
55,"Crude birth rate","Crude birth rate (births per 1,000 population)","World Population Prospects",2024,"United Nations Population Division",348,"Hungary","HU","HUN",72,"2021",4,"Median",3,"Both sexes",188,0,-1,"Total",0,"Not applicable",1,"Model-based Estimates",2,"Interpolation",9.654
55,"Crude birth rate","Crude birth rate (births per 1,000 population)","World Population Prospects",2024,"United Nations Population Division",348,"Hungary","HU","HUN",73,"2022",4,"Median",3,"Both sexes",188,0,-1,"Total",0,"Not applicable",1,"Model-based Estimates",2,"Interpolation",9.269
55,"Crude birth rate","Crude birth rate (births per 1,000 population)","World Population Prospects",2024,"United Nations Population Division",348,"Hungary","HU","HUN",74,"2023",4,"Median",3,"Both sexes",188,0,-1,"Total",0,"Not applicable",1,"Model-based Estimates",2,"Interpolation",8.814
55,"Crude birth rate","Crude birth rate (births per 1,000 population)","World Population Prospects",2024,"United Nations Population Division",348,"Hungary","HU","HUN",75,"2024",4,"Median",3,"Both sexes",188,0,-1,"Total",0,"Not applicable",1,"Model-based Estimates",3,"Projection",8.785
55,"Crude birth rate","Crude birth rate (births per 1,000 population)","World Population Prospects",2024,"United Nations Population Division",348,"Hungary","HU","HUN",76,"2025",4,"Median",3,"Both sexes",188,0,-1,"Total",0,"Not applicable",1,"Model-based Estimates",3,"Projection",8.752
55,"Crude birth rate","Crude birth rate (births per 1,000 population)","World Population Prospects",2024,"United Nations Population Division",348,"Hungary","HU","HUN",77,"2026",4,"Median",3,"Both sexes",188,0,-1,"Total",0,"Not applicable",1,"Model-based Estimates",3,"Projection",8.66
55,"Crude birth rate","Crude birth rate (births per 1,000 population)","World Population Prospects",2024,"United Nations Population Division",348,"Hungary","HU","HUN",78,"2027",4,"Median",3,"Both sexes",188,0,-1,"Total",0,"Not applicable",1,"Model-based Estimates",3,"Projection",8.604
55,"Crude birth rate","Crude birth rate (births per 1,000 population)","World Population Prospects",2024,"United Nations Population Division",348,"Hungary","HU","HUN",79,"2028",4,"Median",3,"Both sexes",188,0,-1,"Total",0,"Not applicable",1,"Model-based Estimates",3,"Projection",8.547
55,"Crude birth rate","Crude birth rate (births per 1,000 population)","World Population Prospects",2024,"United Nations Population Division",348,"Hungary","HU","HUN",80,"2029",4,"Median",3,"Both sexes",188,0,-1,"Total",0,"Not applicable",1,"Model-based Estimates",3,"Projection",8.487
55,"Crude birth rate","Crude birth rate (births per 1,000 population)","World Population Prospects",2024,"United Nations Population Division",348,"Hungary","HU","HUN",81,"2030",4,"Median",3,"Both sexes",188,0,-1,"Total",0,"Not applicable",1,"Model-based Estimates",3,"Projection",8.449
55,"Crude birth rate","Crude birth rate (births per 1,000 population)","World Population Prospects",2024,"United Nations Population Division",348,"Hungary","HU","HUN",82,"2031",4,"Median",3,"Both sexes",188,0,-1,"Total",0,"Not applicable",1,"Model-based Estimates",3,"Projection",8.409
55,"Crude birth rate","Crude birth rate (births per 1,000 population)","World Population Prospects",2024,"United Nations Population Division",348,"Hungary","HU","HUN",83,"2032",4,"Median",3,"Both sexes",188,0,-1,"Total",0,"Not applicable",1,"Model-based Estimates",3,"Projection",8.39
55,"Crude birth rate","Crude birth rate (births per 1,000 population)","World Population Prospects",2024,"United Nations Population Division",348,"Hungary","HU","HUN",84,"2033",4,"Median",3,"Both sexes",188,0,-1,"Total",0,"Not applicable",1,"Model-based Estimates",3,"Projection",8.39
55,"Crude birth rate","Crude birth rate (births per 1,000 population)","World Population Prospects",2024,"United Nations Population Division",348,"Hungary","HU","HUN",85,"2034",4,"Median",3,"Both sexes",188,0,-1,"Total",0,"Not applicable",1,"Model-based Estimates",3,"Projection",8.418
55,"Crude birth rate","Crude birth rate (births per 1,000 population)","World Population Prospects",2024,"United Nations Population Division",348,"Hungary","HU","HUN",86,"2035",4,"Median",3,"Both sexes",188,0,-1,"Total",0,"Not applicable",1,"Model-based Estimates",3,"Projection",8.452
55,"Crude birth rate","Crude birth rate (births per 1,000 population)","World Population Prospects",2024,"United Nations Population Division",348,"Hungary","HU","HUN",87,"2036",4,"Median",3,"Both sexes",188,0,-1,"Total",0,"Not applicable",1,"Model-based Estimates",3,"Projection",8.485
55,"Crude birth rate","Crude birth rate (births per 1,000 population)","World Population Prospects",2024,"United Nations Population Division",348,"Hungary","HU","HUN",88,"2037",4,"Median",3,"Both sexes",188,0,-1,"Total",0,"Not applicable",1,"Model-based Estimates",3,"Projection",8.542
55,"Crude birth rate","Crude birth rate (births per 1,000 population)","World Population Prospects",2024,"United Nations Population Division",348,"Hungary","HU","HUN",89,"2038",4,"Median",3,"Both sexes",188,0,-1,"Total",0,"Not applicable",1,"Model-based Estimates",3,"Projection",8.608
55,"Crude birth rate","Crude birth rate (births per 1,000 population)","World Population Prospects",2024,"United Nations Population Division",348,"Hungary","HU","HUN",90,"2039",4,"Median",3,"Both sexes",188,0,-1,"Total",0,"Not applicable",1,"Model-based Estimates",3,"Projection",8.663
55,"Crude birth rate","Crude birth rate (births per 1,000 population)","World Population Prospects",2024,"United Nations Population Division",348,"Hungary","HU","HUN",91,"2040",4,"Median",3,"Both sexes",188,0,-1,"Total",0,"Not applicable",1,"Model-based Estimates",3,"Projection",8.732
55,"Crude birth rate","Crude birth rate (births per 1,000 population)","World Population Prospects",2024,"United Nations Population Division",348,"Hungary","HU","HUN",92,"2041",4,"Median",3,"Both sexes",188,0,-1,"Total",0,"Not applicable",1,"Model-based Estimates",3,"Projection",8.777
55,"Crude birth rate","Crude birth rate (births per 1,000 population)","World Population Prospects",2024,"United Nations Population Division",348,"Hungary","HU","HUN",93,"2042",4,"Median",3,"Both sexes",188,0,-1,"Total",0,"Not applicable",1,"Model-based Estimates",3,"Projection",8.819
55,"Crude birth rate","Crude birth rate (births per 1,000 population)","World Population Prospects",2024,"United Nations Population Division",348,"Hungary","HU","HUN",94,"2043",4,"Median",3,"Both sexes",188,0,-1,"Total",0,"Not applicable",1,"Model-based Estimates",3,"Projection",8.872
55,"Crude birth rate","Crude birth rate (births per 1,000 population)","World Population Prospects",2024,"United Nations Population Division",348,"Hungary","HU","HUN",95,"2044",4,"Median",3,"Both sexes",188,0,-1,"Total",0,"Not applicable",1,"Model-based Estimates",3,"Projection",8.897
55,"Crude birth rate","Crude birth rate (births per 1,000 population)","World Population Prospects",2024,"United Nations Population Division",348,"Hungary","HU","HUN",96,"2045",4,"Median",3,"Both sexes",188,0,-1,"Total",0,"Not applicable",1,"Model-based Estimates",3,"Projection",8.912
55,"Crude birth rate","Crude birth rate (births per 1,000 population)","World Population Prospects",2024,"United Nations Population Division",348,"Hungary","HU","HUN",97,"2046",4,"Median",3,"Both sexes",188,0,-1,"Total",0,"Not applicable",1,"Model-based Estimates",3,"Projection",8.946
55,"Crude birth rate","Crude birth rate (births per 1,000 population)","World Population Prospects",2024,"United Nations Population Division",348,"Hungary","HU","HUN",98,"2047",4,"Median",3,"Both sexes",188,0,-1,"Total",0,"Not applicable",1,"Model-based Estimates",3,"Projection",8.955
55,"Crude birth rate","Crude birth rate (births per 1,000 population)","World Population Prospects",2024,"United Nations Population Division",348,"Hungary","HU","HUN",99,"2048",4,"Median",3,"Both sexes",188,0,-1,"Total",0,"Not applicable",1,"Model-based Estimates",3,"Projection",8.96
55,"Crude birth rate","Crude birth rate (births per 1,000 population)","World Population Prospects",2024,"United Nations Population Division",348,"Hungary","HU","HUN",100,"2049",4,"Median",3,"Both sexes",188,0,-1,"Total",0,"Not applicable",1,"Model-based Estimates",3,"Projection",8.952
55,"Crude birth rate","Crude birth rate (births per 1,000 population)","World Population Prospects",2024,"United Nations Population Division",348,"Hungary","HU","HUN",101,"2050",4,"Median",3,"Both sexes",188,0,-1,"Total",0,"Not applicable",1,"Model-based Estimates",3,"Projection",8.948
55,"Crude birth rate","Crude birth rate (births per 1,000 population)","World Population Prospects",2024,"United Nations Population Division",348,"Hungary","HU","HUN",102,"2051",4,"Median",3,"Both sexes",188,0,-1,"Total",0,"Not applicable",1,"Model-based Estimates",3,"Projection",8.947
55,"Crude birth rate","Crude birth rate (births per 1,000 population)","World Population Prospects",2024,"United Nations Population Division",348,"Hungary","HU","HUN",103,"2052",4,"Median",3,"Both sexes",188,0,-1,"Total",0,"Not applicable",1,"Model-based Estimates",3,"Projection",8.916
55,"Crude birth rate","Crude birth rate (births per 1,000 population)","World Population Prospects",2024,"United Nations Population Division",348,"Hungary","HU","HUN",104,"2053",4,"Median",3,"Both sexes",188,0,-1,"Total",0,"Not applicable",1,"Model-based Estimates",3,"Projection",8.883
55,"Crude birth rate","Crude birth rate (births per 1,000 population)","World Population Prospects",2024,"United Nations Population Division",348,"Hungary","HU","HUN",105,"2054",4,"Median",3,"Both sexes",188,0,-1,"Total",0,"Not applicable",1,"Model-based Estimates",3,"Projection",8.842
55,"Crude birth rate","Crude birth rate (births per 1,000 population)","World Population Prospects",2024,"United Nations Population Division",348,"Hungary","HU","HUN",106,"2055",4,"Median",3,"Both sexes",188,0,-1,"Total",0,"Not applicable",1,"Model-based Estimates",3,"Projection",8.806
55,"Crude birth rate","Crude birth rate (births per 1,000 population)","World Population Prospects",2024,"United Nations Population Division",348,"Hungary","HU","HUN",107,"2056",4,"Median",3,"Both sexes",188,0,-1,"Total",0,"Not applicable",1,"Model-based Estimates",3,"Projection",8.743
55,"Crude birth rate","Crude birth rate (births per 1,000 population)","World Population Prospects",2024,"United Nations Population Division",348,"Hungary","HU","HUN",108,"2057",4,"Median",3,"Both sexes",188,0,-1,"Total",0,"Not applicable",1,"Model-based Estimates",3,"Projection",8.702
55,"Crude birth rate","Crude birth rate (births per 1,000 population)","World Population Prospects",2024,"United Nations Population Division",348,"Hungary","HU","HUN",109,"2058",4,"Median",3,"Both sexes",188,0,-1,"Total",0,"Not applicable",1,"Model-based Estimates",3,"Projection",8.675
55,"Crude birth rate","Crude birth rate (births per 1,000 population)","World Population Prospects",2024,"United Nations Population Division",348,"Hungary","HU","HUN",110,"2059",4,"Median",3,"Both sexes",188,0,-1,"Total",0,"Not applicable",1,"Model-based Estimates",3,"Projection",8.651
55,"Crude birth rate","Crude birth rate (births per 1,000 population)","World Population Prospects",2024,"United Nations Population Division",348,"Hungary","HU","HUN",111,"2060",4,"Median",3,"Both sexes",188,0,-1,"Total",0,"Not applicable",1,"Model-based Estimates",3,"Projection",8.624
55,"Crude birth rate","Crude birth rate (births per 1,000 population)","World Population Prospects",2024,"United Nations Population Division",348,"Hungary","HU","HUN",112,"2061",4,"Median",3,"Both sexes",188,0,-1,"Total",0,"Not applicable",1,"Model-based Estimates",3,"Projection",8.599
55,"Crude birth rate","Crude birth rate (births per 1,000 population)","World Population Prospects",2024,"United Nations Population Division",348,"Hungary","HU","HUN",113,"2062",4,"Median",3,"Both sexes",188,0,-1,"Total",0,"Not applicable",1,"Model-based Estimates",3,"Projection",8.588
55,"Crude birth rate","Crude birth rate (births per 1,000 population)","World Population Prospects",2024,"United Nations Population Division",348,"Hungary","HU","HUN",114,"2063",4,"Median",3,"Both sexes",188,0,-1,"Total",0,"Not applicable",1,"Model-based Estimates",3,"Projection",8.578
55,"Crude birth rate","Crude birth rate (births per 1,000 population)","World Population Prospects",2024,"United Nations Population Division",348,"Hungary","HU","HUN",115,"2064",4,"Median",3,"Both sexes",188,0,-1,"Total",0,"Not applicable",1,"Model-based Estimates",3,"Projection",8.586
55,"Crude birth rate","Crude birth rate (births per 1,000 population)","World Population Prospects",2024,"United Nations Population Division",348,"Hungary","HU","HUN",116,"2065",4,"Median",3,"Both sexes",188,0,-1,"Total",0,"Not applicable",1,"Model-based Estimates",3,"Projection",8.597
55,"Crude birth rate","Crude birth rate (births per 1,000 population)","World Population Prospects",2024,"United Nations Population Division",348,"Hungary","HU","HUN",117,"2066",4,"Median",3,"Both sexes",188,0,-1,"Total",0,"Not applicable",1,"Model-based Estimates",3,"Projection",8.617
55,"Crude birth rate","Crude birth rate (births per 1,000 population)","World Population Prospects",2024,"United Nations Population Division",348,"Hungary","HU","HUN",118,"2067",4,"Median",3,"Both sexes",188,0,-1,"Total",0,"Not applicable",1,"Model-based Estimates",3,"Projection",8.655
55,"Crude birth rate","Crude birth rate (births per 1,000 population)","World Population Prospects",2024,"United Nations Population Division",348,"Hungary","HU","HUN",119,"2068",4,"Median",3,"Both sexes",188,0,-1,"Total",0,"Not applicable",1,"Model-based Estimates",3,"Projection",8.697
55,"Crude birth rate","Crude birth rate (births per 1,000 population)","World Population Prospects",2024,"United Nations Population Division",348,"Hungary","HU","HUN",120,"2069",4,"Median",3,"Both sexes",188,0,-1,"Total",0,"Not applicable",1,"Model-based Estimates",3,"Projection",8.734
55,"Crude birth rate","Crude birth rate (births per 1,000 population)","World Population Prospects",2024,"United Nations Population Division",348,"Hungary","HU","HUN",121,"2070",4,"Median",3,"Both sexes",188,0,-1,"Total",0,"Not applicable",1,"Model-based Estimates",3,"Projection",8.763
55,"Crude birth rate","Crude birth rate (births per 1,000 population)","World Population Prospects",2024,"United Nations Population Division",348,"Hungary","HU","HUN",122,"2071",4,"Median",3,"Both sexes",188,0,-1,"Total",0,"Not applicable",1,"Model-based Estimates",3,"Projection",8.8
55,"Crude birth rate","Crude birth rate (births per 1,000 population)","World Population Prospects",2024,"United Nations Population Division",348,"Hungary","HU","HUN",123,"2072",4,"Median",3,"Both sexes",188,0,-1,"Total",0,"Not applicable",1,"Model-based Estimates",3,"Projection",8.829
55,"Crude birth rate","Crude birth rate (births per 1,000 population)","World Population Prospects",2024,"United Nations Population Division",348,"Hungary","HU","HUN",124,"2073",4,"Median",3,"Both sexes",188,0,-1,"Total",0,"Not applicable",1,"Model-based Estimates",3,"Projection",8.853
55,"Crude birth rate","Crude birth rate (births per 1,000 population)","World Population Prospects",2024,"United Nations Population Division",348,"Hungary","HU","HUN",125,"2074",4,"Median",3,"Both sexes",188,0,-1,"Total",0,"Not applicable",1,"Model-based Estimates",3,"Projection",8.889
55,"Crude birth rate","Crude birth rate (births per 1,000 population)","World Population Prospects",2024,"United Nations Population Division",348,"Hungary","HU","HUN",126,"2075",4,"Median",3,"Both sexes",188,0,-1,"Total",0,"Not applicable",1,"Model-based Estimates",3,"Projection",8.927
55,"Crude birth rate","Crude birth rate (births per 1,000 population)","World Population Prospects",2024,"United Nations Population Division",348,"Hungary","HU","HUN",127,"2076",4,"Median",3,"Both sexes",188,0,-1,"Total",0,"Not applicable",1,"Model-based Estimates",3,"Projection",8.95
55,"Crude birth rate","Crude birth rate (births per 1,000 population)","World Population Prospects",2024,"United Nations Population Division",348,"Hungary","HU","HUN",128,"2077",4,"Median",3,"Both sexes",188,0,-1,"Total",0,"Not applicable",1,"Model-based Estimates",3,"Projection",8.954
55,"Crude birth rate","Crude birth rate (births per 1,000 population)","World Population Prospects",2024,"United Nations Population Division",348,"Hungary","HU","HUN",129,"2078",4,"Median",3,"Both sexes",188,0,-1,"Total",0,"Not applicable",1,"Model-based Estimates",3,"Projection",8.956
55,"Crude birth rate","Crude birth rate (births per 1,000 population)","World Population Prospects",2024,"United Nations Population Division",348,"Hungary","HU","HUN",130,"2079",4,"Median",3,"Both sexes",188,0,-1,"Total",0,"Not applicable",1,"Model-based Estimates",3,"Projection",8.954
55,"Crude birth rate","Crude birth rate (births per 1,000 population)","World Population Prospects",2024,"United Nations Population Division",348,"Hungary","HU","HUN",131,"2080",4,"Median",3,"Both sexes",188,0,-1,"Total",0,"Not applicable",1,"Model-based Estimates",3,"Projection",8.951
55,"Crude birth rate","Crude birth rate (births per 1,000 population)","World Population Prospects",2024,"United Nations Population Division",348,"Hungary","HU","HUN",132,"2081",4,"Median",3,"Both sexes",188,0,-1,"Total",0,"Not applicable",1,"Model-based Estimates",3,"Projection",8.936
55,"Crude birth rate","Crude birth rate (births per 1,000 population)","World Population Prospects",2024,"United Nations Population Division",348,"Hungary","HU","HUN",133,"2082",4,"Median",3,"Both sexes",188,0,-1,"Total",0,"Not applicable",1,"Model-based Estimates",3,"Projection",8.915
55,"Crude birth rate","Crude birth rate (births per 1,000 population)","World Population Prospects",2024,"United Nations Population Division",348,"Hungary","HU","HUN",134,"2083",4,"Median",3,"Both sexes",188,0,-1,"Total",0,"Not applicable",1,"Model-based Estimates",3,"Projection",8.893
55,"Crude birth rate","Crude birth rate (births per 1,000 population)","World Population Prospects",2024,"United Nations Population Division",348,"Hungary","HU","HUN",135,"2084",4,"Median",3,"Both sexes",188,0,-1,"Total",0,"Not applicable",1,"Model-based Estimates",3,"Projection",8.877
55,"Crude birth rate","Crude birth rate (births per 1,000 population)","World Population Prospects",2024,"United Nations Population Division",348,"Hungary","HU","HUN",136,"2085",4,"Median",3,"Both sexes",188,0,-1,"Total",0,"Not applicable",1,"Model-based Estimates",3,"Projection",8.854
55,"Crude birth rate","Crude birth rate (births per 1,000 population)","World Population Prospects",2024,"United Nations Population Division",348,"Hungary","HU","HUN",137,"2086",4,"Median",3,"Both sexes",188,0,-1,"Total",0,"Not applicable",1,"Model-based Estimates",3,"Projection",8.821
55,"Crude birth rate","Crude birth rate (births per 1,000 population)","World Population Prospects",2024,"United Nations Population Division",348,"Hungary","HU","HUN",138,"2087",4,"Median",3,"Both sexes",188,0,-1,"Total",0,"Not applicable",1,"Model-based Estimates",3,"Projection",8.787
55,"Crude birth rate","Crude birth rate (births per 1,000 population)","World Population Prospects",2024,"United Nations Population Division",348,"Hungary","HU","HUN",139,"2088",4,"Median",3,"Both sexes",188,0,-1,"Total",0,"Not applicable",1,"Model-based Estimates",3,"Projection",8.763
55,"Crude birth rate","Crude birth rate (births per 1,000 population)","World Population Prospects",2024,"United Nations Population Division",348,"Hungary","HU","HUN",140,"2089",4,"Median",3,"Both sexes",188,0,-1,"Total",0,"Not applicable",1,"Model-based Estimates",3,"Projection",8.73
55,"Crude birth rate","Crude birth rate (births per 1,000 population)","World Population Prospects",2024,"United Nations Population Division",348,"Hungary","HU","HUN",141,"2090",4,"Median",3,"Both sexes",188,0,-1,"Total",0,"Not applicable",1,"Model-based Estimates",3,"Projection",8.705
55,"Crude birth rate","Crude birth rate (births per 1,000 population)","World Population Prospects",2024,"United Nations Population Division",348,"Hungary","HU","HUN",142,"2091",4,"Median",3,"Both sexes",188,0,-1,"Total",0,"Not applicable",1,"Model-based Estimates",3,"Projection",8.671
55,"Crude birth rate","Crude birth rate (births per 1,000 population)","World Population Prospects",2024,"United Nations Population Division",348,"Hungary","HU","HUN",143,"2092",4,"Median",3,"Both sexes",188,0,-1,"Total",0,"Not applicable",1,"Model-based Estimates",3,"Projection",8.637
55,"Crude birth rate","Crude birth rate (births per 1,000 population)","World Population Prospects",2024,"United Nations Population Division",348,"Hungary","HU","HUN",144,"2093",4,"Median",3,"Both sexes",188,0,-1,"Total",0,"Not applicable",1,"Model-based Estimates",3,"Projection",8.602
55,"Crude birth rate","Crude birth rate (births per 1,000 population)","World Population Prospects",2024,"United Nations Population Division",348,"Hungary","HU","HUN",145,"2094",4,"Median",3,"Both sexes",188,0,-1,"Total",0,"Not applicable",1,"Model-based Estimates",3,"Projection",8.58
55,"Crude birth rate","Crude birth rate (births per 1,000 population)","World Population Prospects",2024,"United Nations Population Division",348,"Hungary","HU","HUN",146,"2095",4,"Median",3,"Both sexes",188,0,-1,"Total",0,"Not applicable",1,"Model-based Estimates",3,"Projection",8.571
55,"Crude birth rate","Crude birth rate (births per 1,000 population)","World Population Prospects",2024,"United Nations Population Division",348,"Hungary","HU","HUN",147,"2096",4,"Median",3,"Both sexes",188,0,-1,"Total",0,"Not applicable",1,"Model-based Estimates",3,"Projection",8.562
55,"Crude birth rate","Crude birth rate (births per 1,000 population)","World Population Prospects",2024,"United Nations Population Division",348,"Hungary","HU","HUN",148,"2097",4,"Median",3,"Both sexes",188,0,-1,"Total",0,"Not applicable",1,"Model-based Estimates",3,"Projection",8.562
55,"Crude birth rate","Crude birth rate (births per 1,000 population)","World Population Prospects",2024,"United Nations Population Division",348,"Hungary","HU","HUN",149,"2098",4,"Median",3,"Both sexes",188,0,-1,"Total",0,"Not applicable",1,"Model-based Estimates",3,"Projection",8.546
55,"Crude birth rate","Crude birth rate (births per 1,000 population)","World Population Prospects",2024,"United Nations Population Division",348,"Hungary","HU","HUN",150,"2099",4,"Median",3,"Both sexes",188,0,-1,"Total",0,"Not applicable",1,"Model-based Estimates",3,"Projection",8.542
55,"Crude birth rate","Crude birth rate (births per 1,000 population)","World Population Prospects",2024,"United Nations Population Division",348,"Hungary","HU","HUN",151,"2100",4,"Median",3,"Both sexes",188,0,-1,"Total",0,"Not applicable",1,"Model-based Estimates",3,"Projection",8.539
55,"Crude birth rate","Crude birth rate (births per 1,000 population)","World Population Prospects",2024,"United Nations Population Division",372,"Ireland","IE","IRL",41,"1990",4,"Median",3,"Both sexes",188,0,-1,"Total",0,"Not applicable",1,"Model-based Estimates",2,"Interpolation",15.11
55,"Crude birth rate","Crude birth rate (births per 1,000 population)","World Population Prospects",2024,"United Nations Population Division",372,"Ireland","IE","IRL",42,"1991",4,"Median",3,"Both sexes",188,0,-1,"Total",0,"Not applicable",1,"Model-based Estimates",2,"Interpolation",14.883
55,"Crude birth rate","Crude birth rate (births per 1,000 population)","World Population Prospects",2024,"United Nations Population Division",372,"Ireland","IE","IRL",43,"1992",4,"Median",3,"Both sexes",188,0,-1,"Total",0,"Not applicable",1,"Model-based Estimates",2,"Interpolation",14.337
55,"Crude birth rate","Crude birth rate (births per 1,000 population)","World Population Prospects",2024,"United Nations Population Division",372,"Ireland","IE","IRL",44,"1993",4,"Median",3,"Both sexes",188,0,-1,"Total",0,"Not applicable",1,"Model-based Estimates",2,"Interpolation",13.78
55,"Crude birth rate","Crude birth rate (births per 1,000 population)","World Population Prospects",2024,"United Nations Population Division",372,"Ireland","IE","IRL",45,"1994",4,"Median",3,"Both sexes",188,0,-1,"Total",0,"Not applicable",1,"Model-based Estimates",2,"Interpolation",13.422
55,"Crude birth rate","Crude birth rate (births per 1,000 population)","World Population Prospects",2024,"United Nations Population Division",372,"Ireland","IE","IRL",46,"1995",4,"Median",3,"Both sexes",188,0,-1,"Total",0,"Not applicable",1,"Model-based Estimates",2,"Interpolation",13.461
55,"Crude birth rate","Crude birth rate (births per 1,000 population)","World Population Prospects",2024,"United Nations Population Division",372,"Ireland","IE","IRL",47,"1996",4,"Median",3,"Both sexes",188,0,-1,"Total",0,"Not applicable",1,"Model-based Estimates",2,"Interpolation",13.861
55,"Crude birth rate","Crude birth rate (births per 1,000 population)","World Population Prospects",2024,"United Nations Population Division",372,"Ireland","IE","IRL",48,"1997",4,"Median",3,"Both sexes",188,0,-1,"Total",0,"Not applicable",1,"Model-based Estimates",2,"Interpolation",14.286
55,"Crude birth rate","Crude birth rate (births per 1,000 population)","World Population Prospects",2024,"United Nations Population Division",372,"Ireland","IE","IRL",49,"1998",4,"Median",3,"Both sexes",188,0,-1,"Total",0,"Not applicable",1,"Model-based Estimates",2,"Interpolation",14.451
55,"Crude birth rate","Crude birth rate (births per 1,000 population)","World Population Prospects",2024,"United Nations Population Division",372,"Ireland","IE","IRL",50,"1999",4,"Median",3,"Both sexes",188,0,-1,"Total",0,"Not applicable",1,"Model-based Estimates",2,"Interpolation",14.276
55,"Crude birth rate","Crude birth rate (births per 1,000 population)","World Population Prospects",2024,"United Nations Population Division",372,"Ireland","IE","IRL",51,"2000",4,"Median",3,"Both sexes",188,0,-1,"Total",0,"Not applicable",1,"Model-based Estimates",2,"Interpolation",14.3
55,"Crude birth rate","Crude birth rate (births per 1,000 population)","World Population Prospects",2024,"United Nations Population Division",372,"Ireland","IE","IRL",52,"2001",4,"Median",3,"Both sexes",188,0,-1,"Total",0,"Not applicable",1,"Model-based Estimates",2,"Interpolation",14.78
55,"Crude birth rate","Crude birth rate (births per 1,000 population)","World Population Prospects",2024,"United Nations Population Division",372,"Ireland","IE","IRL",53,"2002",4,"Median",3,"Both sexes",188,0,-1,"Total",0,"Not applicable",1,"Model-based Estimates",2,"Interpolation",15.255
55,"Crude birth rate","Crude birth rate (births per 1,000 population)","World Population Prospects",2024,"United Nations Population Division",372,"Ireland","IE","IRL",54,"2003",4,"Median",3,"Both sexes",188,0,-1,"Total",0,"Not applicable",1,"Model-based Estimates",2,"Interpolation",15.296
55,"Crude birth rate","Crude birth rate (births per 1,000 population)","World Population Prospects",2024,"United Nations Population Division",372,"Ireland","IE","IRL",55,"2004",4,"Median",3,"Both sexes",188,0,-1,"Total",0,"Not applicable",1,"Model-based Estimates",2,"Interpolation",15.075
55,"Crude birth rate","Crude birth rate (births per 1,000 population)","World Population Prospects",2024,"United Nations Population Division",372,"Ireland","IE","IRL",56,"2005",4,"Median",3,"Both sexes",188,0,-1,"Total",0,"Not applicable",1,"Model-based Estimates",2,"Interpolation",14.597
55,"Crude birth rate","Crude birth rate (births per 1,000 population)","World Population Prospects",2024,"United Nations Population Division",372,"Ireland","IE","IRL",57,"2006",4,"Median",3,"Both sexes",188,0,-1,"Total",0,"Not applicable",1,"Model-based Estimates",2,"Interpolation",15.061
55,"Crude birth rate","Crude birth rate (births per 1,000 population)","World Population Prospects",2024,"United Nations Population Division",372,"Ireland","IE","IRL",58,"2007",4,"Median",3,"Both sexes",188,0,-1,"Total",0,"Not applicable",1,"Model-based Estimates",2,"Interpolation",16.023
55,"Crude birth rate","Crude birth rate (births per 1,000 population)","World Population Prospects",2024,"United Nations Population Division",372,"Ireland","IE","IRL",59,"2008",4,"Median",3,"Both sexes",188,0,-1,"Total",0,"Not applicable",1,"Model-based Estimates",2,"Interpolation",16.711
55,"Crude birth rate","Crude birth rate (births per 1,000 population)","World Population Prospects",2024,"United Nations Population Division",372,"Ireland","IE","IRL",60,"2009",4,"Median",3,"Both sexes",188,0,-1,"Total",0,"Not applicable",1,"Model-based Estimates",2,"Interpolation",16.766
55,"Crude birth rate","Crude birth rate (births per 1,000 population)","World Population Prospects",2024,"United Nations Population Division",372,"Ireland","IE","IRL",61,"2010",4,"Median",3,"Both sexes",188,0,-1,"Total",0,"Not applicable",1,"Model-based Estimates",2,"Interpolation",16.597
55,"Crude birth rate","Crude birth rate (births per 1,000 population)","World Population Prospects",2024,"United Nations Population Division",372,"Ireland","IE","IRL",62,"2011",4,"Median",3,"Both sexes",188,0,-1,"Total",0,"Not applicable",1,"Model-based Estimates",2,"Interpolation",16.252
55,"Crude birth rate","Crude birth rate (births per 1,000 population)","World Population Prospects",2024,"United Nations Population Division",372,"Ireland","IE","IRL",63,"2012",4,"Median",3,"Both sexes",188,0,-1,"Total",0,"Not applicable",1,"Model-based Estimates",2,"Interpolation",15.699
55,"Crude birth rate","Crude birth rate (births per 1,000 population)","World Population Prospects",2024,"United Nations Population Division",372,"Ireland","IE","IRL",64,"2013",4,"Median",3,"Both sexes",188,0,-1,"Total",0,"Not applicable",1,"Model-based Estimates",2,"Interpolation",14.989
55,"Crude birth rate","Crude birth rate (births per 1,000 population)","World Population Prospects",2024,"United Nations Population Division",372,"Ireland","IE","IRL",65,"2014",4,"Median",3,"Both sexes",188,0,-1,"Total",0,"Not applicable",1,"Model-based Estimates",2,"Interpolation",14.472
55,"Crude birth rate","Crude birth rate (births per 1,000 population)","World Population Prospects",2024,"United Nations Population Division",372,"Ireland","IE","IRL",66,"2015",4,"Median",3,"Both sexes",188,0,-1,"Total",0,"Not applicable",1,"Model-based Estimates",2,"Interpolation",13.952
55,"Crude birth rate","Crude birth rate (births per 1,000 population)","World Population Prospects",2024,"United Nations Population Division",372,"Ireland","IE","IRL",67,"2016",4,"Median",3,"Both sexes",188,0,-1,"Total",0,"Not applicable",1,"Model-based Estimates",2,"Interpolation",13.427
55,"Crude birth rate","Crude birth rate (births per 1,000 population)","World Population Prospects",2024,"United Nations Population Division",372,"Ireland","IE","IRL",68,"2017",4,"Median",3,"Both sexes",188,0,-1,"Total",0,"Not applicable",1,"Model-based Estimates",2,"Interpolation",12.844
55,"Crude birth rate","Crude birth rate (births per 1,000 population)","World Population Prospects",2024,"United Nations Population Division",372,"Ireland","IE","IRL",69,"2018",4,"Median",3,"Both sexes",188,0,-1,"Total",0,"Not applicable",1,"Model-based Estimates",2,"Interpolation",12.511
55,"Crude birth rate","Crude birth rate (births per 1,000 population)","World Population Prospects",2024,"United Nations Population Division",372,"Ireland","IE","IRL",70,"2019",4,"Median",3,"Both sexes",188,0,-1,"Total",0,"Not applicable",1,"Model-based Estimates",2,"Interpolation",11.989
55,"Crude birth rate","Crude birth rate (births per 1,000 population)","World Population Prospects",2024,"United Nations Population Division",372,"Ireland","IE","IRL",71,"2020",4,"Median",3,"Both sexes",188,0,-1,"Total",0,"Not applicable",1,"Model-based Estimates",2,"Interpolation",11.338
55,"Crude birth rate","Crude birth rate (births per 1,000 population)","World Population Prospects",2024,"United Nations Population Division",372,"Ireland","IE","IRL",72,"2021",4,"Median",3,"Both sexes",188,0,-1,"Total",0,"Not applicable",1,"Model-based Estimates",2,"Interpolation",11.945
55,"Crude birth rate","Crude birth rate (births per 1,000 population)","World Population Prospects",2024,"United Nations Population Division",372,"Ireland","IE","IRL",73,"2022",4,"Median",3,"Both sexes",188,0,-1,"Total",0,"Not applicable",1,"Model-based Estimates",2,"Interpolation",10.419
55,"Crude birth rate","Crude birth rate (births per 1,000 population)","World Population Prospects",2024,"United Nations Population Division",372,"Ireland","IE","IRL",74,"2023",4,"Median",3,"Both sexes",188,0,-1,"Total",0,"Not applicable",1,"Model-based Estimates",2,"Interpolation",10.25
55,"Crude birth rate","Crude birth rate (births per 1,000 population)","World Population Prospects",2024,"United Nations Population Division",372,"Ireland","IE","IRL",75,"2024",4,"Median",3,"Both sexes",188,0,-1,"Total",0,"Not applicable",1,"Model-based Estimates",3,"Projection",10.041
55,"Crude birth rate","Crude birth rate (births per 1,000 population)","World Population Prospects",2024,"United Nations Population Division",372,"Ireland","IE","IRL",76,"2025",4,"Median",3,"Both sexes",188,0,-1,"Total",0,"Not applicable",1,"Model-based Estimates",3,"Projection",9.912
55,"Crude birth rate","Crude birth rate (births per 1,000 population)","World Population Prospects",2024,"United Nations Population Division",372,"Ireland","IE","IRL",77,"2026",4,"Median",3,"Both sexes",188,0,-1,"Total",0,"Not applicable",1,"Model-based Estimates",3,"Projection",9.824
55,"Crude birth rate","Crude birth rate (births per 1,000 population)","World Population Prospects",2024,"United Nations Population Division",372,"Ireland","IE","IRL",78,"2027",4,"Median",3,"Both sexes",188,0,-1,"Total",0,"Not applicable",1,"Model-based Estimates",3,"Projection",9.778
55,"Crude birth rate","Crude birth rate (births per 1,000 population)","World Population Prospects",2024,"United Nations Population Division",372,"Ireland","IE","IRL",79,"2028",4,"Median",3,"Both sexes",188,0,-1,"Total",0,"Not applicable",1,"Model-based Estimates",3,"Projection",9.773
55,"Crude birth rate","Crude birth rate (births per 1,000 population)","World Population Prospects",2024,"United Nations Population Division",372,"Ireland","IE","IRL",80,"2029",4,"Median",3,"Both sexes",188,0,-1,"Total",0,"Not applicable",1,"Model-based Estimates",3,"Projection",9.811
55,"Crude birth rate","Crude birth rate (births per 1,000 population)","World Population Prospects",2024,"United Nations Population Division",372,"Ireland","IE","IRL",81,"2030",4,"Median",3,"Both sexes",188,0,-1,"Total",0,"Not applicable",1,"Model-based Estimates",3,"Projection",9.874
55,"Crude birth rate","Crude birth rate (births per 1,000 population)","World Population Prospects",2024,"United Nations Population Division",372,"Ireland","IE","IRL",82,"2031",4,"Median",3,"Both sexes",188,0,-1,"Total",0,"Not applicable",1,"Model-based Estimates",3,"Projection",9.942
55,"Crude birth rate","Crude birth rate (births per 1,000 population)","World Population Prospects",2024,"United Nations Population Division",372,"Ireland","IE","IRL",83,"2032",4,"Median",3,"Both sexes",188,0,-1,"Total",0,"Not applicable",1,"Model-based Estimates",3,"Projection",10.033
55,"Crude birth rate","Crude birth rate (births per 1,000 population)","World Population Prospects",2024,"United Nations Population Division",372,"Ireland","IE","IRL",84,"2033",4,"Median",3,"Both sexes",188,0,-1,"Total",0,"Not applicable",1,"Model-based Estimates",3,"Projection",10.134
55,"Crude birth rate","Crude birth rate (births per 1,000 population)","World Population Prospects",2024,"United Nations Population Division",372,"Ireland","IE","IRL",85,"2034",4,"Median",3,"Both sexes",188,0,-1,"Total",0,"Not applicable",1,"Model-based Estimates",3,"Projection",10.248
55,"Crude birth rate","Crude birth rate (births per 1,000 population)","World Population Prospects",2024,"United Nations Population Division",372,"Ireland","IE","IRL",86,"2035",4,"Median",3,"Both sexes",188,0,-1,"Total",0,"Not applicable",1,"Model-based Estimates",3,"Projection",10.366
55,"Crude birth rate","Crude birth rate (births per 1,000 population)","World Population Prospects",2024,"United Nations Population Division",372,"Ireland","IE","IRL",87,"2036",4,"Median",3,"Both sexes",188,0,-1,"Total",0,"Not applicable",1,"Model-based Estimates",3,"Projection",10.462
55,"Crude birth rate","Crude birth rate (births per 1,000 population)","World Population Prospects",2024,"United Nations Population Division",372,"Ireland","IE","IRL",88,"2037",4,"Median",3,"Both sexes",188,0,-1,"Total",0,"Not applicable",1,"Model-based Estimates",3,"Projection",10.566
55,"Crude birth rate","Crude birth rate (births per 1,000 population)","World Population Prospects",2024,"United Nations Population Division",372,"Ireland","IE","IRL",89,"2038",4,"Median",3,"Both sexes",188,0,-1,"Total",0,"Not applicable",1,"Model-based Estimates",3,"Projection",10.651
55,"Crude birth rate","Crude birth rate (births per 1,000 population)","World Population Prospects",2024,"United Nations Population Division",372,"Ireland","IE","IRL",90,"2039",4,"Median",3,"Both sexes",188,0,-1,"Total",0,"Not applicable",1,"Model-based Estimates",3,"Projection",10.736
55,"Crude birth rate","Crude birth rate (births per 1,000 population)","World Population Prospects",2024,"United Nations Population Division",372,"Ireland","IE","IRL",91,"2040",4,"Median",3,"Both sexes",188,0,-1,"Total",0,"Not applicable",1,"Model-based Estimates",3,"Projection",10.766
55,"Crude birth rate","Crude birth rate (births per 1,000 population)","World Population Prospects",2024,"United Nations Population Division",372,"Ireland","IE","IRL",92,"2041",4,"Median",3,"Both sexes",188,0,-1,"Total",0,"Not applicable",1,"Model-based Estimates",3,"Projection",10.773
55,"Crude birth rate","Crude birth rate (births per 1,000 population)","World Population Prospects",2024,"United Nations Population Division",372,"Ireland","IE","IRL",93,"2042",4,"Median",3,"Both sexes",188,0,-1,"Total",0,"Not applicable",1,"Model-based Estimates",3,"Projection",10.759
55,"Crude birth rate","Crude birth rate (births per 1,000 population)","World Population Prospects",2024,"United Nations Population Division",372,"Ireland","IE","IRL",94,"2043",4,"Median",3,"Both sexes",188,0,-1,"Total",0,"Not applicable",1,"Model-based Estimates",3,"Projection",10.706
55,"Crude birth rate","Crude birth rate (births per 1,000 population)","World Population Prospects",2024,"United Nations Population Division",372,"Ireland","IE","IRL",95,"2044",4,"Median",3,"Both sexes",188,0,-1,"Total",0,"Not applicable",1,"Model-based Estimates",3,"Projection",10.636
55,"Crude birth rate","Crude birth rate (births per 1,000 population)","World Population Prospects",2024,"United Nations Population Division",372,"Ireland","IE","IRL",96,"2045",4,"Median",3,"Both sexes",188,0,-1,"Total",0,"Not applicable",1,"Model-based Estimates",3,"Projection",10.536
55,"Crude birth rate","Crude birth rate (births per 1,000 population)","World Population Prospects",2024,"United Nations Population Division",372,"Ireland","IE","IRL",97,"2046",4,"Median",3,"Both sexes",188,0,-1,"Total",0,"Not applicable",1,"Model-based Estimates",3,"Projection",10.411
55,"Crude birth rate","Crude birth rate (births per 1,000 population)","World Population Prospects",2024,"United Nations Population Division",372,"Ireland","IE","IRL",98,"2047",4,"Median",3,"Both sexes",188,0,-1,"Total",0,"Not applicable",1,"Model-based Estimates",3,"Projection",10.258
55,"Crude birth rate","Crude birth rate (births per 1,000 population)","World Population Prospects",2024,"United Nations Population Division",372,"Ireland","IE","IRL",99,"2048",4,"Median",3,"Both sexes",188,0,-1,"Total",0,"Not applicable",1,"Model-based Estimates",3,"Projection",10.103
55,"Crude birth rate","Crude birth rate (births per 1,000 population)","World Population Prospects",2024,"United Nations Population Division",372,"Ireland","IE","IRL",100,"2049",4,"Median",3,"Both sexes",188,0,-1,"Total",0,"Not applicable",1,"Model-based Estimates",3,"Projection",9.934
55,"Crude birth rate","Crude birth rate (births per 1,000 population)","World Population Prospects",2024,"United Nations Population Division",372,"Ireland","IE","IRL",101,"2050",4,"Median",3,"Both sexes",188,0,-1,"Total",0,"Not applicable",1,"Model-based Estimates",3,"Projection",9.772
55,"Crude birth rate","Crude birth rate (births per 1,000 population)","World Population Prospects",2024,"United Nations Population Division",372,"Ireland","IE","IRL",102,"2051",4,"Median",3,"Both sexes",188,0,-1,"Total",0,"Not applicable",1,"Model-based Estimates",3,"Projection",9.602
55,"Crude birth rate","Crude birth rate (births per 1,000 population)","World Population Prospects",2024,"United Nations Population Division",372,"Ireland","IE","IRL",103,"2052",4,"Median",3,"Both sexes",188,0,-1,"Total",0,"Not applicable",1,"Model-based Estimates",3,"Projection",9.425
55,"Crude birth rate","Crude birth rate (births per 1,000 population)","World Population Prospects",2024,"United Nations Population Division",372,"Ireland","IE","IRL",104,"2053",4,"Median",3,"Both sexes",188,0,-1,"Total",0,"Not applicable",1,"Model-based Estimates",3,"Projection",9.264
55,"Crude birth rate","Crude birth rate (births per 1,000 population)","World Population Prospects",2024,"United Nations Population Division",372,"Ireland","IE","IRL",105,"2054",4,"Median",3,"Both sexes",188,0,-1,"Total",0,"Not applicable",1,"Model-based Estimates",3,"Projection",9.112
55,"Crude birth rate","Crude birth rate (births per 1,000 population)","World Population Prospects",2024,"United Nations Population Division",372,"Ireland","IE","IRL",106,"2055",4,"Median",3,"Both sexes",188,0,-1,"Total",0,"Not applicable",1,"Model-based Estimates",3,"Projection",8.991
55,"Crude birth rate","Crude birth rate (births per 1,000 population)","World Population Prospects",2024,"United Nations Population Division",372,"Ireland","IE","IRL",107,"2056",4,"Median",3,"Both sexes",188,0,-1,"Total",0,"Not applicable",1,"Model-based Estimates",3,"Projection",8.876
55,"Crude birth rate","Crude birth rate (births per 1,000 population)","World Population Prospects",2024,"United Nations Population Division",372,"Ireland","IE","IRL",108,"2057",4,"Median",3,"Both sexes",188,0,-1,"Total",0,"Not applicable",1,"Model-based Estimates",3,"Projection",8.785
55,"Crude birth rate","Crude birth rate (births per 1,000 population)","World Population Prospects",2024,"United Nations Population Division",372,"Ireland","IE","IRL",109,"2058",4,"Median",3,"Both sexes",188,0,-1,"Total",0,"Not applicable",1,"Model-based Estimates",3,"Projection",8.7
55,"Crude birth rate","Crude birth rate (births per 1,000 population)","World Population Prospects",2024,"United Nations Population Division",372,"Ireland","IE","IRL",110,"2059",4,"Median",3,"Both sexes",188,0,-1,"Total",0,"Not applicable",1,"Model-based Estimates",3,"Projection",8.642
55,"Crude birth rate","Crude birth rate (births per 1,000 population)","World Population Prospects",2024,"United Nations Population Division",372,"Ireland","IE","IRL",111,"2060",4,"Median",3,"Both sexes",188,0,-1,"Total",0,"Not applicable",1,"Model-based Estimates",3,"Projection",8.595
55,"Crude birth rate","Crude birth rate (births per 1,000 population)","World Population Prospects",2024,"United Nations Population Division",372,"Ireland","IE","IRL",112,"2061",4,"Median",3,"Both sexes",188,0,-1,"Total",0,"Not applicable",1,"Model-based Estimates",3,"Projection",8.559
55,"Crude birth rate","Crude birth rate (births per 1,000 population)","World Population Prospects",2024,"United Nations Population Division",372,"Ireland","IE","IRL",113,"2062",4,"Median",3,"Both sexes",188,0,-1,"Total",0,"Not applicable",1,"Model-based Estimates",3,"Projection",8.561
55,"Crude birth rate","Crude birth rate (births per 1,000 population)","World Population Prospects",2024,"United Nations Population Division",372,"Ireland","IE","IRL",114,"2063",4,"Median",3,"Both sexes",188,0,-1,"Total",0,"Not applicable",1,"Model-based Estimates",3,"Projection",8.578
55,"Crude birth rate","Crude birth rate (births per 1,000 population)","World Population Prospects",2024,"United Nations Population Division",372,"Ireland","IE","IRL",115,"2064",4,"Median",3,"Both sexes",188,0,-1,"Total",0,"Not applicable",1,"Model-based Estimates",3,"Projection",8.613
55,"Crude birth rate","Crude birth rate (births per 1,000 population)","World Population Prospects",2024,"United Nations Population Division",372,"Ireland","IE","IRL",116,"2065",4,"Median",3,"Both sexes",188,0,-1,"Total",0,"Not applicable",1,"Model-based Estimates",3,"Projection",8.67
55,"Crude birth rate","Crude birth rate (births per 1,000 population)","World Population Prospects",2024,"United Nations Population Division",372,"Ireland","IE","IRL",117,"2066",4,"Median",3,"Both sexes",188,0,-1,"Total",0,"Not applicable",1,"Model-based Estimates",3,"Projection",8.72
55,"Crude birth rate","Crude birth rate (births per 1,000 population)","World Population Prospects",2024,"United Nations Population Division",372,"Ireland","IE","IRL",118,"2067",4,"Median",3,"Both sexes",188,0,-1,"Total",0,"Not applicable",1,"Model-based Estimates",3,"Projection",8.777
55,"Crude birth rate","Crude birth rate (births per 1,000 population)","World Population Prospects",2024,"United Nations Population Division",372,"Ireland","IE","IRL",119,"2068",4,"Median",3,"Both sexes",188,0,-1,"Total",0,"Not applicable",1,"Model-based Estimates",3,"Projection",8.839
55,"Crude birth rate","Crude birth rate (births per 1,000 population)","World Population Prospects",2024,"United Nations Population Division",372,"Ireland","IE","IRL",120,"2069",4,"Median",3,"Both sexes",188,0,-1,"Total",0,"Not applicable",1,"Model-based Estimates",3,"Projection",8.901
55,"Crude birth rate","Crude birth rate (births per 1,000 population)","World Population Prospects",2024,"United Nations Population Division",372,"Ireland","IE","IRL",121,"2070",4,"Median",3,"Both sexes",188,0,-1,"Total",0,"Not applicable",1,"Model-based Estimates",3,"Projection",8.962
55,"Crude birth rate","Crude birth rate (births per 1,000 population)","World Population Prospects",2024,"United Nations Population Division",372,"Ireland","IE","IRL",122,"2071",4,"Median",3,"Both sexes",188,0,-1,"Total",0,"Not applicable",1,"Model-based Estimates",3,"Projection",9.036
55,"Crude birth rate","Crude birth rate (births per 1,000 population)","World Population Prospects",2024,"United Nations Population Division",372,"Ireland","IE","IRL",123,"2072",4,"Median",3,"Both sexes",188,0,-1,"Total",0,"Not applicable",1,"Model-based Estimates",3,"Projection",9.09
55,"Crude birth rate","Crude birth rate (births per 1,000 population)","World Population Prospects",2024,"United Nations Population Division",372,"Ireland","IE","IRL",124,"2073",4,"Median",3,"Both sexes",188,0,-1,"Total",0,"Not applicable",1,"Model-based Estimates",3,"Projection",9.123
55,"Crude birth rate","Crude birth rate (births per 1,000 population)","World Population Prospects",2024,"United Nations Population Division",372,"Ireland","IE","IRL",125,"2074",4,"Median",3,"Both sexes",188,0,-1,"Total",0,"Not applicable",1,"Model-based Estimates",3,"Projection",9.138
55,"Crude birth rate","Crude birth rate (births per 1,000 population)","World Population Prospects",2024,"United Nations Population Division",372,"Ireland","IE","IRL",126,"2075",4,"Median",3,"Both sexes",188,0,-1,"Total",0,"Not applicable",1,"Model-based Estimates",3,"Projection",9.143
55,"Crude birth rate","Crude birth rate (births per 1,000 population)","World Population Prospects",2024,"United Nations Population Division",372,"Ireland","IE","IRL",127,"2076",4,"Median",3,"Both sexes",188,0,-1,"Total",0,"Not applicable",1,"Model-based Estimates",3,"Projection",9.138
55,"Crude birth rate","Crude birth rate (births per 1,000 population)","World Population Prospects",2024,"United Nations Population Division",372,"Ireland","IE","IRL",128,"2077",4,"Median",3,"Both sexes",188,0,-1,"Total",0,"Not applicable",1,"Model-based Estimates",3,"Projection",9.117
55,"Crude birth rate","Crude birth rate (births per 1,000 population)","World Population Prospects",2024,"United Nations Population Division",372,"Ireland","IE","IRL",129,"2078",4,"Median",3,"Both sexes",188,0,-1,"Total",0,"Not applicable",1,"Model-based Estimates",3,"Projection",9.087
55,"Crude birth rate","Crude birth rate (births per 1,000 population)","World Population Prospects",2024,"United Nations Population Division",372,"Ireland","IE","IRL",130,"2079",4,"Median",3,"Both sexes",188,0,-1,"Total",0,"Not applicable",1,"Model-based Estimates",3,"Projection",9.043
55,"Crude birth rate","Crude birth rate (births per 1,000 population)","World Population Prospects",2024,"United Nations Population Division",372,"Ireland","IE","IRL",131,"2080",4,"Median",3,"Both sexes",188,0,-1,"Total",0,"Not applicable",1,"Model-based Estimates",3,"Projection",8.984
55,"Crude birth rate","Crude birth rate (births per 1,000 population)","World Population Prospects",2024,"United Nations Population Division",372,"Ireland","IE","IRL",132,"2081",4,"Median",3,"Both sexes",188,0,-1,"Total",0,"Not applicable",1,"Model-based Estimates",3,"Projection",8.922
55,"Crude birth rate","Crude birth rate (births per 1,000 population)","World Population Prospects",2024,"United Nations Population Division",372,"Ireland","IE","IRL",133,"2082",4,"Median",3,"Both sexes",188,0,-1,"Total",0,"Not applicable",1,"Model-based Estimates",3,"Projection",8.854
55,"Crude birth rate","Crude birth rate (births per 1,000 population)","World Population Prospects",2024,"United Nations Population Division",372,"Ireland","IE","IRL",134,"2083",4,"Median",3,"Both sexes",188,0,-1,"Total",0,"Not applicable",1,"Model-based Estimates",3,"Projection",8.781
55,"Crude birth rate","Crude birth rate (births per 1,000 population)","World Population Prospects",2024,"United Nations Population Division",372,"Ireland","IE","IRL",135,"2084",4,"Median",3,"Both sexes",188,0,-1,"Total",0,"Not applicable",1,"Model-based Estimates",3,"Projection",8.693
55,"Crude birth rate","Crude birth rate (births per 1,000 population)","World Population Prospects",2024,"United Nations Population Division",372,"Ireland","IE","IRL",136,"2085",4,"Median",3,"Both sexes",188,0,-1,"Total",0,"Not applicable",1,"Model-based Estimates",3,"Projection",8.614
55,"Crude birth rate","Crude birth rate (births per 1,000 population)","World Population Prospects",2024,"United Nations Population Division",372,"Ireland","IE","IRL",137,"2086",4,"Median",3,"Both sexes",188,0,-1,"Total",0,"Not applicable",1,"Model-based Estimates",3,"Projection",8.522
55,"Crude birth rate","Crude birth rate (births per 1,000 population)","World Population Prospects",2024,"United Nations Population Division",372,"Ireland","IE","IRL",138,"2087",4,"Median",3,"Both sexes",188,0,-1,"Total",0,"Not applicable",1,"Model-based Estimates",3,"Projection",8.44
55,"Crude birth rate","Crude birth rate (births per 1,000 population)","World Population Prospects",2024,"United Nations Population Division",372,"Ireland","IE","IRL",139,"2088",4,"Median",3,"Both sexes",188,0,-1,"Total",0,"Not applicable",1,"Model-based Estimates",3,"Projection",8.36
55,"Crude birth rate","Crude birth rate (births per 1,000 population)","World Population Prospects",2024,"United Nations Population Division",372,"Ireland","IE","IRL",140,"2089",4,"Median",3,"Both sexes",188,0,-1,"Total",0,"Not applicable",1,"Model-based Estimates",3,"Projection",8.291
55,"Crude birth rate","Crude birth rate (births per 1,000 population)","World Population Prospects",2024,"United Nations Population Division",372,"Ireland","IE","IRL",141,"2090",4,"Median",3,"Both sexes",188,0,-1,"Total",0,"Not applicable",1,"Model-based Estimates",3,"Projection",8.226
55,"Crude birth rate","Crude birth rate (births per 1,000 population)","World Population Prospects",2024,"United Nations Population Division",372,"Ireland","IE","IRL",142,"2091",4,"Median",3,"Both sexes",188,0,-1,"Total",0,"Not applicable",1,"Model-based Estimates",3,"Projection",8.168
55,"Crude birth rate","Crude birth rate (births per 1,000 population)","World Population Prospects",2024,"United Nations Population Division",372,"Ireland","IE","IRL",143,"2092",4,"Median",3,"Both sexes",188,0,-1,"Total",0,"Not applicable",1,"Model-based Estimates",3,"Projection",8.128
55,"Crude birth rate","Crude birth rate (births per 1,000 population)","World Population Prospects",2024,"United Nations Population Division",372,"Ireland","IE","IRL",144,"2093",4,"Median",3,"Both sexes",188,0,-1,"Total",0,"Not applicable",1,"Model-based Estimates",3,"Projection",8.104
55,"Crude birth rate","Crude birth rate (births per 1,000 population)","World Population Prospects",2024,"United Nations Population Division",372,"Ireland","IE","IRL",145,"2094",4,"Median",3,"Both sexes",188,0,-1,"Total",0,"Not applicable",1,"Model-based Estimates",3,"Projection",8.088
55,"Crude birth rate","Crude birth rate (births per 1,000 population)","World Population Prospects",2024,"United Nations Population Division",372,"Ireland","IE","IRL",146,"2095",4,"Median",3,"Both sexes",188,0,-1,"Total",0,"Not applicable",1,"Model-based Estimates",3,"Projection",8.082
55,"Crude birth rate","Crude birth rate (births per 1,000 population)","World Population Prospects",2024,"United Nations Population Division",372,"Ireland","IE","IRL",147,"2096",4,"Median",3,"Both sexes",188,0,-1,"Total",0,"Not applicable",1,"Model-based Estimates",3,"Projection",8.095
55,"Crude birth rate","Crude birth rate (births per 1,000 population)","World Population Prospects",2024,"United Nations Population Division",372,"Ireland","IE","IRL",148,"2097",4,"Median",3,"Both sexes",188,0,-1,"Total",0,"Not applicable",1,"Model-based Estimates",3,"Projection",8.112
55,"Crude birth rate","Crude birth rate (births per 1,000 population)","World Population Prospects",2024,"United Nations Population Division",372,"Ireland","IE","IRL",149,"2098",4,"Median",3,"Both sexes",188,0,-1,"Total",0,"Not applicable",1,"Model-based Estimates",3,"Projection",8.132
55,"Crude birth rate","Crude birth rate (births per 1,000 population)","World Population Prospects",2024,"United Nations Population Division",372,"Ireland","IE","IRL",150,"2099",4,"Median",3,"Both sexes",188,0,-1,"Total",0,"Not applicable",1,"Model-based Estimates",3,"Projection",8.163
55,"Crude birth rate","Crude birth rate (births per 1,000 population)","World Population Prospects",2024,"United Nations Population Division",372,"Ireland","IE","IRL",151,"2100",4,"Median",3,"Both sexes",188,0,-1,"Total",0,"Not applicable",1,"Model-based Estimates",3,"Projection",8.202
55,"Crude birth rate","Crude birth rate (births per 1,000 population)","World Population Prospects",2024,"United Nations Population Division",380,"Italy","IT","ITA",41,"1990",4,"Median",3,"Both sexes",188,0,-1,"Total",0,"Not applicable",1,"Model-based Estimates",2,"Interpolation",9.988
55,"Crude birth rate","Crude birth rate (births per 1,000 population)","World Population Prospects",2024,"United Nations Population Division",380,"Italy","IT","ITA",42,"1991",4,"Median",3,"Both sexes",188,0,-1,"Total",0,"Not applicable",1,"Model-based Estimates",2,"Interpolation",9.861
55,"Crude birth rate","Crude birth rate (births per 1,000 population)","World Population Prospects",2024,"United Nations Population Division",380,"Italy","IT","ITA",43,"1992",4,"Median",3,"Both sexes",188,0,-1,"Total",0,"Not applicable",1,"Model-based Estimates",2,"Interpolation",9.945
55,"Crude birth rate","Crude birth rate (births per 1,000 population)","World Population Prospects",2024,"United Nations Population Division",380,"Italy","IT","ITA",44,"1993",4,"Median",3,"Both sexes",188,0,-1,"Total",0,"Not applicable",1,"Model-based Estimates",2,"Interpolation",9.616
55,"Crude birth rate","Crude birth rate (births per 1,000 population)","World Population Prospects",2024,"United Nations Population Division",380,"Italy","IT","ITA",45,"1994",4,"Median",3,"Both sexes",188,0,-1,"Total",0,"Not applicable",1,"Model-based Estimates",2,"Interpolation",9.288
55,"Crude birth rate","Crude birth rate (births per 1,000 population)","World Population Prospects",2024,"United Nations Population Division",380,"Italy","IT","ITA",46,"1995",4,"Median",3,"Both sexes",188,0,-1,"Total",0,"Not applicable",1,"Model-based Estimates",2,"Interpolation",9.15
55,"Crude birth rate","Crude birth rate (births per 1,000 population)","World Population Prospects",2024,"United Nations Population Division",380,"Italy","IT","ITA",47,"1996",4,"Median",3,"Both sexes",188,0,-1,"Total",0,"Not applicable",1,"Model-based Estimates",2,"Interpolation",9.253
55,"Crude birth rate","Crude birth rate (births per 1,000 population)","World Population Prospects",2024,"United Nations Population Division",380,"Italy","IT","ITA",48,"1997",4,"Median",3,"Both sexes",188,0,-1,"Total",0,"Not applicable",1,"Model-based Estimates",2,"Interpolation",9.329
55,"Crude birth rate","Crude birth rate (births per 1,000 population)","World Population Prospects",2024,"United Nations Population Division",380,"Italy","IT","ITA",49,"1998",4,"Median",3,"Both sexes",188,0,-1,"Total",0,"Not applicable",1,"Model-based Estimates",2,"Interpolation",9.29
55,"Crude birth rate","Crude birth rate (births per 1,000 population)","World Population Prospects",2024,"United Nations Population Division",380,"Italy","IT","ITA",50,"1999",4,"Median",3,"Both sexes",188,0,-1,"Total",0,"Not applicable",1,"Model-based Estimates",2,"Interpolation",9.363
55,"Crude birth rate","Crude birth rate (births per 1,000 population)","World Population Prospects",2024,"United Nations Population Division",380,"Italy","IT","ITA",51,"2000",4,"Median",3,"Both sexes",188,0,-1,"Total",0,"Not applicable",1,"Model-based Estimates",2,"Interpolation",9.442
55,"Crude birth rate","Crude birth rate (births per 1,000 population)","World Population Prospects",2024,"United Nations Population Division",380,"Italy","IT","ITA",52,"2001",4,"Median",3,"Both sexes",188,0,-1,"Total",0,"Not applicable",1,"Model-based Estimates",2,"Interpolation",9.328
55,"Crude birth rate","Crude birth rate (births per 1,000 population)","World Population Prospects",2024,"United Nations Population Division",380,"Italy","IT","ITA",53,"2002",4,"Median",3,"Both sexes",188,0,-1,"Total",0,"Not applicable",1,"Model-based Estimates",2,"Interpolation",9.332
55,"Crude birth rate","Crude birth rate (births per 1,000 population)","World Population Prospects",2024,"United Nations Population Division",380,"Italy","IT","ITA",54,"2003",4,"Median",3,"Both sexes",188,0,-1,"Total",0,"Not applicable",1,"Model-based Estimates",2,"Interpolation",9.354
55,"Crude birth rate","Crude birth rate (births per 1,000 population)","World Population Prospects",2024,"United Nations Population Division",380,"Italy","IT","ITA",55,"2004",4,"Median",3,"Both sexes",188,0,-1,"Total",0,"Not applicable",1,"Model-based Estimates",2,"Interpolation",9.62
55,"Crude birth rate","Crude birth rate (births per 1,000 population)","World Population Prospects",2024,"United Nations Population Division",380,"Italy","IT","ITA",56,"2005",4,"Median",3,"Both sexes",188,0,-1,"Total",0,"Not applicable",1,"Model-based Estimates",2,"Interpolation",9.461
55,"Crude birth rate","Crude birth rate (births per 1,000 population)","World Population Prospects",2024,"United Nations Population Division",380,"Italy","IT","ITA",57,"2006",4,"Median",3,"Both sexes",188,0,-1,"Total",0,"Not applicable",1,"Model-based Estimates",2,"Interpolation",9.516
55,"Crude birth rate","Crude birth rate (births per 1,000 population)","World Population Prospects",2024,"United Nations Population Division",380,"Italy","IT","ITA",58,"2007",4,"Median",3,"Both sexes",188,0,-1,"Total",0,"Not applicable",1,"Model-based Estimates",2,"Interpolation",9.49
55,"Crude birth rate","Crude birth rate (births per 1,000 population)","World Population Prospects",2024,"United Nations Population Division",380,"Italy","IT","ITA",59,"2008",4,"Median",3,"Both sexes",188,0,-1,"Total",0,"Not applicable",1,"Model-based Estimates",2,"Interpolation",9.64
55,"Crude birth rate","Crude birth rate (births per 1,000 population)","World Population Prospects",2024,"United Nations Population Division",380,"Italy","IT","ITA",60,"2009",4,"Median",3,"Both sexes",188,0,-1,"Total",0,"Not applicable",1,"Model-based Estimates",2,"Interpolation",9.499
55,"Crude birth rate","Crude birth rate (births per 1,000 population)","World Population Prospects",2024,"United Nations Population Division",380,"Italy","IT","ITA",61,"2010",4,"Median",3,"Both sexes",188,0,-1,"Total",0,"Not applicable",1,"Model-based Estimates",2,"Interpolation",9.348
55,"Crude birth rate","Crude birth rate (births per 1,000 population)","World Population Prospects",2024,"United Nations Population Division",380,"Italy","IT","ITA",62,"2011",4,"Median",3,"Both sexes",188,0,-1,"Total",0,"Not applicable",1,"Model-based Estimates",2,"Interpolation",9.075
55,"Crude birth rate","Crude birth rate (births per 1,000 population)","World Population Prospects",2024,"United Nations Population Division",380,"Italy","IT","ITA",63,"2012",4,"Median",3,"Both sexes",188,0,-1,"Total",0,"Not applicable",1,"Model-based Estimates",2,"Interpolation",8.811
55,"Crude birth rate","Crude birth rate (births per 1,000 population)","World Population Prospects",2024,"United Nations Population Division",380,"Italy","IT","ITA",64,"2013",4,"Median",3,"Both sexes",188,0,-1,"Total",0,"Not applicable",1,"Model-based Estimates",2,"Interpolation",8.432
55,"Crude birth rate","Crude birth rate (births per 1,000 population)","World Population Prospects",2024,"United Nations Population Division",380,"Italy","IT","ITA",65,"2014",4,"Median",3,"Both sexes",188,0,-1,"Total",0,"Not applicable",1,"Model-based Estimates",2,"Interpolation",8.179
55,"Crude birth rate","Crude birth rate (births per 1,000 population)","World Population Prospects",2024,"United Nations Population Division",380,"Italy","IT","ITA",66,"2015",4,"Median",3,"Both sexes",188,0,-1,"Total",0,"Not applicable",1,"Model-based Estimates",2,"Interpolation",7.917
55,"Crude birth rate","Crude birth rate (births per 1,000 population)","World Population Prospects",2024,"United Nations Population Division",380,"Italy","IT","ITA",67,"2016",4,"Median",3,"Both sexes",188,0,-1,"Total",0,"Not applicable",1,"Model-based Estimates",2,"Interpolation",7.725
55,"Crude birth rate","Crude birth rate (births per 1,000 population)","World Population Prospects",2024,"United Nations Population Division",380,"Italy","IT","ITA",68,"2017",4,"Median",3,"Both sexes",188,0,-1,"Total",0,"Not applicable",1,"Model-based Estimates",2,"Interpolation",7.496
55,"Crude birth rate","Crude birth rate (births per 1,000 population)","World Population Prospects",2024,"United Nations Population Division",380,"Italy","IT","ITA",69,"2018",4,"Median",3,"Both sexes",188,0,-1,"Total",0,"Not applicable",1,"Model-based Estimates",2,"Interpolation",7.215
55,"Crude birth rate","Crude birth rate (births per 1,000 population)","World Population Prospects",2024,"United Nations Population Division",380,"Italy","IT","ITA",70,"2019",4,"Median",3,"Both sexes",188,0,-1,"Total",0,"Not applicable",1,"Model-based Estimates",2,"Interpolation",6.978
55,"Crude birth rate","Crude birth rate (births per 1,000 population)","World Population Prospects",2024,"United Nations Population Division",380,"Italy","IT","ITA",71,"2020",4,"Median",3,"Both sexes",188,0,-1,"Total",0,"Not applicable",1,"Model-based Estimates",2,"Interpolation",6.81
55,"Crude birth rate","Crude birth rate (births per 1,000 population)","World Population Prospects",2024,"United Nations Population Division",380,"Italy","IT","ITA",72,"2021",4,"Median",3,"Both sexes",188,0,-1,"Total",0,"Not applicable",1,"Model-based Estimates",2,"Interpolation",6.815
55,"Crude birth rate","Crude birth rate (births per 1,000 population)","World Population Prospects",2024,"United Nations Population Division",380,"Italy","IT","ITA",73,"2022",4,"Median",3,"Both sexes",188,0,-1,"Total",0,"Not applicable",1,"Model-based Estimates",2,"Interpolation",6.705
55,"Crude birth rate","Crude birth rate (births per 1,000 population)","World Population Prospects",2024,"United Nations Population Division",380,"Italy","IT","ITA",74,"2023",4,"Median",3,"Both sexes",188,0,-1,"Total",0,"Not applicable",1,"Model-based Estimates",2,"Interpolation",6.464
55,"Crude birth rate","Crude birth rate (births per 1,000 population)","World Population Prospects",2024,"United Nations Population Division",380,"Italy","IT","ITA",75,"2024",4,"Median",3,"Both sexes",188,0,-1,"Total",0,"Not applicable",1,"Model-based Estimates",3,"Projection",6.483
55,"Crude birth rate","Crude birth rate (births per 1,000 population)","World Population Prospects",2024,"United Nations Population Division",380,"Italy","IT","ITA",76,"2025",4,"Median",3,"Both sexes",188,0,-1,"Total",0,"Not applicable",1,"Model-based Estimates",3,"Projection",6.467
55,"Crude birth rate","Crude birth rate (births per 1,000 population)","World Population Prospects",2024,"United Nations Population Division",380,"Italy","IT","ITA",77,"2026",4,"Median",3,"Both sexes",188,0,-1,"Total",0,"Not applicable",1,"Model-based Estimates",3,"Projection",6.442
55,"Crude birth rate","Crude birth rate (births per 1,000 population)","World Population Prospects",2024,"United Nations Population Division",380,"Italy","IT","ITA",78,"2027",4,"Median",3,"Both sexes",188,0,-1,"Total",0,"Not applicable",1,"Model-based Estimates",3,"Projection",6.444
55,"Crude birth rate","Crude birth rate (births per 1,000 population)","World Population Prospects",2024,"United Nations Population Division",380,"Italy","IT","ITA",79,"2028",4,"Median",3,"Both sexes",188,0,-1,"Total",0,"Not applicable",1,"Model-based Estimates",3,"Projection",6.445
55,"Crude birth rate","Crude birth rate (births per 1,000 population)","World Population Prospects",2024,"United Nations Population Division",380,"Italy","IT","ITA",80,"2029",4,"Median",3,"Both sexes",188,0,-1,"Total",0,"Not applicable",1,"Model-based Estimates",3,"Projection",6.444
55,"Crude birth rate","Crude birth rate (births per 1,000 population)","World Population Prospects",2024,"United Nations Population Division",380,"Italy","IT","ITA",81,"2030",4,"Median",3,"Both sexes",188,0,-1,"Total",0,"Not applicable",1,"Model-based Estimates",3,"Projection",6.462
55,"Crude birth rate","Crude birth rate (births per 1,000 population)","World Population Prospects",2024,"United Nations Population Division",380,"Italy","IT","ITA",82,"2031",4,"Median",3,"Both sexes",188,0,-1,"Total",0,"Not applicable",1,"Model-based Estimates",3,"Projection",6.485
55,"Crude birth rate","Crude birth rate (births per 1,000 population)","World Population Prospects",2024,"United Nations Population Division",380,"Italy","IT","ITA",83,"2032",4,"Median",3,"Both sexes",188,0,-1,"Total",0,"Not applicable",1,"Model-based Estimates",3,"Projection",6.518
55,"Crude birth rate","Crude birth rate (births per 1,000 population)","World Population Prospects",2024,"United Nations Population Division",380,"Italy","IT","ITA",84,"2033",4,"Median",3,"Both sexes",188,0,-1,"Total",0,"Not applicable",1,"Model-based Estimates",3,"Projection",6.56
55,"Crude birth rate","Crude birth rate (births per 1,000 population)","World Population Prospects",2024,"United Nations Population Division",380,"Italy","IT","ITA",85,"2034",4,"Median",3,"Both sexes",188,0,-1,"Total",0,"Not applicable",1,"Model-based Estimates",3,"Projection",6.619
55,"Crude birth rate","Crude birth rate (births per 1,000 population)","World Population Prospects",2024,"United Nations Population Division",380,"Italy","IT","ITA",86,"2035",4,"Median",3,"Both sexes",188,0,-1,"Total",0,"Not applicable",1,"Model-based Estimates",3,"Projection",6.672
55,"Crude birth rate","Crude birth rate (births per 1,000 population)","World Population Prospects",2024,"United Nations Population Division",380,"Italy","IT","ITA",87,"2036",4,"Median",3,"Both sexes",188,0,-1,"Total",0,"Not applicable",1,"Model-based Estimates",3,"Projection",6.74
55,"Crude birth rate","Crude birth rate (births per 1,000 population)","World Population Prospects",2024,"United Nations Population Division",380,"Italy","IT","ITA",88,"2037",4,"Median",3,"Both sexes",188,0,-1,"Total",0,"Not applicable",1,"Model-based Estimates",3,"Projection",6.8
55,"Crude birth rate","Crude birth rate (births per 1,000 population)","World Population Prospects",2024,"United Nations Population Division",380,"Italy","IT","ITA",89,"2038",4,"Median",3,"Both sexes",188,0,-1,"Total",0,"Not applicable",1,"Model-based Estimates",3,"Projection",6.852
55,"Crude birth rate","Crude birth rate (births per 1,000 population)","World Population Prospects",2024,"United Nations Population Division",380,"Italy","IT","ITA",90,"2039",4,"Median",3,"Both sexes",188,0,-1,"Total",0,"Not applicable",1,"Model-based Estimates",3,"Projection",6.889
55,"Crude birth rate","Crude birth rate (births per 1,000 population)","World Population Prospects",2024,"United Nations Population Division",380,"Italy","IT","ITA",91,"2040",4,"Median",3,"Both sexes",188,0,-1,"Total",0,"Not applicable",1,"Model-based Estimates",3,"Projection",6.911
55,"Crude birth rate","Crude birth rate (births per 1,000 population)","World Population Prospects",2024,"United Nations Population Division",380,"Italy","IT","ITA",92,"2041",4,"Median",3,"Both sexes",188,0,-1,"Total",0,"Not applicable",1,"Model-based Estimates",3,"Projection",6.925
55,"Crude birth rate","Crude birth rate (births per 1,000 population)","World Population Prospects",2024,"United Nations Population Division",380,"Italy","IT","ITA",93,"2042",4,"Median",3,"Both sexes",188,0,-1,"Total",0,"Not applicable",1,"Model-based Estimates",3,"Projection",6.932
55,"Crude birth rate","Crude birth rate (births per 1,000 population)","World Population Prospects",2024,"United Nations Population Division",380,"Italy","IT","ITA",94,"2043",4,"Median",3,"Both sexes",188,0,-1,"Total",0,"Not applicable",1,"Model-based Estimates",3,"Projection",6.932
55,"Crude birth rate","Crude birth rate (births per 1,000 population)","World Population Prospects",2024,"United Nations Population Division",380,"Italy","IT","ITA",95,"2044",4,"Median",3,"Both sexes",188,0,-1,"Total",0,"Not applicable",1,"Model-based Estimates",3,"Projection",6.905
55,"Crude birth rate","Crude birth rate (births per 1,000 population)","World Population Prospects",2024,"United Nations Population Division",380,"Italy","IT","ITA",96,"2045",4,"Median",3,"Both sexes",188,0,-1,"Total",0,"Not applicable",1,"Model-based Estimates",3,"Projection",6.873
55,"Crude birth rate","Crude birth rate (births per 1,000 population)","World Population Prospects",2024,"United Nations Population Division",380,"Italy","IT","ITA",97,"2046",4,"Median",3,"Both sexes",188,0,-1,"Total",0,"Not applicable",1,"Model-based Estimates",3,"Projection",6.818
55,"Crude birth rate","Crude birth rate (births per 1,000 population)","World Population Prospects",2024,"United Nations Population Division",380,"Italy","IT","ITA",98,"2047",4,"Median",3,"Both sexes",188,0,-1,"Total",0,"Not applicable",1,"Model-based Estimates",3,"Projection",6.766
55,"Crude birth rate","Crude birth rate (births per 1,000 population)","World Population Prospects",2024,"United Nations Population Division",380,"Italy","IT","ITA",99,"2048",4,"Median",3,"Both sexes",188,0,-1,"Total",0,"Not applicable",1,"Model-based Estimates",3,"Projection",6.714
55,"Crude birth rate","Crude birth rate (births per 1,000 population)","World Population Prospects",2024,"United Nations Population Division",380,"Italy","IT","ITA",100,"2049",4,"Median",3,"Both sexes",188,0,-1,"Total",0,"Not applicable",1,"Model-based Estimates",3,"Projection",6.651
55,"Crude birth rate","Crude birth rate (births per 1,000 population)","World Population Prospects",2024,"United Nations Population Division",380,"Italy","IT","ITA",101,"2050",4,"Median",3,"Both sexes",188,0,-1,"Total",0,"Not applicable",1,"Model-based Estimates",3,"Projection",6.588
55,"Crude birth rate","Crude birth rate (births per 1,000 population)","World Population Prospects",2024,"United Nations Population Division",380,"Italy","IT","ITA",102,"2051",4,"Median",3,"Both sexes",188,0,-1,"Total",0,"Not applicable",1,"Model-based Estimates",3,"Projection",6.532
55,"Crude birth rate","Crude birth rate (births per 1,000 population)","World Population Prospects",2024,"United Nations Population Division",380,"Italy","IT","ITA",103,"2052",4,"Median",3,"Both sexes",188,0,-1,"Total",0,"Not applicable",1,"Model-based Estimates",3,"Projection",6.478
55,"Crude birth rate","Crude birth rate (births per 1,000 population)","World Population Prospects",2024,"United Nations Population Division",380,"Italy","IT","ITA",104,"2053",4,"Median",3,"Both sexes",188,0,-1,"Total",0,"Not applicable",1,"Model-based Estimates",3,"Projection",6.419
55,"Crude birth rate","Crude birth rate (births per 1,000 population)","World Population Prospects",2024,"United Nations Population Division",380,"Italy","IT","ITA",105,"2054",4,"Median",3,"Both sexes",188,0,-1,"Total",0,"Not applicable",1,"Model-based Estimates",3,"Projection",6.381
55,"Crude birth rate","Crude birth rate (births per 1,000 population)","World Population Prospects",2024,"United Nations Population Division",380,"Italy","IT","ITA",106,"2055",4,"Median",3,"Both sexes",188,0,-1,"Total",0,"Not applicable",1,"Model-based Estimates",3,"Projection",6.356
55,"Crude birth rate","Crude birth rate (births per 1,000 population)","World Population Prospects",2024,"United Nations Population Division",380,"Italy","IT","ITA",107,"2056",4,"Median",3,"Both sexes",188,0,-1,"Total",0,"Not applicable",1,"Model-based Estimates",3,"Projection",6.346
55,"Crude birth rate","Crude birth rate (births per 1,000 population)","World Population Prospects",2024,"United Nations Population Division",380,"Italy","IT","ITA",108,"2057",4,"Median",3,"Both sexes",188,0,-1,"Total",0,"Not applicable",1,"Model-based Estimates",3,"Projection",6.339
55,"Crude birth rate","Crude birth rate (births per 1,000 population)","World Population Prospects",2024,"United Nations Population Division",380,"Italy","IT","ITA",109,"2058",4,"Median",3,"Both sexes",188,0,-1,"Total",0,"Not applicable",1,"Model-based Estimates",3,"Projection",6.339
55,"Crude birth rate","Crude birth rate (births per 1,000 population)","World Population Prospects",2024,"United Nations Population Division",380,"Italy","IT","ITA",110,"2059",4,"Median",3,"Both sexes",188,0,-1,"Total",0,"Not applicable",1,"Model-based Estimates",3,"Projection",6.352
55,"Crude birth rate","Crude birth rate (births per 1,000 population)","World Population Prospects",2024,"United Nations Population Division",380,"Italy","IT","ITA",111,"2060",4,"Median",3,"Both sexes",188,0,-1,"Total",0,"Not applicable",1,"Model-based Estimates",3,"Projection",6.382
55,"Crude birth rate","Crude birth rate (births per 1,000 population)","World Population Prospects",2024,"United Nations Population Division",380,"Italy","IT","ITA",112,"2061",4,"Median",3,"Both sexes",188,0,-1,"Total",0,"Not applicable",1,"Model-based Estimates",3,"Projection",6.41
55,"Crude birth rate","Crude birth rate (births per 1,000 population)","World Population Prospects",2024,"United Nations Population Division",380,"Italy","IT","ITA",113,"2062",4,"Median",3,"Both sexes",188,0,-1,"Total",0,"Not applicable",1,"Model-based Estimates",3,"Projection",6.444
55,"Crude birth rate","Crude birth rate (births per 1,000 population)","World Population Prospects",2024,"United Nations Population Division",380,"Italy","IT","ITA",114,"2063",4,"Median",3,"Both sexes",188,0,-1,"Total",0,"Not applicable",1,"Model-based Estimates",3,"Projection",6.484
55,"Crude birth rate","Crude birth rate (births per 1,000 population)","World Population Prospects",2024,"United Nations Population Division",380,"Italy","IT","ITA",115,"2064",4,"Median",3,"Both sexes",188,0,-1,"Total",0,"Not applicable",1,"Model-based Estimates",3,"Projection",6.544
55,"Crude birth rate","Crude birth rate (births per 1,000 population)","World Population Prospects",2024,"United Nations Population Division",380,"Italy","IT","ITA",116,"2065",4,"Median",3,"Both sexes",188,0,-1,"Total",0,"Not applicable",1,"Model-based Estimates",3,"Projection",6.61
55,"Crude birth rate","Crude birth rate (births per 1,000 population)","World Population Prospects",2024,"United Nations Population Division",380,"Italy","IT","ITA",117,"2066",4,"Median",3,"Both sexes",188,0,-1,"Total",0,"Not applicable",1,"Model-based Estimates",3,"Projection",6.669
55,"Crude birth rate","Crude birth rate (births per 1,000 population)","World Population Prospects",2024,"United Nations Population Division",380,"Italy","IT","ITA",118,"2067",4,"Median",3,"Both sexes",188,0,-1,"Total",0,"Not applicable",1,"Model-based Estimates",3,"Projection",6.74
55,"Crude birth rate","Crude birth rate (births per 1,000 population)","World Population Prospects",2024,"United Nations Population Division",380,"Italy","IT","ITA",119,"2068",4,"Median",3,"Both sexes",188,0,-1,"Total",0,"Not applicable",1,"Model-based Estimates",3,"Projection",6.808
55,"Crude birth rate","Crude birth rate (births per 1,000 population)","World Population Prospects",2024,"United Nations Population Division",380,"Italy","IT","ITA",120,"2069",4,"Median",3,"Both sexes",188,0,-1,"Total",0,"Not applicable",1,"Model-based Estimates",3,"Projection",6.869
55,"Crude birth rate","Crude birth rate (births per 1,000 population)","World Population Prospects",2024,"United Nations Population Division",380,"Italy","IT","ITA",121,"2070",4,"Median",3,"Both sexes",188,0,-1,"Total",0,"Not applicable",1,"Model-based Estimates",3,"Projection",6.935
55,"Crude birth rate","Crude birth rate (births per 1,000 population)","World Population Prospects",2024,"United Nations Population Division",380,"Italy","IT","ITA",122,"2071",4,"Median",3,"Both sexes",188,0,-1,"Total",0,"Not applicable",1,"Model-based Estimates",3,"Projection",6.971
55,"Crude birth rate","Crude birth rate (births per 1,000 population)","World Population Prospects",2024,"United Nations Population Division",380,"Italy","IT","ITA",123,"2072",4,"Median",3,"Both sexes",188,0,-1,"Total",0,"Not applicable",1,"Model-based Estimates",3,"Projection",7.014
55,"Crude birth rate","Crude birth rate (births per 1,000 population)","World Population Prospects",2024,"United Nations Population Division",380,"Italy","IT","ITA",124,"2073",4,"Median",3,"Both sexes",188,0,-1,"Total",0,"Not applicable",1,"Model-based Estimates",3,"Projection",7.046
55,"Crude birth rate","Crude birth rate (births per 1,000 population)","World Population Prospects",2024,"United Nations Population Division",380,"Italy","IT","ITA",125,"2074",4,"Median",3,"Both sexes",188,0,-1,"Total",0,"Not applicable",1,"Model-based Estimates",3,"Projection",7.074
55,"Crude birth rate","Crude birth rate (births per 1,000 population)","World Population Prospects",2024,"United Nations Population Division",380,"Italy","IT","ITA",126,"2075",4,"Median",3,"Both sexes",188,0,-1,"Total",0,"Not applicable",1,"Model-based Estimates",3,"Projection",7.095
55,"Crude birth rate","Crude birth rate (births per 1,000 population)","World Population Prospects",2024,"United Nations Population Division",380,"Italy","IT","ITA",127,"2076",4,"Median",3,"Both sexes",188,0,-1,"Total",0,"Not applicable",1,"Model-based Estimates",3,"Projection",7.106
55,"Crude birth rate","Crude birth rate (births per 1,000 population)","World Population Prospects",2024,"United Nations Population Division",380,"Italy","IT","ITA",128,"2077",4,"Median",3,"Both sexes",188,0,-1,"Total",0,"Not applicable",1,"Model-based Estimates",3,"Projection",7.097
55,"Crude birth rate","Crude birth rate (births per 1,000 population)","World Population Prospects",2024,"United Nations Population Division",380,"Italy","IT","ITA",129,"2078",4,"Median",3,"Both sexes",188,0,-1,"Total",0,"Not applicable",1,"Model-based Estimates",3,"Projection",7.087
55,"Crude birth rate","Crude birth rate (births per 1,000 population)","World Population Prospects",2024,"United Nations Population Division",380,"Italy","IT","ITA",130,"2079",4,"Median",3,"Both sexes",188,0,-1,"Total",0,"Not applicable",1,"Model-based Estimates",3,"Projection",7.084
55,"Crude birth rate","Crude birth rate (births per 1,000 population)","World Population Prospects",2024,"United Nations Population Division",380,"Italy","IT","ITA",131,"2080",4,"Median",3,"Both sexes",188,0,-1,"Total",0,"Not applicable",1,"Model-based Estimates",3,"Projection",7.066
55,"Crude birth rate","Crude birth rate (births per 1,000 population)","World Population Prospects",2024,"United Nations Population Division",380,"Italy","IT","ITA",132,"2081",4,"Median",3,"Both sexes",188,0,-1,"Total",0,"Not applicable",1,"Model-based Estimates",3,"Projection",7.051
55,"Crude birth rate","Crude birth rate (births per 1,000 population)","World Population Prospects",2024,"United Nations Population Division",380,"Italy","IT","ITA",133,"2082",4,"Median",3,"Both sexes",188,0,-1,"Total",0,"Not applicable",1,"Model-based Estimates",3,"Projection",7.036
55,"Crude birth rate","Crude birth rate (births per 1,000 population)","World Population Prospects",2024,"United Nations Population Division",380,"Italy","IT","ITA",134,"2083",4,"Median",3,"Both sexes",188,0,-1,"Total",0,"Not applicable",1,"Model-based Estimates",3,"Projection",7.015
55,"Crude birth rate","Crude birth rate (births per 1,000 population)","World Population Prospects",2024,"United Nations Population Division",380,"Italy","IT","ITA",135,"2084",4,"Median",3,"Both sexes",188,0,-1,"Total",0,"Not applicable",1,"Model-based Estimates",3,"Projection",6.993
55,"Crude birth rate","Crude birth rate (births per 1,000 population)","World Population Prospects",2024,"United Nations Population Division",380,"Italy","IT","ITA",136,"2085",4,"Median",3,"Both sexes",188,0,-1,"Total",0,"Not applicable",1,"Model-based Estimates",3,"Projection",6.974
55,"Crude birth rate","Crude birth rate (births per 1,000 population)","World Population Prospects",2024,"United Nations Population Division",380,"Italy","IT","ITA",137,"2086",4,"Median",3,"Both sexes",188,0,-1,"Total",0,"Not applicable",1,"Model-based Estimates",3,"Projection",6.948
55,"Crude birth rate","Crude birth rate (births per 1,000 population)","World Population Prospects",2024,"United Nations Population Division",380,"Italy","IT","ITA",138,"2087",4,"Median",3,"Both sexes",188,0,-1,"Total",0,"Not applicable",1,"Model-based Estimates",3,"Projection",6.929
55,"Crude birth rate","Crude birth rate (births per 1,000 population)","World Population Prospects",2024,"United Nations Population Division",380,"Italy","IT","ITA",139,"2088",4,"Median",3,"Both sexes",188,0,-1,"Total",0,"Not applicable",1,"Model-based Estimates",3,"Projection",6.903
55,"Crude birth rate","Crude birth rate (births per 1,000 population)","World Population Prospects",2024,"United Nations Population Division",380,"Italy","IT","ITA",140,"2089",4,"Median",3,"Both sexes",188,0,-1,"Total",0,"Not applicable",1,"Model-based Estimates",3,"Projection",6.887
55,"Crude birth rate","Crude birth rate (births per 1,000 population)","World Population Prospects",2024,"United Nations Population Division",380,"Italy","IT","ITA",141,"2090",4,"Median",3,"Both sexes",188,0,-1,"Total",0,"Not applicable",1,"Model-based Estimates",3,"Projection",6.87
55,"Crude birth rate","Crude birth rate (births per 1,000 population)","World Population Prospects",2024,"United Nations Population Division",380,"Italy","IT","ITA",142,"2091",4,"Median",3,"Both sexes",188,0,-1,"Total",0,"Not applicable",1,"Model-based Estimates",3,"Projection",6.875
55,"Crude birth rate","Crude birth rate (births per 1,000 population)","World Population Prospects",2024,"United Nations Population Division",380,"Italy","IT","ITA",143,"2092",4,"Median",3,"Both sexes",188,0,-1,"Total",0,"Not applicable",1,"Model-based Estimates",3,"Projection",6.882
55,"Crude birth rate","Crude birth rate (births per 1,000 population)","World Population Prospects",2024,"United Nations Population Division",380,"Italy","IT","ITA",144,"2093",4,"Median",3,"Both sexes",188,0,-1,"Total",0,"Not applicable",1,"Model-based Estimates",3,"Projection",6.883
55,"Crude birth rate","Crude birth rate (births per 1,000 population)","World Population Prospects",2024,"United Nations Population Division",380,"Italy","IT","ITA",145,"2094",4,"Median",3,"Both sexes",188,0,-1,"Total",0,"Not applicable",1,"Model-based Estimates",3,"Projection",6.895
55,"Crude birth rate","Crude birth rate (births per 1,000 population)","World Population Prospects",2024,"United Nations Population Division",380,"Italy","IT","ITA",146,"2095",4,"Median",3,"Both sexes",188,0,-1,"Total",0,"Not applicable",1,"Model-based Estimates",3,"Projection",6.909
55,"Crude birth rate","Crude birth rate (births per 1,000 population)","World Population Prospects",2024,"United Nations Population Division",380,"Italy","IT","ITA",147,"2096",4,"Median",3,"Both sexes",188,0,-1,"Total",0,"Not applicable",1,"Model-based Estimates",3,"Projection",6.932
55,"Crude birth rate","Crude birth rate (births per 1,000 population)","World Population Prospects",2024,"United Nations Population Division",380,"Italy","IT","ITA",148,"2097",4,"Median",3,"Both sexes",188,0,-1,"Total",0,"Not applicable",1,"Model-based Estimates",3,"Projection",6.958
55,"Crude birth rate","Crude birth rate (births per 1,000 population)","World Population Prospects",2024,"United Nations Population Division",380,"Italy","IT","ITA",149,"2098",4,"Median",3,"Both sexes",188,0,-1,"Total",0,"Not applicable",1,"Model-based Estimates",3,"Projection",6.977
55,"Crude birth rate","Crude birth rate (births per 1,000 population)","World Population Prospects",2024,"United Nations Population Division",380,"Italy","IT","ITA",150,"2099",4,"Median",3,"Both sexes",188,0,-1,"Total",0,"Not applicable",1,"Model-based Estimates",3,"Projection",7.01
55,"Crude birth rate","Crude birth rate (births per 1,000 population)","World Population Prospects",2024,"United Nations Population Division",380,"Italy","IT","ITA",151,"2100",4,"Median",3,"Both sexes",188,0,-1,"Total",0,"Not applicable",1,"Model-based Estimates",3,"Projection",7.039
55,"Crude birth rate","Crude birth rate (births per 1,000 population)","World Population Prospects",2024,"United Nations Population Division",428,"Latvia","LV","LVA",41,"1990",4,"Median",3,"Both sexes",188,0,-1,"Total",0,"Not applicable",1,"Model-based Estimates",2,"Interpolation",14.146
55,"Crude birth rate","Crude birth rate (births per 1,000 population)","World Population Prospects",2024,"United Nations Population Division",428,"Latvia","LV","LVA",42,"1991",4,"Median",3,"Both sexes",188,0,-1,"Total",0,"Not applicable",1,"Model-based Estimates",2,"Interpolation",13.101
55,"Crude birth rate","Crude birth rate (births per 1,000 population)","World Population Prospects",2024,"United Nations Population Division",428,"Latvia","LV","LVA",43,"1992",4,"Median",3,"Both sexes",188,0,-1,"Total",0,"Not applicable",1,"Model-based Estimates",2,"Interpolation",12.063
55,"Crude birth rate","Crude birth rate (births per 1,000 population)","World Population Prospects",2024,"United Nations Population Division",428,"Latvia","LV","LVA",44,"1993",4,"Median",3,"Both sexes",188,0,-1,"Total",0,"Not applicable",1,"Model-based Estimates",2,"Interpolation",10.383
55,"Crude birth rate","Crude birth rate (births per 1,000 population)","World Population Prospects",2024,"United Nations Population Division",428,"Latvia","LV","LVA",45,"1994",4,"Median",3,"Both sexes",188,0,-1,"Total",0,"Not applicable",1,"Model-based Estimates",2,"Interpolation",9.513
55,"Crude birth rate","Crude birth rate (births per 1,000 population)","World Population Prospects",2024,"United Nations Population Division",428,"Latvia","LV","LVA",46,"1995",4,"Median",3,"Both sexes",188,0,-1,"Total",0,"Not applicable",1,"Model-based Estimates",2,"Interpolation",8.587
55,"Crude birth rate","Crude birth rate (births per 1,000 population)","World Population Prospects",2024,"United Nations Population Division",428,"Latvia","LV","LVA",47,"1996",4,"Median",3,"Both sexes",188,0,-1,"Total",0,"Not applicable",1,"Model-based Estimates",2,"Interpolation",7.952
55,"Crude birth rate","Crude birth rate (births per 1,000 population)","World Population Prospects",2024,"United Nations Population Division",428,"Latvia","LV","LVA",48,"1997",4,"Median",3,"Both sexes",188,0,-1,"Total",0,"Not applicable",1,"Model-based Estimates",2,"Interpolation",7.656
55,"Crude birth rate","Crude birth rate (births per 1,000 population)","World Population Prospects",2024,"United Nations Population Division",428,"Latvia","LV","LVA",49,"1998",4,"Median",3,"Both sexes",188,0,-1,"Total",0,"Not applicable",1,"Model-based Estimates",2,"Interpolation",7.566
55,"Crude birth rate","Crude birth rate (births per 1,000 population)","World Population Prospects",2024,"United Nations Population Division",428,"Latvia","LV","LVA",50,"1999",4,"Median",3,"Both sexes",188,0,-1,"Total",0,"Not applicable",1,"Model-based Estimates",2,"Interpolation",8.032
55,"Crude birth rate","Crude birth rate (births per 1,000 population)","World Population Prospects",2024,"United Nations Population Division",428,"Latvia","LV","LVA",51,"2000",4,"Median",3,"Both sexes",188,0,-1,"Total",0,"Not applicable",1,"Model-based Estimates",2,"Interpolation",8.58
55,"Crude birth rate","Crude birth rate (births per 1,000 population)","World Population Prospects",2024,"United Nations Population Division",428,"Latvia","LV","LVA",52,"2001",4,"Median",3,"Both sexes",188,0,-1,"Total",0,"Not applicable",1,"Model-based Estimates",2,"Interpolation",8.474
55,"Crude birth rate","Crude birth rate (births per 1,000 population)","World Population Prospects",2024,"United Nations Population Division",428,"Latvia","LV","LVA",53,"2002",4,"Median",3,"Both sexes",188,0,-1,"Total",0,"Not applicable",1,"Model-based Estimates",2,"Interpolation",8.743
55,"Crude birth rate","Crude birth rate (births per 1,000 population)","World Population Prospects",2024,"United Nations Population Division",428,"Latvia","LV","LVA",54,"2003",4,"Median",3,"Both sexes",188,0,-1,"Total",0,"Not applicable",1,"Model-based Estimates",2,"Interpolation",9.265
55,"Crude birth rate","Crude birth rate (births per 1,000 population)","World Population Prospects",2024,"United Nations Population Division",428,"Latvia","LV","LVA",55,"2004",4,"Median",3,"Both sexes",188,0,-1,"Total",0,"Not applicable",1,"Model-based Estimates",2,"Interpolation",9.156
55,"Crude birth rate","Crude birth rate (births per 1,000 population)","World Population Prospects",2024,"United Nations Population Division",428,"Latvia","LV","LVA",56,"2005",4,"Median",3,"Both sexes",188,0,-1,"Total",0,"Not applicable",1,"Model-based Estimates",2,"Interpolation",9.841
55,"Crude birth rate","Crude birth rate (births per 1,000 population)","World Population Prospects",2024,"United Nations Population Division",428,"Latvia","LV","LVA",57,"2006",4,"Median",3,"Both sexes",188,0,-1,"Total",0,"Not applicable",1,"Model-based Estimates",2,"Interpolation",10.398
55,"Crude birth rate","Crude birth rate (births per 1,000 population)","World Population Prospects",2024,"United Nations Population Division",428,"Latvia","LV","LVA",58,"2007",4,"Median",3,"Both sexes",188,0,-1,"Total",0,"Not applicable",1,"Model-based Estimates",2,"Interpolation",10.963
55,"Crude birth rate","Crude birth rate (births per 1,000 population)","World Population Prospects",2024,"United Nations Population Division",428,"Latvia","LV","LVA",59,"2008",4,"Median",3,"Both sexes",188,0,-1,"Total",0,"Not applicable",1,"Model-based Estimates",2,"Interpolation",11.33
55,"Crude birth rate","Crude birth rate (births per 1,000 population)","World Population Prospects",2024,"United Nations Population Division",428,"Latvia","LV","LVA",60,"2009",4,"Median",3,"Both sexes",188,0,-1,"Total",0,"Not applicable",1,"Model-based Estimates",2,"Interpolation",10.505
55,"Crude birth rate","Crude birth rate (births per 1,000 population)","World Population Prospects",2024,"United Nations Population Division",428,"Latvia","LV","LVA",61,"2010",4,"Median",3,"Both sexes",188,0,-1,"Total",0,"Not applicable",1,"Model-based Estimates",2,"Interpolation",9.655
55,"Crude birth rate","Crude birth rate (births per 1,000 population)","World Population Prospects",2024,"United Nations Population Division",428,"Latvia","LV","LVA",62,"2011",4,"Median",3,"Both sexes",188,0,-1,"Total",0,"Not applicable",1,"Model-based Estimates",2,"Interpolation",9.305
55,"Crude birth rate","Crude birth rate (births per 1,000 population)","World Population Prospects",2024,"United Nations Population Division",428,"Latvia","LV","LVA",63,"2012",4,"Median",3,"Both sexes",188,0,-1,"Total",0,"Not applicable",1,"Model-based Estimates",2,"Interpolation",9.877
55,"Crude birth rate","Crude birth rate (births per 1,000 population)","World Population Prospects",2024,"United Nations Population Division",428,"Latvia","LV","LVA",64,"2013",4,"Median",3,"Both sexes",188,0,-1,"Total",0,"Not applicable",1,"Model-based Estimates",2,"Interpolation",10.362
55,"Crude birth rate","Crude birth rate (births per 1,000 population)","World Population Prospects",2024,"United Nations Population Division",428,"Latvia","LV","LVA",65,"2014",4,"Median",3,"Both sexes",188,0,-1,"Total",0,"Not applicable",1,"Model-based Estimates",2,"Interpolation",10.993
55,"Crude birth rate","Crude birth rate (births per 1,000 population)","World Population Prospects",2024,"United Nations Population Division",428,"Latvia","LV","LVA",66,"2015",4,"Median",3,"Both sexes",188,0,-1,"Total",0,"Not applicable",1,"Model-based Estimates",2,"Interpolation",11.23
55,"Crude birth rate","Crude birth rate (births per 1,000 population)","World Population Prospects",2024,"United Nations Population Division",428,"Latvia","LV","LVA",67,"2016",4,"Median",3,"Both sexes",188,0,-1,"Total",0,"Not applicable",1,"Model-based Estimates",2,"Interpolation",11.293
55,"Crude birth rate","Crude birth rate (births per 1,000 population)","World Population Prospects",2024,"United Nations Population Division",428,"Latvia","LV","LVA",68,"2017",4,"Median",3,"Both sexes",188,0,-1,"Total",0,"Not applicable",1,"Model-based Estimates",2,"Interpolation",10.82
55,"Crude birth rate","Crude birth rate (births per 1,000 population)","World Population Prospects",2024,"United Nations Population Division",428,"Latvia","LV","LVA",69,"2018",4,"Median",3,"Both sexes",188,0,-1,"Total",0,"Not applicable",1,"Model-based Estimates",2,"Interpolation",10.101
55,"Crude birth rate","Crude birth rate (births per 1,000 population)","World Population Prospects",2024,"United Nations Population Division",428,"Latvia","LV","LVA",70,"2019",4,"Median",3,"Both sexes",188,0,-1,"Total",0,"Not applicable",1,"Model-based Estimates",2,"Interpolation",9.866
55,"Crude birth rate","Crude birth rate (births per 1,000 population)","World Population Prospects",2024,"United Nations Population Division",428,"Latvia","LV","LVA",71,"2020",4,"Median",3,"Both sexes",188,0,-1,"Total",0,"Not applicable",1,"Model-based Estimates",2,"Interpolation",9.273
55,"Crude birth rate","Crude birth rate (births per 1,000 population)","World Population Prospects",2024,"United Nations Population Division",428,"Latvia","LV","LVA",72,"2021",4,"Median",3,"Both sexes",188,0,-1,"Total",0,"Not applicable",1,"Model-based Estimates",2,"Interpolation",9.265
55,"Crude birth rate","Crude birth rate (births per 1,000 population)","World Population Prospects",2024,"United Nations Population Division",428,"Latvia","LV","LVA",73,"2022",4,"Median",3,"Both sexes",188,0,-1,"Total",0,"Not applicable",1,"Model-based Estimates",2,"Interpolation",8.456
55,"Crude birth rate","Crude birth rate (births per 1,000 population)","World Population Prospects",2024,"United Nations Population Division",428,"Latvia","LV","LVA",74,"2023",4,"Median",3,"Both sexes",188,0,-1,"Total",0,"Not applicable",1,"Model-based Estimates",2,"Interpolation",7.57
55,"Crude birth rate","Crude birth rate (births per 1,000 population)","World Population Prospects",2024,"United Nations Population Division",428,"Latvia","LV","LVA",75,"2024",4,"Median",3,"Both sexes",188,0,-1,"Total",0,"Not applicable",1,"Model-based Estimates",3,"Projection",7.488
55,"Crude birth rate","Crude birth rate (births per 1,000 population)","World Population Prospects",2024,"United Nations Population Division",428,"Latvia","LV","LVA",76,"2025",4,"Median",3,"Both sexes",188,0,-1,"Total",0,"Not applicable",1,"Model-based Estimates",3,"Projection",7.394
55,"Crude birth rate","Crude birth rate (births per 1,000 population)","World Population Prospects",2024,"United Nations Population Division",428,"Latvia","LV","LVA",77,"2026",4,"Median",3,"Both sexes",188,0,-1,"Total",0,"Not applicable",1,"Model-based Estimates",3,"Projection",7.259
55,"Crude birth rate","Crude birth rate (births per 1,000 population)","World Population Prospects",2024,"United Nations Population Division",428,"Latvia","LV","LVA",78,"2027",4,"Median",3,"Both sexes",188,0,-1,"Total",0,"Not applicable",1,"Model-based Estimates",3,"Projection",7.195
55,"Crude birth rate","Crude birth rate (births per 1,000 population)","World Population Prospects",2024,"United Nations Population Division",428,"Latvia","LV","LVA",79,"2028",4,"Median",3,"Both sexes",188,0,-1,"Total",0,"Not applicable",1,"Model-based Estimates",3,"Projection",7.133
55,"Crude birth rate","Crude birth rate (births per 1,000 population)","World Population Prospects",2024,"United Nations Population Division",428,"Latvia","LV","LVA",80,"2029",4,"Median",3,"Both sexes",188,0,-1,"Total",0,"Not applicable",1,"Model-based Estimates",3,"Projection",7.094
55,"Crude birth rate","Crude birth rate (births per 1,000 population)","World Population Prospects",2024,"United Nations Population Division",428,"Latvia","LV","LVA",81,"2030",4,"Median",3,"Both sexes",188,0,-1,"Total",0,"Not applicable",1,"Model-based Estimates",3,"Projection",7.087
55,"Crude birth rate","Crude birth rate (births per 1,000 population)","World Population Prospects",2024,"United Nations Population Division",428,"Latvia","LV","LVA",82,"2031",4,"Median",3,"Both sexes",188,0,-1,"Total",0,"Not applicable",1,"Model-based Estimates",3,"Projection",7.092
55,"Crude birth rate","Crude birth rate (births per 1,000 population)","World Population Prospects",2024,"United Nations Population Division",428,"Latvia","LV","LVA",83,"2032",4,"Median",3,"Both sexes",188,0,-1,"Total",0,"Not applicable",1,"Model-based Estimates",3,"Projection",7.135
55,"Crude birth rate","Crude birth rate (births per 1,000 population)","World Population Prospects",2024,"United Nations Population Division",428,"Latvia","LV","LVA",84,"2033",4,"Median",3,"Both sexes",188,0,-1,"Total",0,"Not applicable",1,"Model-based Estimates",3,"Projection",7.191
55,"Crude birth rate","Crude birth rate (births per 1,000 population)","World Population Prospects",2024,"United Nations Population Division",428,"Latvia","LV","LVA",85,"2034",4,"Median",3,"Both sexes",188,0,-1,"Total",0,"Not applicable",1,"Model-based Estimates",3,"Projection",7.284
55,"Crude birth rate","Crude birth rate (births per 1,000 population)","World Population Prospects",2024,"United Nations Population Division",428,"Latvia","LV","LVA",86,"2035",4,"Median",3,"Both sexes",188,0,-1,"Total",0,"Not applicable",1,"Model-based Estimates",3,"Projection",7.393
55,"Crude birth rate","Crude birth rate (births per 1,000 population)","World Population Prospects",2024,"United Nations Population Division",428,"Latvia","LV","LVA",87,"2036",4,"Median",3,"Both sexes",188,0,-1,"Total",0,"Not applicable",1,"Model-based Estimates",3,"Projection",7.528
55,"Crude birth rate","Crude birth rate (births per 1,000 population)","World Population Prospects",2024,"United Nations Population Division",428,"Latvia","LV","LVA",88,"2037",4,"Median",3,"Both sexes",188,0,-1,"Total",0,"Not applicable",1,"Model-based Estimates",3,"Projection",7.666
55,"Crude birth rate","Crude birth rate (births per 1,000 population)","World Population Prospects",2024,"United Nations Population Division",428,"Latvia","LV","LVA",89,"2038",4,"Median",3,"Both sexes",188,0,-1,"Total",0,"Not applicable",1,"Model-based Estimates",3,"Projection",7.811
55,"Crude birth rate","Crude birth rate (births per 1,000 population)","World Population Prospects",2024,"United Nations Population Division",428,"Latvia","LV","LVA",90,"2039",4,"Median",3,"Both sexes",188,0,-1,"Total",0,"Not applicable",1,"Model-based Estimates",3,"Projection",7.944
55,"Crude birth rate","Crude birth rate (births per 1,000 population)","World Population Prospects",2024,"United Nations Population Division",428,"Latvia","LV","LVA",91,"2040",4,"Median",3,"Both sexes",188,0,-1,"Total",0,"Not applicable",1,"Model-based Estimates",3,"Projection",8.074
55,"Crude birth rate","Crude birth rate (births per 1,000 population)","World Population Prospects",2024,"United Nations Population Division",428,"Latvia","LV","LVA",92,"2041",4,"Median",3,"Both sexes",188,0,-1,"Total",0,"Not applicable",1,"Model-based Estimates",3,"Projection",8.198
55,"Crude birth rate","Crude birth rate (births per 1,000 population)","World Population Prospects",2024,"United Nations Population Division",428,"Latvia","LV","LVA",93,"2042",4,"Median",3,"Both sexes",188,0,-1,"Total",0,"Not applicable",1,"Model-based Estimates",3,"Projection",8.284
55,"Crude birth rate","Crude birth rate (births per 1,000 population)","World Population Prospects",2024,"United Nations Population Division",428,"Latvia","LV","LVA",94,"2043",4,"Median",3,"Both sexes",188,0,-1,"Total",0,"Not applicable",1,"Model-based Estimates",3,"Projection",8.361
55,"Crude birth rate","Crude birth rate (births per 1,000 population)","World Population Prospects",2024,"United Nations Population Division",428,"Latvia","LV","LVA",95,"2044",4,"Median",3,"Both sexes",188,0,-1,"Total",0,"Not applicable",1,"Model-based Estimates",3,"Projection",8.4
55,"Crude birth rate","Crude birth rate (births per 1,000 population)","World Population Prospects",2024,"United Nations Population Division",428,"Latvia","LV","LVA",96,"2045",4,"Median",3,"Both sexes",188,0,-1,"Total",0,"Not applicable",1,"Model-based Estimates",3,"Projection",8.424
55,"Crude birth rate","Crude birth rate (births per 1,000 population)","World Population Prospects",2024,"United Nations Population Division",428,"Latvia","LV","LVA",97,"2046",4,"Median",3,"Both sexes",188,0,-1,"Total",0,"Not applicable",1,"Model-based Estimates",3,"Projection",8.419
55,"Crude birth rate","Crude birth rate (births per 1,000 population)","World Population Prospects",2024,"United Nations Population Division",428,"Latvia","LV","LVA",98,"2047",4,"Median",3,"Both sexes",188,0,-1,"Total",0,"Not applicable",1,"Model-based Estimates",3,"Projection",8.373
55,"Crude birth rate","Crude birth rate (births per 1,000 population)","World Population Prospects",2024,"United Nations Population Division",428,"Latvia","LV","LVA",99,"2048",4,"Median",3,"Both sexes",188,0,-1,"Total",0,"Not applicable",1,"Model-based Estimates",3,"Projection",8.308
55,"Crude birth rate","Crude birth rate (births per 1,000 population)","World Population Prospects",2024,"United Nations Population Division",428,"Latvia","LV","LVA",100,"2049",4,"Median",3,"Both sexes",188,0,-1,"Total",0,"Not applicable",1,"Model-based Estimates",3,"Projection",8.19
55,"Crude birth rate","Crude birth rate (births per 1,000 population)","World Population Prospects",2024,"United Nations Population Division",428,"Latvia","LV","LVA",101,"2050",4,"Median",3,"Both sexes",188,0,-1,"Total",0,"Not applicable",1,"Model-based Estimates",3,"Projection",8.063
55,"Crude birth rate","Crude birth rate (births per 1,000 population)","World Population Prospects",2024,"United Nations Population Division",428,"Latvia","LV","LVA",102,"2051",4,"Median",3,"Both sexes",188,0,-1,"Total",0,"Not applicable",1,"Model-based Estimates",3,"Projection",7.904
55,"Crude birth rate","Crude birth rate (births per 1,000 population)","World Population Prospects",2024,"United Nations Population Division",428,"Latvia","LV","LVA",103,"2052",4,"Median",3,"Both sexes",188,0,-1,"Total",0,"Not applicable",1,"Model-based Estimates",3,"Projection",7.743
55,"Crude birth rate","Crude birth rate (births per 1,000 population)","World Population Prospects",2024,"United Nations Population Division",428,"Latvia","LV","LVA",104,"2053",4,"Median",3,"Both sexes",188,0,-1,"Total",0,"Not applicable",1,"Model-based Estimates",3,"Projection",7.57
55,"Crude birth rate","Crude birth rate (births per 1,000 population)","World Population Prospects",2024,"United Nations Population Division",428,"Latvia","LV","LVA",105,"2054",4,"Median",3,"Both sexes",188,0,-1,"Total",0,"Not applicable",1,"Model-based Estimates",3,"Projection",7.398
55,"Crude birth rate","Crude birth rate (births per 1,000 population)","World Population Prospects",2024,"United Nations Population Division",428,"Latvia","LV","LVA",106,"2055",4,"Median",3,"Both sexes",188,0,-1,"Total",0,"Not applicable",1,"Model-based Estimates",3,"Projection",7.239
55,"Crude birth rate","Crude birth rate (births per 1,000 population)","World Population Prospects",2024,"United Nations Population Division",428,"Latvia","LV","LVA",107,"2056",4,"Median",3,"Both sexes",188,0,-1,"Total",0,"Not applicable",1,"Model-based Estimates",3,"Projection",7.088
55,"Crude birth rate","Crude birth rate (births per 1,000 population)","World Population Prospects",2024,"United Nations Population Division",428,"Latvia","LV","LVA",108,"2057",4,"Median",3,"Both sexes",188,0,-1,"Total",0,"Not applicable",1,"Model-based Estimates",3,"Projection",6.95
55,"Crude birth rate","Crude birth rate (births per 1,000 population)","World Population Prospects",2024,"United Nations Population Division",428,"Latvia","LV","LVA",109,"2058",4,"Median",3,"Both sexes",188,0,-1,"Total",0,"Not applicable",1,"Model-based Estimates",3,"Projection",6.842
55,"Crude birth rate","Crude birth rate (births per 1,000 population)","World Population Prospects",2024,"United Nations Population Division",428,"Latvia","LV","LVA",110,"2059",4,"Median",3,"Both sexes",188,0,-1,"Total",0,"Not applicable",1,"Model-based Estimates",3,"Projection",6.761
55,"Crude birth rate","Crude birth rate (births per 1,000 population)","World Population Prospects",2024,"United Nations Population Division",428,"Latvia","LV","LVA",111,"2060",4,"Median",3,"Both sexes",188,0,-1,"Total",0,"Not applicable",1,"Model-based Estimates",3,"Projection",6.701
55,"Crude birth rate","Crude birth rate (births per 1,000 population)","World Population Prospects",2024,"United Nations Population Division",428,"Latvia","LV","LVA",112,"2061",4,"Median",3,"Both sexes",188,0,-1,"Total",0,"Not applicable",1,"Model-based Estimates",3,"Projection",6.677
55,"Crude birth rate","Crude birth rate (births per 1,000 population)","World Population Prospects",2024,"United Nations Population Division",428,"Latvia","LV","LVA",113,"2062",4,"Median",3,"Both sexes",188,0,-1,"Total",0,"Not applicable",1,"Model-based Estimates",3,"Projection",6.67
55,"Crude birth rate","Crude birth rate (births per 1,000 population)","World Population Prospects",2024,"United Nations Population Division",428,"Latvia","LV","LVA",114,"2063",4,"Median",3,"Both sexes",188,0,-1,"Total",0,"Not applicable",1,"Model-based Estimates",3,"Projection",6.692
55,"Crude birth rate","Crude birth rate (births per 1,000 population)","World Population Prospects",2024,"United Nations Population Division",428,"Latvia","LV","LVA",115,"2064",4,"Median",3,"Both sexes",188,0,-1,"Total",0,"Not applicable",1,"Model-based Estimates",3,"Projection",6.73
55,"Crude birth rate","Crude birth rate (births per 1,000 population)","World Population Prospects",2024,"United Nations Population Division",428,"Latvia","LV","LVA",116,"2065",4,"Median",3,"Both sexes",188,0,-1,"Total",0,"Not applicable",1,"Model-based Estimates",3,"Projection",6.777
55,"Crude birth rate","Crude birth rate (births per 1,000 population)","World Population Prospects",2024,"United Nations Population Division",428,"Latvia","LV","LVA",117,"2066",4,"Median",3,"Both sexes",188,0,-1,"Total",0,"Not applicable",1,"Model-based Estimates",3,"Projection",6.847
55,"Crude birth rate","Crude birth rate (births per 1,000 population)","World Population Prospects",2024,"United Nations Population Division",428,"Latvia","LV","LVA",118,"2067",4,"Median",3,"Both sexes",188,0,-1,"Total",0,"Not applicable",1,"Model-based Estimates",3,"Projection",6.925
55,"Crude birth rate","Crude birth rate (births per 1,000 population)","World Population Prospects",2024,"United Nations Population Division",428,"Latvia","LV","LVA",119,"2068",4,"Median",3,"Both sexes",188,0,-1,"Total",0,"Not applicable",1,"Model-based Estimates",3,"Projection",7.015
55,"Crude birth rate","Crude birth rate (births per 1,000 population)","World Population Prospects",2024,"United Nations Population Division",428,"Latvia","LV","LVA",120,"2069",4,"Median",3,"Both sexes",188,0,-1,"Total",0,"Not applicable",1,"Model-based Estimates",3,"Projection",7.091
55,"Crude birth rate","Crude birth rate (births per 1,000 population)","World Population Prospects",2024,"United Nations Population Division",428,"Latvia","LV","LVA",121,"2070",4,"Median",3,"Both sexes",188,0,-1,"Total",0,"Not applicable",1,"Model-based Estimates",3,"Projection",7.186
55,"Crude birth rate","Crude birth rate (births per 1,000 population)","World Population Prospects",2024,"United Nations Population Division",428,"Latvia","LV","LVA",122,"2071",4,"Median",3,"Both sexes",188,0,-1,"Total",0,"Not applicable",1,"Model-based Estimates",3,"Projection",7.276
55,"Crude birth rate","Crude birth rate (births per 1,000 population)","World Population Prospects",2024,"United Nations Population Division",428,"Latvia","LV","LVA",123,"2072",4,"Median",3,"Both sexes",188,0,-1,"Total",0,"Not applicable",1,"Model-based Estimates",3,"Projection",7.363
55,"Crude birth rate","Crude birth rate (births per 1,000 population)","World Population Prospects",2024,"United Nations Population Division",428,"Latvia","LV","LVA",124,"2073",4,"Median",3,"Both sexes",188,0,-1,"Total",0,"Not applicable",1,"Model-based Estimates",3,"Projection",7.438
55,"Crude birth rate","Crude birth rate (births per 1,000 population)","World Population Prospects",2024,"United Nations Population Division",428,"Latvia","LV","LVA",125,"2074",4,"Median",3,"Both sexes",188,0,-1,"Total",0,"Not applicable",1,"Model-based Estimates",3,"Projection",7.5
55,"Crude birth rate","Crude birth rate (births per 1,000 population)","World Population Prospects",2024,"United Nations Population Division",428,"Latvia","LV","LVA",126,"2075",4,"Median",3,"Both sexes",188,0,-1,"Total",0,"Not applicable",1,"Model-based Estimates",3,"Projection",7.54
55,"Crude birth rate","Crude birth rate (births per 1,000 population)","World Population Prospects",2024,"United Nations Population Division",428,"Latvia","LV","LVA",127,"2076",4,"Median",3,"Both sexes",188,0,-1,"Total",0,"Not applicable",1,"Model-based Estimates",3,"Projection",7.577
55,"Crude birth rate","Crude birth rate (births per 1,000 population)","World Population Prospects",2024,"United Nations Population Division",428,"Latvia","LV","LVA",128,"2077",4,"Median",3,"Both sexes",188,0,-1,"Total",0,"Not applicable",1,"Model-based Estimates",3,"Projection",7.587
55,"Crude birth rate","Crude birth rate (births per 1,000 population)","World Population Prospects",2024,"United Nations Population Division",428,"Latvia","LV","LVA",129,"2078",4,"Median",3,"Both sexes",188,0,-1,"Total",0,"Not applicable",1,"Model-based Estimates",3,"Projection",7.587
55,"Crude birth rate","Crude birth rate (births per 1,000 population)","World Population Prospects",2024,"United Nations Population Division",428,"Latvia","LV","LVA",130,"2079",4,"Median",3,"Both sexes",188,0,-1,"Total",0,"Not applicable",1,"Model-based Estimates",3,"Projection",7.55
55,"Crude birth rate","Crude birth rate (births per 1,000 population)","World Population Prospects",2024,"United Nations Population Division",428,"Latvia","LV","LVA",131,"2080",4,"Median",3,"Both sexes",188,0,-1,"Total",0,"Not applicable",1,"Model-based Estimates",3,"Projection",7.504
55,"Crude birth rate","Crude birth rate (births per 1,000 population)","World Population Prospects",2024,"United Nations Population Division",428,"Latvia","LV","LVA",132,"2081",4,"Median",3,"Both sexes",188,0,-1,"Total",0,"Not applicable",1,"Model-based Estimates",3,"Projection",7.446
55,"Crude birth rate","Crude birth rate (births per 1,000 population)","World Population Prospects",2024,"United Nations Population Division",428,"Latvia","LV","LVA",133,"2082",4,"Median",3,"Both sexes",188,0,-1,"Total",0,"Not applicable",1,"Model-based Estimates",3,"Projection",7.373
55,"Crude birth rate","Crude birth rate (births per 1,000 population)","World Population Prospects",2024,"United Nations Population Division",428,"Latvia","LV","LVA",134,"2083",4,"Median",3,"Both sexes",188,0,-1,"Total",0,"Not applicable",1,"Model-based Estimates",3,"Projection",7.288
55,"Crude birth rate","Crude birth rate (births per 1,000 population)","World Population Prospects",2024,"United Nations Population Division",428,"Latvia","LV","LVA",135,"2084",4,"Median",3,"Both sexes",188,0,-1,"Total",0,"Not applicable",1,"Model-based Estimates",3,"Projection",7.199
55,"Crude birth rate","Crude birth rate (births per 1,000 population)","World Population Prospects",2024,"United Nations Population Division",428,"Latvia","LV","LVA",136,"2085",4,"Median",3,"Both sexes",188,0,-1,"Total",0,"Not applicable",1,"Model-based Estimates",3,"Projection",7.107
55,"Crude birth rate","Crude birth rate (births per 1,000 population)","World Population Prospects",2024,"United Nations Population Division",428,"Latvia","LV","LVA",137,"2086",4,"Median",3,"Both sexes",188,0,-1,"Total",0,"Not applicable",1,"Model-based Estimates",3,"Projection",7.025
55,"Crude birth rate","Crude birth rate (births per 1,000 population)","World Population Prospects",2024,"United Nations Population Division",428,"Latvia","LV","LVA",138,"2087",4,"Median",3,"Both sexes",188,0,-1,"Total",0,"Not applicable",1,"Model-based Estimates",3,"Projection",6.946
55,"Crude birth rate","Crude birth rate (births per 1,000 population)","World Population Prospects",2024,"United Nations Population Division",428,"Latvia","LV","LVA",139,"2088",4,"Median",3,"Both sexes",188,0,-1,"Total",0,"Not applicable",1,"Model-based Estimates",3,"Projection",6.867
55,"Crude birth rate","Crude birth rate (births per 1,000 population)","World Population Prospects",2024,"United Nations Population Division",428,"Latvia","LV","LVA",140,"2089",4,"Median",3,"Both sexes",188,0,-1,"Total",0,"Not applicable",1,"Model-based Estimates",3,"Projection",6.8
55,"Crude birth rate","Crude birth rate (births per 1,000 population)","World Population Prospects",2024,"United Nations Population Division",428,"Latvia","LV","LVA",141,"2090",4,"Median",3,"Both sexes",188,0,-1,"Total",0,"Not applicable",1,"Model-based Estimates",3,"Projection",6.74
55,"Crude birth rate","Crude birth rate (births per 1,000 population)","World Population Prospects",2024,"United Nations Population Division",428,"Latvia","LV","LVA",142,"2091",4,"Median",3,"Both sexes",188,0,-1,"Total",0,"Not applicable",1,"Model-based Estimates",3,"Projection",6.694
55,"Crude birth rate","Crude birth rate (births per 1,000 population)","World Population Prospects",2024,"United Nations Population Division",428,"Latvia","LV","LVA",143,"2092",4,"Median",3,"Both sexes",188,0,-1,"Total",0,"Not applicable",1,"Model-based Estimates",3,"Projection",6.666
55,"Crude birth rate","Crude birth rate (births per 1,000 population)","World Population Prospects",2024,"United Nations Population Division",428,"Latvia","LV","LVA",144,"2093",4,"Median",3,"Both sexes",188,0,-1,"Total",0,"Not applicable",1,"Model-based Estimates",3,"Projection",6.64
55,"Crude birth rate","Crude birth rate (births per 1,000 population)","World Population Prospects",2024,"United Nations Population Division",428,"Latvia","LV","LVA",145,"2094",4,"Median",3,"Both sexes",188,0,-1,"Total",0,"Not applicable",1,"Model-based Estimates",3,"Projection",6.639
55,"Crude birth rate","Crude birth rate (births per 1,000 population)","World Population Prospects",2024,"United Nations Population Division",428,"Latvia","LV","LVA",146,"2095",4,"Median",3,"Both sexes",188,0,-1,"Total",0,"Not applicable",1,"Model-based Estimates",3,"Projection",6.643
55,"Crude birth rate","Crude birth rate (births per 1,000 population)","World Population Prospects",2024,"United Nations Population Division",428,"Latvia","LV","LVA",147,"2096",4,"Median",3,"Both sexes",188,0,-1,"Total",0,"Not applicable",1,"Model-based Estimates",3,"Projection",6.665
55,"Crude birth rate","Crude birth rate (births per 1,000 population)","World Population Prospects",2024,"United Nations Population Division",428,"Latvia","LV","LVA",148,"2097",4,"Median",3,"Both sexes",188,0,-1,"Total",0,"Not applicable",1,"Model-based Estimates",3,"Projection",6.702
55,"Crude birth rate","Crude birth rate (births per 1,000 population)","World Population Prospects",2024,"United Nations Population Division",428,"Latvia","LV","LVA",149,"2098",4,"Median",3,"Both sexes",188,0,-1,"Total",0,"Not applicable",1,"Model-based Estimates",3,"Projection",6.747
55,"Crude birth rate","Crude birth rate (births per 1,000 population)","World Population Prospects",2024,"United Nations Population Division",428,"Latvia","LV","LVA",150,"2099",4,"Median",3,"Both sexes",188,0,-1,"Total",0,"Not applicable",1,"Model-based Estimates",3,"Projection",6.785
55,"Crude birth rate","Crude birth rate (births per 1,000 population)","World Population Prospects",2024,"United Nations Population Division",428,"Latvia","LV","LVA",151,"2100",4,"Median",3,"Both sexes",188,0,-1,"Total",0,"Not applicable",1,"Model-based Estimates",3,"Projection",6.831
55,"Crude birth rate","Crude birth rate (births per 1,000 population)","World Population Prospects",2024,"United Nations Population Division",440,"Lithuania","LT","LTU",41,"1990",4,"Median",3,"Both sexes",188,0,-1,"Total",0,"Not applicable",1,"Model-based Estimates",2,"Interpolation",15.421
55,"Crude birth rate","Crude birth rate (births per 1,000 population)","World Population Prospects",2024,"United Nations Population Division",440,"Lithuania","LT","LTU",42,"1991",4,"Median",3,"Both sexes",188,0,-1,"Total",0,"Not applicable",1,"Model-based Estimates",2,"Interpolation",15.188
55,"Crude birth rate","Crude birth rate (births per 1,000 population)","World Population Prospects",2024,"United Nations Population Division",440,"Lithuania","LT","LTU",43,"1992",4,"Median",3,"Both sexes",188,0,-1,"Total",0,"Not applicable",1,"Model-based Estimates",2,"Interpolation",14.778
55,"Crude birth rate","Crude birth rate (births per 1,000 population)","World Population Prospects",2024,"United Nations Population Division",440,"Lithuania","LT","LTU",44,"1993",4,"Median",3,"Both sexes",188,0,-1,"Total",0,"Not applicable",1,"Model-based Estimates",2,"Interpolation",12.959
55,"Crude birth rate","Crude birth rate (births per 1,000 population)","World Population Prospects",2024,"United Nations Population Division",440,"Lithuania","LT","LTU",45,"1994",4,"Median",3,"Both sexes",188,0,-1,"Total",0,"Not applicable",1,"Model-based Estimates",2,"Interpolation",11.66
55,"Crude birth rate","Crude birth rate (births per 1,000 population)","World Population Prospects",2024,"United Nations Population Division",440,"Lithuania","LT","LTU",46,"1995",4,"Median",3,"Both sexes",188,0,-1,"Total",0,"Not applicable",1,"Model-based Estimates",2,"Interpolation",11.406
55,"Crude birth rate","Crude birth rate (births per 1,000 population)","World Population Prospects",2024,"United Nations Population Division",440,"Lithuania","LT","LTU",47,"1996",4,"Median",3,"Both sexes",188,0,-1,"Total",0,"Not applicable",1,"Model-based Estimates",2,"Interpolation",10.91
55,"Crude birth rate","Crude birth rate (births per 1,000 population)","World Population Prospects",2024,"United Nations Population Division",440,"Lithuania","LT","LTU",48,"1997",4,"Median",3,"Both sexes",188,0,-1,"Total",0,"Not applicable",1,"Model-based Estimates",2,"Interpolation",10.642
55,"Crude birth rate","Crude birth rate (births per 1,000 population)","World Population Prospects",2024,"United Nations Population Division",440,"Lithuania","LT","LTU",49,"1998",4,"Median",3,"Both sexes",188,0,-1,"Total",0,"Not applicable",1,"Model-based Estimates",2,"Interpolation",10.487
55,"Crude birth rate","Crude birth rate (births per 1,000 population)","World Population Prospects",2024,"United Nations Population Division",440,"Lithuania","LT","LTU",50,"1999",4,"Median",3,"Both sexes",188,0,-1,"Total",0,"Not applicable",1,"Model-based Estimates",2,"Interpolation",10.366
55,"Crude birth rate","Crude birth rate (births per 1,000 population)","World Population Prospects",2024,"United Nations Population Division",440,"Lithuania","LT","LTU",51,"2000",4,"Median",3,"Both sexes",188,0,-1,"Total",0,"Not applicable",1,"Model-based Estimates",2,"Interpolation",9.759
55,"Crude birth rate","Crude birth rate (births per 1,000 population)","World Population Prospects",2024,"United Nations Population Division",440,"Lithuania","LT","LTU",52,"2001",4,"Median",3,"Both sexes",188,0,-1,"Total",0,"Not applicable",1,"Model-based Estimates",2,"Interpolation",8.999
55,"Crude birth rate","Crude birth rate (births per 1,000 population)","World Population Prospects",2024,"United Nations Population Division",440,"Lithuania","LT","LTU",53,"2002",4,"Median",3,"Both sexes",188,0,-1,"Total",0,"Not applicable",1,"Model-based Estimates",2,"Interpolation",8.595
55,"Crude birth rate","Crude birth rate (births per 1,000 population)","World Population Prospects",2024,"United Nations Population Division",440,"Lithuania","LT","LTU",54,"2003",4,"Median",3,"Both sexes",188,0,-1,"Total",0,"Not applicable",1,"Model-based Estimates",2,"Interpolation",8.815
55,"Crude birth rate","Crude birth rate (births per 1,000 population)","World Population Prospects",2024,"United Nations Population Division",440,"Lithuania","LT","LTU",55,"2004",4,"Median",3,"Both sexes",188,0,-1,"Total",0,"Not applicable",1,"Model-based Estimates",2,"Interpolation",8.885
55,"Crude birth rate","Crude birth rate (births per 1,000 population)","World Population Prospects",2024,"United Nations Population Division",440,"Lithuania","LT","LTU",56,"2005",4,"Median",3,"Both sexes",188,0,-1,"Total",0,"Not applicable",1,"Model-based Estimates",2,"Interpolation",9.011
55,"Crude birth rate","Crude birth rate (births per 1,000 population)","World Population Prospects",2024,"United Nations Population Division",440,"Lithuania","LT","LTU",57,"2006",4,"Median",3,"Both sexes",188,0,-1,"Total",0,"Not applicable",1,"Model-based Estimates",2,"Interpolation",9.091
55,"Crude birth rate","Crude birth rate (births per 1,000 population)","World Population Prospects",2024,"United Nations Population Division",440,"Lithuania","LT","LTU",58,"2007",4,"Median",3,"Both sexes",188,0,-1,"Total",0,"Not applicable",1,"Model-based Estimates",2,"Interpolation",9.334
55,"Crude birth rate","Crude birth rate (births per 1,000 population)","World Population Prospects",2024,"United Nations Population Division",440,"Lithuania","LT","LTU",59,"2008",4,"Median",3,"Both sexes",188,0,-1,"Total",0,"Not applicable",1,"Model-based Estimates",2,"Interpolation",9.893
55,"Crude birth rate","Crude birth rate (births per 1,000 population)","World Population Prospects",2024,"United Nations Population Division",440,"Lithuania","LT","LTU",60,"2009",4,"Median",3,"Both sexes",188,0,-1,"Total",0,"Not applicable",1,"Model-based Estimates",2,"Interpolation",10.256
55,"Crude birth rate","Crude birth rate (births per 1,000 population)","World Population Prospects",2024,"United Nations Population Division",440,"Lithuania","LT","LTU",61,"2010",4,"Median",3,"Both sexes",188,0,-1,"Total",0,"Not applicable",1,"Model-based Estimates",2,"Interpolation",10.259
55,"Crude birth rate","Crude birth rate (births per 1,000 population)","World Population Prospects",2024,"United Nations Population Division",440,"Lithuania","LT","LTU",62,"2011",4,"Median",3,"Both sexes",188,0,-1,"Total",0,"Not applicable",1,"Model-based Estimates",2,"Interpolation",10.143
55,"Crude birth rate","Crude birth rate (births per 1,000 population)","World Population Prospects",2024,"United Nations Population Division",440,"Lithuania","LT","LTU",63,"2012",4,"Median",3,"Both sexes",188,0,-1,"Total",0,"Not applicable",1,"Model-based Estimates",2,"Interpolation",10.258
55,"Crude birth rate","Crude birth rate (births per 1,000 population)","World Population Prospects",2024,"United Nations Population Division",440,"Lithuania","LT","LTU",64,"2013",4,"Median",3,"Both sexes",188,0,-1,"Total",0,"Not applicable",1,"Model-based Estimates",2,"Interpolation",10.146
55,"Crude birth rate","Crude birth rate (births per 1,000 population)","World Population Prospects",2024,"United Nations Population Division",440,"Lithuania","LT","LTU",65,"2014",4,"Median",3,"Both sexes",188,0,-1,"Total",0,"Not applicable",1,"Model-based Estimates",2,"Interpolation",10.404
55,"Crude birth rate","Crude birth rate (births per 1,000 population)","World Population Prospects",2024,"United Nations Population Division",440,"Lithuania","LT","LTU",66,"2015",4,"Median",3,"Both sexes",188,0,-1,"Total",0,"Not applicable",1,"Model-based Estimates",2,"Interpolation",10.921
55,"Crude birth rate","Crude birth rate (births per 1,000 population)","World Population Prospects",2024,"United Nations Population Division",440,"Lithuania","LT","LTU",67,"2016",4,"Median",3,"Both sexes",188,0,-1,"Total",0,"Not applicable",1,"Model-based Estimates",2,"Interpolation",10.844
55,"Crude birth rate","Crude birth rate (births per 1,000 population)","World Population Prospects",2024,"United Nations Population Division",440,"Lithuania","LT","LTU",68,"2017",4,"Median",3,"Both sexes",188,0,-1,"Total",0,"Not applicable",1,"Model-based Estimates",2,"Interpolation",10.327
55,"Crude birth rate","Crude birth rate (births per 1,000 population)","World Population Prospects",2024,"United Nations Population Division",440,"Lithuania","LT","LTU",69,"2018",4,"Median",3,"Both sexes",188,0,-1,"Total",0,"Not applicable",1,"Model-based Estimates",2,"Interpolation",10.105
55,"Crude birth rate","Crude birth rate (births per 1,000 population)","World Population Prospects",2024,"United Nations Population Division",440,"Lithuania","LT","LTU",70,"2019",4,"Median",3,"Both sexes",188,0,-1,"Total",0,"Not applicable",1,"Model-based Estimates",2,"Interpolation",9.843
55,"Crude birth rate","Crude birth rate (births per 1,000 population)","World Population Prospects",2024,"United Nations Population Division",440,"Lithuania","LT","LTU",71,"2020",4,"Median",3,"Both sexes",188,0,-1,"Total",0,"Not applicable",1,"Model-based Estimates",2,"Interpolation",9.011
55,"Crude birth rate","Crude birth rate (births per 1,000 population)","World Population Prospects",2024,"United Nations Population Division",440,"Lithuania","LT","LTU",72,"2021",4,"Median",3,"Both sexes",188,0,-1,"Total",0,"Not applicable",1,"Model-based Estimates",2,"Interpolation",8.223
55,"Crude birth rate","Crude birth rate (births per 1,000 population)","World Population Prospects",2024,"United Nations Population Division",440,"Lithuania","LT","LTU",73,"2022",4,"Median",3,"Both sexes",188,0,-1,"Total",0,"Not applicable",1,"Model-based Estimates",2,"Interpolation",7.652
55,"Crude birth rate","Crude birth rate (births per 1,000 population)","World Population Prospects",2024,"United Nations Population Division",440,"Lithuania","LT","LTU",74,"2023",4,"Median",3,"Both sexes",188,0,-1,"Total",0,"Not applicable",1,"Model-based Estimates",2,"Interpolation",7.51
55,"Crude birth rate","Crude birth rate (births per 1,000 population)","World Population Prospects",2024,"United Nations Population Division",440,"Lithuania","LT","LTU",75,"2024",4,"Median",3,"Both sexes",188,0,-1,"Total",0,"Not applicable",1,"Model-based Estimates",3,"Projection",7.76
55,"Crude birth rate","Crude birth rate (births per 1,000 population)","World Population Prospects",2024,"United Nations Population Division",440,"Lithuania","LT","LTU",76,"2025",4,"Median",3,"Both sexes",188,0,-1,"Total",0,"Not applicable",1,"Model-based Estimates",3,"Projection",7.808
55,"Crude birth rate","Crude birth rate (births per 1,000 population)","World Population Prospects",2024,"United Nations Population Division",440,"Lithuania","LT","LTU",77,"2026",4,"Median",3,"Both sexes",188,0,-1,"Total",0,"Not applicable",1,"Model-based Estimates",3,"Projection",7.67
55,"Crude birth rate","Crude birth rate (births per 1,000 population)","World Population Prospects",2024,"United Nations Population Division",440,"Lithuania","LT","LTU",78,"2027",4,"Median",3,"Both sexes",188,0,-1,"Total",0,"Not applicable",1,"Model-based Estimates",3,"Projection",7.616
55,"Crude birth rate","Crude birth rate (births per 1,000 population)","World Population Prospects",2024,"United Nations Population Division",440,"Lithuania","LT","LTU",79,"2028",4,"Median",3,"Both sexes",188,0,-1,"Total",0,"Not applicable",1,"Model-based Estimates",3,"Projection",7.549
55,"Crude birth rate","Crude birth rate (births per 1,000 population)","World Population Prospects",2024,"United Nations Population Division",440,"Lithuania","LT","LTU",80,"2029",4,"Median",3,"Both sexes",188,0,-1,"Total",0,"Not applicable",1,"Model-based Estimates",3,"Projection",7.454
55,"Crude birth rate","Crude birth rate (births per 1,000 population)","World Population Prospects",2024,"United Nations Population Division",440,"Lithuania","LT","LTU",81,"2030",4,"Median",3,"Both sexes",188,0,-1,"Total",0,"Not applicable",1,"Model-based Estimates",3,"Projection",7.379
55,"Crude birth rate","Crude birth rate (births per 1,000 population)","World Population Prospects",2024,"United Nations Population Division",440,"Lithuania","LT","LTU",82,"2031",4,"Median",3,"Both sexes",188,0,-1,"Total",0,"Not applicable",1,"Model-based Estimates",3,"Projection",7.299
55,"Crude birth rate","Crude birth rate (births per 1,000 population)","World Population Prospects",2024,"United Nations Population Division",440,"Lithuania","LT","LTU",83,"2032",4,"Median",3,"Both sexes",188,0,-1,"Total",0,"Not applicable",1,"Model-based Estimates",3,"Projection",7.228
55,"Crude birth rate","Crude birth rate (births per 1,000 population)","World Population Prospects",2024,"United Nations Population Division",440,"Lithuania","LT","LTU",84,"2033",4,"Median",3,"Both sexes",188,0,-1,"Total",0,"Not applicable",1,"Model-based Estimates",3,"Projection",7.171
55,"Crude birth rate","Crude birth rate (births per 1,000 population)","World Population Prospects",2024,"United Nations Population Division",440,"Lithuania","LT","LTU",85,"2034",4,"Median",3,"Both sexes",188,0,-1,"Total",0,"Not applicable",1,"Model-based Estimates",3,"Projection",7.11
55,"Crude birth rate","Crude birth rate (births per 1,000 population)","World Population Prospects",2024,"United Nations Population Division",440,"Lithuania","LT","LTU",86,"2035",4,"Median",3,"Both sexes",188,0,-1,"Total",0,"Not applicable",1,"Model-based Estimates",3,"Projection",7.063
55,"Crude birth rate","Crude birth rate (births per 1,000 population)","World Population Prospects",2024,"United Nations Population Division",440,"Lithuania","LT","LTU",87,"2036",4,"Median",3,"Both sexes",188,0,-1,"Total",0,"Not applicable",1,"Model-based Estimates",3,"Projection",7.046
55,"Crude birth rate","Crude birth rate (births per 1,000 population)","World Population Prospects",2024,"United Nations Population Division",440,"Lithuania","LT","LTU",88,"2037",4,"Median",3,"Both sexes",188,0,-1,"Total",0,"Not applicable",1,"Model-based Estimates",3,"Projection",7.031
55,"Crude birth rate","Crude birth rate (births per 1,000 population)","World Population Prospects",2024,"United Nations Population Division",440,"Lithuania","LT","LTU",89,"2038",4,"Median",3,"Both sexes",188,0,-1,"Total",0,"Not applicable",1,"Model-based Estimates",3,"Projection",7.031
55,"Crude birth rate","Crude birth rate (births per 1,000 population)","World Population Prospects",2024,"United Nations Population Division",440,"Lithuania","LT","LTU",90,"2039",4,"Median",3,"Both sexes",188,0,-1,"Total",0,"Not applicable",1,"Model-based Estimates",3,"Projection",7.057
55,"Crude birth rate","Crude birth rate (births per 1,000 population)","World Population Prospects",2024,"United Nations Population Division",440,"Lithuania","LT","LTU",91,"2040",4,"Median",3,"Both sexes",188,0,-1,"Total",0,"Not applicable",1,"Model-based Estimates",3,"Projection",7.091
55,"Crude birth rate","Crude birth rate (births per 1,000 population)","World Population Prospects",2024,"United Nations Population Division",440,"Lithuania","LT","LTU",92,"2041",4,"Median",3,"Both sexes",188,0,-1,"Total",0,"Not applicable",1,"Model-based Estimates",3,"Projection",7.137
55,"Crude birth rate","Crude birth rate (births per 1,000 population)","World Population Prospects",2024,"United Nations Population Division",440,"Lithuania","LT","LTU",93,"2042",4,"Median",3,"Both sexes",188,0,-1,"Total",0,"Not applicable",1,"Model-based Estimates",3,"Projection",7.187
55,"Crude birth rate","Crude birth rate (births per 1,000 population)","World Population Prospects",2024,"United Nations Population Division",440,"Lithuania","LT","LTU",94,"2043",4,"Median",3,"Both sexes",188,0,-1,"Total",0,"Not applicable",1,"Model-based Estimates",3,"Projection",7.239
55,"Crude birth rate","Crude birth rate (births per 1,000 population)","World Population Prospects",2024,"United Nations Population Division",440,"Lithuania","LT","LTU",95,"2044",4,"Median",3,"Both sexes",188,0,-1,"Total",0,"Not applicable",1,"Model-based Estimates",3,"Projection",7.287
55,"Crude birth rate","Crude birth rate (births per 1,000 population)","World Population Prospects",2024,"United Nations Population Division",440,"Lithuania","LT","LTU",96,"2045",4,"Median",3,"Both sexes",188,0,-1,"Total",0,"Not applicable",1,"Model-based Estimates",3,"Projection",7.318
55,"Crude birth rate","Crude birth rate (births per 1,000 population)","World Population Prospects",2024,"United Nations Population Division",440,"Lithuania","LT","LTU",97,"2046",4,"Median",3,"Both sexes",188,0,-1,"Total",0,"Not applicable",1,"Model-based Estimates",3,"Projection",7.328
55,"Crude birth rate","Crude birth rate (births per 1,000 population)","World Population Prospects",2024,"United Nations Population Division",440,"Lithuania","LT","LTU",98,"2047",4,"Median",3,"Both sexes",188,0,-1,"Total",0,"Not applicable",1,"Model-based Estimates",3,"Projection",7.319
55,"Crude birth rate","Crude birth rate (births per 1,000 population)","World Population Prospects",2024,"United Nations Population Division",440,"Lithuania","LT","LTU",99,"2048",4,"Median",3,"Both sexes",188,0,-1,"Total",0,"Not applicable",1,"Model-based Estimates",3,"Projection",7.285
55,"Crude birth rate","Crude birth rate (births per 1,000 population)","World Population Prospects",2024,"United Nations Population Division",440,"Lithuania","LT","LTU",100,"2049",4,"Median",3,"Both sexes",188,0,-1,"Total",0,"Not applicable",1,"Model-based Estimates",3,"Projection",7.245
55,"Crude birth rate","Crude birth rate (births per 1,000 population)","World Population Prospects",2024,"United Nations Population Division",440,"Lithuania","LT","LTU",101,"2050",4,"Median",3,"Both sexes",188,0,-1,"Total",0,"Not applicable",1,"Model-based Estimates",3,"Projection",7.179
55,"Crude birth rate","Crude birth rate (births per 1,000 population)","World Population Prospects",2024,"United Nations Population Division",440,"Lithuania","LT","LTU",102,"2051",4,"Median",3,"Both sexes",188,0,-1,"Total",0,"Not applicable",1,"Model-based Estimates",3,"Projection",7.102
55,"Crude birth rate","Crude birth rate (births per 1,000 population)","World Population Prospects",2024,"United Nations Population Division",440,"Lithuania","LT","LTU",103,"2052",4,"Median",3,"Both sexes",188,0,-1,"Total",0,"Not applicable",1,"Model-based Estimates",3,"Projection",7.008
55,"Crude birth rate","Crude birth rate (births per 1,000 population)","World Population Prospects",2024,"United Nations Population Division",440,"Lithuania","LT","LTU",104,"2053",4,"Median",3,"Both sexes",188,0,-1,"Total",0,"Not applicable",1,"Model-based Estimates",3,"Projection",6.885
55,"Crude birth rate","Crude birth rate (births per 1,000 population)","World Population Prospects",2024,"United Nations Population Division",440,"Lithuania","LT","LTU",105,"2054",4,"Median",3,"Both sexes",188,0,-1,"Total",0,"Not applicable",1,"Model-based Estimates",3,"Projection",6.773
55,"Crude birth rate","Crude birth rate (births per 1,000 population)","World Population Prospects",2024,"United Nations Population Division",440,"Lithuania","LT","LTU",106,"2055",4,"Median",3,"Both sexes",188,0,-1,"Total",0,"Not applicable",1,"Model-based Estimates",3,"Projection",6.653
55,"Crude birth rate","Crude birth rate (births per 1,000 population)","World Population Prospects",2024,"United Nations Population Division",440,"Lithuania","LT","LTU",107,"2056",4,"Median",3,"Both sexes",188,0,-1,"Total",0,"Not applicable",1,"Model-based Estimates",3,"Projection",6.557
55,"Crude birth rate","Crude birth rate (births per 1,000 population)","World Population Prospects",2024,"United Nations Population Division",440,"Lithuania","LT","LTU",108,"2057",4,"Median",3,"Both sexes",188,0,-1,"Total",0,"Not applicable",1,"Model-based Estimates",3,"Projection",6.461
55,"Crude birth rate","Crude birth rate (births per 1,000 population)","World Population Prospects",2024,"United Nations Population Division",440,"Lithuania","LT","LTU",109,"2058",4,"Median",3,"Both sexes",188,0,-1,"Total",0,"Not applicable",1,"Model-based Estimates",3,"Projection",6.383
55,"Crude birth rate","Crude birth rate (births per 1,000 population)","World Population Prospects",2024,"United Nations Population Division",440,"Lithuania","LT","LTU",110,"2059",4,"Median",3,"Both sexes",188,0,-1,"Total",0,"Not applicable",1,"Model-based Estimates",3,"Projection",6.317
55,"Crude birth rate","Crude birth rate (births per 1,000 population)","World Population Prospects",2024,"United Nations Population Division",440,"Lithuania","LT","LTU",111,"2060",4,"Median",3,"Both sexes",188,0,-1,"Total",0,"Not applicable",1,"Model-based Estimates",3,"Projection",6.259
55,"Crude birth rate","Crude birth rate (births per 1,000 population)","World Population Prospects",2024,"United Nations Population Division",440,"Lithuania","LT","LTU",112,"2061",4,"Median",3,"Both sexes",188,0,-1,"Total",0,"Not applicable",1,"Model-based Estimates",3,"Projection",6.211
55,"Crude birth rate","Crude birth rate (births per 1,000 population)","World Population Prospects",2024,"United Nations Population Division",440,"Lithuania","LT","LTU",113,"2062",4,"Median",3,"Both sexes",188,0,-1,"Total",0,"Not applicable",1,"Model-based Estimates",3,"Projection",6.191
55,"Crude birth rate","Crude birth rate (births per 1,000 population)","World Population Prospects",2024,"United Nations Population Division",440,"Lithuania","LT","LTU",114,"2063",4,"Median",3,"Both sexes",188,0,-1,"Total",0,"Not applicable",1,"Model-based Estimates",3,"Projection",6.169
55,"Crude birth rate","Crude birth rate (births per 1,000 population)","World Population Prospects",2024,"United Nations Population Division",440,"Lithuania","LT","LTU",115,"2064",4,"Median",3,"Both sexes",188,0,-1,"Total",0,"Not applicable",1,"Model-based Estimates",3,"Projection",6.153
55,"Crude birth rate","Crude birth rate (births per 1,000 population)","World Population Prospects",2024,"United Nations Population Division",440,"Lithuania","LT","LTU",116,"2065",4,"Median",3,"Both sexes",188,0,-1,"Total",0,"Not applicable",1,"Model-based Estimates",3,"Projection",6.148
55,"Crude birth rate","Crude birth rate (births per 1,000 population)","World Population Prospects",2024,"United Nations Population Division",440,"Lithuania","LT","LTU",117,"2066",4,"Median",3,"Both sexes",188,0,-1,"Total",0,"Not applicable",1,"Model-based Estimates",3,"Projection",6.153
55,"Crude birth rate","Crude birth rate (births per 1,000 population)","World Population Prospects",2024,"United Nations Population Division",440,"Lithuania","LT","LTU",118,"2067",4,"Median",3,"Both sexes",188,0,-1,"Total",0,"Not applicable",1,"Model-based Estimates",3,"Projection",6.171
55,"Crude birth rate","Crude birth rate (births per 1,000 population)","World Population Prospects",2024,"United Nations Population Division",440,"Lithuania","LT","LTU",119,"2068",4,"Median",3,"Both sexes",188,0,-1,"Total",0,"Not applicable",1,"Model-based Estimates",3,"Projection",6.181
55,"Crude birth rate","Crude birth rate (births per 1,000 population)","World Population Prospects",2024,"United Nations Population Division",440,"Lithuania","LT","LTU",120,"2069",4,"Median",3,"Both sexes",188,0,-1,"Total",0,"Not applicable",1,"Model-based Estimates",3,"Projection",6.21
55,"Crude birth rate","Crude birth rate (births per 1,000 population)","World Population Prospects",2024,"United Nations Population Division",440,"Lithuania","LT","LTU",121,"2070",4,"Median",3,"Both sexes",188,0,-1,"Total",0,"Not applicable",1,"Model-based Estimates",3,"Projection",6.232
55,"Crude birth rate","Crude birth rate (births per 1,000 population)","World Population Prospects",2024,"United Nations Population Division",440,"Lithuania","LT","LTU",122,"2071",4,"Median",3,"Both sexes",188,0,-1,"Total",0,"Not applicable",1,"Model-based Estimates",3,"Projection",6.266
55,"Crude birth rate","Crude birth rate (births per 1,000 population)","World Population Prospects",2024,"United Nations Population Division",440,"Lithuania","LT","LTU",123,"2072",4,"Median",3,"Both sexes",188,0,-1,"Total",0,"Not applicable",1,"Model-based Estimates",3,"Projection",6.302
55,"Crude birth rate","Crude birth rate (births per 1,000 population)","World Population Prospects",2024,"United Nations Population Division",440,"Lithuania","LT","LTU",124,"2073",4,"Median",3,"Both sexes",188,0,-1,"Total",0,"Not applicable",1,"Model-based Estimates",3,"Projection",6.34
55,"Crude birth rate","Crude birth rate (births per 1,000 population)","World Population Prospects",2024,"United Nations Population Division",440,"Lithuania","LT","LTU",125,"2074",4,"Median",3,"Both sexes",188,0,-1,"Total",0,"Not applicable",1,"Model-based Estimates",3,"Projection",6.382
55,"Crude birth rate","Crude birth rate (births per 1,000 population)","World Population Prospects",2024,"United Nations Population Division",440,"Lithuania","LT","LTU",126,"2075",4,"Median",3,"Both sexes",188,0,-1,"Total",0,"Not applicable",1,"Model-based Estimates",3,"Projection",6.419
55,"Crude birth rate","Crude birth rate (births per 1,000 population)","World Population Prospects",2024,"United Nations Population Division",440,"Lithuania","LT","LTU",127,"2076",4,"Median",3,"Both sexes",188,0,-1,"Total",0,"Not applicable",1,"Model-based Estimates",3,"Projection",6.442
55,"Crude birth rate","Crude birth rate (births per 1,000 population)","World Population Prospects",2024,"United Nations Population Division",440,"Lithuania","LT","LTU",128,"2077",4,"Median",3,"Both sexes",188,0,-1,"Total",0,"Not applicable",1,"Model-based Estimates",3,"Projection",6.461
55,"Crude birth rate","Crude birth rate (births per 1,000 population)","World Population Prospects",2024,"United Nations Population Division",440,"Lithuania","LT","LTU",129,"2078",4,"Median",3,"Both sexes",188,0,-1,"Total",0,"Not applicable",1,"Model-based Estimates",3,"Projection",6.487
55,"Crude birth rate","Crude birth rate (births per 1,000 population)","World Population Prospects",2024,"United Nations Population Division",440,"Lithuania","LT","LTU",130,"2079",4,"Median",3,"Both sexes",188,0,-1,"Total",0,"Not applicable",1,"Model-based Estimates",3,"Projection",6.492
55,"Crude birth rate","Crude birth rate (births per 1,000 population)","World Population Prospects",2024,"United Nations Population Division",440,"Lithuania","LT","LTU",131,"2080",4,"Median",3,"Both sexes",188,0,-1,"Total",0,"Not applicable",1,"Model-based Estimates",3,"Projection",6.492
55,"Crude birth rate","Crude birth rate (births per 1,000 population)","World Population Prospects",2024,"United Nations Population Division",440,"Lithuania","LT","LTU",132,"2081",4,"Median",3,"Both sexes",188,0,-1,"Total",0,"Not applicable",1,"Model-based Estimates",3,"Projection",6.488
55,"Crude birth rate","Crude birth rate (births per 1,000 population)","World Population Prospects",2024,"United Nations Population Division",440,"Lithuania","LT","LTU",133,"2082",4,"Median",3,"Both sexes",188,0,-1,"Total",0,"Not applicable",1,"Model-based Estimates",3,"Projection",6.462
55,"Crude birth rate","Crude birth rate (births per 1,000 population)","World Population Prospects",2024,"United Nations Population Division",440,"Lithuania","LT","LTU",134,"2083",4,"Median",3,"Both sexes",188,0,-1,"Total",0,"Not applicable",1,"Model-based Estimates",3,"Projection",6.429
55,"Crude birth rate","Crude birth rate (births per 1,000 population)","World Population Prospects",2024,"United Nations Population Division",440,"Lithuania","LT","LTU",135,"2084",4,"Median",3,"Both sexes",188,0,-1,"Total",0,"Not applicable",1,"Model-based Estimates",3,"Projection",6.4
55,"Crude birth rate","Crude birth rate (births per 1,000 population)","World Population Prospects",2024,"United Nations Population Division",440,"Lithuania","LT","LTU",136,"2085",4,"Median",3,"Both sexes",188,0,-1,"Total",0,"Not applicable",1,"Model-based Estimates",3,"Projection",6.363
55,"Crude birth rate","Crude birth rate (births per 1,000 population)","World Population Prospects",2024,"United Nations Population Division",440,"Lithuania","LT","LTU",137,"2086",4,"Median",3,"Both sexes",188,0,-1,"Total",0,"Not applicable",1,"Model-based Estimates",3,"Projection",6.318
55,"Crude birth rate","Crude birth rate (births per 1,000 population)","World Population Prospects",2024,"United Nations Population Division",440,"Lithuania","LT","LTU",138,"2087",4,"Median",3,"Both sexes",188,0,-1,"Total",0,"Not applicable",1,"Model-based Estimates",3,"Projection",6.281
55,"Crude birth rate","Crude birth rate (births per 1,000 population)","World Population Prospects",2024,"United Nations Population Division",440,"Lithuania","LT","LTU",139,"2088",4,"Median",3,"Both sexes",188,0,-1,"Total",0,"Not applicable",1,"Model-based Estimates",3,"Projection",6.235
55,"Crude birth rate","Crude birth rate (births per 1,000 population)","World Population Prospects",2024,"United Nations Population Division",440,"Lithuania","LT","LTU",140,"2089",4,"Median",3,"Both sexes",188,0,-1,"Total",0,"Not applicable",1,"Model-based Estimates",3,"Projection",6.183
55,"Crude birth rate","Crude birth rate (births per 1,000 population)","World Population Prospects",2024,"United Nations Population Division",440,"Lithuania","LT","LTU",141,"2090",4,"Median",3,"Both sexes",188,0,-1,"Total",0,"Not applicable",1,"Model-based Estimates",3,"Projection",6.138
55,"Crude birth rate","Crude birth rate (births per 1,000 population)","World Population Prospects",2024,"United Nations Population Division",440,"Lithuania","LT","LTU",142,"2091",4,"Median",3,"Both sexes",188,0,-1,"Total",0,"Not applicable",1,"Model-based Estimates",3,"Projection",6.113
55,"Crude birth rate","Crude birth rate (births per 1,000 population)","World Population Prospects",2024,"United Nations Population Division",440,"Lithuania","LT","LTU",143,"2092",4,"Median",3,"Both sexes",188,0,-1,"Total",0,"Not applicable",1,"Model-based Estimates",3,"Projection",6.088
55,"Crude birth rate","Crude birth rate (births per 1,000 population)","World Population Prospects",2024,"United Nations Population Division",440,"Lithuania","LT","LTU",144,"2093",4,"Median",3,"Both sexes",188,0,-1,"Total",0,"Not applicable",1,"Model-based Estimates",3,"Projection",6.074
55,"Crude birth rate","Crude birth rate (births per 1,000 population)","World Population Prospects",2024,"United Nations Population Division",440,"Lithuania","LT","LTU",145,"2094",4,"Median",3,"Both sexes",188,0,-1,"Total",0,"Not applicable",1,"Model-based Estimates",3,"Projection",6.06
55,"Crude birth rate","Crude birth rate (births per 1,000 population)","World Population Prospects",2024,"United Nations Population Division",440,"Lithuania","LT","LTU",146,"2095",4,"Median",3,"Both sexes",188,0,-1,"Total",0,"Not applicable",1,"Model-based Estimates",3,"Projection",6.056
55,"Crude birth rate","Crude birth rate (births per 1,000 population)","World Population Prospects",2024,"United Nations Population Division",440,"Lithuania","LT","LTU",147,"2096",4,"Median",3,"Both sexes",188,0,-1,"Total",0,"Not applicable",1,"Model-based Estimates",3,"Projection",6.046
55,"Crude birth rate","Crude birth rate (births per 1,000 population)","World Population Prospects",2024,"United Nations Population Division",440,"Lithuania","LT","LTU",148,"2097",4,"Median",3,"Both sexes",188,0,-1,"Total",0,"Not applicable",1,"Model-based Estimates",3,"Projection",6.065
55,"Crude birth rate","Crude birth rate (births per 1,000 population)","World Population Prospects",2024,"United Nations Population Division",440,"Lithuania","LT","LTU",149,"2098",4,"Median",3,"Both sexes",188,0,-1,"Total",0,"Not applicable",1,"Model-based Estimates",3,"Projection",6.088
55,"Crude birth rate","Crude birth rate (births per 1,000 population)","World Population Prospects",2024,"United Nations Population Division",440,"Lithuania","LT","LTU",150,"2099",4,"Median",3,"Both sexes",188,0,-1,"Total",0,"Not applicable",1,"Model-based Estimates",3,"Projection",6.109
55,"Crude birth rate","Crude birth rate (births per 1,000 population)","World Population Prospects",2024,"United Nations Population Division",440,"Lithuania","LT","LTU",151,"2100",4,"Median",3,"Both sexes",188,0,-1,"Total",0,"Not applicable",1,"Model-based Estimates",3,"Projection",6.128
55,"Crude birth rate","Crude birth rate (births per 1,000 population)","World Population Prospects",2024,"United Nations Population Division",442,"Luxembourg","LU","LUX",41,"1990",4,"Median",3,"Both sexes",188,0,-1,"Total",0,"Not applicable",1,"Model-based Estimates",2,"Interpolation",12.834
55,"Crude birth rate","Crude birth rate (births per 1,000 population)","World Population Prospects",2024,"United Nations Population Division",442,"Luxembourg","LU","LUX",42,"1991",4,"Median",3,"Both sexes",188,0,-1,"Total",0,"Not applicable",1,"Model-based Estimates",2,"Interpolation",12.807
55,"Crude birth rate","Crude birth rate (births per 1,000 population)","World Population Prospects",2024,"United Nations Population Division",442,"Luxembourg","LU","LUX",43,"1992",4,"Median",3,"Both sexes",188,0,-1,"Total",0,"Not applicable",1,"Model-based Estimates",2,"Interpolation",13.012
55,"Crude birth rate","Crude birth rate (births per 1,000 population)","World Population Prospects",2024,"United Nations Population Division",442,"Luxembourg","LU","LUX",44,"1993",4,"Median",3,"Both sexes",188,0,-1,"Total",0,"Not applicable",1,"Model-based Estimates",2,"Interpolation",13.344
55,"Crude birth rate","Crude birth rate (births per 1,000 population)","World Population Prospects",2024,"United Nations Population Division",442,"Luxembourg","LU","LUX",45,"1994",4,"Median",3,"Both sexes",188,0,-1,"Total",0,"Not applicable",1,"Model-based Estimates",2,"Interpolation",13.409
55,"Crude birth rate","Crude birth rate (births per 1,000 population)","World Population Prospects",2024,"United Nations Population Division",442,"Luxembourg","LU","LUX",46,"1995",4,"Median",3,"Both sexes",188,0,-1,"Total",0,"Not applicable",1,"Model-based Estimates",2,"Interpolation",13.163
55,"Crude birth rate","Crude birth rate (births per 1,000 population)","World Population Prospects",2024,"United Nations Population Division",442,"Luxembourg","LU","LUX",47,"1996",4,"Median",3,"Both sexes",188,0,-1,"Total",0,"Not applicable",1,"Model-based Estimates",2,"Interpolation",13.569
55,"Crude birth rate","Crude birth rate (births per 1,000 population)","World Population Prospects",2024,"United Nations Population Division",442,"Luxembourg","LU","LUX",48,"1997",4,"Median",3,"Both sexes",188,0,-1,"Total",0,"Not applicable",1,"Model-based Estimates",2,"Interpolation",13.022
55,"Crude birth rate","Crude birth rate (births per 1,000 population)","World Population Prospects",2024,"United Nations Population Division",442,"Luxembourg","LU","LUX",49,"1998",4,"Median",3,"Both sexes",188,0,-1,"Total",0,"Not applicable",1,"Model-based Estimates",2,"Interpolation",12.609
55,"Crude birth rate","Crude birth rate (births per 1,000 population)","World Population Prospects",2024,"United Nations Population Division",442,"Luxembourg","LU","LUX",50,"1999",4,"Median",3,"Both sexes",188,0,-1,"Total",0,"Not applicable",1,"Model-based Estimates",2,"Interpolation",12.798
55,"Crude birth rate","Crude birth rate (births per 1,000 population)","World Population Prospects",2024,"United Nations Population Division",442,"Luxembourg","LU","LUX",51,"2000",4,"Median",3,"Both sexes",188,0,-1,"Total",0,"Not applicable",1,"Model-based Estimates",2,"Interpolation",12.758
55,"Crude birth rate","Crude birth rate (births per 1,000 population)","World Population Prospects",2024,"United Nations Population Division",442,"Luxembourg","LU","LUX",52,"2001",4,"Median",3,"Both sexes",188,0,-1,"Total",0,"Not applicable",1,"Model-based Estimates",2,"Interpolation",12.264
55,"Crude birth rate","Crude birth rate (births per 1,000 population)","World Population Prospects",2024,"United Nations Population Division",442,"Luxembourg","LU","LUX",53,"2002",4,"Median",3,"Both sexes",188,0,-1,"Total",0,"Not applicable",1,"Model-based Estimates",2,"Interpolation",11.897
55,"Crude birth rate","Crude birth rate (births per 1,000 population)","World Population Prospects",2024,"United Nations Population Division",442,"Luxembourg","LU","LUX",54,"2003",4,"Median",3,"Both sexes",188,0,-1,"Total",0,"Not applicable",1,"Model-based Estimates",2,"Interpolation",11.597
55,"Crude birth rate","Crude birth rate (births per 1,000 population)","World Population Prospects",2024,"United Nations Population Division",442,"Luxembourg","LU","LUX",55,"2004",4,"Median",3,"Both sexes",188,0,-1,"Total",0,"Not applicable",1,"Model-based Estimates",2,"Interpolation",11.741
55,"Crude birth rate","Crude birth rate (births per 1,000 population)","World Population Prospects",2024,"United Nations Population Division",442,"Luxembourg","LU","LUX",56,"2005",4,"Median",3,"Both sexes",188,0,-1,"Total",0,"Not applicable",1,"Model-based Estimates",2,"Interpolation",11.37
55,"Crude birth rate","Crude birth rate (births per 1,000 population)","World Population Prospects",2024,"United Nations Population Division",442,"Luxembourg","LU","LUX",57,"2006",4,"Median",3,"Both sexes",188,0,-1,"Total",0,"Not applicable",1,"Model-based Estimates",2,"Interpolation",11.476
55,"Crude birth rate","Crude birth rate (births per 1,000 population)","World Population Prospects",2024,"United Nations Population Division",442,"Luxembourg","LU","LUX",58,"2007",4,"Median",3,"Both sexes",188,0,-1,"Total",0,"Not applicable",1,"Model-based Estimates",2,"Interpolation",11.217
55,"Crude birth rate","Crude birth rate (births per 1,000 population)","World Population Prospects",2024,"United Nations Population Division",442,"Luxembourg","LU","LUX",59,"2008",4,"Median",3,"Both sexes",188,0,-1,"Total",0,"Not applicable",1,"Model-based Estimates",2,"Interpolation",11.2
55,"Crude birth rate","Crude birth rate (births per 1,000 population)","World Population Prospects",2024,"United Nations Population Division",442,"Luxembourg","LU","LUX",60,"2009",4,"Median",3,"Both sexes",188,0,-1,"Total",0,"Not applicable",1,"Model-based Estimates",2,"Interpolation",11.139
55,"Crude birth rate","Crude birth rate (births per 1,000 population)","World Population Prospects",2024,"United Nations Population Division",442,"Luxembourg","LU","LUX",61,"2010",4,"Median",3,"Both sexes",188,0,-1,"Total",0,"Not applicable",1,"Model-based Estimates",2,"Interpolation",11.346
55,"Crude birth rate","Crude birth rate (births per 1,000 population)","World Population Prospects",2024,"United Nations Population Division",442,"Luxembourg","LU","LUX",62,"2011",4,"Median",3,"Both sexes",188,0,-1,"Total",0,"Not applicable",1,"Model-based Estimates",2,"Interpolation",10.653
55,"Crude birth rate","Crude birth rate (births per 1,000 population)","World Population Prospects",2024,"United Nations Population Division",442,"Luxembourg","LU","LUX",63,"2012",4,"Median",3,"Both sexes",188,0,-1,"Total",0,"Not applicable",1,"Model-based Estimates",2,"Interpolation",11.121
55,"Crude birth rate","Crude birth rate (births per 1,000 population)","World Population Prospects",2024,"United Nations Population Division",442,"Luxembourg","LU","LUX",64,"2013",4,"Median",3,"Both sexes",188,0,-1,"Total",0,"Not applicable",1,"Model-based Estimates",2,"Interpolation",11.035
55,"Crude birth rate","Crude birth rate (births per 1,000 population)","World Population Prospects",2024,"United Nations Population Division",442,"Luxembourg","LU","LUX",65,"2014",4,"Median",3,"Both sexes",188,0,-1,"Total",0,"Not applicable",1,"Model-based Estimates",2,"Interpolation",10.706
55,"Crude birth rate","Crude birth rate (births per 1,000 population)","World Population Prospects",2024,"United Nations Population Division",442,"Luxembourg","LU","LUX",66,"2015",4,"Median",3,"Both sexes",188,0,-1,"Total",0,"Not applicable",1,"Model-based Estimates",2,"Interpolation",10.521
55,"Crude birth rate","Crude birth rate (births per 1,000 population)","World Population Prospects",2024,"United Nations Population Division",442,"Luxembourg","LU","LUX",67,"2016",4,"Median",3,"Both sexes",188,0,-1,"Total",0,"Not applicable",1,"Model-based Estimates",2,"Interpolation",10.226
55,"Crude birth rate","Crude birth rate (births per 1,000 population)","World Population Prospects",2024,"United Nations Population Division",442,"Luxembourg","LU","LUX",68,"2017",4,"Median",3,"Both sexes",188,0,-1,"Total",0,"Not applicable",1,"Model-based Estimates",2,"Interpolation",10.155
55,"Crude birth rate","Crude birth rate (births per 1,000 population)","World Population Prospects",2024,"United Nations Population Division",442,"Luxembourg","LU","LUX",69,"2018",4,"Median",3,"Both sexes",188,0,-1,"Total",0,"Not applicable",1,"Model-based Estimates",2,"Interpolation",10.118
55,"Crude birth rate","Crude birth rate (births per 1,000 population)","World Population Prospects",2024,"United Nations Population Division",442,"Luxembourg","LU","LUX",70,"2019",4,"Median",3,"Both sexes",188,0,-1,"Total",0,"Not applicable",1,"Model-based Estimates",2,"Interpolation",9.898
55,"Crude birth rate","Crude birth rate (births per 1,000 population)","World Population Prospects",2024,"United Nations Population Division",442,"Luxembourg","LU","LUX",71,"2020",4,"Median",3,"Both sexes",188,0,-1,"Total",0,"Not applicable",1,"Model-based Estimates",2,"Interpolation",10.131
55,"Crude birth rate","Crude birth rate (births per 1,000 population)","World Population Prospects",2024,"United Nations Population Division",442,"Luxembourg","LU","LUX",72,"2021",4,"Median",3,"Both sexes",188,0,-1,"Total",0,"Not applicable",1,"Model-based Estimates",2,"Interpolation",10.279
55,"Crude birth rate","Crude birth rate (births per 1,000 population)","World Population Prospects",2024,"United Nations Population Division",442,"Luxembourg","LU","LUX",73,"2022",4,"Median",3,"Both sexes",188,0,-1,"Total",0,"Not applicable",1,"Model-based Estimates",2,"Interpolation",10.28
55,"Crude birth rate","Crude birth rate (births per 1,000 population)","World Population Prospects",2024,"United Nations Population Division",442,"Luxembourg","LU","LUX",74,"2023",4,"Median",3,"Both sexes",188,0,-1,"Total",0,"Not applicable",1,"Model-based Estimates",2,"Interpolation",10.444
55,"Crude birth rate","Crude birth rate (births per 1,000 population)","World Population Prospects",2024,"United Nations Population Division",442,"Luxembourg","LU","LUX",75,"2024",4,"Median",3,"Both sexes",188,0,-1,"Total",0,"Not applicable",1,"Model-based Estimates",3,"Projection",10.313
55,"Crude birth rate","Crude birth rate (births per 1,000 population)","World Population Prospects",2024,"United Nations Population Division",442,"Luxembourg","LU","LUX",76,"2025",4,"Median",3,"Both sexes",188,0,-1,"Total",0,"Not applicable",1,"Model-based Estimates",3,"Projection",10.211
55,"Crude birth rate","Crude birth rate (births per 1,000 population)","World Population Prospects",2024,"United Nations Population Division",442,"Luxembourg","LU","LUX",77,"2026",4,"Median",3,"Both sexes",188,0,-1,"Total",0,"Not applicable",1,"Model-based Estimates",3,"Projection",10.099
55,"Crude birth rate","Crude birth rate (births per 1,000 population)","World Population Prospects",2024,"United Nations Population Division",442,"Luxembourg","LU","LUX",78,"2027",4,"Median",3,"Both sexes",188,0,-1,"Total",0,"Not applicable",1,"Model-based Estimates",3,"Projection",9.957
55,"Crude birth rate","Crude birth rate (births per 1,000 population)","World Population Prospects",2024,"United Nations Population Division",442,"Luxembourg","LU","LUX",79,"2028",4,"Median",3,"Both sexes",188,0,-1,"Total",0,"Not applicable",1,"Model-based Estimates",3,"Projection",9.799
55,"Crude birth rate","Crude birth rate (births per 1,000 population)","World Population Prospects",2024,"United Nations Population Division",442,"Luxembourg","LU","LUX",80,"2029",4,"Median",3,"Both sexes",188,0,-1,"Total",0,"Not applicable",1,"Model-based Estimates",3,"Projection",9.632
55,"Crude birth rate","Crude birth rate (births per 1,000 population)","World Population Prospects",2024,"United Nations Population Division",442,"Luxembourg","LU","LUX",81,"2030",4,"Median",3,"Both sexes",188,0,-1,"Total",0,"Not applicable",1,"Model-based Estimates",3,"Projection",9.446
55,"Crude birth rate","Crude birth rate (births per 1,000 population)","World Population Prospects",2024,"United Nations Population Division",442,"Luxembourg","LU","LUX",82,"2031",4,"Median",3,"Both sexes",188,0,-1,"Total",0,"Not applicable",1,"Model-based Estimates",3,"Projection",9.277
55,"Crude birth rate","Crude birth rate (births per 1,000 population)","World Population Prospects",2024,"United Nations Population Division",442,"Luxembourg","LU","LUX",83,"2032",4,"Median",3,"Both sexes",188,0,-1,"Total",0,"Not applicable",1,"Model-based Estimates",3,"Projection",9.103
55,"Crude birth rate","Crude birth rate (births per 1,000 population)","World Population Prospects",2024,"United Nations Population Division",442,"Luxembourg","LU","LUX",84,"2033",4,"Median",3,"Both sexes",188,0,-1,"Total",0,"Not applicable",1,"Model-based Estimates",3,"Projection",8.956
55,"Crude birth rate","Crude birth rate (births per 1,000 population)","World Population Prospects",2024,"United Nations Population Division",442,"Luxembourg","LU","LUX",85,"2034",4,"Median",3,"Both sexes",188,0,-1,"Total",0,"Not applicable",1,"Model-based Estimates",3,"Projection",8.837
55,"Crude birth rate","Crude birth rate (births per 1,000 population)","World Population Prospects",2024,"United Nations Population Division",442,"Luxembourg","LU","LUX",86,"2035",4,"Median",3,"Both sexes",188,0,-1,"Total",0,"Not applicable",1,"Model-based Estimates",3,"Projection",8.739
55,"Crude birth rate","Crude birth rate (births per 1,000 population)","World Population Prospects",2024,"United Nations Population Division",442,"Luxembourg","LU","LUX",87,"2036",4,"Median",3,"Both sexes",188,0,-1,"Total",0,"Not applicable",1,"Model-based Estimates",3,"Projection",8.665
55,"Crude birth rate","Crude birth rate (births per 1,000 population)","World Population Prospects",2024,"United Nations Population Division",442,"Luxembourg","LU","LUX",88,"2037",4,"Median",3,"Both sexes",188,0,-1,"Total",0,"Not applicable",1,"Model-based Estimates",3,"Projection",8.616
55,"Crude birth rate","Crude birth rate (births per 1,000 population)","World Population Prospects",2024,"United Nations Population Division",442,"Luxembourg","LU","LUX",89,"2038",4,"Median",3,"Both sexes",188,0,-1,"Total",0,"Not applicable",1,"Model-based Estimates",3,"Projection",8.568
55,"Crude birth rate","Crude birth rate (births per 1,000 population)","World Population Prospects",2024,"United Nations Population Division",442,"Luxembourg","LU","LUX",90,"2039",4,"Median",3,"Both sexes",188,0,-1,"Total",0,"Not applicable",1,"Model-based Estimates",3,"Projection",8.573
55,"Crude birth rate","Crude birth rate (births per 1,000 population)","World Population Prospects",2024,"United Nations Population Division",442,"Luxembourg","LU","LUX",91,"2040",4,"Median",3,"Both sexes",188,0,-1,"Total",0,"Not applicable",1,"Model-based Estimates",3,"Projection",8.578
55,"Crude birth rate","Crude birth rate (births per 1,000 population)","World Population Prospects",2024,"United Nations Population Division",442,"Luxembourg","LU","LUX",92,"2041",4,"Median",3,"Both sexes",188,0,-1,"Total",0,"Not applicable",1,"Model-based Estimates",3,"Projection",8.592
55,"Crude birth rate","Crude birth rate (births per 1,000 population)","World Population Prospects",2024,"United Nations Population Division",442,"Luxembourg","LU","LUX",93,"2042",4,"Median",3,"Both sexes",188,0,-1,"Total",0,"Not applicable",1,"Model-based Estimates",3,"Projection",8.613
55,"Crude birth rate","Crude birth rate (births per 1,000 population)","World Population Prospects",2024,"United Nations Population Division",442,"Luxembourg","LU","LUX",94,"2043",4,"Median",3,"Both sexes",188,0,-1,"Total",0,"Not applicable",1,"Model-based Estimates",3,"Projection",8.646
55,"Crude birth rate","Crude birth rate (births per 1,000 population)","World Population Prospects",2024,"United Nations Population Division",442,"Luxembourg","LU","LUX",95,"2044",4,"Median",3,"Both sexes",188,0,-1,"Total",0,"Not applicable",1,"Model-based Estimates",3,"Projection",8.667
55,"Crude birth rate","Crude birth rate (births per 1,000 population)","World Population Prospects",2024,"United Nations Population Division",442,"Luxembourg","LU","LUX",96,"2045",4,"Median",3,"Both sexes",188,0,-1,"Total",0,"Not applicable",1,"Model-based Estimates",3,"Projection",8.68
55,"Crude birth rate","Crude birth rate (births per 1,000 population)","World Population Prospects",2024,"United Nations Population Division",442,"Luxembourg","LU","LUX",97,"2046",4,"Median",3,"Both sexes",188,0,-1,"Total",0,"Not applicable",1,"Model-based Estimates",3,"Projection",8.696
55,"Crude birth rate","Crude birth rate (births per 1,000 population)","World Population Prospects",2024,"United Nations Population Division",442,"Luxembourg","LU","LUX",98,"2047",4,"Median",3,"Both sexes",188,0,-1,"Total",0,"Not applicable",1,"Model-based Estimates",3,"Projection",8.707
55,"Crude birth rate","Crude birth rate (births per 1,000 population)","World Population Prospects",2024,"United Nations Population Division",442,"Luxembourg","LU","LUX",99,"2048",4,"Median",3,"Both sexes",188,0,-1,"Total",0,"Not applicable",1,"Model-based Estimates",3,"Projection",8.704
55,"Crude birth rate","Crude birth rate (births per 1,000 population)","World Population Prospects",2024,"United Nations Population Division",442,"Luxembourg","LU","LUX",100,"2049",4,"Median",3,"Both sexes",188,0,-1,"Total",0,"Not applicable",1,"Model-based Estimates",3,"Projection",8.718
55,"Crude birth rate","Crude birth rate (births per 1,000 population)","World Population Prospects",2024,"United Nations Population Division",442,"Luxembourg","LU","LUX",101,"2050",4,"Median",3,"Both sexes",188,0,-1,"Total",0,"Not applicable",1,"Model-based Estimates",3,"Projection",8.712
55,"Crude birth rate","Crude birth rate (births per 1,000 population)","World Population Prospects",2024,"United Nations Population Division",442,"Luxembourg","LU","LUX",102,"2051",4,"Median",3,"Both sexes",188,0,-1,"Total",0,"Not applicable",1,"Model-based Estimates",3,"Projection",8.703
55,"Crude birth rate","Crude birth rate (births per 1,000 population)","World Population Prospects",2024,"United Nations Population Division",442,"Luxembourg","LU","LUX",103,"2052",4,"Median",3,"Both sexes",188,0,-1,"Total",0,"Not applicable",1,"Model-based Estimates",3,"Projection",8.693
55,"Crude birth rate","Crude birth rate (births per 1,000 population)","World Population Prospects",2024,"United Nations Population Division",442,"Luxembourg","LU","LUX",104,"2053",4,"Median",3,"Both sexes",188,0,-1,"Total",0,"Not applicable",1,"Model-based Estimates",3,"Projection",8.691
55,"Crude birth rate","Crude birth rate (births per 1,000 population)","World Population Prospects",2024,"United Nations Population Division",442,"Luxembourg","LU","LUX",105,"2054",4,"Median",3,"Both sexes",188,0,-1,"Total",0,"Not applicable",1,"Model-based Estimates",3,"Projection",8.678
55,"Crude birth rate","Crude birth rate (births per 1,000 population)","World Population Prospects",2024,"United Nations Population Division",442,"Luxembourg","LU","LUX",106,"2055",4,"Median",3,"Both sexes",188,0,-1,"Total",0,"Not applicable",1,"Model-based Estimates",3,"Projection",8.677
55,"Crude birth rate","Crude birth rate (births per 1,000 population)","World Population Prospects",2024,"United Nations Population Division",442,"Luxembourg","LU","LUX",107,"2056",4,"Median",3,"Both sexes",188,0,-1,"Total",0,"Not applicable",1,"Model-based Estimates",3,"Projection",8.667
55,"Crude birth rate","Crude birth rate (births per 1,000 population)","World Population Prospects",2024,"United Nations Population Division",442,"Luxembourg","LU","LUX",108,"2057",4,"Median",3,"Both sexes",188,0,-1,"Total",0,"Not applicable",1,"Model-based Estimates",3,"Projection",8.639
55,"Crude birth rate","Crude birth rate (births per 1,000 population)","World Population Prospects",2024,"United Nations Population Division",442,"Luxembourg","LU","LUX",109,"2058",4,"Median",3,"Both sexes",188,0,-1,"Total",0,"Not applicable",1,"Model-based Estimates",3,"Projection",8.605
55,"Crude birth rate","Crude birth rate (births per 1,000 population)","World Population Prospects",2024,"United Nations Population Division",442,"Luxembourg","LU","LUX",110,"2059",4,"Median",3,"Both sexes",188,0,-1,"Total",0,"Not applicable",1,"Model-based Estimates",3,"Projection",8.578
55,"Crude birth rate","Crude birth rate (births per 1,000 population)","World Population Prospects",2024,"United Nations Population Division",442,"Luxembourg","LU","LUX",111,"2060",4,"Median",3,"Both sexes",188,0,-1,"Total",0,"Not applicable",1,"Model-based Estimates",3,"Projection",8.549
55,"Crude birth rate","Crude birth rate (births per 1,000 population)","World Population Prospects",2024,"United Nations Population Division",442,"Luxembourg","LU","LUX",112,"2061",4,"Median",3,"Both sexes",188,0,-1,"Total",0,"Not applicable",1,"Model-based Estimates",3,"Projection",8.514
55,"Crude birth rate","Crude birth rate (births per 1,000 population)","World Population Prospects",2024,"United Nations Population Division",442,"Luxembourg","LU","LUX",113,"2062",4,"Median",3,"Both sexes",188,0,-1,"Total",0,"Not applicable",1,"Model-based Estimates",3,"Projection",8.469
55,"Crude birth rate","Crude birth rate (births per 1,000 population)","World Population Prospects",2024,"United Nations Population Division",442,"Luxembourg","LU","LUX",114,"2063",4,"Median",3,"Both sexes",188,0,-1,"Total",0,"Not applicable",1,"Model-based Estimates",3,"Projection",8.421
55,"Crude birth rate","Crude birth rate (births per 1,000 population)","World Population Prospects",2024,"United Nations Population Division",442,"Luxembourg","LU","LUX",115,"2064",4,"Median",3,"Both sexes",188,0,-1,"Total",0,"Not applicable",1,"Model-based Estimates",3,"Projection",8.39
55,"Crude birth rate","Crude birth rate (births per 1,000 population)","World Population Prospects",2024,"United Nations Population Division",442,"Luxembourg","LU","LUX",116,"2065",4,"Median",3,"Both sexes",188,0,-1,"Total",0,"Not applicable",1,"Model-based Estimates",3,"Projection",8.346
55,"Crude birth rate","Crude birth rate (births per 1,000 population)","World Population Prospects",2024,"United Nations Population Division",442,"Luxembourg","LU","LUX",117,"2066",4,"Median",3,"Both sexes",188,0,-1,"Total",0,"Not applicable",1,"Model-based Estimates",3,"Projection",8.308
55,"Crude birth rate","Crude birth rate (births per 1,000 population)","World Population Prospects",2024,"United Nations Population Division",442,"Luxembourg","LU","LUX",118,"2067",4,"Median",3,"Both sexes",188,0,-1,"Total",0,"Not applicable",1,"Model-based Estimates",3,"Projection",8.27
55,"Crude birth rate","Crude birth rate (births per 1,000 population)","World Population Prospects",2024,"United Nations Population Division",442,"Luxembourg","LU","LUX",119,"2068",4,"Median",3,"Both sexes",188,0,-1,"Total",0,"Not applicable",1,"Model-based Estimates",3,"Projection",8.236
55,"Crude birth rate","Crude birth rate (births per 1,000 population)","World Population Prospects",2024,"United Nations Population Division",442,"Luxembourg","LU","LUX",120,"2069",4,"Median",3,"Both sexes",188,0,-1,"Total",0,"Not applicable",1,"Model-based Estimates",3,"Projection",8.207
55,"Crude birth rate","Crude birth rate (births per 1,000 population)","World Population Prospects",2024,"United Nations Population Division",442,"Luxembourg","LU","LUX",121,"2070",4,"Median",3,"Both sexes",188,0,-1,"Total",0,"Not applicable",1,"Model-based Estimates",3,"Projection",8.191
55,"Crude birth rate","Crude birth rate (births per 1,000 population)","World Population Prospects",2024,"United Nations Population Division",442,"Luxembourg","LU","LUX",122,"2071",4,"Median",3,"Both sexes",188,0,-1,"Total",0,"Not applicable",1,"Model-based Estimates",3,"Projection",8.17
55,"Crude birth rate","Crude birth rate (births per 1,000 population)","World Population Prospects",2024,"United Nations Population Division",442,"Luxembourg","LU","LUX",123,"2072",4,"Median",3,"Both sexes",188,0,-1,"Total",0,"Not applicable",1,"Model-based Estimates",3,"Projection",8.164
55,"Crude birth rate","Crude birth rate (births per 1,000 population)","World Population Prospects",2024,"United Nations Population Division",442,"Luxembourg","LU","LUX",124,"2073",4,"Median",3,"Both sexes",188,0,-1,"Total",0,"Not applicable",1,"Model-based Estimates",3,"Projection",8.171
55,"Crude birth rate","Crude birth rate (births per 1,000 population)","World Population Prospects",2024,"United Nations Population Division",442,"Luxembourg","LU","LUX",125,"2074",4,"Median",3,"Both sexes",188,0,-1,"Total",0,"Not applicable",1,"Model-based Estimates",3,"Projection",8.178
55,"Crude birth rate","Crude birth rate (births per 1,000 population)","World Population Prospects",2024,"United Nations Population Division",442,"Luxembourg","LU","LUX",126,"2075",4,"Median",3,"Both sexes",188,0,-1,"Total",0,"Not applicable",1,"Model-based Estimates",3,"Projection",8.185
55,"Crude birth rate","Crude birth rate (births per 1,000 population)","World Population Prospects",2024,"United Nations Population Division",442,"Luxembourg","LU","LUX",127,"2076",4,"Median",3,"Both sexes",188,0,-1,"Total",0,"Not applicable",1,"Model-based Estimates",3,"Projection",8.197
55,"Crude birth rate","Crude birth rate (births per 1,000 population)","World Population Prospects",2024,"United Nations Population Division",442,"Luxembourg","LU","LUX",128,"2077",4,"Median",3,"Both sexes",188,0,-1,"Total",0,"Not applicable",1,"Model-based Estimates",3,"Projection",8.207
55,"Crude birth rate","Crude birth rate (births per 1,000 population)","World Population Prospects",2024,"United Nations Population Division",442,"Luxembourg","LU","LUX",129,"2078",4,"Median",3,"Both sexes",188,0,-1,"Total",0,"Not applicable",1,"Model-based Estimates",3,"Projection",8.229
55,"Crude birth rate","Crude birth rate (births per 1,000 population)","World Population Prospects",2024,"United Nations Population Division",442,"Luxembourg","LU","LUX",130,"2079",4,"Median",3,"Both sexes",188,0,-1,"Total",0,"Not applicable",1,"Model-based Estimates",3,"Projection",8.248
55,"Crude birth rate","Crude birth rate (births per 1,000 population)","World Population Prospects",2024,"United Nations Population Division",442,"Luxembourg","LU","LUX",131,"2080",4,"Median",3,"Both sexes",188,0,-1,"Total",0,"Not applicable",1,"Model-based Estimates",3,"Projection",8.259
55,"Crude birth rate","Crude birth rate (births per 1,000 population)","World Population Prospects",2024,"United Nations Population Division",442,"Luxembourg","LU","LUX",132,"2081",4,"Median",3,"Both sexes",188,0,-1,"Total",0,"Not applicable",1,"Model-based Estimates",3,"Projection",8.26
55,"Crude birth rate","Crude birth rate (births per 1,000 population)","World Population Prospects",2024,"United Nations Population Division",442,"Luxembourg","LU","LUX",133,"2082",4,"Median",3,"Both sexes",188,0,-1,"Total",0,"Not applicable",1,"Model-based Estimates",3,"Projection",8.272
55,"Crude birth rate","Crude birth rate (births per 1,000 population)","World Population Prospects",2024,"United Nations Population Division",442,"Luxembourg","LU","LUX",134,"2083",4,"Median",3,"Both sexes",188,0,-1,"Total",0,"Not applicable",1,"Model-based Estimates",3,"Projection",8.282
55,"Crude birth rate","Crude birth rate (births per 1,000 population)","World Population Prospects",2024,"United Nations Population Division",442,"Luxembourg","LU","LUX",135,"2084",4,"Median",3,"Both sexes",188,0,-1,"Total",0,"Not applicable",1,"Model-based Estimates",3,"Projection",8.302
55,"Crude birth rate","Crude birth rate (births per 1,000 population)","World Population Prospects",2024,"United Nations Population Division",442,"Luxembourg","LU","LUX",136,"2085",4,"Median",3,"Both sexes",188,0,-1,"Total",0,"Not applicable",1,"Model-based Estimates",3,"Projection",8.304
55,"Crude birth rate","Crude birth rate (births per 1,000 population)","World Population Prospects",2024,"United Nations Population Division",442,"Luxembourg","LU","LUX",137,"2086",4,"Median",3,"Both sexes",188,0,-1,"Total",0,"Not applicable",1,"Model-based Estimates",3,"Projection",8.315
55,"Crude birth rate","Crude birth rate (births per 1,000 population)","World Population Prospects",2024,"United Nations Population Division",442,"Luxembourg","LU","LUX",138,"2087",4,"Median",3,"Both sexes",188,0,-1,"Total",0,"Not applicable",1,"Model-based Estimates",3,"Projection",8.314
55,"Crude birth rate","Crude birth rate (births per 1,000 population)","World Population Prospects",2024,"United Nations Population Division",442,"Luxembourg","LU","LUX",139,"2088",4,"Median",3,"Both sexes",188,0,-1,"Total",0,"Not applicable",1,"Model-based Estimates",3,"Projection",8.304
55,"Crude birth rate","Crude birth rate (births per 1,000 population)","World Population Prospects",2024,"United Nations Population Division",442,"Luxembourg","LU","LUX",140,"2089",4,"Median",3,"Both sexes",188,0,-1,"Total",0,"Not applicable",1,"Model-based Estimates",3,"Projection",8.29
55,"Crude birth rate","Crude birth rate (births per 1,000 population)","World Population Prospects",2024,"United Nations Population Division",442,"Luxembourg","LU","LUX",141,"2090",4,"Median",3,"Both sexes",188,0,-1,"Total",0,"Not applicable",1,"Model-based Estimates",3,"Projection",8.281
55,"Crude birth rate","Crude birth rate (births per 1,000 population)","World Population Prospects",2024,"United Nations Population Division",442,"Luxembourg","LU","LUX",142,"2091",4,"Median",3,"Both sexes",188,0,-1,"Total",0,"Not applicable",1,"Model-based Estimates",3,"Projection",8.284
55,"Crude birth rate","Crude birth rate (births per 1,000 population)","World Population Prospects",2024,"United Nations Population Division",442,"Luxembourg","LU","LUX",143,"2092",4,"Median",3,"Both sexes",188,0,-1,"Total",0,"Not applicable",1,"Model-based Estimates",3,"Projection",8.261
55,"Crude birth rate","Crude birth rate (births per 1,000 population)","World Population Prospects",2024,"United Nations Population Division",442,"Luxembourg","LU","LUX",144,"2093",4,"Median",3,"Both sexes",188,0,-1,"Total",0,"Not applicable",1,"Model-based Estimates",3,"Projection",8.245
55,"Crude birth rate","Crude birth rate (births per 1,000 population)","World Population Prospects",2024,"United Nations Population Division",442,"Luxembourg","LU","LUX",145,"2094",4,"Median",3,"Both sexes",188,0,-1,"Total",0,"Not applicable",1,"Model-based Estimates",3,"Projection",8.216
55,"Crude birth rate","Crude birth rate (births per 1,000 population)","World Population Prospects",2024,"United Nations Population Division",442,"Luxembourg","LU","LUX",146,"2095",4,"Median",3,"Both sexes",188,0,-1,"Total",0,"Not applicable",1,"Model-based Estimates",3,"Projection",8.197
55,"Crude birth rate","Crude birth rate (births per 1,000 population)","World Population Prospects",2024,"United Nations Population Division",442,"Luxembourg","LU","LUX",147,"2096",4,"Median",3,"Both sexes",188,0,-1,"Total",0,"Not applicable",1,"Model-based Estimates",3,"Projection",8.18
55,"Crude birth rate","Crude birth rate (births per 1,000 population)","World Population Prospects",2024,"United Nations Population Division",442,"Luxembourg","LU","LUX",148,"2097",4,"Median",3,"Both sexes",188,0,-1,"Total",0,"Not applicable",1,"Model-based Estimates",3,"Projection",8.156
55,"Crude birth rate","Crude birth rate (births per 1,000 population)","World Population Prospects",2024,"United Nations Population Division",442,"Luxembourg","LU","LUX",149,"2098",4,"Median",3,"Both sexes",188,0,-1,"Total",0,"Not applicable",1,"Model-based Estimates",3,"Projection",8.13
55,"Crude birth rate","Crude birth rate (births per 1,000 population)","World Population Prospects",2024,"United Nations Population Division",442,"Luxembourg","LU","LUX",150,"2099",4,"Median",3,"Both sexes",188,0,-1,"Total",0,"Not applicable",1,"Model-based Estimates",3,"Projection",8.104
55,"Crude birth rate","Crude birth rate (births per 1,000 population)","World Population Prospects",2024,"United Nations Population Division",442,"Luxembourg","LU","LUX",151,"2100",4,"Median",3,"Both sexes",188,0,-1,"Total",0,"Not applicable",1,"Model-based Estimates",3,"Projection",8.08
55,"Crude birth rate","Crude birth rate (births per 1,000 population)","World Population Prospects",2024,"United Nations Population Division",470,"Malta","MT","MLT",41,"1990",4,"Median",3,"Both sexes",188,0,-1,"Total",0,"Not applicable",1,"Model-based Estimates",2,"Interpolation",15.234
55,"Crude birth rate","Crude birth rate (births per 1,000 population)","World Population Prospects",2024,"United Nations Population Division",470,"Malta","MT","MLT",42,"1991",4,"Median",3,"Both sexes",188,0,-1,"Total",0,"Not applicable",1,"Model-based Estimates",2,"Interpolation",14.635
55,"Crude birth rate","Crude birth rate (births per 1,000 population)","World Population Prospects",2024,"United Nations Population Division",470,"Malta","MT","MLT",43,"1992",4,"Median",3,"Both sexes",188,0,-1,"Total",0,"Not applicable",1,"Model-based Estimates",2,"Interpolation",14.735
55,"Crude birth rate","Crude birth rate (births per 1,000 population)","World Population Prospects",2024,"United Nations Population Division",470,"Malta","MT","MLT",44,"1993",4,"Median",3,"Both sexes",188,0,-1,"Total",0,"Not applicable",1,"Model-based Estimates",2,"Interpolation",13.698
55,"Crude birth rate","Crude birth rate (births per 1,000 population)","World Population Prospects",2024,"United Nations Population Division",470,"Malta","MT","MLT",45,"1994",4,"Median",3,"Both sexes",188,0,-1,"Total",0,"Not applicable",1,"Model-based Estimates",2,"Interpolation",12.649
55,"Crude birth rate","Crude birth rate (births per 1,000 population)","World Population Prospects",2024,"United Nations Population Division",470,"Malta","MT","MLT",46,"1995",4,"Median",3,"Both sexes",188,0,-1,"Total",0,"Not applicable",1,"Model-based Estimates",2,"Interpolation",12.107
55,"Crude birth rate","Crude birth rate (births per 1,000 population)","World Population Prospects",2024,"United Nations Population Division",470,"Malta","MT","MLT",47,"1996",4,"Median",3,"Both sexes",188,0,-1,"Total",0,"Not applicable",1,"Model-based Estimates",2,"Interpolation",13.188
55,"Crude birth rate","Crude birth rate (births per 1,000 population)","World Population Prospects",2024,"United Nations Population Division",470,"Malta","MT","MLT",48,"1997",4,"Median",3,"Both sexes",188,0,-1,"Total",0,"Not applicable",1,"Model-based Estimates",2,"Interpolation",12.912
55,"Crude birth rate","Crude birth rate (births per 1,000 population)","World Population Prospects",2024,"United Nations Population Division",470,"Malta","MT","MLT",49,"1998",4,"Median",3,"Both sexes",188,0,-1,"Total",0,"Not applicable",1,"Model-based Estimates",2,"Interpolation",12.253
55,"Crude birth rate","Crude birth rate (births per 1,000 population)","World Population Prospects",2024,"United Nations Population Division",470,"Malta","MT","MLT",50,"1999",4,"Median",3,"Both sexes",188,0,-1,"Total",0,"Not applicable",1,"Model-based Estimates",2,"Interpolation",11.577
55,"Crude birth rate","Crude birth rate (births per 1,000 population)","World Population Prospects",2024,"United Nations Population Division",470,"Malta","MT","MLT",51,"2000",4,"Median",3,"Both sexes",188,0,-1,"Total",0,"Not applicable",1,"Model-based Estimates",2,"Interpolation",11.228
55,"Crude birth rate","Crude birth rate (births per 1,000 population)","World Population Prospects",2024,"United Nations Population Division",470,"Malta","MT","MLT",52,"2001",4,"Median",3,"Both sexes",188,0,-1,"Total",0,"Not applicable",1,"Model-based Estimates",2,"Interpolation",10.077
55,"Crude birth rate","Crude birth rate (births per 1,000 population)","World Population Prospects",2024,"United Nations Population Division",470,"Malta","MT","MLT",53,"2002",4,"Median",3,"Both sexes",188,0,-1,"Total",0,"Not applicable",1,"Model-based Estimates",2,"Interpolation",9.87
55,"Crude birth rate","Crude birth rate (births per 1,000 population)","World Population Prospects",2024,"United Nations Population Division",470,"Malta","MT","MLT",54,"2003",4,"Median",3,"Both sexes",188,0,-1,"Total",0,"Not applicable",1,"Model-based Estimates",2,"Interpolation",10.042
55,"Crude birth rate","Crude birth rate (births per 1,000 population)","World Population Prospects",2024,"United Nations Population Division",470,"Malta","MT","MLT",55,"2004",4,"Median",3,"Both sexes",188,0,-1,"Total",0,"Not applicable",1,"Model-based Estimates",2,"Interpolation",9.626
55,"Crude birth rate","Crude birth rate (births per 1,000 population)","World Population Prospects",2024,"United Nations Population Division",470,"Malta","MT","MLT",56,"2005",4,"Median",3,"Both sexes",188,0,-1,"Total",0,"Not applicable",1,"Model-based Estimates",2,"Interpolation",9.523
55,"Crude birth rate","Crude birth rate (births per 1,000 population)","World Population Prospects",2024,"United Nations Population Division",470,"Malta","MT","MLT",57,"2006",4,"Median",3,"Both sexes",188,0,-1,"Total",0,"Not applicable",1,"Model-based Estimates",2,"Interpolation",9.413
55,"Crude birth rate","Crude birth rate (births per 1,000 population)","World Population Prospects",2024,"United Nations Population Division",470,"Malta","MT","MLT",58,"2007",4,"Median",3,"Both sexes",188,0,-1,"Total",0,"Not applicable",1,"Model-based Estimates",2,"Interpolation",9.402
55,"Crude birth rate","Crude birth rate (births per 1,000 population)","World Population Prospects",2024,"United Nations Population Division",470,"Malta","MT","MLT",59,"2008",4,"Median",3,"Both sexes",188,0,-1,"Total",0,"Not applicable",1,"Model-based Estimates",2,"Interpolation",9.865
55,"Crude birth rate","Crude birth rate (births per 1,000 population)","World Population Prospects",2024,"United Nations Population Division",470,"Malta","MT","MLT",60,"2009",4,"Median",3,"Both sexes",188,0,-1,"Total",0,"Not applicable",1,"Model-based Estimates",2,"Interpolation",9.836
55,"Crude birth rate","Crude birth rate (births per 1,000 population)","World Population Prospects",2024,"United Nations Population Division",470,"Malta","MT","MLT",61,"2010",4,"Median",3,"Both sexes",188,0,-1,"Total",0,"Not applicable",1,"Model-based Estimates",2,"Interpolation",9.575
55,"Crude birth rate","Crude birth rate (births per 1,000 population)","World Population Prospects",2024,"United Nations Population Division",470,"Malta","MT","MLT",62,"2011",4,"Median",3,"Both sexes",188,0,-1,"Total",0,"Not applicable",1,"Model-based Estimates",2,"Interpolation",10.037
55,"Crude birth rate","Crude birth rate (births per 1,000 population)","World Population Prospects",2024,"United Nations Population Division",470,"Malta","MT","MLT",63,"2012",4,"Median",3,"Both sexes",188,0,-1,"Total",0,"Not applicable",1,"Model-based Estimates",2,"Interpolation",9.874
55,"Crude birth rate","Crude birth rate (births per 1,000 population)","World Population Prospects",2024,"United Nations Population Division",470,"Malta","MT","MLT",64,"2013",4,"Median",3,"Both sexes",188,0,-1,"Total",0,"Not applicable",1,"Model-based Estimates",2,"Interpolation",9.491
55,"Crude birth rate","Crude birth rate (births per 1,000 population)","World Population Prospects",2024,"United Nations Population Division",470,"Malta","MT","MLT",65,"2014",4,"Median",3,"Both sexes",188,0,-1,"Total",0,"Not applicable",1,"Model-based Estimates",2,"Interpolation",9.467
55,"Crude birth rate","Crude birth rate (births per 1,000 population)","World Population Prospects",2024,"United Nations Population Division",470,"Malta","MT","MLT",66,"2015",4,"Median",3,"Both sexes",188,0,-1,"Total",0,"Not applicable",1,"Model-based Estimates",2,"Interpolation",9.509
55,"Crude birth rate","Crude birth rate (births per 1,000 population)","World Population Prospects",2024,"United Nations Population Division",470,"Malta","MT","MLT",67,"2016",4,"Median",3,"Both sexes",188,0,-1,"Total",0,"Not applicable",1,"Model-based Estimates",2,"Interpolation",9.579
55,"Crude birth rate","Crude birth rate (births per 1,000 population)","World Population Prospects",2024,"United Nations Population Division",470,"Malta","MT","MLT",68,"2017",4,"Median",3,"Both sexes",188,0,-1,"Total",0,"Not applicable",1,"Model-based Estimates",2,"Interpolation",8.986
55,"Crude birth rate","Crude birth rate (births per 1,000 population)","World Population Prospects",2024,"United Nations Population Division",470,"Malta","MT","MLT",69,"2018",4,"Median",3,"Both sexes",188,0,-1,"Total",0,"Not applicable",1,"Model-based Estimates",2,"Interpolation",8.844
55,"Crude birth rate","Crude birth rate (births per 1,000 population)","World Population Prospects",2024,"United Nations Population Division",470,"Malta","MT","MLT",70,"2019",4,"Median",3,"Both sexes",188,0,-1,"Total",0,"Not applicable",1,"Model-based Estimates",2,"Interpolation",8.415
55,"Crude birth rate","Crude birth rate (births per 1,000 population)","World Population Prospects",2024,"United Nations Population Division",470,"Malta","MT","MLT",71,"2020",4,"Median",3,"Both sexes",188,0,-1,"Total",0,"Not applicable",1,"Model-based Estimates",2,"Interpolation",8.476
55,"Crude birth rate","Crude birth rate (births per 1,000 population)","World Population Prospects",2024,"United Nations Population Division",470,"Malta","MT","MLT",72,"2021",4,"Median",3,"Both sexes",188,0,-1,"Total",0,"Not applicable",1,"Model-based Estimates",2,"Interpolation",8.286
55,"Crude birth rate","Crude birth rate (births per 1,000 population)","World Population Prospects",2024,"United Nations Population Division",470,"Malta","MT","MLT",73,"2022",4,"Median",3,"Both sexes",188,0,-1,"Total",0,"Not applicable",1,"Model-based Estimates",2,"Interpolation",8.112
55,"Crude birth rate","Crude birth rate (births per 1,000 population)","World Population Prospects",2024,"United Nations Population Division",470,"Malta","MT","MLT",74,"2023",4,"Median",3,"Both sexes",188,0,-1,"Total",0,"Not applicable",1,"Model-based Estimates",2,"Interpolation",7.904
55,"Crude birth rate","Crude birth rate (births per 1,000 population)","World Population Prospects",2024,"United Nations Population Division",470,"Malta","MT","MLT",75,"2024",4,"Median",3,"Both sexes",188,0,-1,"Total",0,"Not applicable",1,"Model-based Estimates",3,"Projection",7.806
55,"Crude birth rate","Crude birth rate (births per 1,000 population)","World Population Prospects",2024,"United Nations Population Division",470,"Malta","MT","MLT",76,"2025",4,"Median",3,"Both sexes",188,0,-1,"Total",0,"Not applicable",1,"Model-based Estimates",3,"Projection",7.758
55,"Crude birth rate","Crude birth rate (births per 1,000 population)","World Population Prospects",2024,"United Nations Population Division",470,"Malta","MT","MLT",77,"2026",4,"Median",3,"Both sexes",188,0,-1,"Total",0,"Not applicable",1,"Model-based Estimates",3,"Projection",7.691
55,"Crude birth rate","Crude birth rate (births per 1,000 population)","World Population Prospects",2024,"United Nations Population Division",470,"Malta","MT","MLT",78,"2027",4,"Median",3,"Both sexes",188,0,-1,"Total",0,"Not applicable",1,"Model-based Estimates",3,"Projection",7.549
55,"Crude birth rate","Crude birth rate (births per 1,000 population)","World Population Prospects",2024,"United Nations Population Division",470,"Malta","MT","MLT",79,"2028",4,"Median",3,"Both sexes",188,0,-1,"Total",0,"Not applicable",1,"Model-based Estimates",3,"Projection",7.395
55,"Crude birth rate","Crude birth rate (births per 1,000 population)","World Population Prospects",2024,"United Nations Population Division",470,"Malta","MT","MLT",80,"2029",4,"Median",3,"Both sexes",188,0,-1,"Total",0,"Not applicable",1,"Model-based Estimates",3,"Projection",7.223
55,"Crude birth rate","Crude birth rate (births per 1,000 population)","World Population Prospects",2024,"United Nations Population Division",470,"Malta","MT","MLT",81,"2030",4,"Median",3,"Both sexes",188,0,-1,"Total",0,"Not applicable",1,"Model-based Estimates",3,"Projection",7.034
55,"Crude birth rate","Crude birth rate (births per 1,000 population)","World Population Prospects",2024,"United Nations Population Division",470,"Malta","MT","MLT",82,"2031",4,"Median",3,"Both sexes",188,0,-1,"Total",0,"Not applicable",1,"Model-based Estimates",3,"Projection",6.855
55,"Crude birth rate","Crude birth rate (births per 1,000 population)","World Population Prospects",2024,"United Nations Population Division",470,"Malta","MT","MLT",83,"2032",4,"Median",3,"Both sexes",188,0,-1,"Total",0,"Not applicable",1,"Model-based Estimates",3,"Projection",6.685
55,"Crude birth rate","Crude birth rate (births per 1,000 population)","World Population Prospects",2024,"United Nations Population Division",470,"Malta","MT","MLT",84,"2033",4,"Median",3,"Both sexes",188,0,-1,"Total",0,"Not applicable",1,"Model-based Estimates",3,"Projection",6.52
55,"Crude birth rate","Crude birth rate (births per 1,000 population)","World Population Prospects",2024,"United Nations Population Division",470,"Malta","MT","MLT",85,"2034",4,"Median",3,"Both sexes",188,0,-1,"Total",0,"Not applicable",1,"Model-based Estimates",3,"Projection",6.367
55,"Crude birth rate","Crude birth rate (births per 1,000 population)","World Population Prospects",2024,"United Nations Population Division",470,"Malta","MT","MLT",86,"2035",4,"Median",3,"Both sexes",188,0,-1,"Total",0,"Not applicable",1,"Model-based Estimates",3,"Projection",6.239
55,"Crude birth rate","Crude birth rate (births per 1,000 population)","World Population Prospects",2024,"United Nations Population Division",470,"Malta","MT","MLT",87,"2036",4,"Median",3,"Both sexes",188,0,-1,"Total",0,"Not applicable",1,"Model-based Estimates",3,"Projection",6.141
55,"Crude birth rate","Crude birth rate (births per 1,000 population)","World Population Prospects",2024,"United Nations Population Division",470,"Malta","MT","MLT",88,"2037",4,"Median",3,"Both sexes",188,0,-1,"Total",0,"Not applicable",1,"Model-based Estimates",3,"Projection",6.074
55,"Crude birth rate","Crude birth rate (births per 1,000 population)","World Population Prospects",2024,"United Nations Population Division",470,"Malta","MT","MLT",89,"2038",4,"Median",3,"Both sexes",188,0,-1,"Total",0,"Not applicable",1,"Model-based Estimates",3,"Projection",6.023
55,"Crude birth rate","Crude birth rate (births per 1,000 population)","World Population Prospects",2024,"United Nations Population Division",470,"Malta","MT","MLT",90,"2039",4,"Median",3,"Both sexes",188,0,-1,"Total",0,"Not applicable",1,"Model-based Estimates",3,"Projection",6
55,"Crude birth rate","Crude birth rate (births per 1,000 population)","World Population Prospects",2024,"United Nations Population Division",470,"Malta","MT","MLT",91,"2040",4,"Median",3,"Both sexes",188,0,-1,"Total",0,"Not applicable",1,"Model-based Estimates",3,"Projection",5.994
55,"Crude birth rate","Crude birth rate (births per 1,000 population)","World Population Prospects",2024,"United Nations Population Division",470,"Malta","MT","MLT",92,"2041",4,"Median",3,"Both sexes",188,0,-1,"Total",0,"Not applicable",1,"Model-based Estimates",3,"Projection",6.013
55,"Crude birth rate","Crude birth rate (births per 1,000 population)","World Population Prospects",2024,"United Nations Population Division",470,"Malta","MT","MLT",93,"2042",4,"Median",3,"Both sexes",188,0,-1,"Total",0,"Not applicable",1,"Model-based Estimates",3,"Projection",6.032
55,"Crude birth rate","Crude birth rate (births per 1,000 population)","World Population Prospects",2024,"United Nations Population Division",470,"Malta","MT","MLT",94,"2043",4,"Median",3,"Both sexes",188,0,-1,"Total",0,"Not applicable",1,"Model-based Estimates",3,"Projection",6.071
55,"Crude birth rate","Crude birth rate (births per 1,000 population)","World Population Prospects",2024,"United Nations Population Division",470,"Malta","MT","MLT",95,"2044",4,"Median",3,"Both sexes",188,0,-1,"Total",0,"Not applicable",1,"Model-based Estimates",3,"Projection",6.115
55,"Crude birth rate","Crude birth rate (births per 1,000 population)","World Population Prospects",2024,"United Nations Population Division",470,"Malta","MT","MLT",96,"2045",4,"Median",3,"Both sexes",188,0,-1,"Total",0,"Not applicable",1,"Model-based Estimates",3,"Projection",6.161
55,"Crude birth rate","Crude birth rate (births per 1,000 population)","World Population Prospects",2024,"United Nations Population Division",470,"Malta","MT","MLT",97,"2046",4,"Median",3,"Both sexes",188,0,-1,"Total",0,"Not applicable",1,"Model-based Estimates",3,"Projection",6.213
55,"Crude birth rate","Crude birth rate (births per 1,000 population)","World Population Prospects",2024,"United Nations Population Division",470,"Malta","MT","MLT",98,"2047",4,"Median",3,"Both sexes",188,0,-1,"Total",0,"Not applicable",1,"Model-based Estimates",3,"Projection",6.246
55,"Crude birth rate","Crude birth rate (births per 1,000 population)","World Population Prospects",2024,"United Nations Population Division",470,"Malta","MT","MLT",99,"2048",4,"Median",3,"Both sexes",188,0,-1,"Total",0,"Not applicable",1,"Model-based Estimates",3,"Projection",6.274
55,"Crude birth rate","Crude birth rate (births per 1,000 population)","World Population Prospects",2024,"United Nations Population Division",470,"Malta","MT","MLT",100,"2049",4,"Median",3,"Both sexes",188,0,-1,"Total",0,"Not applicable",1,"Model-based Estimates",3,"Projection",6.284
55,"Crude birth rate","Crude birth rate (births per 1,000 population)","World Population Prospects",2024,"United Nations Population Division",470,"Malta","MT","MLT",101,"2050",4,"Median",3,"Both sexes",188,0,-1,"Total",0,"Not applicable",1,"Model-based Estimates",3,"Projection",6.297
55,"Crude birth rate","Crude birth rate (births per 1,000 population)","World Population Prospects",2024,"United Nations Population Division",470,"Malta","MT","MLT",102,"2051",4,"Median",3,"Both sexes",188,0,-1,"Total",0,"Not applicable",1,"Model-based Estimates",3,"Projection",6.297
55,"Crude birth rate","Crude birth rate (births per 1,000 population)","World Population Prospects",2024,"United Nations Population Division",470,"Malta","MT","MLT",103,"2052",4,"Median",3,"Both sexes",188,0,-1,"Total",0,"Not applicable",1,"Model-based Estimates",3,"Projection",6.281
55,"Crude birth rate","Crude birth rate (births per 1,000 population)","World Population Prospects",2024,"United Nations Population Division",470,"Malta","MT","MLT",104,"2053",4,"Median",3,"Both sexes",188,0,-1,"Total",0,"Not applicable",1,"Model-based Estimates",3,"Projection",6.253
55,"Crude birth rate","Crude birth rate (births per 1,000 population)","World Population Prospects",2024,"United Nations Population Division",470,"Malta","MT","MLT",105,"2054",4,"Median",3,"Both sexes",188,0,-1,"Total",0,"Not applicable",1,"Model-based Estimates",3,"Projection",6.224
55,"Crude birth rate","Crude birth rate (births per 1,000 population)","World Population Prospects",2024,"United Nations Population Division",470,"Malta","MT","MLT",106,"2055",4,"Median",3,"Both sexes",188,0,-1,"Total",0,"Not applicable",1,"Model-based Estimates",3,"Projection",6.194
55,"Crude birth rate","Crude birth rate (births per 1,000 population)","World Population Prospects",2024,"United Nations Population Division",470,"Malta","MT","MLT",107,"2056",4,"Median",3,"Both sexes",188,0,-1,"Total",0,"Not applicable",1,"Model-based Estimates",3,"Projection",6.151
55,"Crude birth rate","Crude birth rate (births per 1,000 population)","World Population Prospects",2024,"United Nations Population Division",470,"Malta","MT","MLT",108,"2057",4,"Median",3,"Both sexes",188,0,-1,"Total",0,"Not applicable",1,"Model-based Estimates",3,"Projection",6.108
55,"Crude birth rate","Crude birth rate (births per 1,000 population)","World Population Prospects",2024,"United Nations Population Division",470,"Malta","MT","MLT",109,"2058",4,"Median",3,"Both sexes",188,0,-1,"Total",0,"Not applicable",1,"Model-based Estimates",3,"Projection",6.074
55,"Crude birth rate","Crude birth rate (births per 1,000 population)","World Population Prospects",2024,"United Nations Population Division",470,"Malta","MT","MLT",110,"2059",4,"Median",3,"Both sexes",188,0,-1,"Total",0,"Not applicable",1,"Model-based Estimates",3,"Projection",6.027
55,"Crude birth rate","Crude birth rate (births per 1,000 population)","World Population Prospects",2024,"United Nations Population Division",470,"Malta","MT","MLT",111,"2060",4,"Median",3,"Both sexes",188,0,-1,"Total",0,"Not applicable",1,"Model-based Estimates",3,"Projection",5.985
55,"Crude birth rate","Crude birth rate (births per 1,000 population)","World Population Prospects",2024,"United Nations Population Division",470,"Malta","MT","MLT",112,"2061",4,"Median",3,"Both sexes",188,0,-1,"Total",0,"Not applicable",1,"Model-based Estimates",3,"Projection",5.945
55,"Crude birth rate","Crude birth rate (births per 1,000 population)","World Population Prospects",2024,"United Nations Population Division",470,"Malta","MT","MLT",113,"2062",4,"Median",3,"Both sexes",188,0,-1,"Total",0,"Not applicable",1,"Model-based Estimates",3,"Projection",5.912
55,"Crude birth rate","Crude birth rate (births per 1,000 population)","World Population Prospects",2024,"United Nations Population Division",470,"Malta","MT","MLT",114,"2063",4,"Median",3,"Both sexes",188,0,-1,"Total",0,"Not applicable",1,"Model-based Estimates",3,"Projection",5.872
55,"Crude birth rate","Crude birth rate (births per 1,000 population)","World Population Prospects",2024,"United Nations Population Division",470,"Malta","MT","MLT",115,"2064",4,"Median",3,"Both sexes",188,0,-1,"Total",0,"Not applicable",1,"Model-based Estimates",3,"Projection",5.837
55,"Crude birth rate","Crude birth rate (births per 1,000 population)","World Population Prospects",2024,"United Nations Population Division",470,"Malta","MT","MLT",116,"2065",4,"Median",3,"Both sexes",188,0,-1,"Total",0,"Not applicable",1,"Model-based Estimates",3,"Projection",5.794
55,"Crude birth rate","Crude birth rate (births per 1,000 population)","World Population Prospects",2024,"United Nations Population Division",470,"Malta","MT","MLT",117,"2066",4,"Median",3,"Both sexes",188,0,-1,"Total",0,"Not applicable",1,"Model-based Estimates",3,"Projection",5.767
55,"Crude birth rate","Crude birth rate (births per 1,000 population)","World Population Prospects",2024,"United Nations Population Division",470,"Malta","MT","MLT",118,"2067",4,"Median",3,"Both sexes",188,0,-1,"Total",0,"Not applicable",1,"Model-based Estimates",3,"Projection",5.736
55,"Crude birth rate","Crude birth rate (births per 1,000 population)","World Population Prospects",2024,"United Nations Population Division",470,"Malta","MT","MLT",119,"2068",4,"Median",3,"Both sexes",188,0,-1,"Total",0,"Not applicable",1,"Model-based Estimates",3,"Projection",5.7
55,"Crude birth rate","Crude birth rate (births per 1,000 population)","World Population Prospects",2024,"United Nations Population Division",470,"Malta","MT","MLT",120,"2069",4,"Median",3,"Both sexes",188,0,-1,"Total",0,"Not applicable",1,"Model-based Estimates",3,"Projection",5.677
55,"Crude birth rate","Crude birth rate (births per 1,000 population)","World Population Prospects",2024,"United Nations Population Division",470,"Malta","MT","MLT",121,"2070",4,"Median",3,"Both sexes",188,0,-1,"Total",0,"Not applicable",1,"Model-based Estimates",3,"Projection",5.649
55,"Crude birth rate","Crude birth rate (births per 1,000 population)","World Population Prospects",2024,"United Nations Population Division",470,"Malta","MT","MLT",122,"2071",4,"Median",3,"Both sexes",188,0,-1,"Total",0,"Not applicable",1,"Model-based Estimates",3,"Projection",5.64
55,"Crude birth rate","Crude birth rate (births per 1,000 population)","World Population Prospects",2024,"United Nations Population Division",470,"Malta","MT","MLT",123,"2072",4,"Median",3,"Both sexes",188,0,-1,"Total",0,"Not applicable",1,"Model-based Estimates",3,"Projection",5.635
55,"Crude birth rate","Crude birth rate (births per 1,000 population)","World Population Prospects",2024,"United Nations Population Division",470,"Malta","MT","MLT",124,"2073",4,"Median",3,"Both sexes",188,0,-1,"Total",0,"Not applicable",1,"Model-based Estimates",3,"Projection",5.638
55,"Crude birth rate","Crude birth rate (births per 1,000 population)","World Population Prospects",2024,"United Nations Population Division",470,"Malta","MT","MLT",125,"2074",4,"Median",3,"Both sexes",188,0,-1,"Total",0,"Not applicable",1,"Model-based Estimates",3,"Projection",5.654
55,"Crude birth rate","Crude birth rate (births per 1,000 population)","World Population Prospects",2024,"United Nations Population Division",470,"Malta","MT","MLT",126,"2075",4,"Median",3,"Both sexes",188,0,-1,"Total",0,"Not applicable",1,"Model-based Estimates",3,"Projection",5.68
55,"Crude birth rate","Crude birth rate (births per 1,000 population)","World Population Prospects",2024,"United Nations Population Division",470,"Malta","MT","MLT",127,"2076",4,"Median",3,"Both sexes",188,0,-1,"Total",0,"Not applicable",1,"Model-based Estimates",3,"Projection",5.72
55,"Crude birth rate","Crude birth rate (births per 1,000 population)","World Population Prospects",2024,"United Nations Population Division",470,"Malta","MT","MLT",128,"2077",4,"Median",3,"Both sexes",188,0,-1,"Total",0,"Not applicable",1,"Model-based Estimates",3,"Projection",5.756
55,"Crude birth rate","Crude birth rate (births per 1,000 population)","World Population Prospects",2024,"United Nations Population Division",470,"Malta","MT","MLT",129,"2078",4,"Median",3,"Both sexes",188,0,-1,"Total",0,"Not applicable",1,"Model-based Estimates",3,"Projection",5.799
55,"Crude birth rate","Crude birth rate (births per 1,000 population)","World Population Prospects",2024,"United Nations Population Division",470,"Malta","MT","MLT",130,"2079",4,"Median",3,"Both sexes",188,0,-1,"Total",0,"Not applicable",1,"Model-based Estimates",3,"Projection",5.859
55,"Crude birth rate","Crude birth rate (births per 1,000 population)","World Population Prospects",2024,"United Nations Population Division",470,"Malta","MT","MLT",131,"2080",4,"Median",3,"Both sexes",188,0,-1,"Total",0,"Not applicable",1,"Model-based Estimates",3,"Projection",5.919
55,"Crude birth rate","Crude birth rate (births per 1,000 population)","World Population Prospects",2024,"United Nations Population Division",470,"Malta","MT","MLT",132,"2081",4,"Median",3,"Both sexes",188,0,-1,"Total",0,"Not applicable",1,"Model-based Estimates",3,"Projection",5.975
55,"Crude birth rate","Crude birth rate (births per 1,000 population)","World Population Prospects",2024,"United Nations Population Division",470,"Malta","MT","MLT",133,"2082",4,"Median",3,"Both sexes",188,0,-1,"Total",0,"Not applicable",1,"Model-based Estimates",3,"Projection",6.031
55,"Crude birth rate","Crude birth rate (births per 1,000 population)","World Population Prospects",2024,"United Nations Population Division",470,"Malta","MT","MLT",134,"2083",4,"Median",3,"Both sexes",188,0,-1,"Total",0,"Not applicable",1,"Model-based Estimates",3,"Projection",6.077
55,"Crude birth rate","Crude birth rate (births per 1,000 population)","World Population Prospects",2024,"United Nations Population Division",470,"Malta","MT","MLT",135,"2084",4,"Median",3,"Both sexes",188,0,-1,"Total",0,"Not applicable",1,"Model-based Estimates",3,"Projection",6.122
55,"Crude birth rate","Crude birth rate (births per 1,000 population)","World Population Prospects",2024,"United Nations Population Division",470,"Malta","MT","MLT",136,"2085",4,"Median",3,"Both sexes",188,0,-1,"Total",0,"Not applicable",1,"Model-based Estimates",3,"Projection",6.165
55,"Crude birth rate","Crude birth rate (births per 1,000 population)","World Population Prospects",2024,"United Nations Population Division",470,"Malta","MT","MLT",137,"2086",4,"Median",3,"Both sexes",188,0,-1,"Total",0,"Not applicable",1,"Model-based Estimates",3,"Projection",6.198
55,"Crude birth rate","Crude birth rate (births per 1,000 population)","World Population Prospects",2024,"United Nations Population Division",470,"Malta","MT","MLT",138,"2087",4,"Median",3,"Both sexes",188,0,-1,"Total",0,"Not applicable",1,"Model-based Estimates",3,"Projection",6.225
55,"Crude birth rate","Crude birth rate (births per 1,000 population)","World Population Prospects",2024,"United Nations Population Division",470,"Malta","MT","MLT",139,"2088",4,"Median",3,"Both sexes",188,0,-1,"Total",0,"Not applicable",1,"Model-based Estimates",3,"Projection",6.25
55,"Crude birth rate","Crude birth rate (births per 1,000 population)","World Population Prospects",2024,"United Nations Population Division",470,"Malta","MT","MLT",140,"2089",4,"Median",3,"Both sexes",188,0,-1,"Total",0,"Not applicable",1,"Model-based Estimates",3,"Projection",6.28
55,"Crude birth rate","Crude birth rate (births per 1,000 population)","World Population Prospects",2024,"United Nations Population Division",470,"Malta","MT","MLT",141,"2090",4,"Median",3,"Both sexes",188,0,-1,"Total",0,"Not applicable",1,"Model-based Estimates",3,"Projection",6.296
55,"Crude birth rate","Crude birth rate (births per 1,000 population)","World Population Prospects",2024,"United Nations Population Division",470,"Malta","MT","MLT",142,"2091",4,"Median",3,"Both sexes",188,0,-1,"Total",0,"Not applicable",1,"Model-based Estimates",3,"Projection",6.3
55,"Crude birth rate","Crude birth rate (births per 1,000 population)","World Population Prospects",2024,"United Nations Population Division",470,"Malta","MT","MLT",143,"2092",4,"Median",3,"Both sexes",188,0,-1,"Total",0,"Not applicable",1,"Model-based Estimates",3,"Projection",6.295
55,"Crude birth rate","Crude birth rate (births per 1,000 population)","World Population Prospects",2024,"United Nations Population Division",470,"Malta","MT","MLT",144,"2093",4,"Median",3,"Both sexes",188,0,-1,"Total",0,"Not applicable",1,"Model-based Estimates",3,"Projection",6.29
55,"Crude birth rate","Crude birth rate (births per 1,000 population)","World Population Prospects",2024,"United Nations Population Division",470,"Malta","MT","MLT",145,"2094",4,"Median",3,"Both sexes",188,0,-1,"Total",0,"Not applicable",1,"Model-based Estimates",3,"Projection",6.286
55,"Crude birth rate","Crude birth rate (births per 1,000 population)","World Population Prospects",2024,"United Nations Population Division",470,"Malta","MT","MLT",146,"2095",4,"Median",3,"Both sexes",188,0,-1,"Total",0,"Not applicable",1,"Model-based Estimates",3,"Projection",6.281
55,"Crude birth rate","Crude birth rate (births per 1,000 population)","World Population Prospects",2024,"United Nations Population Division",470,"Malta","MT","MLT",147,"2096",4,"Median",3,"Both sexes",188,0,-1,"Total",0,"Not applicable",1,"Model-based Estimates",3,"Projection",6.267
55,"Crude birth rate","Crude birth rate (births per 1,000 population)","World Population Prospects",2024,"United Nations Population Division",470,"Malta","MT","MLT",148,"2097",4,"Median",3,"Both sexes",188,0,-1,"Total",0,"Not applicable",1,"Model-based Estimates",3,"Projection",6.259
55,"Crude birth rate","Crude birth rate (births per 1,000 population)","World Population Prospects",2024,"United Nations Population Division",470,"Malta","MT","MLT",149,"2098",4,"Median",3,"Both sexes",188,0,-1,"Total",0,"Not applicable",1,"Model-based Estimates",3,"Projection",6.241
55,"Crude birth rate","Crude birth rate (births per 1,000 population)","World Population Prospects",2024,"United Nations Population Division",470,"Malta","MT","MLT",150,"2099",4,"Median",3,"Both sexes",188,0,-1,"Total",0,"Not applicable",1,"Model-based Estimates",3,"Projection",6.237
55,"Crude birth rate","Crude birth rate (births per 1,000 population)","World Population Prospects",2024,"United Nations Population Division",470,"Malta","MT","MLT",151,"2100",4,"Median",3,"Both sexes",188,0,-1,"Total",0,"Not applicable",1,"Model-based Estimates",3,"Projection",6.216
55,"Crude birth rate","Crude birth rate (births per 1,000 population)","World Population Prospects",2024,"United Nations Population Division",528,"Netherlands","NL","NLD",41,"1990",4,"Median",3,"Both sexes",188,0,-1,"Total",0,"Not applicable",1,"Model-based Estimates",2,"Interpolation",13.339
55,"Crude birth rate","Crude birth rate (births per 1,000 population)","World Population Prospects",2024,"United Nations Population Division",528,"Netherlands","NL","NLD",42,"1991",4,"Median",3,"Both sexes",188,0,-1,"Total",0,"Not applicable",1,"Model-based Estimates",2,"Interpolation",13.298
55,"Crude birth rate","Crude birth rate (births per 1,000 population)","World Population Prospects",2024,"United Nations Population Division",528,"Netherlands","NL","NLD",43,"1992",4,"Median",3,"Both sexes",188,0,-1,"Total",0,"Not applicable",1,"Model-based Estimates",2,"Interpolation",13.085
55,"Crude birth rate","Crude birth rate (births per 1,000 population)","World Population Prospects",2024,"United Nations Population Division",528,"Netherlands","NL","NLD",44,"1993",4,"Median",3,"Both sexes",188,0,-1,"Total",0,"Not applicable",1,"Model-based Estimates",2,"Interpolation",12.938
55,"Crude birth rate","Crude birth rate (births per 1,000 population)","World Population Prospects",2024,"United Nations Population Division",528,"Netherlands","NL","NLD",45,"1994",4,"Median",3,"Both sexes",188,0,-1,"Total",0,"Not applicable",1,"Model-based Estimates",2,"Interpolation",12.855
55,"Crude birth rate","Crude birth rate (births per 1,000 population)","World Population Prospects",2024,"United Nations Population Division",528,"Netherlands","NL","NLD",46,"1995",4,"Median",3,"Both sexes",188,0,-1,"Total",0,"Not applicable",1,"Model-based Estimates",2,"Interpolation",12.468
55,"Crude birth rate","Crude birth rate (births per 1,000 population)","World Population Prospects",2024,"United Nations Population Division",528,"Netherlands","NL","NLD",47,"1996",4,"Median",3,"Both sexes",188,0,-1,"Total",0,"Not applicable",1,"Model-based Estimates",2,"Interpolation",12.314
55,"Crude birth rate","Crude birth rate (births per 1,000 population)","World Population Prospects",2024,"United Nations Population Division",528,"Netherlands","NL","NLD",48,"1997",4,"Median",3,"Both sexes",188,0,-1,"Total",0,"Not applicable",1,"Model-based Estimates",2,"Interpolation",12.423
55,"Crude birth rate","Crude birth rate (births per 1,000 population)","World Population Prospects",2024,"United Nations Population Division",528,"Netherlands","NL","NLD",49,"1998",4,"Median",3,"Both sexes",188,0,-1,"Total",0,"Not applicable",1,"Model-based Estimates",2,"Interpolation",12.748
55,"Crude birth rate","Crude birth rate (births per 1,000 population)","World Population Prospects",2024,"United Nations Population Division",528,"Netherlands","NL","NLD",50,"1999",4,"Median",3,"Both sexes",188,0,-1,"Total",0,"Not applicable",1,"Model-based Estimates",2,"Interpolation",12.752
55,"Crude birth rate","Crude birth rate (births per 1,000 population)","World Population Prospects",2024,"United Nations Population Division",528,"Netherlands","NL","NLD",51,"2000",4,"Median",3,"Both sexes",188,0,-1,"Total",0,"Not applicable",1,"Model-based Estimates",2,"Interpolation",12.991
55,"Crude birth rate","Crude birth rate (births per 1,000 population)","World Population Prospects",2024,"United Nations Population Division",528,"Netherlands","NL","NLD",52,"2001",4,"Median",3,"Both sexes",188,0,-1,"Total",0,"Not applicable",1,"Model-based Estimates",2,"Interpolation",12.659
55,"Crude birth rate","Crude birth rate (births per 1,000 population)","World Population Prospects",2024,"United Nations Population Division",528,"Netherlands","NL","NLD",53,"2002",4,"Median",3,"Both sexes",188,0,-1,"Total",0,"Not applicable",1,"Model-based Estimates",2,"Interpolation",12.515
55,"Crude birth rate","Crude birth rate (births per 1,000 population)","World Population Prospects",2024,"United Nations Population Division",528,"Netherlands","NL","NLD",54,"2003",4,"Median",3,"Both sexes",188,0,-1,"Total",0,"Not applicable",1,"Model-based Estimates",2,"Interpolation",12.316
55,"Crude birth rate","Crude birth rate (births per 1,000 population)","World Population Prospects",2024,"United Nations Population Division",528,"Netherlands","NL","NLD",55,"2004",4,"Median",3,"Both sexes",188,0,-1,"Total",0,"Not applicable",1,"Model-based Estimates",2,"Interpolation",11.899
55,"Crude birth rate","Crude birth rate (births per 1,000 population)","World Population Prospects",2024,"United Nations Population Division",528,"Netherlands","NL","NLD",56,"2005",4,"Median",3,"Both sexes",188,0,-1,"Total",0,"Not applicable",1,"Model-based Estimates",2,"Interpolation",11.513
55,"Crude birth rate","Crude birth rate (births per 1,000 population)","World Population Prospects",2024,"United Nations Population Division",528,"Netherlands","NL","NLD",57,"2006",4,"Median",3,"Both sexes",188,0,-1,"Total",0,"Not applicable",1,"Model-based Estimates",2,"Interpolation",11.308
55,"Crude birth rate","Crude birth rate (births per 1,000 population)","World Population Prospects",2024,"United Nations Population Division",528,"Netherlands","NL","NLD",58,"2007",4,"Median",3,"Both sexes",188,0,-1,"Total",0,"Not applicable",1,"Model-based Estimates",2,"Interpolation",11.046
55,"Crude birth rate","Crude birth rate (births per 1,000 population)","World Population Prospects",2024,"United Nations Population Division",528,"Netherlands","NL","NLD",59,"2008",4,"Median",3,"Both sexes",188,0,-1,"Total",0,"Not applicable",1,"Model-based Estimates",2,"Interpolation",11.156
55,"Crude birth rate","Crude birth rate (births per 1,000 population)","World Population Prospects",2024,"United Nations Population Division",528,"Netherlands","NL","NLD",60,"2009",4,"Median",3,"Both sexes",188,0,-1,"Total",0,"Not applicable",1,"Model-based Estimates",2,"Interpolation",11.128
55,"Crude birth rate","Crude birth rate (births per 1,000 population)","World Population Prospects",2024,"United Nations Population Division",528,"Netherlands","NL","NLD",61,"2010",4,"Median",3,"Both sexes",188,0,-1,"Total",0,"Not applicable",1,"Model-based Estimates",2,"Interpolation",11.042
55,"Crude birth rate","Crude birth rate (births per 1,000 population)","World Population Prospects",2024,"United Nations Population Division",528,"Netherlands","NL","NLD",62,"2011",4,"Median",3,"Both sexes",188,0,-1,"Total",0,"Not applicable",1,"Model-based Estimates",2,"Interpolation",10.754
55,"Crude birth rate","Crude birth rate (births per 1,000 population)","World Population Prospects",2024,"United Nations Population Division",528,"Netherlands","NL","NLD",63,"2012",4,"Median",3,"Both sexes",188,0,-1,"Total",0,"Not applicable",1,"Model-based Estimates",2,"Interpolation",10.485
55,"Crude birth rate","Crude birth rate (births per 1,000 population)","World Population Prospects",2024,"United Nations Population Division",528,"Netherlands","NL","NLD",64,"2013",4,"Median",3,"Both sexes",188,0,-1,"Total",0,"Not applicable",1,"Model-based Estimates",2,"Interpolation",10.213
55,"Crude birth rate","Crude birth rate (births per 1,000 population)","World Population Prospects",2024,"United Nations Population Division",528,"Netherlands","NL","NLD",65,"2014",4,"Median",3,"Both sexes",188,0,-1,"Total",0,"Not applicable",1,"Model-based Estimates",2,"Interpolation",10.361
55,"Crude birth rate","Crude birth rate (births per 1,000 population)","World Population Prospects",2024,"United Nations Population Division",528,"Netherlands","NL","NLD",66,"2015",4,"Median",3,"Both sexes",188,0,-1,"Total",0,"Not applicable",1,"Model-based Estimates",2,"Interpolation",10.078
55,"Crude birth rate","Crude birth rate (births per 1,000 population)","World Population Prospects",2024,"United Nations Population Division",528,"Netherlands","NL","NLD",67,"2016",4,"Median",3,"Both sexes",188,0,-1,"Total",0,"Not applicable",1,"Model-based Estimates",2,"Interpolation",10.107
55,"Crude birth rate","Crude birth rate (births per 1,000 population)","World Population Prospects",2024,"United Nations Population Division",528,"Netherlands","NL","NLD",68,"2017",4,"Median",3,"Both sexes",188,0,-1,"Total",0,"Not applicable",1,"Model-based Estimates",2,"Interpolation",9.908
55,"Crude birth rate","Crude birth rate (births per 1,000 population)","World Population Prospects",2024,"United Nations Population Division",528,"Netherlands","NL","NLD",69,"2018",4,"Median",3,"Both sexes",188,0,-1,"Total",0,"Not applicable",1,"Model-based Estimates",2,"Interpolation",9.781
55,"Crude birth rate","Crude birth rate (births per 1,000 population)","World Population Prospects",2024,"United Nations Population Division",528,"Netherlands","NL","NLD",70,"2019",4,"Median",3,"Both sexes",188,0,-1,"Total",0,"Not applicable",1,"Model-based Estimates",2,"Interpolation",9.769
55,"Crude birth rate","Crude birth rate (births per 1,000 population)","World Population Prospects",2024,"United Nations Population Division",528,"Netherlands","NL","NLD",71,"2020",4,"Median",3,"Both sexes",188,0,-1,"Total",0,"Not applicable",1,"Model-based Estimates",2,"Interpolation",9.702
55,"Crude birth rate","Crude birth rate (births per 1,000 population)","World Population Prospects",2024,"United Nations Population Division",528,"Netherlands","NL","NLD",72,"2021",4,"Median",3,"Both sexes",188,0,-1,"Total",0,"Not applicable",1,"Model-based Estimates",2,"Interpolation",10.267
55,"Crude birth rate","Crude birth rate (births per 1,000 population)","World Population Prospects",2024,"United Nations Population Division",528,"Netherlands","NL","NLD",73,"2022",4,"Median",3,"Both sexes",188,0,-1,"Total",0,"Not applicable",1,"Model-based Estimates",2,"Interpolation",9.634
55,"Crude birth rate","Crude birth rate (births per 1,000 population)","World Population Prospects",2024,"United Nations Population Division",528,"Netherlands","NL","NLD",74,"2023",4,"Median",3,"Both sexes",188,0,-1,"Total",0,"Not applicable",1,"Model-based Estimates",2,"Interpolation",9.277
55,"Crude birth rate","Crude birth rate (births per 1,000 population)","World Population Prospects",2024,"United Nations Population Division",528,"Netherlands","NL","NLD",75,"2024",4,"Median",3,"Both sexes",188,0,-1,"Total",0,"Not applicable",1,"Model-based Estimates",3,"Projection",9.41
55,"Crude birth rate","Crude birth rate (births per 1,000 population)","World Population Prospects",2024,"United Nations Population Division",528,"Netherlands","NL","NLD",76,"2025",4,"Median",3,"Both sexes",188,0,-1,"Total",0,"Not applicable",1,"Model-based Estimates",3,"Projection",9.495
55,"Crude birth rate","Crude birth rate (births per 1,000 population)","World Population Prospects",2024,"United Nations Population Division",528,"Netherlands","NL","NLD",77,"2026",4,"Median",3,"Both sexes",188,0,-1,"Total",0,"Not applicable",1,"Model-based Estimates",3,"Projection",9.543
55,"Crude birth rate","Crude birth rate (births per 1,000 population)","World Population Prospects",2024,"United Nations Population Division",528,"Netherlands","NL","NLD",78,"2027",4,"Median",3,"Both sexes",188,0,-1,"Total",0,"Not applicable",1,"Model-based Estimates",3,"Projection",9.578
55,"Crude birth rate","Crude birth rate (births per 1,000 population)","World Population Prospects",2024,"United Nations Population Division",528,"Netherlands","NL","NLD",79,"2028",4,"Median",3,"Both sexes",188,0,-1,"Total",0,"Not applicable",1,"Model-based Estimates",3,"Projection",9.608
55,"Crude birth rate","Crude birth rate (births per 1,000 population)","World Population Prospects",2024,"United Nations Population Division",528,"Netherlands","NL","NLD",80,"2029",4,"Median",3,"Both sexes",188,0,-1,"Total",0,"Not applicable",1,"Model-based Estimates",3,"Projection",9.626
55,"Crude birth rate","Crude birth rate (births per 1,000 population)","World Population Prospects",2024,"United Nations Population Division",528,"Netherlands","NL","NLD",81,"2030",4,"Median",3,"Both sexes",188,0,-1,"Total",0,"Not applicable",1,"Model-based Estimates",3,"Projection",9.642
55,"Crude birth rate","Crude birth rate (births per 1,000 population)","World Population Prospects",2024,"United Nations Population Division",528,"Netherlands","NL","NLD",82,"2031",4,"Median",3,"Both sexes",188,0,-1,"Total",0,"Not applicable",1,"Model-based Estimates",3,"Projection",9.631
55,"Crude birth rate","Crude birth rate (births per 1,000 population)","World Population Prospects",2024,"United Nations Population Division",528,"Netherlands","NL","NLD",83,"2032",4,"Median",3,"Both sexes",188,0,-1,"Total",0,"Not applicable",1,"Model-based Estimates",3,"Projection",9.615
55,"Crude birth rate","Crude birth rate (births per 1,000 population)","World Population Prospects",2024,"United Nations Population Division",528,"Netherlands","NL","NLD",84,"2033",4,"Median",3,"Both sexes",188,0,-1,"Total",0,"Not applicable",1,"Model-based Estimates",3,"Projection",9.554
55,"Crude birth rate","Crude birth rate (births per 1,000 population)","World Population Prospects",2024,"United Nations Population Division",528,"Netherlands","NL","NLD",85,"2034",4,"Median",3,"Both sexes",188,0,-1,"Total",0,"Not applicable",1,"Model-based Estimates",3,"Projection",9.513
55,"Crude birth rate","Crude birth rate (births per 1,000 population)","World Population Prospects",2024,"United Nations Population Division",528,"Netherlands","NL","NLD",86,"2035",4,"Median",3,"Both sexes",188,0,-1,"Total",0,"Not applicable",1,"Model-based Estimates",3,"Projection",9.438
55,"Crude birth rate","Crude birth rate (births per 1,000 population)","World Population Prospects",2024,"United Nations Population Division",528,"Netherlands","NL","NLD",87,"2036",4,"Median",3,"Both sexes",188,0,-1,"Total",0,"Not applicable",1,"Model-based Estimates",3,"Projection",9.355
55,"Crude birth rate","Crude birth rate (births per 1,000 population)","World Population Prospects",2024,"United Nations Population Division",528,"Netherlands","NL","NLD",88,"2037",4,"Median",3,"Both sexes",188,0,-1,"Total",0,"Not applicable",1,"Model-based Estimates",3,"Projection",9.272
55,"Crude birth rate","Crude birth rate (births per 1,000 population)","World Population Prospects",2024,"United Nations Population Division",528,"Netherlands","NL","NLD",89,"2038",4,"Median",3,"Both sexes",188,0,-1,"Total",0,"Not applicable",1,"Model-based Estimates",3,"Projection",9.197
55,"Crude birth rate","Crude birth rate (births per 1,000 population)","World Population Prospects",2024,"United Nations Population Division",528,"Netherlands","NL","NLD",90,"2039",4,"Median",3,"Both sexes",188,0,-1,"Total",0,"Not applicable",1,"Model-based Estimates",3,"Projection",9.12
55,"Crude birth rate","Crude birth rate (births per 1,000 population)","World Population Prospects",2024,"United Nations Population Division",528,"Netherlands","NL","NLD",91,"2040",4,"Median",3,"Both sexes",188,0,-1,"Total",0,"Not applicable",1,"Model-based Estimates",3,"Projection",9.041
55,"Crude birth rate","Crude birth rate (births per 1,000 population)","World Population Prospects",2024,"United Nations Population Division",528,"Netherlands","NL","NLD",92,"2041",4,"Median",3,"Both sexes",188,0,-1,"Total",0,"Not applicable",1,"Model-based Estimates",3,"Projection",8.962
55,"Crude birth rate","Crude birth rate (births per 1,000 population)","World Population Prospects",2024,"United Nations Population Division",528,"Netherlands","NL","NLD",93,"2042",4,"Median",3,"Both sexes",188,0,-1,"Total",0,"Not applicable",1,"Model-based Estimates",3,"Projection",8.891
55,"Crude birth rate","Crude birth rate (births per 1,000 population)","World Population Prospects",2024,"United Nations Population Division",528,"Netherlands","NL","NLD",94,"2043",4,"Median",3,"Both sexes",188,0,-1,"Total",0,"Not applicable",1,"Model-based Estimates",3,"Projection",8.821
55,"Crude birth rate","Crude birth rate (births per 1,000 population)","World Population Prospects",2024,"United Nations Population Division",528,"Netherlands","NL","NLD",95,"2044",4,"Median",3,"Both sexes",188,0,-1,"Total",0,"Not applicable",1,"Model-based Estimates",3,"Projection",8.767
55,"Crude birth rate","Crude birth rate (births per 1,000 population)","World Population Prospects",2024,"United Nations Population Division",528,"Netherlands","NL","NLD",96,"2045",4,"Median",3,"Both sexes",188,0,-1,"Total",0,"Not applicable",1,"Model-based Estimates",3,"Projection",8.713
55,"Crude birth rate","Crude birth rate (births per 1,000 population)","World Population Prospects",2024,"United Nations Population Division",528,"Netherlands","NL","NLD",97,"2046",4,"Median",3,"Both sexes",188,0,-1,"Total",0,"Not applicable",1,"Model-based Estimates",3,"Projection",8.667
55,"Crude birth rate","Crude birth rate (births per 1,000 population)","World Population Prospects",2024,"United Nations Population Division",528,"Netherlands","NL","NLD",98,"2047",4,"Median",3,"Both sexes",188,0,-1,"Total",0,"Not applicable",1,"Model-based Estimates",3,"Projection",8.652
55,"Crude birth rate","Crude birth rate (births per 1,000 population)","World Population Prospects",2024,"United Nations Population Division",528,"Netherlands","NL","NLD",99,"2048",4,"Median",3,"Both sexes",188,0,-1,"Total",0,"Not applicable",1,"Model-based Estimates",3,"Projection",8.651
55,"Crude birth rate","Crude birth rate (births per 1,000 population)","World Population Prospects",2024,"United Nations Population Division",528,"Netherlands","NL","NLD",100,"2049",4,"Median",3,"Both sexes",188,0,-1,"Total",0,"Not applicable",1,"Model-based Estimates",3,"Projection",8.642
55,"Crude birth rate","Crude birth rate (births per 1,000 population)","World Population Prospects",2024,"United Nations Population Division",528,"Netherlands","NL","NLD",101,"2050",4,"Median",3,"Both sexes",188,0,-1,"Total",0,"Not applicable",1,"Model-based Estimates",3,"Projection",8.651
55,"Crude birth rate","Crude birth rate (births per 1,000 population)","World Population Prospects",2024,"United Nations Population Division",528,"Netherlands","NL","NLD",102,"2051",4,"Median",3,"Both sexes",188,0,-1,"Total",0,"Not applicable",1,"Model-based Estimates",3,"Projection",8.663
55,"Crude birth rate","Crude birth rate (births per 1,000 population)","World Population Prospects",2024,"United Nations Population Division",528,"Netherlands","NL","NLD",103,"2052",4,"Median",3,"Both sexes",188,0,-1,"Total",0,"Not applicable",1,"Model-based Estimates",3,"Projection",8.678
55,"Crude birth rate","Crude birth rate (births per 1,000 population)","World Population Prospects",2024,"United Nations Population Division",528,"Netherlands","NL","NLD",104,"2053",4,"Median",3,"Both sexes",188,0,-1,"Total",0,"Not applicable",1,"Model-based Estimates",3,"Projection",8.703
55,"Crude birth rate","Crude birth rate (births per 1,000 population)","World Population Prospects",2024,"United Nations Population Division",528,"Netherlands","NL","NLD",105,"2054",4,"Median",3,"Both sexes",188,0,-1,"Total",0,"Not applicable",1,"Model-based Estimates",3,"Projection",8.716
55,"Crude birth rate","Crude birth rate (births per 1,000 population)","World Population Prospects",2024,"United Nations Population Division",528,"Netherlands","NL","NLD",106,"2055",4,"Median",3,"Both sexes",188,0,-1,"Total",0,"Not applicable",1,"Model-based Estimates",3,"Projection",8.727
55,"Crude birth rate","Crude birth rate (births per 1,000 population)","World Population Prospects",2024,"United Nations Population Division",528,"Netherlands","NL","NLD",107,"2056",4,"Median",3,"Both sexes",188,0,-1,"Total",0,"Not applicable",1,"Model-based Estimates",3,"Projection",8.743
55,"Crude birth rate","Crude birth rate (births per 1,000 population)","World Population Prospects",2024,"United Nations Population Division",528,"Netherlands","NL","NLD",108,"2057",4,"Median",3,"Both sexes",188,0,-1,"Total",0,"Not applicable",1,"Model-based Estimates",3,"Projection",8.765
55,"Crude birth rate","Crude birth rate (births per 1,000 population)","World Population Prospects",2024,"United Nations Population Division",528,"Netherlands","NL","NLD",109,"2058",4,"Median",3,"Both sexes",188,0,-1,"Total",0,"Not applicable",1,"Model-based Estimates",3,"Projection",8.777
55,"Crude birth rate","Crude birth rate (births per 1,000 population)","World Population Prospects",2024,"United Nations Population Division",528,"Netherlands","NL","NLD",110,"2059",4,"Median",3,"Both sexes",188,0,-1,"Total",0,"Not applicable",1,"Model-based Estimates",3,"Projection",8.794
55,"Crude birth rate","Crude birth rate (births per 1,000 population)","World Population Prospects",2024,"United Nations Population Division",528,"Netherlands","NL","NLD",111,"2060",4,"Median",3,"Both sexes",188,0,-1,"Total",0,"Not applicable",1,"Model-based Estimates",3,"Projection",8.807
55,"Crude birth rate","Crude birth rate (births per 1,000 population)","World Population Prospects",2024,"United Nations Population Division",528,"Netherlands","NL","NLD",112,"2061",4,"Median",3,"Both sexes",188,0,-1,"Total",0,"Not applicable",1,"Model-based Estimates",3,"Projection",8.815
55,"Crude birth rate","Crude birth rate (births per 1,000 population)","World Population Prospects",2024,"United Nations Population Division",528,"Netherlands","NL","NLD",113,"2062",4,"Median",3,"Both sexes",188,0,-1,"Total",0,"Not applicable",1,"Model-based Estimates",3,"Projection",8.818
55,"Crude birth rate","Crude birth rate (births per 1,000 population)","World Population Prospects",2024,"United Nations Population Division",528,"Netherlands","NL","NLD",114,"2063",4,"Median",3,"Both sexes",188,0,-1,"Total",0,"Not applicable",1,"Model-based Estimates",3,"Projection",8.8
55,"Crude birth rate","Crude birth rate (births per 1,000 population)","World Population Prospects",2024,"United Nations Population Division",528,"Netherlands","NL","NLD",115,"2064",4,"Median",3,"Both sexes",188,0,-1,"Total",0,"Not applicable",1,"Model-based Estimates",3,"Projection",8.77
55,"Crude birth rate","Crude birth rate (births per 1,000 population)","World Population Prospects",2024,"United Nations Population Division",528,"Netherlands","NL","NLD",116,"2065",4,"Median",3,"Both sexes",188,0,-1,"Total",0,"Not applicable",1,"Model-based Estimates",3,"Projection",8.758
55,"Crude birth rate","Crude birth rate (births per 1,000 population)","World Population Prospects",2024,"United Nations Population Division",528,"Netherlands","NL","NLD",117,"2066",4,"Median",3,"Both sexes",188,0,-1,"Total",0,"Not applicable",1,"Model-based Estimates",3,"Projection",8.737
55,"Crude birth rate","Crude birth rate (births per 1,000 population)","World Population Prospects",2024,"United Nations Population Division",528,"Netherlands","NL","NLD",118,"2067",4,"Median",3,"Both sexes",188,0,-1,"Total",0,"Not applicable",1,"Model-based Estimates",3,"Projection",8.713
55,"Crude birth rate","Crude birth rate (births per 1,000 population)","World Population Prospects",2024,"United Nations Population Division",528,"Netherlands","NL","NLD",119,"2068",4,"Median",3,"Both sexes",188,0,-1,"Total",0,"Not applicable",1,"Model-based Estimates",3,"Projection",8.679
55,"Crude birth rate","Crude birth rate (births per 1,000 population)","World Population Prospects",2024,"United Nations Population Division",528,"Netherlands","NL","NLD",120,"2069",4,"Median",3,"Both sexes",188,0,-1,"Total",0,"Not applicable",1,"Model-based Estimates",3,"Projection",8.653
55,"Crude birth rate","Crude birth rate (births per 1,000 population)","World Population Prospects",2024,"United Nations Population Division",528,"Netherlands","NL","NLD",121,"2070",4,"Median",3,"Both sexes",188,0,-1,"Total",0,"Not applicable",1,"Model-based Estimates",3,"Projection",8.626
55,"Crude birth rate","Crude birth rate (births per 1,000 population)","World Population Prospects",2024,"United Nations Population Division",528,"Netherlands","NL","NLD",122,"2071",4,"Median",3,"Both sexes",188,0,-1,"Total",0,"Not applicable",1,"Model-based Estimates",3,"Projection",8.59
55,"Crude birth rate","Crude birth rate (births per 1,000 population)","World Population Prospects",2024,"United Nations Population Division",528,"Netherlands","NL","NLD",123,"2072",4,"Median",3,"Both sexes",188,0,-1,"Total",0,"Not applicable",1,"Model-based Estimates",3,"Projection",8.55
55,"Crude birth rate","Crude birth rate (births per 1,000 population)","World Population Prospects",2024,"United Nations Population Division",528,"Netherlands","NL","NLD",124,"2073",4,"Median",3,"Both sexes",188,0,-1,"Total",0,"Not applicable",1,"Model-based Estimates",3,"Projection",8.517
55,"Crude birth rate","Crude birth rate (births per 1,000 population)","World Population Prospects",2024,"United Nations Population Division",528,"Netherlands","NL","NLD",125,"2074",4,"Median",3,"Both sexes",188,0,-1,"Total",0,"Not applicable",1,"Model-based Estimates",3,"Projection",8.48
55,"Crude birth rate","Crude birth rate (births per 1,000 population)","World Population Prospects",2024,"United Nations Population Division",528,"Netherlands","NL","NLD",126,"2075",4,"Median",3,"Both sexes",188,0,-1,"Total",0,"Not applicable",1,"Model-based Estimates",3,"Projection",8.448
55,"Crude birth rate","Crude birth rate (births per 1,000 population)","World Population Prospects",2024,"United Nations Population Division",528,"Netherlands","NL","NLD",127,"2076",4,"Median",3,"Both sexes",188,0,-1,"Total",0,"Not applicable",1,"Model-based Estimates",3,"Projection",8.423
55,"Crude birth rate","Crude birth rate (births per 1,000 population)","World Population Prospects",2024,"United Nations Population Division",528,"Netherlands","NL","NLD",128,"2077",4,"Median",3,"Both sexes",188,0,-1,"Total",0,"Not applicable",1,"Model-based Estimates",3,"Projection",8.4
55,"Crude birth rate","Crude birth rate (births per 1,000 population)","World Population Prospects",2024,"United Nations Population Division",528,"Netherlands","NL","NLD",129,"2078",4,"Median",3,"Both sexes",188,0,-1,"Total",0,"Not applicable",1,"Model-based Estimates",3,"Projection",8.376
55,"Crude birth rate","Crude birth rate (births per 1,000 population)","World Population Prospects",2024,"United Nations Population Division",528,"Netherlands","NL","NLD",130,"2079",4,"Median",3,"Both sexes",188,0,-1,"Total",0,"Not applicable",1,"Model-based Estimates",3,"Projection",8.359
55,"Crude birth rate","Crude birth rate (births per 1,000 population)","World Population Prospects",2024,"United Nations Population Division",528,"Netherlands","NL","NLD",131,"2080",4,"Median",3,"Both sexes",188,0,-1,"Total",0,"Not applicable",1,"Model-based Estimates",3,"Projection",8.351
55,"Crude birth rate","Crude birth rate (births per 1,000 population)","World Population Prospects",2024,"United Nations Population Division",528,"Netherlands","NL","NLD",132,"2081",4,"Median",3,"Both sexes",188,0,-1,"Total",0,"Not applicable",1,"Model-based Estimates",3,"Projection",8.359
55,"Crude birth rate","Crude birth rate (births per 1,000 population)","World Population Prospects",2024,"United Nations Population Division",528,"Netherlands","NL","NLD",133,"2082",4,"Median",3,"Both sexes",188,0,-1,"Total",0,"Not applicable",1,"Model-based Estimates",3,"Projection",8.358
55,"Crude birth rate","Crude birth rate (births per 1,000 population)","World Population Prospects",2024,"United Nations Population Division",528,"Netherlands","NL","NLD",134,"2083",4,"Median",3,"Both sexes",188,0,-1,"Total",0,"Not applicable",1,"Model-based Estimates",3,"Projection",8.365
55,"Crude birth rate","Crude birth rate (births per 1,000 population)","World Population Prospects",2024,"United Nations Population Division",528,"Netherlands","NL","NLD",135,"2084",4,"Median",3,"Both sexes",188,0,-1,"Total",0,"Not applicable",1,"Model-based Estimates",3,"Projection",8.365
55,"Crude birth rate","Crude birth rate (births per 1,000 population)","World Population Prospects",2024,"United Nations Population Division",528,"Netherlands","NL","NLD",136,"2085",4,"Median",3,"Both sexes",188,0,-1,"Total",0,"Not applicable",1,"Model-based Estimates",3,"Projection",8.387
55,"Crude birth rate","Crude birth rate (births per 1,000 population)","World Population Prospects",2024,"United Nations Population Division",528,"Netherlands","NL","NLD",137,"2086",4,"Median",3,"Both sexes",188,0,-1,"Total",0,"Not applicable",1,"Model-based Estimates",3,"Projection",8.397
55,"Crude birth rate","Crude birth rate (births per 1,000 population)","World Population Prospects",2024,"United Nations Population Division",528,"Netherlands","NL","NLD",138,"2087",4,"Median",3,"Both sexes",188,0,-1,"Total",0,"Not applicable",1,"Model-based Estimates",3,"Projection",8.412
55,"Crude birth rate","Crude birth rate (births per 1,000 population)","World Population Prospects",2024,"United Nations Population Division",528,"Netherlands","NL","NLD",139,"2088",4,"Median",3,"Both sexes",188,0,-1,"Total",0,"Not applicable",1,"Model-based Estimates",3,"Projection",8.432
55,"Crude birth rate","Crude birth rate (births per 1,000 population)","World Population Prospects",2024,"United Nations Population Division",528,"Netherlands","NL","NLD",140,"2089",4,"Median",3,"Both sexes",188,0,-1,"Total",0,"Not applicable",1,"Model-based Estimates",3,"Projection",8.454
55,"Crude birth rate","Crude birth rate (births per 1,000 population)","World Population Prospects",2024,"United Nations Population Division",528,"Netherlands","NL","NLD",141,"2090",4,"Median",3,"Both sexes",188,0,-1,"Total",0,"Not applicable",1,"Model-based Estimates",3,"Projection",8.47
55,"Crude birth rate","Crude birth rate (births per 1,000 population)","World Population Prospects",2024,"United Nations Population Division",528,"Netherlands","NL","NLD",142,"2091",4,"Median",3,"Both sexes",188,0,-1,"Total",0,"Not applicable",1,"Model-based Estimates",3,"Projection",8.486
55,"Crude birth rate","Crude birth rate (births per 1,000 population)","World Population Prospects",2024,"United Nations Population Division",528,"Netherlands","NL","NLD",143,"2092",4,"Median",3,"Both sexes",188,0,-1,"Total",0,"Not applicable",1,"Model-based Estimates",3,"Projection",8.492
55,"Crude birth rate","Crude birth rate (births per 1,000 population)","World Population Prospects",2024,"United Nations Population Division",528,"Netherlands","NL","NLD",144,"2093",4,"Median",3,"Both sexes",188,0,-1,"Total",0,"Not applicable",1,"Model-based Estimates",3,"Projection",8.496
55,"Crude birth rate","Crude birth rate (births per 1,000 population)","World Population Prospects",2024,"United Nations Population Division",528,"Netherlands","NL","NLD",145,"2094",4,"Median",3,"Both sexes",188,0,-1,"Total",0,"Not applicable",1,"Model-based Estimates",3,"Projection",8.504
55,"Crude birth rate","Crude birth rate (births per 1,000 population)","World Population Prospects",2024,"United Nations Population Division",528,"Netherlands","NL","NLD",146,"2095",4,"Median",3,"Both sexes",188,0,-1,"Total",0,"Not applicable",1,"Model-based Estimates",3,"Projection",8.517
55,"Crude birth rate","Crude birth rate (births per 1,000 population)","World Population Prospects",2024,"United Nations Population Division",528,"Netherlands","NL","NLD",147,"2096",4,"Median",3,"Both sexes",188,0,-1,"Total",0,"Not applicable",1,"Model-based Estimates",3,"Projection",8.522
55,"Crude birth rate","Crude birth rate (births per 1,000 population)","World Population Prospects",2024,"United Nations Population Division",528,"Netherlands","NL","NLD",148,"2097",4,"Median",3,"Both sexes",188,0,-1,"Total",0,"Not applicable",1,"Model-based Estimates",3,"Projection",8.515
55,"Crude birth rate","Crude birth rate (births per 1,000 population)","World Population Prospects",2024,"United Nations Population Division",528,"Netherlands","NL","NLD",149,"2098",4,"Median",3,"Both sexes",188,0,-1,"Total",0,"Not applicable",1,"Model-based Estimates",3,"Projection",8.507
55,"Crude birth rate","Crude birth rate (births per 1,000 population)","World Population Prospects",2024,"United Nations Population Division",528,"Netherlands","NL","NLD",150,"2099",4,"Median",3,"Both sexes",188,0,-1,"Total",0,"Not applicable",1,"Model-based Estimates",3,"Projection",8.499
55,"Crude birth rate","Crude birth rate (births per 1,000 population)","World Population Prospects",2024,"United Nations Population Division",528,"Netherlands","NL","NLD",151,"2100",4,"Median",3,"Both sexes",188,0,-1,"Total",0,"Not applicable",1,"Model-based Estimates",3,"Projection",8.479
55,"Crude birth rate","Crude birth rate (births per 1,000 population)","World Population Prospects",2024,"United Nations Population Division",616,"Poland","PL","POL",41,"1990",4,"Median",3,"Both sexes",188,0,-1,"Total",0,"Not applicable",1,"Model-based Estimates",2,"Interpolation",14.388
55,"Crude birth rate","Crude birth rate (births per 1,000 population)","World Population Prospects",2024,"United Nations Population Division",616,"Poland","PL","POL",42,"1991",4,"Median",3,"Both sexes",188,0,-1,"Total",0,"Not applicable",1,"Model-based Estimates",2,"Interpolation",14.27
55,"Crude birth rate","Crude birth rate (births per 1,000 population)","World Population Prospects",2024,"United Nations Population Division",616,"Poland","PL","POL",43,"1992",4,"Median",3,"Both sexes",188,0,-1,"Total",0,"Not applicable",1,"Model-based Estimates",2,"Interpolation",13.446
55,"Crude birth rate","Crude birth rate (births per 1,000 population)","World Population Prospects",2024,"United Nations Population Division",616,"Poland","PL","POL",44,"1993",4,"Median",3,"Both sexes",188,0,-1,"Total",0,"Not applicable",1,"Model-based Estimates",2,"Interpolation",12.865
55,"Crude birth rate","Crude birth rate (births per 1,000 population)","World Population Prospects",2024,"United Nations Population Division",616,"Poland","PL","POL",45,"1994",4,"Median",3,"Both sexes",188,0,-1,"Total",0,"Not applicable",1,"Model-based Estimates",2,"Interpolation",12.416
55,"Crude birth rate","Crude birth rate (births per 1,000 population)","World Population Prospects",2024,"United Nations Population Division",616,"Poland","PL","POL",46,"1995",4,"Median",3,"Both sexes",188,0,-1,"Total",0,"Not applicable",1,"Model-based Estimates",2,"Interpolation",11.302
55,"Crude birth rate","Crude birth rate (births per 1,000 population)","World Population Prospects",2024,"United Nations Population Division",616,"Poland","PL","POL",47,"1996",4,"Median",3,"Both sexes",188,0,-1,"Total",0,"Not applicable",1,"Model-based Estimates",2,"Interpolation",11.05
55,"Crude birth rate","Crude birth rate (births per 1,000 population)","World Population Prospects",2024,"United Nations Population Division",616,"Poland","PL","POL",48,"1997",4,"Median",3,"Both sexes",188,0,-1,"Total",0,"Not applicable",1,"Model-based Estimates",2,"Interpolation",10.644
55,"Crude birth rate","Crude birth rate (births per 1,000 population)","World Population Prospects",2024,"United Nations Population Division",616,"Poland","PL","POL",49,"1998",4,"Median",3,"Both sexes",188,0,-1,"Total",0,"Not applicable",1,"Model-based Estimates",2,"Interpolation",10.197
55,"Crude birth rate","Crude birth rate (births per 1,000 population)","World Population Prospects",2024,"United Nations Population Division",616,"Poland","PL","POL",50,"1999",4,"Median",3,"Both sexes",188,0,-1,"Total",0,"Not applicable",1,"Model-based Estimates",2,"Interpolation",9.871
55,"Crude birth rate","Crude birth rate (births per 1,000 population)","World Population Prospects",2024,"United Nations Population Division",616,"Poland","PL","POL",51,"2000",4,"Median",3,"Both sexes",188,0,-1,"Total",0,"Not applicable",1,"Model-based Estimates",2,"Interpolation",9.88
55,"Crude birth rate","Crude birth rate (births per 1,000 population)","World Population Prospects",2024,"United Nations Population Division",616,"Poland","PL","POL",52,"2001",4,"Median",3,"Both sexes",188,0,-1,"Total",0,"Not applicable",1,"Model-based Estimates",2,"Interpolation",9.632
55,"Crude birth rate","Crude birth rate (births per 1,000 population)","World Population Prospects",2024,"United Nations Population Division",616,"Poland","PL","POL",53,"2002",4,"Median",3,"Both sexes",188,0,-1,"Total",0,"Not applicable",1,"Model-based Estimates",2,"Interpolation",9.289
55,"Crude birth rate","Crude birth rate (births per 1,000 population)","World Population Prospects",2024,"United Nations Population Division",616,"Poland","PL","POL",54,"2003",4,"Median",3,"Both sexes",188,0,-1,"Total",0,"Not applicable",1,"Model-based Estimates",2,"Interpolation",9.213
55,"Crude birth rate","Crude birth rate (births per 1,000 population)","World Population Prospects",2024,"United Nations Population Division",616,"Poland","PL","POL",55,"2004",4,"Median",3,"Both sexes",188,0,-1,"Total",0,"Not applicable",1,"Model-based Estimates",2,"Interpolation",9.342
55,"Crude birth rate","Crude birth rate (births per 1,000 population)","World Population Prospects",2024,"United Nations Population Division",616,"Poland","PL","POL",56,"2005",4,"Median",3,"Both sexes",188,0,-1,"Total",0,"Not applicable",1,"Model-based Estimates",2,"Interpolation",9.561
55,"Crude birth rate","Crude birth rate (births per 1,000 population)","World Population Prospects",2024,"United Nations Population Division",616,"Poland","PL","POL",57,"2006",4,"Median",3,"Both sexes",188,0,-1,"Total",0,"Not applicable",1,"Model-based Estimates",2,"Interpolation",9.837
55,"Crude birth rate","Crude birth rate (births per 1,000 population)","World Population Prospects",2024,"United Nations Population Division",616,"Poland","PL","POL",58,"2007",4,"Median",3,"Both sexes",188,0,-1,"Total",0,"Not applicable",1,"Model-based Estimates",2,"Interpolation",10.21
55,"Crude birth rate","Crude birth rate (births per 1,000 population)","World Population Prospects",2024,"United Nations Population Division",616,"Poland","PL","POL",59,"2008",4,"Median",3,"Both sexes",188,0,-1,"Total",0,"Not applicable",1,"Model-based Estimates",2,"Interpolation",10.836
55,"Crude birth rate","Crude birth rate (births per 1,000 population)","World Population Prospects",2024,"United Nations Population Division",616,"Poland","PL","POL",60,"2009",4,"Median",3,"Both sexes",188,0,-1,"Total",0,"Not applicable",1,"Model-based Estimates",2,"Interpolation",10.959
55,"Crude birth rate","Crude birth rate (births per 1,000 population)","World Population Prospects",2024,"United Nations Population Division",616,"Poland","PL","POL",61,"2010",4,"Median",3,"Both sexes",188,0,-1,"Total",0,"Not applicable",1,"Model-based Estimates",2,"Interpolation",11.079
55,"Crude birth rate","Crude birth rate (births per 1,000 population)","World Population Prospects",2024,"United Nations Population Division",616,"Poland","PL","POL",62,"2011",4,"Median",3,"Both sexes",188,0,-1,"Total",0,"Not applicable",1,"Model-based Estimates",2,"Interpolation",10.412
55,"Crude birth rate","Crude birth rate (births per 1,000 population)","World Population Prospects",2024,"United Nations Population Division",616,"Poland","PL","POL",63,"2012",4,"Median",3,"Both sexes",188,0,-1,"Total",0,"Not applicable",1,"Model-based Estimates",2,"Interpolation",10.255
55,"Crude birth rate","Crude birth rate (births per 1,000 population)","World Population Prospects",2024,"United Nations Population Division",616,"Poland","PL","POL",64,"2013",4,"Median",3,"Both sexes",188,0,-1,"Total",0,"Not applicable",1,"Model-based Estimates",2,"Interpolation",9.897
55,"Crude birth rate","Crude birth rate (births per 1,000 population)","World Population Prospects",2024,"United Nations Population Division",616,"Poland","PL","POL",65,"2014",4,"Median",3,"Both sexes",188,0,-1,"Total",0,"Not applicable",1,"Model-based Estimates",2,"Interpolation",9.997
55,"Crude birth rate","Crude birth rate (births per 1,000 population)","World Population Prospects",2024,"United Nations Population Division",616,"Poland","PL","POL",66,"2015",4,"Median",3,"Both sexes",188,0,-1,"Total",0,"Not applicable",1,"Model-based Estimates",2,"Interpolation",9.92
55,"Crude birth rate","Crude birth rate (births per 1,000 population)","World Population Prospects",2024,"United Nations Population Division",616,"Poland","PL","POL",67,"2016",4,"Median",3,"Both sexes",188,0,-1,"Total",0,"Not applicable",1,"Model-based Estimates",2,"Interpolation",10.255
55,"Crude birth rate","Crude birth rate (births per 1,000 population)","World Population Prospects",2024,"United Nations Population Division",616,"Poland","PL","POL",68,"2017",4,"Median",3,"Both sexes",188,0,-1,"Total",0,"Not applicable",1,"Model-based Estimates",2,"Interpolation",10.694
55,"Crude birth rate","Crude birth rate (births per 1,000 population)","World Population Prospects",2024,"United Nations Population Division",616,"Poland","PL","POL",69,"2018",4,"Median",3,"Both sexes",188,0,-1,"Total",0,"Not applicable",1,"Model-based Estimates",2,"Interpolation",10.267
55,"Crude birth rate","Crude birth rate (births per 1,000 population)","World Population Prospects",2024,"United Nations Population Division",616,"Poland","PL","POL",70,"2019",4,"Median",3,"Both sexes",188,0,-1,"Total",0,"Not applicable",1,"Model-based Estimates",2,"Interpolation",9.999
55,"Crude birth rate","Crude birth rate (births per 1,000 population)","World Population Prospects",2024,"United Nations Population Division",616,"Poland","PL","POL",71,"2020",4,"Median",3,"Both sexes",188,0,-1,"Total",0,"Not applicable",1,"Model-based Estimates",2,"Interpolation",9.42
55,"Crude birth rate","Crude birth rate (births per 1,000 population)","World Population Prospects",2024,"United Nations Population Division",616,"Poland","PL","POL",72,"2021",4,"Median",3,"Both sexes",188,0,-1,"Total",0,"Not applicable",1,"Model-based Estimates",2,"Interpolation",8.8
55,"Crude birth rate","Crude birth rate (births per 1,000 population)","World Population Prospects",2024,"United Nations Population Division",616,"Poland","PL","POL",73,"2022",4,"Median",3,"Both sexes",188,0,-1,"Total",0,"Not applicable",1,"Model-based Estimates",2,"Interpolation",8.082
55,"Crude birth rate","Crude birth rate (births per 1,000 population)","World Population Prospects",2024,"United Nations Population Division",616,"Poland","PL","POL",74,"2023",4,"Median",3,"Both sexes",188,0,-1,"Total",0,"Not applicable",1,"Model-based Estimates",2,"Interpolation",8.202
55,"Crude birth rate","Crude birth rate (births per 1,000 population)","World Population Prospects",2024,"United Nations Population Division",616,"Poland","PL","POL",75,"2024",4,"Median",3,"Both sexes",188,0,-1,"Total",0,"Not applicable",1,"Model-based Estimates",3,"Projection",8.034
55,"Crude birth rate","Crude birth rate (births per 1,000 population)","World Population Prospects",2024,"United Nations Population Division",616,"Poland","PL","POL",76,"2025",4,"Median",3,"Both sexes",188,0,-1,"Total",0,"Not applicable",1,"Model-based Estimates",3,"Projection",7.797
55,"Crude birth rate","Crude birth rate (births per 1,000 population)","World Population Prospects",2024,"United Nations Population Division",616,"Poland","PL","POL",77,"2026",4,"Median",3,"Both sexes",188,0,-1,"Total",0,"Not applicable",1,"Model-based Estimates",3,"Projection",7.491
55,"Crude birth rate","Crude birth rate (births per 1,000 population)","World Population Prospects",2024,"United Nations Population Division",616,"Poland","PL","POL",78,"2027",4,"Median",3,"Both sexes",188,0,-1,"Total",0,"Not applicable",1,"Model-based Estimates",3,"Projection",7.324
55,"Crude birth rate","Crude birth rate (births per 1,000 population)","World Population Prospects",2024,"United Nations Population Division",616,"Poland","PL","POL",79,"2028",4,"Median",3,"Both sexes",188,0,-1,"Total",0,"Not applicable",1,"Model-based Estimates",3,"Projection",7.178
55,"Crude birth rate","Crude birth rate (births per 1,000 population)","World Population Prospects",2024,"United Nations Population Division",616,"Poland","PL","POL",80,"2029",4,"Median",3,"Both sexes",188,0,-1,"Total",0,"Not applicable",1,"Model-based Estimates",3,"Projection",7.054
55,"Crude birth rate","Crude birth rate (births per 1,000 population)","World Population Prospects",2024,"United Nations Population Division",616,"Poland","PL","POL",81,"2030",4,"Median",3,"Both sexes",188,0,-1,"Total",0,"Not applicable",1,"Model-based Estimates",3,"Projection",6.96
55,"Crude birth rate","Crude birth rate (births per 1,000 population)","World Population Prospects",2024,"United Nations Population Division",616,"Poland","PL","POL",82,"2031",4,"Median",3,"Both sexes",188,0,-1,"Total",0,"Not applicable",1,"Model-based Estimates",3,"Projection",6.883
55,"Crude birth rate","Crude birth rate (births per 1,000 population)","World Population Prospects",2024,"United Nations Population Division",616,"Poland","PL","POL",83,"2032",4,"Median",3,"Both sexes",188,0,-1,"Total",0,"Not applicable",1,"Model-based Estimates",3,"Projection",6.87
55,"Crude birth rate","Crude birth rate (births per 1,000 population)","World Population Prospects",2024,"United Nations Population Division",616,"Poland","PL","POL",84,"2033",4,"Median",3,"Both sexes",188,0,-1,"Total",0,"Not applicable",1,"Model-based Estimates",3,"Projection",6.88
55,"Crude birth rate","Crude birth rate (births per 1,000 population)","World Population Prospects",2024,"United Nations Population Division",616,"Poland","PL","POL",85,"2034",4,"Median",3,"Both sexes",188,0,-1,"Total",0,"Not applicable",1,"Model-based Estimates",3,"Projection",6.916
55,"Crude birth rate","Crude birth rate (births per 1,000 population)","World Population Prospects",2024,"United Nations Population Division",616,"Poland","PL","POL",86,"2035",4,"Median",3,"Both sexes",188,0,-1,"Total",0,"Not applicable",1,"Model-based Estimates",3,"Projection",6.967
55,"Crude birth rate","Crude birth rate (births per 1,000 population)","World Population Prospects",2024,"United Nations Population Division",616,"Poland","PL","POL",87,"2036",4,"Median",3,"Both sexes",188,0,-1,"Total",0,"Not applicable",1,"Model-based Estimates",3,"Projection",7.04
55,"Crude birth rate","Crude birth rate (births per 1,000 population)","World Population Prospects",2024,"United Nations Population Division",616,"Poland","PL","POL",88,"2037",4,"Median",3,"Both sexes",188,0,-1,"Total",0,"Not applicable",1,"Model-based Estimates",3,"Projection",7.1
55,"Crude birth rate","Crude birth rate (births per 1,000 population)","World Population Prospects",2024,"United Nations Population Division",616,"Poland","PL","POL",89,"2038",4,"Median",3,"Both sexes",188,0,-1,"Total",0,"Not applicable",1,"Model-based Estimates",3,"Projection",7.183
55,"Crude birth rate","Crude birth rate (births per 1,000 population)","World Population Prospects",2024,"United Nations Population Division",616,"Poland","PL","POL",90,"2039",4,"Median",3,"Both sexes",188,0,-1,"Total",0,"Not applicable",1,"Model-based Estimates",3,"Projection",7.268
55,"Crude birth rate","Crude birth rate (births per 1,000 population)","World Population Prospects",2024,"United Nations Population Division",616,"Poland","PL","POL",91,"2040",4,"Median",3,"Both sexes",188,0,-1,"Total",0,"Not applicable",1,"Model-based Estimates",3,"Projection",7.336
55,"Crude birth rate","Crude birth rate (births per 1,000 population)","World Population Prospects",2024,"United Nations Population Division",616,"Poland","PL","POL",92,"2041",4,"Median",3,"Both sexes",188,0,-1,"Total",0,"Not applicable",1,"Model-based Estimates",3,"Projection",7.394
55,"Crude birth rate","Crude birth rate (births per 1,000 population)","World Population Prospects",2024,"United Nations Population Division",616,"Poland","PL","POL",93,"2042",4,"Median",3,"Both sexes",188,0,-1,"Total",0,"Not applicable",1,"Model-based Estimates",3,"Projection",7.443
55,"Crude birth rate","Crude birth rate (births per 1,000 population)","World Population Prospects",2024,"United Nations Population Division",616,"Poland","PL","POL",94,"2043",4,"Median",3,"Both sexes",188,0,-1,"Total",0,"Not applicable",1,"Model-based Estimates",3,"Projection",7.49
55,"Crude birth rate","Crude birth rate (births per 1,000 population)","World Population Prospects",2024,"United Nations Population Division",616,"Poland","PL","POL",95,"2044",4,"Median",3,"Both sexes",188,0,-1,"Total",0,"Not applicable",1,"Model-based Estimates",3,"Projection",7.507
55,"Crude birth rate","Crude birth rate (births per 1,000 population)","World Population Prospects",2024,"United Nations Population Division",616,"Poland","PL","POL",96,"2045",4,"Median",3,"Both sexes",188,0,-1,"Total",0,"Not applicable",1,"Model-based Estimates",3,"Projection",7.5
55,"Crude birth rate","Crude birth rate (births per 1,000 population)","World Population Prospects",2024,"United Nations Population Division",616,"Poland","PL","POL",97,"2046",4,"Median",3,"Both sexes",188,0,-1,"Total",0,"Not applicable",1,"Model-based Estimates",3,"Projection",7.466
55,"Crude birth rate","Crude birth rate (births per 1,000 population)","World Population Prospects",2024,"United Nations Population Division",616,"Poland","PL","POL",98,"2047",4,"Median",3,"Both sexes",188,0,-1,"Total",0,"Not applicable",1,"Model-based Estimates",3,"Projection",7.419
55,"Crude birth rate","Crude birth rate (births per 1,000 population)","World Population Prospects",2024,"United Nations Population Division",616,"Poland","PL","POL",99,"2048",4,"Median",3,"Both sexes",188,0,-1,"Total",0,"Not applicable",1,"Model-based Estimates",3,"Projection",7.347
55,"Crude birth rate","Crude birth rate (births per 1,000 population)","World Population Prospects",2024,"United Nations Population Division",616,"Poland","PL","POL",100,"2049",4,"Median",3,"Both sexes",188,0,-1,"Total",0,"Not applicable",1,"Model-based Estimates",3,"Projection",7.255
55,"Crude birth rate","Crude birth rate (births per 1,000 population)","World Population Prospects",2024,"United Nations Population Division",616,"Poland","PL","POL",101,"2050",4,"Median",3,"Both sexes",188,0,-1,"Total",0,"Not applicable",1,"Model-based Estimates",3,"Projection",7.154
55,"Crude birth rate","Crude birth rate (births per 1,000 population)","World Population Prospects",2024,"United Nations Population Division",616,"Poland","PL","POL",102,"2051",4,"Median",3,"Both sexes",188,0,-1,"Total",0,"Not applicable",1,"Model-based Estimates",3,"Projection",7.032
55,"Crude birth rate","Crude birth rate (births per 1,000 population)","World Population Prospects",2024,"United Nations Population Division",616,"Poland","PL","POL",103,"2052",4,"Median",3,"Both sexes",188,0,-1,"Total",0,"Not applicable",1,"Model-based Estimates",3,"Projection",6.909
55,"Crude birth rate","Crude birth rate (births per 1,000 population)","World Population Prospects",2024,"United Nations Population Division",616,"Poland","PL","POL",104,"2053",4,"Median",3,"Both sexes",188,0,-1,"Total",0,"Not applicable",1,"Model-based Estimates",3,"Projection",6.783
55,"Crude birth rate","Crude birth rate (births per 1,000 population)","World Population Prospects",2024,"United Nations Population Division",616,"Poland","PL","POL",105,"2054",4,"Median",3,"Both sexes",188,0,-1,"Total",0,"Not applicable",1,"Model-based Estimates",3,"Projection",6.658
55,"Crude birth rate","Crude birth rate (births per 1,000 population)","World Population Prospects",2024,"United Nations Population Division",616,"Poland","PL","POL",106,"2055",4,"Median",3,"Both sexes",188,0,-1,"Total",0,"Not applicable",1,"Model-based Estimates",3,"Projection",6.548
55,"Crude birth rate","Crude birth rate (births per 1,000 population)","World Population Prospects",2024,"United Nations Population Division",616,"Poland","PL","POL",107,"2056",4,"Median",3,"Both sexes",188,0,-1,"Total",0,"Not applicable",1,"Model-based Estimates",3,"Projection",6.445
55,"Crude birth rate","Crude birth rate (births per 1,000 population)","World Population Prospects",2024,"United Nations Population Division",616,"Poland","PL","POL",108,"2057",4,"Median",3,"Both sexes",188,0,-1,"Total",0,"Not applicable",1,"Model-based Estimates",3,"Projection",6.348
55,"Crude birth rate","Crude birth rate (births per 1,000 population)","World Population Prospects",2024,"United Nations Population Division",616,"Poland","PL","POL",109,"2058",4,"Median",3,"Both sexes",188,0,-1,"Total",0,"Not applicable",1,"Model-based Estimates",3,"Projection",6.264
55,"Crude birth rate","Crude birth rate (births per 1,000 population)","World Population Prospects",2024,"United Nations Population Division",616,"Poland","PL","POL",110,"2059",4,"Median",3,"Both sexes",188,0,-1,"Total",0,"Not applicable",1,"Model-based Estimates",3,"Projection",6.189
55,"Crude birth rate","Crude birth rate (births per 1,000 population)","World Population Prospects",2024,"United Nations Population Division",616,"Poland","PL","POL",111,"2060",4,"Median",3,"Both sexes",188,0,-1,"Total",0,"Not applicable",1,"Model-based Estimates",3,"Projection",6.136
55,"Crude birth rate","Crude birth rate (births per 1,000 population)","World Population Prospects",2024,"United Nations Population Division",616,"Poland","PL","POL",112,"2061",4,"Median",3,"Both sexes",188,0,-1,"Total",0,"Not applicable",1,"Model-based Estimates",3,"Projection",6.1
55,"Crude birth rate","Crude birth rate (births per 1,000 population)","World Population Prospects",2024,"United Nations Population Division",616,"Poland","PL","POL",113,"2062",4,"Median",3,"Both sexes",188,0,-1,"Total",0,"Not applicable",1,"Model-based Estimates",3,"Projection",6.091
55,"Crude birth rate","Crude birth rate (births per 1,000 population)","World Population Prospects",2024,"United Nations Population Division",616,"Poland","PL","POL",114,"2063",4,"Median",3,"Both sexes",188,0,-1,"Total",0,"Not applicable",1,"Model-based Estimates",3,"Projection",6.092
55,"Crude birth rate","Crude birth rate (births per 1,000 population)","World Population Prospects",2024,"United Nations Population Division",616,"Poland","PL","POL",115,"2064",4,"Median",3,"Both sexes",188,0,-1,"Total",0,"Not applicable",1,"Model-based Estimates",3,"Projection",6.11
55,"Crude birth rate","Crude birth rate (births per 1,000 population)","World Population Prospects",2024,"United Nations Population Division",616,"Poland","PL","POL",116,"2065",4,"Median",3,"Both sexes",188,0,-1,"Total",0,"Not applicable",1,"Model-based Estimates",3,"Projection",6.14
55,"Crude birth rate","Crude birth rate (births per 1,000 population)","World Population Prospects",2024,"United Nations Population Division",616,"Poland","PL","POL",117,"2066",4,"Median",3,"Both sexes",188,0,-1,"Total",0,"Not applicable",1,"Model-based Estimates",3,"Projection",6.184
55,"Crude birth rate","Crude birth rate (births per 1,000 population)","World Population Prospects",2024,"United Nations Population Division",616,"Poland","PL","POL",118,"2067",4,"Median",3,"Both sexes",188,0,-1,"Total",0,"Not applicable",1,"Model-based Estimates",3,"Projection",6.235
55,"Crude birth rate","Crude birth rate (births per 1,000 population)","World Population Prospects",2024,"United Nations Population Division",616,"Poland","PL","POL",119,"2068",4,"Median",3,"Both sexes",188,0,-1,"Total",0,"Not applicable",1,"Model-based Estimates",3,"Projection",6.296
55,"Crude birth rate","Crude birth rate (births per 1,000 population)","World Population Prospects",2024,"United Nations Population Division",616,"Poland","PL","POL",120,"2069",4,"Median",3,"Both sexes",188,0,-1,"Total",0,"Not applicable",1,"Model-based Estimates",3,"Projection",6.357
55,"Crude birth rate","Crude birth rate (births per 1,000 population)","World Population Prospects",2024,"United Nations Population Division",616,"Poland","PL","POL",121,"2070",4,"Median",3,"Both sexes",188,0,-1,"Total",0,"Not applicable",1,"Model-based Estimates",3,"Projection",6.425
55,"Crude birth rate","Crude birth rate (births per 1,000 population)","World Population Prospects",2024,"United Nations Population Division",616,"Poland","PL","POL",122,"2071",4,"Median",3,"Both sexes",188,0,-1,"Total",0,"Not applicable",1,"Model-based Estimates",3,"Projection",6.486
55,"Crude birth rate","Crude birth rate (births per 1,000 population)","World Population Prospects",2024,"United Nations Population Division",616,"Poland","PL","POL",123,"2072",4,"Median",3,"Both sexes",188,0,-1,"Total",0,"Not applicable",1,"Model-based Estimates",3,"Projection",6.558
55,"Crude birth rate","Crude birth rate (births per 1,000 population)","World Population Prospects",2024,"United Nations Population Division",616,"Poland","PL","POL",124,"2073",4,"Median",3,"Both sexes",188,0,-1,"Total",0,"Not applicable",1,"Model-based Estimates",3,"Projection",6.618
55,"Crude birth rate","Crude birth rate (births per 1,000 population)","World Population Prospects",2024,"United Nations Population Division",616,"Poland","PL","POL",125,"2074",4,"Median",3,"Both sexes",188,0,-1,"Total",0,"Not applicable",1,"Model-based Estimates",3,"Projection",6.679
55,"Crude birth rate","Crude birth rate (births per 1,000 population)","World Population Prospects",2024,"United Nations Population Division",616,"Poland","PL","POL",126,"2075",4,"Median",3,"Both sexes",188,0,-1,"Total",0,"Not applicable",1,"Model-based Estimates",3,"Projection",6.732
55,"Crude birth rate","Crude birth rate (births per 1,000 population)","World Population Prospects",2024,"United Nations Population Division",616,"Poland","PL","POL",127,"2076",4,"Median",3,"Both sexes",188,0,-1,"Total",0,"Not applicable",1,"Model-based Estimates",3,"Projection",6.77
55,"Crude birth rate","Crude birth rate (births per 1,000 population)","World Population Prospects",2024,"United Nations Population Division",616,"Poland","PL","POL",128,"2077",4,"Median",3,"Both sexes",188,0,-1,"Total",0,"Not applicable",1,"Model-based Estimates",3,"Projection",6.801
55,"Crude birth rate","Crude birth rate (births per 1,000 population)","World Population Prospects",2024,"United Nations Population Division",616,"Poland","PL","POL",129,"2078",4,"Median",3,"Both sexes",188,0,-1,"Total",0,"Not applicable",1,"Model-based Estimates",3,"Projection",6.816
55,"Crude birth rate","Crude birth rate (births per 1,000 population)","World Population Prospects",2024,"United Nations Population Division",616,"Poland","PL","POL",130,"2079",4,"Median",3,"Both sexes",188,0,-1,"Total",0,"Not applicable",1,"Model-based Estimates",3,"Projection",6.805
55,"Crude birth rate","Crude birth rate (births per 1,000 population)","World Population Prospects",2024,"United Nations Population Division",616,"Poland","PL","POL",131,"2080",4,"Median",3,"Both sexes",188,0,-1,"Total",0,"Not applicable",1,"Model-based Estimates",3,"Projection",6.783
55,"Crude birth rate","Crude birth rate (births per 1,000 population)","World Population Prospects",2024,"United Nations Population Division",616,"Poland","PL","POL",132,"2081",4,"Median",3,"Both sexes",188,0,-1,"Total",0,"Not applicable",1,"Model-based Estimates",3,"Projection",6.753
55,"Crude birth rate","Crude birth rate (births per 1,000 population)","World Population Prospects",2024,"United Nations Population Division",616,"Poland","PL","POL",133,"2082",4,"Median",3,"Both sexes",188,0,-1,"Total",0,"Not applicable",1,"Model-based Estimates",3,"Projection",6.714
55,"Crude birth rate","Crude birth rate (births per 1,000 population)","World Population Prospects",2024,"United Nations Population Division",616,"Poland","PL","POL",134,"2083",4,"Median",3,"Both sexes",188,0,-1,"Total",0,"Not applicable",1,"Model-based Estimates",3,"Projection",6.669
55,"Crude birth rate","Crude birth rate (births per 1,000 population)","World Population Prospects",2024,"United Nations Population Division",616,"Poland","PL","POL",135,"2084",4,"Median",3,"Both sexes",188,0,-1,"Total",0,"Not applicable",1,"Model-based Estimates",3,"Projection",6.622
55,"Crude birth rate","Crude birth rate (births per 1,000 population)","World Population Prospects",2024,"United Nations Population Division",616,"Poland","PL","POL",136,"2085",4,"Median",3,"Both sexes",188,0,-1,"Total",0,"Not applicable",1,"Model-based Estimates",3,"Projection",6.573
55,"Crude birth rate","Crude birth rate (births per 1,000 population)","World Population Prospects",2024,"United Nations Population Division",616,"Poland","PL","POL",137,"2086",4,"Median",3,"Both sexes",188,0,-1,"Total",0,"Not applicable",1,"Model-based Estimates",3,"Projection",6.51
55,"Crude birth rate","Crude birth rate (births per 1,000 population)","World Population Prospects",2024,"United Nations Population Division",616,"Poland","PL","POL",138,"2087",4,"Median",3,"Both sexes",188,0,-1,"Total",0,"Not applicable",1,"Model-based Estimates",3,"Projection",6.453
55,"Crude birth rate","Crude birth rate (births per 1,000 population)","World Population Prospects",2024,"United Nations Population Division",616,"Poland","PL","POL",139,"2088",4,"Median",3,"Both sexes",188,0,-1,"Total",0,"Not applicable",1,"Model-based Estimates",3,"Projection",6.408
55,"Crude birth rate","Crude birth rate (births per 1,000 population)","World Population Prospects",2024,"United Nations Population Division",616,"Poland","PL","POL",140,"2089",4,"Median",3,"Both sexes",188,0,-1,"Total",0,"Not applicable",1,"Model-based Estimates",3,"Projection",6.359
55,"Crude birth rate","Crude birth rate (births per 1,000 population)","World Population Prospects",2024,"United Nations Population Division",616,"Poland","PL","POL",141,"2090",4,"Median",3,"Both sexes",188,0,-1,"Total",0,"Not applicable",1,"Model-based Estimates",3,"Projection",6.326
55,"Crude birth rate","Crude birth rate (births per 1,000 population)","World Population Prospects",2024,"United Nations Population Division",616,"Poland","PL","POL",142,"2091",4,"Median",3,"Both sexes",188,0,-1,"Total",0,"Not applicable",1,"Model-based Estimates",3,"Projection",6.289
55,"Crude birth rate","Crude birth rate (births per 1,000 population)","World Population Prospects",2024,"United Nations Population Division",616,"Poland","PL","POL",143,"2092",4,"Median",3,"Both sexes",188,0,-1,"Total",0,"Not applicable",1,"Model-based Estimates",3,"Projection",6.265
55,"Crude birth rate","Crude birth rate (births per 1,000 population)","World Population Prospects",2024,"United Nations Population Division",616,"Poland","PL","POL",144,"2093",4,"Median",3,"Both sexes",188,0,-1,"Total",0,"Not applicable",1,"Model-based Estimates",3,"Projection",6.254
55,"Crude birth rate","Crude birth rate (births per 1,000 population)","World Population Prospects",2024,"United Nations Population Division",616,"Poland","PL","POL",145,"2094",4,"Median",3,"Both sexes",188,0,-1,"Total",0,"Not applicable",1,"Model-based Estimates",3,"Projection",6.252
55,"Crude birth rate","Crude birth rate (births per 1,000 population)","World Population Prospects",2024,"United Nations Population Division",616,"Poland","PL","POL",146,"2095",4,"Median",3,"Both sexes",188,0,-1,"Total",0,"Not applicable",1,"Model-based Estimates",3,"Projection",6.256
55,"Crude birth rate","Crude birth rate (births per 1,000 population)","World Population Prospects",2024,"United Nations Population Division",616,"Poland","PL","POL",147,"2096",4,"Median",3,"Both sexes",188,0,-1,"Total",0,"Not applicable",1,"Model-based Estimates",3,"Projection",6.266
55,"Crude birth rate","Crude birth rate (births per 1,000 population)","World Population Prospects",2024,"United Nations Population Division",616,"Poland","PL","POL",148,"2097",4,"Median",3,"Both sexes",188,0,-1,"Total",0,"Not applicable",1,"Model-based Estimates",3,"Projection",6.286
55,"Crude birth rate","Crude birth rate (births per 1,000 population)","World Population Prospects",2024,"United Nations Population Division",616,"Poland","PL","POL",149,"2098",4,"Median",3,"Both sexes",188,0,-1,"Total",0,"Not applicable",1,"Model-based Estimates",3,"Projection",6.322
55,"Crude birth rate","Crude birth rate (births per 1,000 population)","World Population Prospects",2024,"United Nations Population Division",616,"Poland","PL","POL",150,"2099",4,"Median",3,"Both sexes",188,0,-1,"Total",0,"Not applicable",1,"Model-based Estimates",3,"Projection",6.351
55,"Crude birth rate","Crude birth rate (births per 1,000 population)","World Population Prospects",2024,"United Nations Population Division",616,"Poland","PL","POL",151,"2100",4,"Median",3,"Both sexes",188,0,-1,"Total",0,"Not applicable",1,"Model-based Estimates",3,"Projection",6.395
55,"Crude birth rate","Crude birth rate (births per 1,000 population)","World Population Prospects",2024,"United Nations Population Division",620,"Portugal","PT","PRT",41,"1990",4,"Median",3,"Both sexes",188,0,-1,"Total",0,"Not applicable",1,"Model-based Estimates",2,"Interpolation",11.684
55,"Crude birth rate","Crude birth rate (births per 1,000 population)","World Population Prospects",2024,"United Nations Population Division",620,"Portugal","PT","PRT",42,"1991",4,"Median",3,"Both sexes",188,0,-1,"Total",0,"Not applicable",1,"Model-based Estimates",2,"Interpolation",11.699
55,"Crude birth rate","Crude birth rate (births per 1,000 population)","World Population Prospects",2024,"United Nations Population Division",620,"Portugal","PT","PRT",43,"1992",4,"Median",3,"Both sexes",188,0,-1,"Total",0,"Not applicable",1,"Model-based Estimates",2,"Interpolation",11.54
55,"Crude birth rate","Crude birth rate (births per 1,000 population)","World Population Prospects",2024,"United Nations Population Division",620,"Portugal","PT","PRT",44,"1993",4,"Median",3,"Both sexes",188,0,-1,"Total",0,"Not applicable",1,"Model-based Estimates",2,"Interpolation",11.395
55,"Crude birth rate","Crude birth rate (births per 1,000 population)","World Population Prospects",2024,"United Nations Population Division",620,"Portugal","PT","PRT",45,"1994",4,"Median",3,"Both sexes",188,0,-1,"Total",0,"Not applicable",1,"Model-based Estimates",2,"Interpolation",10.912
55,"Crude birth rate","Crude birth rate (births per 1,000 population)","World Population Prospects",2024,"United Nations Population Division",620,"Portugal","PT","PRT",46,"1995",4,"Median",3,"Both sexes",188,0,-1,"Total",0,"Not applicable",1,"Model-based Estimates",2,"Interpolation",10.681
55,"Crude birth rate","Crude birth rate (births per 1,000 population)","World Population Prospects",2024,"United Nations Population Division",620,"Portugal","PT","PRT",47,"1996",4,"Median",3,"Both sexes",188,0,-1,"Total",0,"Not applicable",1,"Model-based Estimates",2,"Interpolation",10.92
55,"Crude birth rate","Crude birth rate (births per 1,000 population)","World Population Prospects",2024,"United Nations Population Division",620,"Portugal","PT","PRT",48,"1997",4,"Median",3,"Both sexes",188,0,-1,"Total",0,"Not applicable",1,"Model-based Estimates",2,"Interpolation",11.126
55,"Crude birth rate","Crude birth rate (births per 1,000 population)","World Population Prospects",2024,"United Nations Population Division",620,"Portugal","PT","PRT",49,"1998",4,"Median",3,"Both sexes",188,0,-1,"Total",0,"Not applicable",1,"Model-based Estimates",2,"Interpolation",11.141
55,"Crude birth rate","Crude birth rate (births per 1,000 population)","World Population Prospects",2024,"United Nations Population Division",620,"Portugal","PT","PRT",50,"1999",4,"Median",3,"Both sexes",188,0,-1,"Total",0,"Not applicable",1,"Model-based Estimates",2,"Interpolation",11.332
55,"Crude birth rate","Crude birth rate (births per 1,000 population)","World Population Prospects",2024,"United Nations Population Division",620,"Portugal","PT","PRT",51,"2000",4,"Median",3,"Both sexes",188,0,-1,"Total",0,"Not applicable",1,"Model-based Estimates",2,"Interpolation",11.551
55,"Crude birth rate","Crude birth rate (births per 1,000 population)","World Population Prospects",2024,"United Nations Population Division",620,"Portugal","PT","PRT",52,"2001",4,"Median",3,"Both sexes",188,0,-1,"Total",0,"Not applicable",1,"Model-based Estimates",2,"Interpolation",10.889
55,"Crude birth rate","Crude birth rate (births per 1,000 population)","World Population Prospects",2024,"United Nations Population Division",620,"Portugal","PT","PRT",53,"2002",4,"Median",3,"Both sexes",188,0,-1,"Total",0,"Not applicable",1,"Model-based Estimates",2,"Interpolation",10.9
55,"Crude birth rate","Crude birth rate (births per 1,000 population)","World Population Prospects",2024,"United Nations Population Division",620,"Portugal","PT","PRT",54,"2003",4,"Median",3,"Both sexes",188,0,-1,"Total",0,"Not applicable",1,"Model-based Estimates",2,"Interpolation",10.715
55,"Crude birth rate","Crude birth rate (births per 1,000 population)","World Population Prospects",2024,"United Nations Population Division",620,"Portugal","PT","PRT",55,"2004",4,"Median",3,"Both sexes",188,0,-1,"Total",0,"Not applicable",1,"Model-based Estimates",2,"Interpolation",10.424
55,"Crude birth rate","Crude birth rate (births per 1,000 population)","World Population Prospects",2024,"United Nations Population Division",620,"Portugal","PT","PRT",56,"2005",4,"Median",3,"Both sexes",188,0,-1,"Total",0,"Not applicable",1,"Model-based Estimates",2,"Interpolation",10.361
55,"Crude birth rate","Crude birth rate (births per 1,000 population)","World Population Prospects",2024,"United Nations Population Division",620,"Portugal","PT","PRT",57,"2006",4,"Median",3,"Both sexes",188,0,-1,"Total",0,"Not applicable",1,"Model-based Estimates",2,"Interpolation",9.997
55,"Crude birth rate","Crude birth rate (births per 1,000 population)","World Population Prospects",2024,"United Nations Population Division",620,"Portugal","PT","PRT",58,"2007",4,"Median",3,"Both sexes",188,0,-1,"Total",0,"Not applicable",1,"Model-based Estimates",2,"Interpolation",9.724
55,"Crude birth rate","Crude birth rate (births per 1,000 population)","World Population Prospects",2024,"United Nations Population Division",620,"Portugal","PT","PRT",59,"2008",4,"Median",3,"Both sexes",188,0,-1,"Total",0,"Not applicable",1,"Model-based Estimates",2,"Interpolation",9.824
55,"Crude birth rate","Crude birth rate (births per 1,000 population)","World Population Prospects",2024,"United Nations Population Division",620,"Portugal","PT","PRT",60,"2009",4,"Median",3,"Both sexes",188,0,-1,"Total",0,"Not applicable",1,"Model-based Estimates",2,"Interpolation",9.431
55,"Crude birth rate","Crude birth rate (births per 1,000 population)","World Population Prospects",2024,"United Nations Population Division",620,"Portugal","PT","PRT",61,"2010",4,"Median",3,"Both sexes",188,0,-1,"Total",0,"Not applicable",1,"Model-based Estimates",2,"Interpolation",9.523
55,"Crude birth rate","Crude birth rate (births per 1,000 population)","World Population Prospects",2024,"United Nations Population Division",620,"Portugal","PT","PRT",62,"2011",4,"Median",3,"Both sexes",188,0,-1,"Total",0,"Not applicable",1,"Model-based Estimates",2,"Interpolation",9.144
55,"Crude birth rate","Crude birth rate (births per 1,000 population)","World Population Prospects",2024,"United Nations Population Division",620,"Portugal","PT","PRT",63,"2012",4,"Median",3,"Both sexes",188,0,-1,"Total",0,"Not applicable",1,"Model-based Estimates",2,"Interpolation",8.533
55,"Crude birth rate","Crude birth rate (births per 1,000 population)","World Population Prospects",2024,"United Nations Population Division",620,"Portugal","PT","PRT",64,"2013",4,"Median",3,"Both sexes",188,0,-1,"Total",0,"Not applicable",1,"Model-based Estimates",2,"Interpolation",7.941
55,"Crude birth rate","Crude birth rate (births per 1,000 population)","World Population Prospects",2024,"United Nations Population Division",620,"Portugal","PT","PRT",65,"2014",4,"Median",3,"Both sexes",188,0,-1,"Total",0,"Not applicable",1,"Model-based Estimates",2,"Interpolation",7.898
55,"Crude birth rate","Crude birth rate (births per 1,000 population)","World Population Prospects",2024,"United Nations Population Division",620,"Portugal","PT","PRT",66,"2015",4,"Median",3,"Both sexes",188,0,-1,"Total",0,"Not applicable",1,"Model-based Estimates",2,"Interpolation",8.176
55,"Crude birth rate","Crude birth rate (births per 1,000 population)","World Population Prospects",2024,"United Nations Population Division",620,"Portugal","PT","PRT",67,"2016",4,"Median",3,"Both sexes",188,0,-1,"Total",0,"Not applicable",1,"Model-based Estimates",2,"Interpolation",8.356
55,"Crude birth rate","Crude birth rate (births per 1,000 population)","World Population Prospects",2024,"United Nations Population Division",620,"Portugal","PT","PRT",68,"2017",4,"Median",3,"Both sexes",188,0,-1,"Total",0,"Not applicable",1,"Model-based Estimates",2,"Interpolation",8.288
55,"Crude birth rate","Crude birth rate (births per 1,000 population)","World Population Prospects",2024,"United Nations Population Division",620,"Portugal","PT","PRT",69,"2018",4,"Median",3,"Both sexes",188,0,-1,"Total",0,"Not applicable",1,"Model-based Estimates",2,"Interpolation",8.331
55,"Crude birth rate","Crude birth rate (births per 1,000 population)","World Population Prospects",2024,"United Nations Population Division",620,"Portugal","PT","PRT",70,"2019",4,"Median",3,"Both sexes",188,0,-1,"Total",0,"Not applicable",1,"Model-based Estimates",2,"Interpolation",8.242
55,"Crude birth rate","Crude birth rate (births per 1,000 population)","World Population Prospects",2024,"United Nations Population Division",620,"Portugal","PT","PRT",71,"2020",4,"Median",3,"Both sexes",188,0,-1,"Total",0,"Not applicable",1,"Model-based Estimates",2,"Interpolation",8.04
55,"Crude birth rate","Crude birth rate (births per 1,000 population)","World Population Prospects",2024,"United Nations Population Division",620,"Portugal","PT","PRT",72,"2021",4,"Median",3,"Both sexes",188,0,-1,"Total",0,"Not applicable",1,"Model-based Estimates",2,"Interpolation",7.493
55,"Crude birth rate","Crude birth rate (births per 1,000 population)","World Population Prospects",2024,"United Nations Population Division",620,"Portugal","PT","PRT",73,"2022",4,"Median",3,"Both sexes",188,0,-1,"Total",0,"Not applicable",1,"Model-based Estimates",2,"Interpolation",8.094
55,"Crude birth rate","Crude birth rate (births per 1,000 population)","World Population Prospects",2024,"United Nations Population Division",620,"Portugal","PT","PRT",74,"2023",4,"Median",3,"Both sexes",188,0,-1,"Total",0,"Not applicable",1,"Model-based Estimates",2,"Interpolation",8.307
55,"Crude birth rate","Crude birth rate (births per 1,000 population)","World Population Prospects",2024,"United Nations Population Division",620,"Portugal","PT","PRT",75,"2024",4,"Median",3,"Both sexes",188,0,-1,"Total",0,"Not applicable",1,"Model-based Estimates",3,"Projection",8.264
55,"Crude birth rate","Crude birth rate (births per 1,000 population)","World Population Prospects",2024,"United Nations Population Division",620,"Portugal","PT","PRT",76,"2025",4,"Median",3,"Both sexes",188,0,-1,"Total",0,"Not applicable",1,"Model-based Estimates",3,"Projection",8.227
55,"Crude birth rate","Crude birth rate (births per 1,000 population)","World Population Prospects",2024,"United Nations Population Division",620,"Portugal","PT","PRT",77,"2026",4,"Median",3,"Both sexes",188,0,-1,"Total",0,"Not applicable",1,"Model-based Estimates",3,"Projection",8.202
55,"Crude birth rate","Crude birth rate (births per 1,000 population)","World Population Prospects",2024,"United Nations Population Division",620,"Portugal","PT","PRT",78,"2027",4,"Median",3,"Both sexes",188,0,-1,"Total",0,"Not applicable",1,"Model-based Estimates",3,"Projection",8.191
55,"Crude birth rate","Crude birth rate (births per 1,000 population)","World Population Prospects",2024,"United Nations Population Division",620,"Portugal","PT","PRT",79,"2028",4,"Median",3,"Both sexes",188,0,-1,"Total",0,"Not applicable",1,"Model-based Estimates",3,"Projection",8.183
55,"Crude birth rate","Crude birth rate (births per 1,000 population)","World Population Prospects",2024,"United Nations Population Division",620,"Portugal","PT","PRT",80,"2029",4,"Median",3,"Both sexes",188,0,-1,"Total",0,"Not applicable",1,"Model-based Estimates",3,"Projection",8.191
55,"Crude birth rate","Crude birth rate (births per 1,000 population)","World Population Prospects",2024,"United Nations Population Division",620,"Portugal","PT","PRT",81,"2030",4,"Median",3,"Both sexes",188,0,-1,"Total",0,"Not applicable",1,"Model-based Estimates",3,"Projection",8.217
55,"Crude birth rate","Crude birth rate (births per 1,000 population)","World Population Prospects",2024,"United Nations Population Division",620,"Portugal","PT","PRT",82,"2031",4,"Median",3,"Both sexes",188,0,-1,"Total",0,"Not applicable",1,"Model-based Estimates",3,"Projection",8.25
55,"Crude birth rate","Crude birth rate (births per 1,000 population)","World Population Prospects",2024,"United Nations Population Division",620,"Portugal","PT","PRT",83,"2032",4,"Median",3,"Both sexes",188,0,-1,"Total",0,"Not applicable",1,"Model-based Estimates",3,"Projection",8.297
55,"Crude birth rate","Crude birth rate (births per 1,000 population)","World Population Prospects",2024,"United Nations Population Division",620,"Portugal","PT","PRT",84,"2033",4,"Median",3,"Both sexes",188,0,-1,"Total",0,"Not applicable",1,"Model-based Estimates",3,"Projection",8.347
55,"Crude birth rate","Crude birth rate (births per 1,000 population)","World Population Prospects",2024,"United Nations Population Division",620,"Portugal","PT","PRT",85,"2034",4,"Median",3,"Both sexes",188,0,-1,"Total",0,"Not applicable",1,"Model-based Estimates",3,"Projection",8.394
55,"Crude birth rate","Crude birth rate (births per 1,000 population)","World Population Prospects",2024,"United Nations Population Division",620,"Portugal","PT","PRT",86,"2035",4,"Median",3,"Both sexes",188,0,-1,"Total",0,"Not applicable",1,"Model-based Estimates",3,"Projection",8.452
55,"Crude birth rate","Crude birth rate (births per 1,000 population)","World Population Prospects",2024,"United Nations Population Division",620,"Portugal","PT","PRT",87,"2036",4,"Median",3,"Both sexes",188,0,-1,"Total",0,"Not applicable",1,"Model-based Estimates",3,"Projection",8.501
55,"Crude birth rate","Crude birth rate (births per 1,000 population)","World Population Prospects",2024,"United Nations Population Division",620,"Portugal","PT","PRT",88,"2037",4,"Median",3,"Both sexes",188,0,-1,"Total",0,"Not applicable",1,"Model-based Estimates",3,"Projection",8.549
55,"Crude birth rate","Crude birth rate (births per 1,000 population)","World Population Prospects",2024,"United Nations Population Division",620,"Portugal","PT","PRT",89,"2038",4,"Median",3,"Both sexes",188,0,-1,"Total",0,"Not applicable",1,"Model-based Estimates",3,"Projection",8.587
55,"Crude birth rate","Crude birth rate (births per 1,000 population)","World Population Prospects",2024,"United Nations Population Division",620,"Portugal","PT","PRT",90,"2039",4,"Median",3,"Both sexes",188,0,-1,"Total",0,"Not applicable",1,"Model-based Estimates",3,"Projection",8.619
55,"Crude birth rate","Crude birth rate (births per 1,000 population)","World Population Prospects",2024,"United Nations Population Division",620,"Portugal","PT","PRT",91,"2040",4,"Median",3,"Both sexes",188,0,-1,"Total",0,"Not applicable",1,"Model-based Estimates",3,"Projection",8.633
55,"Crude birth rate","Crude birth rate (births per 1,000 population)","World Population Prospects",2024,"United Nations Population Division",620,"Portugal","PT","PRT",92,"2041",4,"Median",3,"Both sexes",188,0,-1,"Total",0,"Not applicable",1,"Model-based Estimates",3,"Projection",8.649
55,"Crude birth rate","Crude birth rate (births per 1,000 population)","World Population Prospects",2024,"United Nations Population Division",620,"Portugal","PT","PRT",93,"2042",4,"Median",3,"Both sexes",188,0,-1,"Total",0,"Not applicable",1,"Model-based Estimates",3,"Projection",8.641
55,"Crude birth rate","Crude birth rate (births per 1,000 population)","World Population Prospects",2024,"United Nations Population Division",620,"Portugal","PT","PRT",94,"2043",4,"Median",3,"Both sexes",188,0,-1,"Total",0,"Not applicable",1,"Model-based Estimates",3,"Projection",8.628
55,"Crude birth rate","Crude birth rate (births per 1,000 population)","World Population Prospects",2024,"United Nations Population Division",620,"Portugal","PT","PRT",95,"2044",4,"Median",3,"Both sexes",188,0,-1,"Total",0,"Not applicable",1,"Model-based Estimates",3,"Projection",8.616
55,"Crude birth rate","Crude birth rate (births per 1,000 population)","World Population Prospects",2024,"United Nations Population Division",620,"Portugal","PT","PRT",96,"2045",4,"Median",3,"Both sexes",188,0,-1,"Total",0,"Not applicable",1,"Model-based Estimates",3,"Projection",8.594
55,"Crude birth rate","Crude birth rate (births per 1,000 population)","World Population Prospects",2024,"United Nations Population Division",620,"Portugal","PT","PRT",97,"2046",4,"Median",3,"Both sexes",188,0,-1,"Total",0,"Not applicable",1,"Model-based Estimates",3,"Projection",8.565
55,"Crude birth rate","Crude birth rate (births per 1,000 population)","World Population Prospects",2024,"United Nations Population Division",620,"Portugal","PT","PRT",98,"2047",4,"Median",3,"Both sexes",188,0,-1,"Total",0,"Not applicable",1,"Model-based Estimates",3,"Projection",8.518
55,"Crude birth rate","Crude birth rate (births per 1,000 population)","World Population Prospects",2024,"United Nations Population Division",620,"Portugal","PT","PRT",99,"2048",4,"Median",3,"Both sexes",188,0,-1,"Total",0,"Not applicable",1,"Model-based Estimates",3,"Projection",8.503
55,"Crude birth rate","Crude birth rate (births per 1,000 population)","World Population Prospects",2024,"United Nations Population Division",620,"Portugal","PT","PRT",100,"2049",4,"Median",3,"Both sexes",188,0,-1,"Total",0,"Not applicable",1,"Model-based Estimates",3,"Projection",8.469
55,"Crude birth rate","Crude birth rate (births per 1,000 population)","World Population Prospects",2024,"United Nations Population Division",620,"Portugal","PT","PRT",101,"2050",4,"Median",3,"Both sexes",188,0,-1,"Total",0,"Not applicable",1,"Model-based Estimates",3,"Projection",8.451
55,"Crude birth rate","Crude birth rate (births per 1,000 population)","World Population Prospects",2024,"United Nations Population Division",620,"Portugal","PT","PRT",102,"2051",4,"Median",3,"Both sexes",188,0,-1,"Total",0,"Not applicable",1,"Model-based Estimates",3,"Projection",8.442
55,"Crude birth rate","Crude birth rate (births per 1,000 population)","World Population Prospects",2024,"United Nations Population Division",620,"Portugal","PT","PRT",103,"2052",4,"Median",3,"Both sexes",188,0,-1,"Total",0,"Not applicable",1,"Model-based Estimates",3,"Projection",8.44
55,"Crude birth rate","Crude birth rate (births per 1,000 population)","World Population Prospects",2024,"United Nations Population Division",620,"Portugal","PT","PRT",104,"2053",4,"Median",3,"Both sexes",188,0,-1,"Total",0,"Not applicable",1,"Model-based Estimates",3,"Projection",8.44
55,"Crude birth rate","Crude birth rate (births per 1,000 population)","World Population Prospects",2024,"United Nations Population Division",620,"Portugal","PT","PRT",105,"2054",4,"Median",3,"Both sexes",188,0,-1,"Total",0,"Not applicable",1,"Model-based Estimates",3,"Projection",8.453
55,"Crude birth rate","Crude birth rate (births per 1,000 population)","World Population Prospects",2024,"United Nations Population Division",620,"Portugal","PT","PRT",106,"2055",4,"Median",3,"Both sexes",188,0,-1,"Total",0,"Not applicable",1,"Model-based Estimates",3,"Projection",8.467
55,"Crude birth rate","Crude birth rate (births per 1,000 population)","World Population Prospects",2024,"United Nations Population Division",620,"Portugal","PT","PRT",107,"2056",4,"Median",3,"Both sexes",188,0,-1,"Total",0,"Not applicable",1,"Model-based Estimates",3,"Projection",8.491
55,"Crude birth rate","Crude birth rate (births per 1,000 population)","World Population Prospects",2024,"United Nations Population Division",620,"Portugal","PT","PRT",108,"2057",4,"Median",3,"Both sexes",188,0,-1,"Total",0,"Not applicable",1,"Model-based Estimates",3,"Projection",8.528
55,"Crude birth rate","Crude birth rate (births per 1,000 population)","World Population Prospects",2024,"United Nations Population Division",620,"Portugal","PT","PRT",109,"2058",4,"Median",3,"Both sexes",188,0,-1,"Total",0,"Not applicable",1,"Model-based Estimates",3,"Projection",8.568
55,"Crude birth rate","Crude birth rate (births per 1,000 population)","World Population Prospects",2024,"United Nations Population Division",620,"Portugal","PT","PRT",110,"2059",4,"Median",3,"Both sexes",188,0,-1,"Total",0,"Not applicable",1,"Model-based Estimates",3,"Projection",8.601
55,"Crude birth rate","Crude birth rate (births per 1,000 population)","World Population Prospects",2024,"United Nations Population Division",620,"Portugal","PT","PRT",111,"2060",4,"Median",3,"Both sexes",188,0,-1,"Total",0,"Not applicable",1,"Model-based Estimates",3,"Projection",8.642
55,"Crude birth rate","Crude birth rate (births per 1,000 population)","World Population Prospects",2024,"United Nations Population Division",620,"Portugal","PT","PRT",112,"2061",4,"Median",3,"Both sexes",188,0,-1,"Total",0,"Not applicable",1,"Model-based Estimates",3,"Projection",8.682
55,"Crude birth rate","Crude birth rate (births per 1,000 population)","World Population Prospects",2024,"United Nations Population Division",620,"Portugal","PT","PRT",113,"2062",4,"Median",3,"Both sexes",188,0,-1,"Total",0,"Not applicable",1,"Model-based Estimates",3,"Projection",8.728
55,"Crude birth rate","Crude birth rate (births per 1,000 population)","World Population Prospects",2024,"United Nations Population Division",620,"Portugal","PT","PRT",114,"2063",4,"Median",3,"Both sexes",188,0,-1,"Total",0,"Not applicable",1,"Model-based Estimates",3,"Projection",8.781
55,"Crude birth rate","Crude birth rate (births per 1,000 population)","World Population Prospects",2024,"United Nations Population Division",620,"Portugal","PT","PRT",115,"2064",4,"Median",3,"Both sexes",188,0,-1,"Total",0,"Not applicable",1,"Model-based Estimates",3,"Projection",8.833
55,"Crude birth rate","Crude birth rate (births per 1,000 population)","World Population Prospects",2024,"United Nations Population Division",620,"Portugal","PT","PRT",116,"2065",4,"Median",3,"Both sexes",188,0,-1,"Total",0,"Not applicable",1,"Model-based Estimates",3,"Projection",8.857
55,"Crude birth rate","Crude birth rate (births per 1,000 population)","World Population Prospects",2024,"United Nations Population Division",620,"Portugal","PT","PRT",117,"2066",4,"Median",3,"Both sexes",188,0,-1,"Total",0,"Not applicable",1,"Model-based Estimates",3,"Projection",8.9
55,"Crude birth rate","Crude birth rate (births per 1,000 population)","World Population Prospects",2024,"United Nations Population Division",620,"Portugal","PT","PRT",118,"2067",4,"Median",3,"Both sexes",188,0,-1,"Total",0,"Not applicable",1,"Model-based Estimates",3,"Projection",8.932
55,"Crude birth rate","Crude birth rate (births per 1,000 population)","World Population Prospects",2024,"United Nations Population Division",620,"Portugal","PT","PRT",119,"2068",4,"Median",3,"Both sexes",188,0,-1,"Total",0,"Not applicable",1,"Model-based Estimates",3,"Projection",8.978
55,"Crude birth rate","Crude birth rate (births per 1,000 population)","World Population Prospects",2024,"United Nations Population Division",620,"Portugal","PT","PRT",120,"2069",4,"Median",3,"Both sexes",188,0,-1,"Total",0,"Not applicable",1,"Model-based Estimates",3,"Projection",9.022
55,"Crude birth rate","Crude birth rate (births per 1,000 population)","World Population Prospects",2024,"United Nations Population Division",620,"Portugal","PT","PRT",121,"2070",4,"Median",3,"Both sexes",188,0,-1,"Total",0,"Not applicable",1,"Model-based Estimates",3,"Projection",9.059
55,"Crude birth rate","Crude birth rate (births per 1,000 population)","World Population Prospects",2024,"United Nations Population Division",620,"Portugal","PT","PRT",122,"2071",4,"Median",3,"Both sexes",188,0,-1,"Total",0,"Not applicable",1,"Model-based Estimates",3,"Projection",9.092
55,"Crude birth rate","Crude birth rate (births per 1,000 population)","World Population Prospects",2024,"United Nations Population Division",620,"Portugal","PT","PRT",123,"2072",4,"Median",3,"Both sexes",188,0,-1,"Total",0,"Not applicable",1,"Model-based Estimates",3,"Projection",9.125
55,"Crude birth rate","Crude birth rate (births per 1,000 population)","World Population Prospects",2024,"United Nations Population Division",620,"Portugal","PT","PRT",124,"2073",4,"Median",3,"Both sexes",188,0,-1,"Total",0,"Not applicable",1,"Model-based Estimates",3,"Projection",9.152
55,"Crude birth rate","Crude birth rate (births per 1,000 population)","World Population Prospects",2024,"United Nations Population Division",620,"Portugal","PT","PRT",125,"2074",4,"Median",3,"Both sexes",188,0,-1,"Total",0,"Not applicable",1,"Model-based Estimates",3,"Projection",9.17
55,"Crude birth rate","Crude birth rate (births per 1,000 population)","World Population Prospects",2024,"United Nations Population Division",620,"Portugal","PT","PRT",126,"2075",4,"Median",3,"Both sexes",188,0,-1,"Total",0,"Not applicable",1,"Model-based Estimates",3,"Projection",9.185
55,"Crude birth rate","Crude birth rate (births per 1,000 population)","World Population Prospects",2024,"United Nations Population Division",620,"Portugal","PT","PRT",127,"2076",4,"Median",3,"Both sexes",188,0,-1,"Total",0,"Not applicable",1,"Model-based Estimates",3,"Projection",9.186
55,"Crude birth rate","Crude birth rate (births per 1,000 population)","World Population Prospects",2024,"United Nations Population Division",620,"Portugal","PT","PRT",128,"2077",4,"Median",3,"Both sexes",188,0,-1,"Total",0,"Not applicable",1,"Model-based Estimates",3,"Projection",9.185
55,"Crude birth rate","Crude birth rate (births per 1,000 population)","World Population Prospects",2024,"United Nations Population Division",620,"Portugal","PT","PRT",129,"2078",4,"Median",3,"Both sexes",188,0,-1,"Total",0,"Not applicable",1,"Model-based Estimates",3,"Projection",9.183
55,"Crude birth rate","Crude birth rate (births per 1,000 population)","World Population Prospects",2024,"United Nations Population Division",620,"Portugal","PT","PRT",130,"2079",4,"Median",3,"Both sexes",188,0,-1,"Total",0,"Not applicable",1,"Model-based Estimates",3,"Projection",9.171
55,"Crude birth rate","Crude birth rate (births per 1,000 population)","World Population Prospects",2024,"United Nations Population Division",620,"Portugal","PT","PRT",131,"2080",4,"Median",3,"Both sexes",188,0,-1,"Total",0,"Not applicable",1,"Model-based Estimates",3,"Projection",9.147
55,"Crude birth rate","Crude birth rate (births per 1,000 population)","World Population Prospects",2024,"United Nations Population Division",620,"Portugal","PT","PRT",132,"2081",4,"Median",3,"Both sexes",188,0,-1,"Total",0,"Not applicable",1,"Model-based Estimates",3,"Projection",9.122
55,"Crude birth rate","Crude birth rate (births per 1,000 population)","World Population Prospects",2024,"United Nations Population Division",620,"Portugal","PT","PRT",133,"2082",4,"Median",3,"Both sexes",188,0,-1,"Total",0,"Not applicable",1,"Model-based Estimates",3,"Projection",9.106
55,"Crude birth rate","Crude birth rate (births per 1,000 population)","World Population Prospects",2024,"United Nations Population Division",620,"Portugal","PT","PRT",134,"2083",4,"Median",3,"Both sexes",188,0,-1,"Total",0,"Not applicable",1,"Model-based Estimates",3,"Projection",9.082
55,"Crude birth rate","Crude birth rate (births per 1,000 population)","World Population Prospects",2024,"United Nations Population Division",620,"Portugal","PT","PRT",135,"2084",4,"Median",3,"Both sexes",188,0,-1,"Total",0,"Not applicable",1,"Model-based Estimates",3,"Projection",9.053
55,"Crude birth rate","Crude birth rate (births per 1,000 population)","World Population Prospects",2024,"United Nations Population Division",620,"Portugal","PT","PRT",136,"2085",4,"Median",3,"Both sexes",188,0,-1,"Total",0,"Not applicable",1,"Model-based Estimates",3,"Projection",9.027
55,"Crude birth rate","Crude birth rate (births per 1,000 population)","World Population Prospects",2024,"United Nations Population Division",620,"Portugal","PT","PRT",137,"2086",4,"Median",3,"Both sexes",188,0,-1,"Total",0,"Not applicable",1,"Model-based Estimates",3,"Projection",9.012
55,"Crude birth rate","Crude birth rate (births per 1,000 population)","World Population Prospects",2024,"United Nations Population Division",620,"Portugal","PT","PRT",138,"2087",4,"Median",3,"Both sexes",188,0,-1,"Total",0,"Not applicable",1,"Model-based Estimates",3,"Projection",8.998
55,"Crude birth rate","Crude birth rate (births per 1,000 population)","World Population Prospects",2024,"United Nations Population Division",620,"Portugal","PT","PRT",139,"2088",4,"Median",3,"Both sexes",188,0,-1,"Total",0,"Not applicable",1,"Model-based Estimates",3,"Projection",8.973
55,"Crude birth rate","Crude birth rate (births per 1,000 population)","World Population Prospects",2024,"United Nations Population Division",620,"Portugal","PT","PRT",140,"2089",4,"Median",3,"Both sexes",188,0,-1,"Total",0,"Not applicable",1,"Model-based Estimates",3,"Projection",8.948
55,"Crude birth rate","Crude birth rate (births per 1,000 population)","World Population Prospects",2024,"United Nations Population Division",620,"Portugal","PT","PRT",141,"2090",4,"Median",3,"Both sexes",188,0,-1,"Total",0,"Not applicable",1,"Model-based Estimates",3,"Projection",8.926
55,"Crude birth rate","Crude birth rate (births per 1,000 population)","World Population Prospects",2024,"United Nations Population Division",620,"Portugal","PT","PRT",142,"2091",4,"Median",3,"Both sexes",188,0,-1,"Total",0,"Not applicable",1,"Model-based Estimates",3,"Projection",8.915
55,"Crude birth rate","Crude birth rate (births per 1,000 population)","World Population Prospects",2024,"United Nations Population Division",620,"Portugal","PT","PRT",143,"2092",4,"Median",3,"Both sexes",188,0,-1,"Total",0,"Not applicable",1,"Model-based Estimates",3,"Projection",8.906
55,"Crude birth rate","Crude birth rate (births per 1,000 population)","World Population Prospects",2024,"United Nations Population Division",620,"Portugal","PT","PRT",144,"2093",4,"Median",3,"Both sexes",188,0,-1,"Total",0,"Not applicable",1,"Model-based Estimates",3,"Projection",8.91
55,"Crude birth rate","Crude birth rate (births per 1,000 population)","World Population Prospects",2024,"United Nations Population Division",620,"Portugal","PT","PRT",145,"2094",4,"Median",3,"Both sexes",188,0,-1,"Total",0,"Not applicable",1,"Model-based Estimates",3,"Projection",8.905
55,"Crude birth rate","Crude birth rate (births per 1,000 population)","World Population Prospects",2024,"United Nations Population Division",620,"Portugal","PT","PRT",146,"2095",4,"Median",3,"Both sexes",188,0,-1,"Total",0,"Not applicable",1,"Model-based Estimates",3,"Projection",8.914
55,"Crude birth rate","Crude birth rate (births per 1,000 population)","World Population Prospects",2024,"United Nations Population Division",620,"Portugal","PT","PRT",147,"2096",4,"Median",3,"Both sexes",188,0,-1,"Total",0,"Not applicable",1,"Model-based Estimates",3,"Projection",8.923
55,"Crude birth rate","Crude birth rate (births per 1,000 population)","World Population Prospects",2024,"United Nations Population Division",620,"Portugal","PT","PRT",148,"2097",4,"Median",3,"Both sexes",188,0,-1,"Total",0,"Not applicable",1,"Model-based Estimates",3,"Projection",8.931
55,"Crude birth rate","Crude birth rate (births per 1,000 population)","World Population Prospects",2024,"United Nations Population Division",620,"Portugal","PT","PRT",149,"2098",4,"Median",3,"Both sexes",188,0,-1,"Total",0,"Not applicable",1,"Model-based Estimates",3,"Projection",8.943
55,"Crude birth rate","Crude birth rate (births per 1,000 population)","World Population Prospects",2024,"United Nations Population Division",620,"Portugal","PT","PRT",150,"2099",4,"Median",3,"Both sexes",188,0,-1,"Total",0,"Not applicable",1,"Model-based Estimates",3,"Projection",8.953
55,"Crude birth rate","Crude birth rate (births per 1,000 population)","World Population Prospects",2024,"United Nations Population Division",620,"Portugal","PT","PRT",151,"2100",4,"Median",3,"Both sexes",188,0,-1,"Total",0,"Not applicable",1,"Model-based Estimates",3,"Projection",8.954
55,"Crude birth rate","Crude birth rate (births per 1,000 population)","World Population Prospects",2024,"United Nations Population Division",642,"Romania","RO","ROU",41,"1990",4,"Median",3,"Both sexes",188,0,-1,"Total",0,"Not applicable",1,"Model-based Estimates",2,"Interpolation",13.746
55,"Crude birth rate","Crude birth rate (births per 1,000 population)","World Population Prospects",2024,"United Nations Population Division",642,"Romania","RO","ROU",42,"1991",4,"Median",3,"Both sexes",188,0,-1,"Total",0,"Not applicable",1,"Model-based Estimates",2,"Interpolation",12.269
55,"Crude birth rate","Crude birth rate (births per 1,000 population)","World Population Prospects",2024,"United Nations Population Division",642,"Romania","RO","ROU",43,"1992",4,"Median",3,"Both sexes",188,0,-1,"Total",0,"Not applicable",1,"Model-based Estimates",2,"Interpolation",11.752
55,"Crude birth rate","Crude birth rate (births per 1,000 population)","World Population Prospects",2024,"United Nations Population Division",642,"Romania","RO","ROU",44,"1993",4,"Median",3,"Both sexes",188,0,-1,"Total",0,"Not applicable",1,"Model-based Estimates",2,"Interpolation",11.326
55,"Crude birth rate","Crude birth rate (births per 1,000 population)","World Population Prospects",2024,"United Nations Population Division",642,"Romania","RO","ROU",45,"1994",4,"Median",3,"Both sexes",188,0,-1,"Total",0,"Not applicable",1,"Model-based Estimates",2,"Interpolation",11.112
55,"Crude birth rate","Crude birth rate (births per 1,000 population)","World Population Prospects",2024,"United Nations Population Division",642,"Romania","RO","ROU",46,"1995",4,"Median",3,"Both sexes",188,0,-1,"Total",0,"Not applicable",1,"Model-based Estimates",2,"Interpolation",10.656
55,"Crude birth rate","Crude birth rate (births per 1,000 population)","World Population Prospects",2024,"United Nations Population Division",642,"Romania","RO","ROU",47,"1996",4,"Median",3,"Both sexes",188,0,-1,"Total",0,"Not applicable",1,"Model-based Estimates",2,"Interpolation",10.409
55,"Crude birth rate","Crude birth rate (births per 1,000 population)","World Population Prospects",2024,"United Nations Population Division",642,"Romania","RO","ROU",48,"1997",4,"Median",3,"Both sexes",188,0,-1,"Total",0,"Not applicable",1,"Model-based Estimates",2,"Interpolation",10.548
55,"Crude birth rate","Crude birth rate (births per 1,000 population)","World Population Prospects",2024,"United Nations Population Division",642,"Romania","RO","ROU",49,"1998",4,"Median",3,"Both sexes",188,0,-1,"Total",0,"Not applicable",1,"Model-based Estimates",2,"Interpolation",10.547
55,"Crude birth rate","Crude birth rate (births per 1,000 population)","World Population Prospects",2024,"United Nations Population Division",642,"Romania","RO","ROU",50,"1999",4,"Median",3,"Both sexes",188,0,-1,"Total",0,"Not applicable",1,"Model-based Estimates",2,"Interpolation",10.419
55,"Crude birth rate","Crude birth rate (births per 1,000 population)","World Population Prospects",2024,"United Nations Population Division",642,"Romania","RO","ROU",51,"2000",4,"Median",3,"Both sexes",188,0,-1,"Total",0,"Not applicable",1,"Model-based Estimates",2,"Interpolation",10.347
55,"Crude birth rate","Crude birth rate (births per 1,000 population)","World Population Prospects",2024,"United Nations Population Division",642,"Romania","RO","ROU",52,"2001",4,"Median",3,"Both sexes",188,0,-1,"Total",0,"Not applicable",1,"Model-based Estimates",2,"Interpolation",10.041
55,"Crude birth rate","Crude birth rate (births per 1,000 population)","World Population Prospects",2024,"United Nations Population Division",642,"Romania","RO","ROU",53,"2002",4,"Median",3,"Both sexes",188,0,-1,"Total",0,"Not applicable",1,"Model-based Estimates",2,"Interpolation",9.999
55,"Crude birth rate","Crude birth rate (births per 1,000 population)","World Population Prospects",2024,"United Nations Population Division",642,"Romania","RO","ROU",54,"2003",4,"Median",3,"Both sexes",188,0,-1,"Total",0,"Not applicable",1,"Model-based Estimates",2,"Interpolation",10.195
55,"Crude birth rate","Crude birth rate (births per 1,000 population)","World Population Prospects",2024,"United Nations Population Division",642,"Romania","RO","ROU",55,"2004",4,"Median",3,"Both sexes",188,0,-1,"Total",0,"Not applicable",1,"Model-based Estimates",2,"Interpolation",10.435
55,"Crude birth rate","Crude birth rate (births per 1,000 population)","World Population Prospects",2024,"United Nations Population Division",642,"Romania","RO","ROU",56,"2005",4,"Median",3,"Both sexes",188,0,-1,"Total",0,"Not applicable",1,"Model-based Estimates",2,"Interpolation",10.818
55,"Crude birth rate","Crude birth rate (births per 1,000 population)","World Population Prospects",2024,"United Nations Population Division",642,"Romania","RO","ROU",57,"2006",4,"Median",3,"Both sexes",188,0,-1,"Total",0,"Not applicable",1,"Model-based Estimates",2,"Interpolation",10.909
55,"Crude birth rate","Crude birth rate (births per 1,000 population)","World Population Prospects",2024,"United Nations Population Division",642,"Romania","RO","ROU",58,"2007",4,"Median",3,"Both sexes",188,0,-1,"Total",0,"Not applicable",1,"Model-based Estimates",2,"Interpolation",10.95
55,"Crude birth rate","Crude birth rate (births per 1,000 population)","World Population Prospects",2024,"United Nations Population Division",642,"Romania","RO","ROU",59,"2008",4,"Median",3,"Both sexes",188,0,-1,"Total",0,"Not applicable",1,"Model-based Estimates",2,"Interpolation",11.7
55,"Crude birth rate","Crude birth rate (births per 1,000 population)","World Population Prospects",2024,"United Nations Population Division",642,"Romania","RO","ROU",60,"2009",4,"Median",3,"Both sexes",188,0,-1,"Total",0,"Not applicable",1,"Model-based Estimates",2,"Interpolation",11.785
55,"Crude birth rate","Crude birth rate (births per 1,000 population)","World Population Prospects",2024,"United Nations Population Division",642,"Romania","RO","ROU",61,"2010",4,"Median",3,"Both sexes",188,0,-1,"Total",0,"Not applicable",1,"Model-based Estimates",2,"Interpolation",11.035
55,"Crude birth rate","Crude birth rate (births per 1,000 population)","World Population Prospects",2024,"United Nations Population Division",642,"Romania","RO","ROU",62,"2011",4,"Median",3,"Both sexes",188,0,-1,"Total",0,"Not applicable",1,"Model-based Estimates",2,"Interpolation",10.066
55,"Crude birth rate","Crude birth rate (births per 1,000 population)","World Population Prospects",2024,"United Nations Population Division",642,"Romania","RO","ROU",63,"2012",4,"Median",3,"Both sexes",188,0,-1,"Total",0,"Not applicable",1,"Model-based Estimates",2,"Interpolation",10.059
55,"Crude birth rate","Crude birth rate (births per 1,000 population)","World Population Prospects",2024,"United Nations Population Division",642,"Romania","RO","ROU",64,"2013",4,"Median",3,"Both sexes",188,0,-1,"Total",0,"Not applicable",1,"Model-based Estimates",2,"Interpolation",9.616
55,"Crude birth rate","Crude birth rate (births per 1,000 population)","World Population Prospects",2024,"United Nations Population Division",642,"Romania","RO","ROU",65,"2014",4,"Median",3,"Both sexes",188,0,-1,"Total",0,"Not applicable",1,"Model-based Estimates",2,"Interpolation",10.066
55,"Crude birth rate","Crude birth rate (births per 1,000 population)","World Population Prospects",2024,"United Nations Population Division",642,"Romania","RO","ROU",66,"2015",4,"Median",3,"Both sexes",188,0,-1,"Total",0,"Not applicable",1,"Model-based Estimates",2,"Interpolation",10.294
55,"Crude birth rate","Crude birth rate (births per 1,000 population)","World Population Prospects",2024,"United Nations Population Division",642,"Romania","RO","ROU",67,"2016",4,"Median",3,"Both sexes",188,0,-1,"Total",0,"Not applicable",1,"Model-based Estimates",2,"Interpolation",10.553
55,"Crude birth rate","Crude birth rate (births per 1,000 population)","World Population Prospects",2024,"United Nations Population Division",642,"Romania","RO","ROU",68,"2017",4,"Median",3,"Both sexes",188,0,-1,"Total",0,"Not applicable",1,"Model-based Estimates",2,"Interpolation",10.85
55,"Crude birth rate","Crude birth rate (births per 1,000 population)","World Population Prospects",2024,"United Nations Population Division",642,"Romania","RO","ROU",69,"2018",4,"Median",3,"Both sexes",188,0,-1,"Total",0,"Not applicable",1,"Model-based Estimates",2,"Interpolation",10.552
55,"Crude birth rate","Crude birth rate (births per 1,000 population)","World Population Prospects",2024,"United Nations Population Division",642,"Romania","RO","ROU",70,"2019",4,"Median",3,"Both sexes",188,0,-1,"Total",0,"Not applicable",1,"Model-based Estimates",2,"Interpolation",10.083
55,"Crude birth rate","Crude birth rate (births per 1,000 population)","World Population Prospects",2024,"United Nations Population Division",642,"Romania","RO","ROU",71,"2020",4,"Median",3,"Both sexes",188,0,-1,"Total",0,"Not applicable",1,"Model-based Estimates",2,"Interpolation",9.962
55,"Crude birth rate","Crude birth rate (births per 1,000 population)","World Population Prospects",2024,"United Nations Population Division",642,"Romania","RO","ROU",72,"2021",4,"Median",3,"Both sexes",188,0,-1,"Total",0,"Not applicable",1,"Model-based Estimates",2,"Interpolation",9.724
55,"Crude birth rate","Crude birth rate (births per 1,000 population)","World Population Prospects",2024,"United Nations Population Division",642,"Romania","RO","ROU",73,"2022",4,"Median",3,"Both sexes",188,0,-1,"Total",0,"Not applicable",1,"Model-based Estimates",2,"Interpolation",9.592
55,"Crude birth rate","Crude birth rate (births per 1,000 population)","World Population Prospects",2024,"United Nations Population Division",642,"Romania","RO","ROU",74,"2023",4,"Median",3,"Both sexes",188,0,-1,"Total",0,"Not applicable",1,"Model-based Estimates",2,"Interpolation",9.604
55,"Crude birth rate","Crude birth rate (births per 1,000 population)","World Population Prospects",2024,"United Nations Population Division",642,"Romania","RO","ROU",75,"2024",4,"Median",3,"Both sexes",188,0,-1,"Total",0,"Not applicable",1,"Model-based Estimates",3,"Projection",9.516
55,"Crude birth rate","Crude birth rate (births per 1,000 population)","World Population Prospects",2024,"United Nations Population Division",642,"Romania","RO","ROU",76,"2025",4,"Median",3,"Both sexes",188,0,-1,"Total",0,"Not applicable",1,"Model-based Estimates",3,"Projection",9.439
55,"Crude birth rate","Crude birth rate (births per 1,000 population)","World Population Prospects",2024,"United Nations Population Division",642,"Romania","RO","ROU",77,"2026",4,"Median",3,"Both sexes",188,0,-1,"Total",0,"Not applicable",1,"Model-based Estimates",3,"Projection",9.372
55,"Crude birth rate","Crude birth rate (births per 1,000 population)","World Population Prospects",2024,"United Nations Population Division",642,"Romania","RO","ROU",78,"2027",4,"Median",3,"Both sexes",188,0,-1,"Total",0,"Not applicable",1,"Model-based Estimates",3,"Projection",9.306
55,"Crude birth rate","Crude birth rate (births per 1,000 population)","World Population Prospects",2024,"United Nations Population Division",642,"Romania","RO","ROU",79,"2028",4,"Median",3,"Both sexes",188,0,-1,"Total",0,"Not applicable",1,"Model-based Estimates",3,"Projection",9.256
55,"Crude birth rate","Crude birth rate (births per 1,000 population)","World Population Prospects",2024,"United Nations Population Division",642,"Romania","RO","ROU",80,"2029",4,"Median",3,"Both sexes",188,0,-1,"Total",0,"Not applicable",1,"Model-based Estimates",3,"Projection",9.216
55,"Crude birth rate","Crude birth rate (births per 1,000 population)","World Population Prospects",2024,"United Nations Population Division",642,"Romania","RO","ROU",81,"2030",4,"Median",3,"Both sexes",188,0,-1,"Total",0,"Not applicable",1,"Model-based Estimates",3,"Projection",9.208
55,"Crude birth rate","Crude birth rate (births per 1,000 population)","World Population Prospects",2024,"United Nations Population Division",642,"Romania","RO","ROU",82,"2031",4,"Median",3,"Both sexes",188,0,-1,"Total",0,"Not applicable",1,"Model-based Estimates",3,"Projection",9.205
55,"Crude birth rate","Crude birth rate (births per 1,000 population)","World Population Prospects",2024,"United Nations Population Division",642,"Romania","RO","ROU",83,"2032",4,"Median",3,"Both sexes",188,0,-1,"Total",0,"Not applicable",1,"Model-based Estimates",3,"Projection",9.225
55,"Crude birth rate","Crude birth rate (births per 1,000 population)","World Population Prospects",2024,"United Nations Population Division",642,"Romania","RO","ROU",84,"2033",4,"Median",3,"Both sexes",188,0,-1,"Total",0,"Not applicable",1,"Model-based Estimates",3,"Projection",9.234
55,"Crude birth rate","Crude birth rate (births per 1,000 population)","World Population Prospects",2024,"United Nations Population Division",642,"Romania","RO","ROU",85,"2034",4,"Median",3,"Both sexes",188,0,-1,"Total",0,"Not applicable",1,"Model-based Estimates",3,"Projection",9.257
55,"Crude birth rate","Crude birth rate (births per 1,000 population)","World Population Prospects",2024,"United Nations Population Division",642,"Romania","RO","ROU",86,"2035",4,"Median",3,"Both sexes",188,0,-1,"Total",0,"Not applicable",1,"Model-based Estimates",3,"Projection",9.279
55,"Crude birth rate","Crude birth rate (births per 1,000 population)","World Population Prospects",2024,"United Nations Population Division",642,"Romania","RO","ROU",87,"2036",4,"Median",3,"Both sexes",188,0,-1,"Total",0,"Not applicable",1,"Model-based Estimates",3,"Projection",9.314
55,"Crude birth rate","Crude birth rate (births per 1,000 population)","World Population Prospects",2024,"United Nations Population Division",642,"Romania","RO","ROU",88,"2037",4,"Median",3,"Both sexes",188,0,-1,"Total",0,"Not applicable",1,"Model-based Estimates",3,"Projection",9.346
55,"Crude birth rate","Crude birth rate (births per 1,000 population)","World Population Prospects",2024,"United Nations Population Division",642,"Romania","RO","ROU",89,"2038",4,"Median",3,"Both sexes",188,0,-1,"Total",0,"Not applicable",1,"Model-based Estimates",3,"Projection",9.373
55,"Crude birth rate","Crude birth rate (births per 1,000 population)","World Population Prospects",2024,"United Nations Population Division",642,"Romania","RO","ROU",90,"2039",4,"Median",3,"Both sexes",188,0,-1,"Total",0,"Not applicable",1,"Model-based Estimates",3,"Projection",9.387
55,"Crude birth rate","Crude birth rate (births per 1,000 population)","World Population Prospects",2024,"United Nations Population Division",642,"Romania","RO","ROU",91,"2040",4,"Median",3,"Both sexes",188,0,-1,"Total",0,"Not applicable",1,"Model-based Estimates",3,"Projection",9.411
55,"Crude birth rate","Crude birth rate (births per 1,000 population)","World Population Prospects",2024,"United Nations Population Division",642,"Romania","RO","ROU",92,"2041",4,"Median",3,"Both sexes",188,0,-1,"Total",0,"Not applicable",1,"Model-based Estimates",3,"Projection",9.418
55,"Crude birth rate","Crude birth rate (births per 1,000 population)","World Population Prospects",2024,"United Nations Population Division",642,"Romania","RO","ROU",93,"2042",4,"Median",3,"Both sexes",188,0,-1,"Total",0,"Not applicable",1,"Model-based Estimates",3,"Projection",9.424
55,"Crude birth rate","Crude birth rate (births per 1,000 population)","World Population Prospects",2024,"United Nations Population Division",642,"Romania","RO","ROU",94,"2043",4,"Median",3,"Both sexes",188,0,-1,"Total",0,"Not applicable",1,"Model-based Estimates",3,"Projection",9.431
55,"Crude birth rate","Crude birth rate (births per 1,000 population)","World Population Prospects",2024,"United Nations Population Division",642,"Romania","RO","ROU",95,"2044",4,"Median",3,"Both sexes",188,0,-1,"Total",0,"Not applicable",1,"Model-based Estimates",3,"Projection",9.414
55,"Crude birth rate","Crude birth rate (births per 1,000 population)","World Population Prospects",2024,"United Nations Population Division",642,"Romania","RO","ROU",96,"2045",4,"Median",3,"Both sexes",188,0,-1,"Total",0,"Not applicable",1,"Model-based Estimates",3,"Projection",9.388
55,"Crude birth rate","Crude birth rate (births per 1,000 population)","World Population Prospects",2024,"United Nations Population Division",642,"Romania","RO","ROU",97,"2046",4,"Median",3,"Both sexes",188,0,-1,"Total",0,"Not applicable",1,"Model-based Estimates",3,"Projection",9.359
55,"Crude birth rate","Crude birth rate (births per 1,000 population)","World Population Prospects",2024,"United Nations Population Division",642,"Romania","RO","ROU",98,"2047",4,"Median",3,"Both sexes",188,0,-1,"Total",0,"Not applicable",1,"Model-based Estimates",3,"Projection",9.315
55,"Crude birth rate","Crude birth rate (births per 1,000 population)","World Population Prospects",2024,"United Nations Population Division",642,"Romania","RO","ROU",99,"2048",4,"Median",3,"Both sexes",188,0,-1,"Total",0,"Not applicable",1,"Model-based Estimates",3,"Projection",9.256
55,"Crude birth rate","Crude birth rate (births per 1,000 population)","World Population Prospects",2024,"United Nations Population Division",642,"Romania","RO","ROU",100,"2049",4,"Median",3,"Both sexes",188,0,-1,"Total",0,"Not applicable",1,"Model-based Estimates",3,"Projection",9.202
55,"Crude birth rate","Crude birth rate (births per 1,000 population)","World Population Prospects",2024,"United Nations Population Division",642,"Romania","RO","ROU",101,"2050",4,"Median",3,"Both sexes",188,0,-1,"Total",0,"Not applicable",1,"Model-based Estimates",3,"Projection",9.128
55,"Crude birth rate","Crude birth rate (births per 1,000 population)","World Population Prospects",2024,"United Nations Population Division",642,"Romania","RO","ROU",102,"2051",4,"Median",3,"Both sexes",188,0,-1,"Total",0,"Not applicable",1,"Model-based Estimates",3,"Projection",9.057
55,"Crude birth rate","Crude birth rate (births per 1,000 population)","World Population Prospects",2024,"United Nations Population Division",642,"Romania","RO","ROU",103,"2052",4,"Median",3,"Both sexes",188,0,-1,"Total",0,"Not applicable",1,"Model-based Estimates",3,"Projection",8.987
55,"Crude birth rate","Crude birth rate (births per 1,000 population)","World Population Prospects",2024,"United Nations Population Division",642,"Romania","RO","ROU",104,"2053",4,"Median",3,"Both sexes",188,0,-1,"Total",0,"Not applicable",1,"Model-based Estimates",3,"Projection",8.912
55,"Crude birth rate","Crude birth rate (births per 1,000 population)","World Population Prospects",2024,"United Nations Population Division",642,"Romania","RO","ROU",105,"2054",4,"Median",3,"Both sexes",188,0,-1,"Total",0,"Not applicable",1,"Model-based Estimates",3,"Projection",8.843
55,"Crude birth rate","Crude birth rate (births per 1,000 population)","World Population Prospects",2024,"United Nations Population Division",642,"Romania","RO","ROU",106,"2055",4,"Median",3,"Both sexes",188,0,-1,"Total",0,"Not applicable",1,"Model-based Estimates",3,"Projection",8.784
55,"Crude birth rate","Crude birth rate (births per 1,000 population)","World Population Prospects",2024,"United Nations Population Division",642,"Romania","RO","ROU",107,"2056",4,"Median",3,"Both sexes",188,0,-1,"Total",0,"Not applicable",1,"Model-based Estimates",3,"Projection",8.73
55,"Crude birth rate","Crude birth rate (births per 1,000 population)","World Population Prospects",2024,"United Nations Population Division",642,"Romania","RO","ROU",108,"2057",4,"Median",3,"Both sexes",188,0,-1,"Total",0,"Not applicable",1,"Model-based Estimates",3,"Projection",8.674
55,"Crude birth rate","Crude birth rate (births per 1,000 population)","World Population Prospects",2024,"United Nations Population Division",642,"Romania","RO","ROU",109,"2058",4,"Median",3,"Both sexes",188,0,-1,"Total",0,"Not applicable",1,"Model-based Estimates",3,"Projection",8.641
55,"Crude birth rate","Crude birth rate (births per 1,000 population)","World Population Prospects",2024,"United Nations Population Division",642,"Romania","RO","ROU",110,"2059",4,"Median",3,"Both sexes",188,0,-1,"Total",0,"Not applicable",1,"Model-based Estimates",3,"Projection",8.611
55,"Crude birth rate","Crude birth rate (births per 1,000 population)","World Population Prospects",2024,"United Nations Population Division",642,"Romania","RO","ROU",111,"2060",4,"Median",3,"Both sexes",188,0,-1,"Total",0,"Not applicable",1,"Model-based Estimates",3,"Projection",8.598
55,"Crude birth rate","Crude birth rate (births per 1,000 population)","World Population Prospects",2024,"United Nations Population Division",642,"Romania","RO","ROU",112,"2061",4,"Median",3,"Both sexes",188,0,-1,"Total",0,"Not applicable",1,"Model-based Estimates",3,"Projection",8.595
55,"Crude birth rate","Crude birth rate (births per 1,000 population)","World Population Prospects",2024,"United Nations Population Division",642,"Romania","RO","ROU",113,"2062",4,"Median",3,"Both sexes",188,0,-1,"Total",0,"Not applicable",1,"Model-based Estimates",3,"Projection",8.598
55,"Crude birth rate","Crude birth rate (births per 1,000 population)","World Population Prospects",2024,"United Nations Population Division",642,"Romania","RO","ROU",114,"2063",4,"Median",3,"Both sexes",188,0,-1,"Total",0,"Not applicable",1,"Model-based Estimates",3,"Projection",8.609
55,"Crude birth rate","Crude birth rate (births per 1,000 population)","World Population Prospects",2024,"United Nations Population Division",642,"Romania","RO","ROU",115,"2064",4,"Median",3,"Both sexes",188,0,-1,"Total",0,"Not applicable",1,"Model-based Estimates",3,"Projection",8.624
55,"Crude birth rate","Crude birth rate (births per 1,000 population)","World Population Prospects",2024,"United Nations Population Division",642,"Romania","RO","ROU",116,"2065",4,"Median",3,"Both sexes",188,0,-1,"Total",0,"Not applicable",1,"Model-based Estimates",3,"Projection",8.638
55,"Crude birth rate","Crude birth rate (births per 1,000 population)","World Population Prospects",2024,"United Nations Population Division",642,"Romania","RO","ROU",117,"2066",4,"Median",3,"Both sexes",188,0,-1,"Total",0,"Not applicable",1,"Model-based Estimates",3,"Projection",8.652
55,"Crude birth rate","Crude birth rate (births per 1,000 population)","World Population Prospects",2024,"United Nations Population Division",642,"Romania","RO","ROU",118,"2067",4,"Median",3,"Both sexes",188,0,-1,"Total",0,"Not applicable",1,"Model-based Estimates",3,"Projection",8.685
55,"Crude birth rate","Crude birth rate (births per 1,000 population)","World Population Prospects",2024,"United Nations Population Division",642,"Romania","RO","ROU",119,"2068",4,"Median",3,"Both sexes",188,0,-1,"Total",0,"Not applicable",1,"Model-based Estimates",3,"Projection",8.722
55,"Crude birth rate","Crude birth rate (births per 1,000 population)","World Population Prospects",2024,"United Nations Population Division",642,"Romania","RO","ROU",120,"2069",4,"Median",3,"Both sexes",188,0,-1,"Total",0,"Not applicable",1,"Model-based Estimates",3,"Projection",8.734
55,"Crude birth rate","Crude birth rate (births per 1,000 population)","World Population Prospects",2024,"United Nations Population Division",642,"Romania","RO","ROU",121,"2070",4,"Median",3,"Both sexes",188,0,-1,"Total",0,"Not applicable",1,"Model-based Estimates",3,"Projection",8.757
55,"Crude birth rate","Crude birth rate (births per 1,000 population)","World Population Prospects",2024,"United Nations Population Division",642,"Romania","RO","ROU",122,"2071",4,"Median",3,"Both sexes",188,0,-1,"Total",0,"Not applicable",1,"Model-based Estimates",3,"Projection",8.775
55,"Crude birth rate","Crude birth rate (births per 1,000 population)","World Population Prospects",2024,"United Nations Population Division",642,"Romania","RO","ROU",123,"2072",4,"Median",3,"Both sexes",188,0,-1,"Total",0,"Not applicable",1,"Model-based Estimates",3,"Projection",8.786
55,"Crude birth rate","Crude birth rate (births per 1,000 population)","World Population Prospects",2024,"United Nations Population Division",642,"Romania","RO","ROU",124,"2073",4,"Median",3,"Both sexes",188,0,-1,"Total",0,"Not applicable",1,"Model-based Estimates",3,"Projection",8.802
55,"Crude birth rate","Crude birth rate (births per 1,000 population)","World Population Prospects",2024,"United Nations Population Division",642,"Romania","RO","ROU",125,"2074",4,"Median",3,"Both sexes",188,0,-1,"Total",0,"Not applicable",1,"Model-based Estimates",3,"Projection",8.799
55,"Crude birth rate","Crude birth rate (births per 1,000 population)","World Population Prospects",2024,"United Nations Population Division",642,"Romania","RO","ROU",126,"2075",4,"Median",3,"Both sexes",188,0,-1,"Total",0,"Not applicable",1,"Model-based Estimates",3,"Projection",8.802
55,"Crude birth rate","Crude birth rate (births per 1,000 population)","World Population Prospects",2024,"United Nations Population Division",642,"Romania","RO","ROU",127,"2076",4,"Median",3,"Both sexes",188,0,-1,"Total",0,"Not applicable",1,"Model-based Estimates",3,"Projection",8.782
55,"Crude birth rate","Crude birth rate (births per 1,000 population)","World Population Prospects",2024,"United Nations Population Division",642,"Romania","RO","ROU",128,"2077",4,"Median",3,"Both sexes",188,0,-1,"Total",0,"Not applicable",1,"Model-based Estimates",3,"Projection",8.774
55,"Crude birth rate","Crude birth rate (births per 1,000 population)","World Population Prospects",2024,"United Nations Population Division",642,"Romania","RO","ROU",129,"2078",4,"Median",3,"Both sexes",188,0,-1,"Total",0,"Not applicable",1,"Model-based Estimates",3,"Projection",8.753
55,"Crude birth rate","Crude birth rate (births per 1,000 population)","World Population Prospects",2024,"United Nations Population Division",642,"Romania","RO","ROU",130,"2079",4,"Median",3,"Both sexes",188,0,-1,"Total",0,"Not applicable",1,"Model-based Estimates",3,"Projection",8.721
55,"Crude birth rate","Crude birth rate (births per 1,000 population)","World Population Prospects",2024,"United Nations Population Division",642,"Romania","RO","ROU",131,"2080",4,"Median",3,"Both sexes",188,0,-1,"Total",0,"Not applicable",1,"Model-based Estimates",3,"Projection",8.679
55,"Crude birth rate","Crude birth rate (births per 1,000 population)","World Population Prospects",2024,"United Nations Population Division",642,"Romania","RO","ROU",132,"2081",4,"Median",3,"Both sexes",188,0,-1,"Total",0,"Not applicable",1,"Model-based Estimates",3,"Projection",8.64
55,"Crude birth rate","Crude birth rate (births per 1,000 population)","World Population Prospects",2024,"United Nations Population Division",642,"Romania","RO","ROU",133,"2082",4,"Median",3,"Both sexes",188,0,-1,"Total",0,"Not applicable",1,"Model-based Estimates",3,"Projection",8.602
55,"Crude birth rate","Crude birth rate (births per 1,000 population)","World Population Prospects",2024,"United Nations Population Division",642,"Romania","RO","ROU",134,"2083",4,"Median",3,"Both sexes",188,0,-1,"Total",0,"Not applicable",1,"Model-based Estimates",3,"Projection",8.548
55,"Crude birth rate","Crude birth rate (births per 1,000 population)","World Population Prospects",2024,"United Nations Population Division",642,"Romania","RO","ROU",135,"2084",4,"Median",3,"Both sexes",188,0,-1,"Total",0,"Not applicable",1,"Model-based Estimates",3,"Projection",8.5
55,"Crude birth rate","Crude birth rate (births per 1,000 population)","World Population Prospects",2024,"United Nations Population Division",642,"Romania","RO","ROU",136,"2085",4,"Median",3,"Both sexes",188,0,-1,"Total",0,"Not applicable",1,"Model-based Estimates",3,"Projection",8.446
55,"Crude birth rate","Crude birth rate (births per 1,000 population)","World Population Prospects",2024,"United Nations Population Division",642,"Romania","RO","ROU",137,"2086",4,"Median",3,"Both sexes",188,0,-1,"Total",0,"Not applicable",1,"Model-based Estimates",3,"Projection",8.393
55,"Crude birth rate","Crude birth rate (births per 1,000 population)","World Population Prospects",2024,"United Nations Population Division",642,"Romania","RO","ROU",138,"2087",4,"Median",3,"Both sexes",188,0,-1,"Total",0,"Not applicable",1,"Model-based Estimates",3,"Projection",8.347
55,"Crude birth rate","Crude birth rate (births per 1,000 population)","World Population Prospects",2024,"United Nations Population Division",642,"Romania","RO","ROU",139,"2088",4,"Median",3,"Both sexes",188,0,-1,"Total",0,"Not applicable",1,"Model-based Estimates",3,"Projection",8.299
55,"Crude birth rate","Crude birth rate (births per 1,000 population)","World Population Prospects",2024,"United Nations Population Division",642,"Romania","RO","ROU",140,"2089",4,"Median",3,"Both sexes",188,0,-1,"Total",0,"Not applicable",1,"Model-based Estimates",3,"Projection",8.255
55,"Crude birth rate","Crude birth rate (births per 1,000 population)","World Population Prospects",2024,"United Nations Population Division",642,"Romania","RO","ROU",141,"2090",4,"Median",3,"Both sexes",188,0,-1,"Total",0,"Not applicable",1,"Model-based Estimates",3,"Projection",8.216
55,"Crude birth rate","Crude birth rate (births per 1,000 population)","World Population Prospects",2024,"United Nations Population Division",642,"Romania","RO","ROU",142,"2091",4,"Median",3,"Both sexes",188,0,-1,"Total",0,"Not applicable",1,"Model-based Estimates",3,"Projection",8.196
55,"Crude birth rate","Crude birth rate (births per 1,000 population)","World Population Prospects",2024,"United Nations Population Division",642,"Romania","RO","ROU",143,"2092",4,"Median",3,"Both sexes",188,0,-1,"Total",0,"Not applicable",1,"Model-based Estimates",3,"Projection",8.17
55,"Crude birth rate","Crude birth rate (births per 1,000 population)","World Population Prospects",2024,"United Nations Population Division",642,"Romania","RO","ROU",144,"2093",4,"Median",3,"Both sexes",188,0,-1,"Total",0,"Not applicable",1,"Model-based Estimates",3,"Projection",8.15
55,"Crude birth rate","Crude birth rate (births per 1,000 population)","World Population Prospects",2024,"United Nations Population Division",642,"Romania","RO","ROU",145,"2094",4,"Median",3,"Both sexes",188,0,-1,"Total",0,"Not applicable",1,"Model-based Estimates",3,"Projection",8.127
55,"Crude birth rate","Crude birth rate (births per 1,000 population)","World Population Prospects",2024,"United Nations Population Division",642,"Romania","RO","ROU",146,"2095",4,"Median",3,"Both sexes",188,0,-1,"Total",0,"Not applicable",1,"Model-based Estimates",3,"Projection",8.122
55,"Crude birth rate","Crude birth rate (births per 1,000 population)","World Population Prospects",2024,"United Nations Population Division",642,"Romania","RO","ROU",147,"2096",4,"Median",3,"Both sexes",188,0,-1,"Total",0,"Not applicable",1,"Model-based Estimates",3,"Projection",8.118
55,"Crude birth rate","Crude birth rate (births per 1,000 population)","World Population Prospects",2024,"United Nations Population Division",642,"Romania","RO","ROU",148,"2097",4,"Median",3,"Both sexes",188,0,-1,"Total",0,"Not applicable",1,"Model-based Estimates",3,"Projection",8.103
55,"Crude birth rate","Crude birth rate (births per 1,000 population)","World Population Prospects",2024,"United Nations Population Division",642,"Romania","RO","ROU",149,"2098",4,"Median",3,"Both sexes",188,0,-1,"Total",0,"Not applicable",1,"Model-based Estimates",3,"Projection",8.095
55,"Crude birth rate","Crude birth rate (births per 1,000 population)","World Population Prospects",2024,"United Nations Population Division",642,"Romania","RO","ROU",150,"2099",4,"Median",3,"Both sexes",188,0,-1,"Total",0,"Not applicable",1,"Model-based Estimates",3,"Projection",8.103
55,"Crude birth rate","Crude birth rate (births per 1,000 population)","World Population Prospects",2024,"United Nations Population Division",642,"Romania","RO","ROU",151,"2100",4,"Median",3,"Both sexes",188,0,-1,"Total",0,"Not applicable",1,"Model-based Estimates",3,"Projection",8.107
55,"Crude birth rate","Crude birth rate (births per 1,000 population)","World Population Prospects",2024,"United Nations Population Division",703,"Slovakia","SK","SVK",41,"1990",4,"Median",3,"Both sexes",188,0,-1,"Total",0,"Not applicable",1,"Model-based Estimates",2,"Interpolation",15.068
55,"Crude birth rate","Crude birth rate (births per 1,000 population)","World Population Prospects",2024,"United Nations Population Division",703,"Slovakia","SK","SVK",42,"1991",4,"Median",3,"Both sexes",188,0,-1,"Total",0,"Not applicable",1,"Model-based Estimates",2,"Interpolation",14.751
55,"Crude birth rate","Crude birth rate (births per 1,000 population)","World Population Prospects",2024,"United Nations Population Division",703,"Slovakia","SK","SVK",43,"1992",4,"Median",3,"Both sexes",188,0,-1,"Total",0,"Not applicable",1,"Model-based Estimates",2,"Interpolation",14.032
55,"Crude birth rate","Crude birth rate (births per 1,000 population)","World Population Prospects",2024,"United Nations Population Division",703,"Slovakia","SK","SVK",44,"1993",4,"Median",3,"Both sexes",188,0,-1,"Total",0,"Not applicable",1,"Model-based Estimates",2,"Interpolation",13.666
55,"Crude birth rate","Crude birth rate (births per 1,000 population)","World Population Prospects",2024,"United Nations Population Division",703,"Slovakia","SK","SVK",45,"1994",4,"Median",3,"Both sexes",188,0,-1,"Total",0,"Not applicable",1,"Model-based Estimates",2,"Interpolation",12.379
55,"Crude birth rate","Crude birth rate (births per 1,000 population)","World Population Prospects",2024,"United Nations Population Division",703,"Slovakia","SK","SVK",46,"1995",4,"Median",3,"Both sexes",188,0,-1,"Total",0,"Not applicable",1,"Model-based Estimates",2,"Interpolation",11.431
55,"Crude birth rate","Crude birth rate (births per 1,000 population)","World Population Prospects",2024,"United Nations Population Division",703,"Slovakia","SK","SVK",47,"1996",4,"Median",3,"Both sexes",188,0,-1,"Total",0,"Not applicable",1,"Model-based Estimates",2,"Interpolation",11.15
55,"Crude birth rate","Crude birth rate (births per 1,000 population)","World Population Prospects",2024,"United Nations Population Division",703,"Slovakia","SK","SVK",48,"1997",4,"Median",3,"Both sexes",188,0,-1,"Total",0,"Not applicable",1,"Model-based Estimates",2,"Interpolation",10.947
55,"Crude birth rate","Crude birth rate (births per 1,000 population)","World Population Prospects",2024,"United Nations Population Division",703,"Slovakia","SK","SVK",49,"1998",4,"Median",3,"Both sexes",188,0,-1,"Total",0,"Not applicable",1,"Model-based Estimates",2,"Interpolation",10.659
55,"Crude birth rate","Crude birth rate (births per 1,000 population)","World Population Prospects",2024,"United Nations Population Division",703,"Slovakia","SK","SVK",50,"1999",4,"Median",3,"Both sexes",188,0,-1,"Total",0,"Not applicable",1,"Model-based Estimates",2,"Interpolation",10.4
55,"Crude birth rate","Crude birth rate (births per 1,000 population)","World Population Prospects",2024,"United Nations Population Division",703,"Slovakia","SK","SVK",51,"2000",4,"Median",3,"Both sexes",188,0,-1,"Total",0,"Not applicable",1,"Model-based Estimates",2,"Interpolation",10.186
55,"Crude birth rate","Crude birth rate (births per 1,000 population)","World Population Prospects",2024,"United Nations Population Division",703,"Slovakia","SK","SVK",52,"2001",4,"Median",3,"Both sexes",188,0,-1,"Total",0,"Not applicable",1,"Model-based Estimates",2,"Interpolation",9.528
55,"Crude birth rate","Crude birth rate (births per 1,000 population)","World Population Prospects",2024,"United Nations Population Division",703,"Slovakia","SK","SVK",53,"2002",4,"Median",3,"Both sexes",188,0,-1,"Total",0,"Not applicable",1,"Model-based Estimates",2,"Interpolation",9.436
55,"Crude birth rate","Crude birth rate (births per 1,000 population)","World Population Prospects",2024,"United Nations Population Division",703,"Slovakia","SK","SVK",54,"2003",4,"Median",3,"Both sexes",188,0,-1,"Total",0,"Not applicable",1,"Model-based Estimates",2,"Interpolation",9.616
55,"Crude birth rate","Crude birth rate (births per 1,000 population)","World Population Prospects",2024,"United Nations Population Division",703,"Slovakia","SK","SVK",55,"2004",4,"Median",3,"Both sexes",188,0,-1,"Total",0,"Not applicable",1,"Model-based Estimates",2,"Interpolation",9.98
55,"Crude birth rate","Crude birth rate (births per 1,000 population)","World Population Prospects",2024,"United Nations Population Division",703,"Slovakia","SK","SVK",56,"2005",4,"Median",3,"Both sexes",188,0,-1,"Total",0,"Not applicable",1,"Model-based Estimates",2,"Interpolation",10.113
55,"Crude birth rate","Crude birth rate (births per 1,000 population)","World Population Prospects",2024,"United Nations Population Division",703,"Slovakia","SK","SVK",57,"2006",4,"Median",3,"Both sexes",188,0,-1,"Total",0,"Not applicable",1,"Model-based Estimates",2,"Interpolation",10.034
55,"Crude birth rate","Crude birth rate (births per 1,000 population)","World Population Prospects",2024,"United Nations Population Division",703,"Slovakia","SK","SVK",58,"2007",4,"Median",3,"Both sexes",188,0,-1,"Total",0,"Not applicable",1,"Model-based Estimates",2,"Interpolation",10.146
55,"Crude birth rate","Crude birth rate (births per 1,000 population)","World Population Prospects",2024,"United Nations Population Division",703,"Slovakia","SK","SVK",59,"2008",4,"Median",3,"Both sexes",188,0,-1,"Total",0,"Not applicable",1,"Model-based Estimates",2,"Interpolation",10.678
55,"Crude birth rate","Crude birth rate (births per 1,000 population)","World Population Prospects",2024,"United Nations Population Division",703,"Slovakia","SK","SVK",60,"2009",4,"Median",3,"Both sexes",188,0,-1,"Total",0,"Not applicable",1,"Model-based Estimates",2,"Interpolation",11.341
55,"Crude birth rate","Crude birth rate (births per 1,000 population)","World Population Prospects",2024,"United Nations Population Division",703,"Slovakia","SK","SVK",61,"2010",4,"Median",3,"Both sexes",188,0,-1,"Total",0,"Not applicable",1,"Model-based Estimates",2,"Interpolation",11.226
55,"Crude birth rate","Crude birth rate (births per 1,000 population)","World Population Prospects",2024,"United Nations Population Division",703,"Slovakia","SK","SVK",62,"2011",4,"Median",3,"Both sexes",188,0,-1,"Total",0,"Not applicable",1,"Model-based Estimates",2,"Interpolation",11.239
55,"Crude birth rate","Crude birth rate (births per 1,000 population)","World Population Prospects",2024,"United Nations Population Division",703,"Slovakia","SK","SVK",63,"2012",4,"Median",3,"Both sexes",188,0,-1,"Total",0,"Not applicable",1,"Model-based Estimates",2,"Interpolation",10.702
55,"Crude birth rate","Crude birth rate (births per 1,000 population)","World Population Prospects",2024,"United Nations Population Division",703,"Slovakia","SK","SVK",64,"2013",4,"Median",3,"Both sexes",188,0,-1,"Total",0,"Not applicable",1,"Model-based Estimates",2,"Interpolation",10.581
55,"Crude birth rate","Crude birth rate (births per 1,000 population)","World Population Prospects",2024,"United Nations Population Division",703,"Slovakia","SK","SVK",65,"2014",4,"Median",3,"Both sexes",188,0,-1,"Total",0,"Not applicable",1,"Model-based Estimates",2,"Interpolation",10.59
55,"Crude birth rate","Crude birth rate (births per 1,000 population)","World Population Prospects",2024,"United Nations Population Division",703,"Slovakia","SK","SVK",66,"2015",4,"Median",3,"Both sexes",188,0,-1,"Total",0,"Not applicable",1,"Model-based Estimates",2,"Interpolation",10.25
55,"Crude birth rate","Crude birth rate (births per 1,000 population)","World Population Prospects",2024,"United Nations Population Division",703,"Slovakia","SK","SVK",67,"2016",4,"Median",3,"Both sexes",188,0,-1,"Total",0,"Not applicable",1,"Model-based Estimates",2,"Interpolation",10.582
55,"Crude birth rate","Crude birth rate (births per 1,000 population)","World Population Prospects",2024,"United Nations Population Division",703,"Slovakia","SK","SVK",68,"2017",4,"Median",3,"Both sexes",188,0,-1,"Total",0,"Not applicable",1,"Model-based Estimates",2,"Interpolation",10.652
55,"Crude birth rate","Crude birth rate (births per 1,000 population)","World Population Prospects",2024,"United Nations Population Division",703,"Slovakia","SK","SVK",69,"2018",4,"Median",3,"Both sexes",188,0,-1,"Total",0,"Not applicable",1,"Model-based Estimates",2,"Interpolation",10.581
55,"Crude birth rate","Crude birth rate (births per 1,000 population)","World Population Prospects",2024,"United Nations Population Division",703,"Slovakia","SK","SVK",70,"2019",4,"Median",3,"Both sexes",188,0,-1,"Total",0,"Not applicable",1,"Model-based Estimates",2,"Interpolation",10.473
55,"Crude birth rate","Crude birth rate (births per 1,000 population)","World Population Prospects",2024,"United Nations Population Division",703,"Slovakia","SK","SVK",71,"2020",4,"Median",3,"Both sexes",188,0,-1,"Total",0,"Not applicable",1,"Model-based Estimates",2,"Interpolation",10.387
55,"Crude birth rate","Crude birth rate (births per 1,000 population)","World Population Prospects",2024,"United Nations Population Division",703,"Slovakia","SK","SVK",72,"2021",4,"Median",3,"Both sexes",188,0,-1,"Total",0,"Not applicable",1,"Model-based Estimates",2,"Interpolation",10.432
55,"Crude birth rate","Crude birth rate (births per 1,000 population)","World Population Prospects",2024,"United Nations Population Division",703,"Slovakia","SK","SVK",73,"2022",4,"Median",3,"Both sexes",188,0,-1,"Total",0,"Not applicable",1,"Model-based Estimates",2,"Interpolation",9.639
55,"Crude birth rate","Crude birth rate (births per 1,000 population)","World Population Prospects",2024,"United Nations Population Division",703,"Slovakia","SK","SVK",74,"2023",4,"Median",3,"Both sexes",188,0,-1,"Total",0,"Not applicable",1,"Model-based Estimates",2,"Interpolation",9.473
55,"Crude birth rate","Crude birth rate (births per 1,000 population)","World Population Prospects",2024,"United Nations Population Division",703,"Slovakia","SK","SVK",75,"2024",4,"Median",3,"Both sexes",188,0,-1,"Total",0,"Not applicable",1,"Model-based Estimates",3,"Projection",9.283
55,"Crude birth rate","Crude birth rate (births per 1,000 population)","World Population Prospects",2024,"United Nations Population Division",703,"Slovakia","SK","SVK",76,"2025",4,"Median",3,"Both sexes",188,0,-1,"Total",0,"Not applicable",1,"Model-based Estimates",3,"Projection",9.065
55,"Crude birth rate","Crude birth rate (births per 1,000 population)","World Population Prospects",2024,"United Nations Population Division",703,"Slovakia","SK","SVK",77,"2026",4,"Median",3,"Both sexes",188,0,-1,"Total",0,"Not applicable",1,"Model-based Estimates",3,"Projection",8.791
55,"Crude birth rate","Crude birth rate (births per 1,000 population)","World Population Prospects",2024,"United Nations Population Division",703,"Slovakia","SK","SVK",78,"2027",4,"Median",3,"Both sexes",188,0,-1,"Total",0,"Not applicable",1,"Model-based Estimates",3,"Projection",8.623
55,"Crude birth rate","Crude birth rate (births per 1,000 population)","World Population Prospects",2024,"United Nations Population Division",703,"Slovakia","SK","SVK",79,"2028",4,"Median",3,"Both sexes",188,0,-1,"Total",0,"Not applicable",1,"Model-based Estimates",3,"Projection",8.482
55,"Crude birth rate","Crude birth rate (births per 1,000 population)","World Population Prospects",2024,"United Nations Population Division",703,"Slovakia","SK","SVK",80,"2029",4,"Median",3,"Both sexes",188,0,-1,"Total",0,"Not applicable",1,"Model-based Estimates",3,"Projection",8.349
55,"Crude birth rate","Crude birth rate (births per 1,000 population)","World Population Prospects",2024,"United Nations Population Division",703,"Slovakia","SK","SVK",81,"2030",4,"Median",3,"Both sexes",188,0,-1,"Total",0,"Not applicable",1,"Model-based Estimates",3,"Projection",8.236
55,"Crude birth rate","Crude birth rate (births per 1,000 population)","World Population Prospects",2024,"United Nations Population Division",703,"Slovakia","SK","SVK",82,"2031",4,"Median",3,"Both sexes",188,0,-1,"Total",0,"Not applicable",1,"Model-based Estimates",3,"Projection",8.151
55,"Crude birth rate","Crude birth rate (births per 1,000 population)","World Population Prospects",2024,"United Nations Population Division",703,"Slovakia","SK","SVK",83,"2032",4,"Median",3,"Both sexes",188,0,-1,"Total",0,"Not applicable",1,"Model-based Estimates",3,"Projection",8.097
55,"Crude birth rate","Crude birth rate (births per 1,000 population)","World Population Prospects",2024,"United Nations Population Division",703,"Slovakia","SK","SVK",84,"2033",4,"Median",3,"Both sexes",188,0,-1,"Total",0,"Not applicable",1,"Model-based Estimates",3,"Projection",8.069
55,"Crude birth rate","Crude birth rate (births per 1,000 population)","World Population Prospects",2024,"United Nations Population Division",703,"Slovakia","SK","SVK",85,"2034",4,"Median",3,"Both sexes",188,0,-1,"Total",0,"Not applicable",1,"Model-based Estimates",3,"Projection",8.058
55,"Crude birth rate","Crude birth rate (births per 1,000 population)","World Population Prospects",2024,"United Nations Population Division",703,"Slovakia","SK","SVK",86,"2035",4,"Median",3,"Both sexes",188,0,-1,"Total",0,"Not applicable",1,"Model-based Estimates",3,"Projection",8.065
55,"Crude birth rate","Crude birth rate (births per 1,000 population)","World Population Prospects",2024,"United Nations Population Division",703,"Slovakia","SK","SVK",87,"2036",4,"Median",3,"Both sexes",188,0,-1,"Total",0,"Not applicable",1,"Model-based Estimates",3,"Projection",8.091
55,"Crude birth rate","Crude birth rate (births per 1,000 population)","World Population Prospects",2024,"United Nations Population Division",703,"Slovakia","SK","SVK",88,"2037",4,"Median",3,"Both sexes",188,0,-1,"Total",0,"Not applicable",1,"Model-based Estimates",3,"Projection",8.147
55,"Crude birth rate","Crude birth rate (births per 1,000 population)","World Population Prospects",2024,"United Nations Population Division",703,"Slovakia","SK","SVK",89,"2038",4,"Median",3,"Both sexes",188,0,-1,"Total",0,"Not applicable",1,"Model-based Estimates",3,"Projection",8.211
55,"Crude birth rate","Crude birth rate (births per 1,000 population)","World Population Prospects",2024,"United Nations Population Division",703,"Slovakia","SK","SVK",90,"2039",4,"Median",3,"Both sexes",188,0,-1,"Total",0,"Not applicable",1,"Model-based Estimates",3,"Projection",8.279
55,"Crude birth rate","Crude birth rate (births per 1,000 population)","World Population Prospects",2024,"United Nations Population Division",703,"Slovakia","SK","SVK",91,"2040",4,"Median",3,"Both sexes",188,0,-1,"Total",0,"Not applicable",1,"Model-based Estimates",3,"Projection",8.343
55,"Crude birth rate","Crude birth rate (births per 1,000 population)","World Population Prospects",2024,"United Nations Population Division",703,"Slovakia","SK","SVK",92,"2041",4,"Median",3,"Both sexes",188,0,-1,"Total",0,"Not applicable",1,"Model-based Estimates",3,"Projection",8.41
55,"Crude birth rate","Crude birth rate (births per 1,000 population)","World Population Prospects",2024,"United Nations Population Division",703,"Slovakia","SK","SVK",93,"2042",4,"Median",3,"Both sexes",188,0,-1,"Total",0,"Not applicable",1,"Model-based Estimates",3,"Projection",8.487
55,"Crude birth rate","Crude birth rate (births per 1,000 population)","World Population Prospects",2024,"United Nations Population Division",703,"Slovakia","SK","SVK",94,"2043",4,"Median",3,"Both sexes",188,0,-1,"Total",0,"Not applicable",1,"Model-based Estimates",3,"Projection",8.543
55,"Crude birth rate","Crude birth rate (births per 1,000 population)","World Population Prospects",2024,"United Nations Population Division",703,"Slovakia","SK","SVK",95,"2044",4,"Median",3,"Both sexes",188,0,-1,"Total",0,"Not applicable",1,"Model-based Estimates",3,"Projection",8.609
55,"Crude birth rate","Crude birth rate (births per 1,000 population)","World Population Prospects",2024,"United Nations Population Division",703,"Slovakia","SK","SVK",96,"2045",4,"Median",3,"Both sexes",188,0,-1,"Total",0,"Not applicable",1,"Model-based Estimates",3,"Projection",8.652
55,"Crude birth rate","Crude birth rate (births per 1,000 population)","World Population Prospects",2024,"United Nations Population Division",703,"Slovakia","SK","SVK",97,"2046",4,"Median",3,"Both sexes",188,0,-1,"Total",0,"Not applicable",1,"Model-based Estimates",3,"Projection",8.678
55,"Crude birth rate","Crude birth rate (births per 1,000 population)","World Population Prospects",2024,"United Nations Population Division",703,"Slovakia","SK","SVK",98,"2047",4,"Median",3,"Both sexes",188,0,-1,"Total",0,"Not applicable",1,"Model-based Estimates",3,"Projection",8.679
55,"Crude birth rate","Crude birth rate (births per 1,000 population)","World Population Prospects",2024,"United Nations Population Division",703,"Slovakia","SK","SVK",99,"2048",4,"Median",3,"Both sexes",188,0,-1,"Total",0,"Not applicable",1,"Model-based Estimates",3,"Projection",8.667
55,"Crude birth rate","Crude birth rate (births per 1,000 population)","World Population Prospects",2024,"United Nations Population Division",703,"Slovakia","SK","SVK",100,"2049",4,"Median",3,"Both sexes",188,0,-1,"Total",0,"Not applicable",1,"Model-based Estimates",3,"Projection",8.64
55,"Crude birth rate","Crude birth rate (births per 1,000 population)","World Population Prospects",2024,"United Nations Population Division",703,"Slovakia","SK","SVK",101,"2050",4,"Median",3,"Both sexes",188,0,-1,"Total",0,"Not applicable",1,"Model-based Estimates",3,"Projection",8.594
55,"Crude birth rate","Crude birth rate (births per 1,000 population)","World Population Prospects",2024,"United Nations Population Division",703,"Slovakia","SK","SVK",102,"2051",4,"Median",3,"Both sexes",188,0,-1,"Total",0,"Not applicable",1,"Model-based Estimates",3,"Projection",8.522
55,"Crude birth rate","Crude birth rate (births per 1,000 population)","World Population Prospects",2024,"United Nations Population Division",703,"Slovakia","SK","SVK",103,"2052",4,"Median",3,"Both sexes",188,0,-1,"Total",0,"Not applicable",1,"Model-based Estimates",3,"Projection",8.446
55,"Crude birth rate","Crude birth rate (births per 1,000 population)","World Population Prospects",2024,"United Nations Population Division",703,"Slovakia","SK","SVK",104,"2053",4,"Median",3,"Both sexes",188,0,-1,"Total",0,"Not applicable",1,"Model-based Estimates",3,"Projection",8.358
55,"Crude birth rate","Crude birth rate (births per 1,000 population)","World Population Prospects",2024,"United Nations Population Division",703,"Slovakia","SK","SVK",105,"2054",4,"Median",3,"Both sexes",188,0,-1,"Total",0,"Not applicable",1,"Model-based Estimates",3,"Projection",8.261
55,"Crude birth rate","Crude birth rate (births per 1,000 population)","World Population Prospects",2024,"United Nations Population Division",703,"Slovakia","SK","SVK",106,"2055",4,"Median",3,"Both sexes",188,0,-1,"Total",0,"Not applicable",1,"Model-based Estimates",3,"Projection",8.149
55,"Crude birth rate","Crude birth rate (births per 1,000 population)","World Population Prospects",2024,"United Nations Population Division",703,"Slovakia","SK","SVK",107,"2056",4,"Median",3,"Both sexes",188,0,-1,"Total",0,"Not applicable",1,"Model-based Estimates",3,"Projection",8.044
55,"Crude birth rate","Crude birth rate (births per 1,000 population)","World Population Prospects",2024,"United Nations Population Division",703,"Slovakia","SK","SVK",108,"2057",4,"Median",3,"Both sexes",188,0,-1,"Total",0,"Not applicable",1,"Model-based Estimates",3,"Projection",7.942
55,"Crude birth rate","Crude birth rate (births per 1,000 population)","World Population Prospects",2024,"United Nations Population Division",703,"Slovakia","SK","SVK",109,"2058",4,"Median",3,"Both sexes",188,0,-1,"Total",0,"Not applicable",1,"Model-based Estimates",3,"Projection",7.842
55,"Crude birth rate","Crude birth rate (births per 1,000 population)","World Population Prospects",2024,"United Nations Population Division",703,"Slovakia","SK","SVK",110,"2059",4,"Median",3,"Both sexes",188,0,-1,"Total",0,"Not applicable",1,"Model-based Estimates",3,"Projection",7.761
55,"Crude birth rate","Crude birth rate (births per 1,000 population)","World Population Prospects",2024,"United Nations Population Division",703,"Slovakia","SK","SVK",111,"2060",4,"Median",3,"Both sexes",188,0,-1,"Total",0,"Not applicable",1,"Model-based Estimates",3,"Projection",7.698
55,"Crude birth rate","Crude birth rate (births per 1,000 population)","World Population Prospects",2024,"United Nations Population Division",703,"Slovakia","SK","SVK",112,"2061",4,"Median",3,"Both sexes",188,0,-1,"Total",0,"Not applicable",1,"Model-based Estimates",3,"Projection",7.647
55,"Crude birth rate","Crude birth rate (births per 1,000 population)","World Population Prospects",2024,"United Nations Population Division",703,"Slovakia","SK","SVK",113,"2062",4,"Median",3,"Both sexes",188,0,-1,"Total",0,"Not applicable",1,"Model-based Estimates",3,"Projection",7.603
55,"Crude birth rate","Crude birth rate (births per 1,000 population)","World Population Prospects",2024,"United Nations Population Division",703,"Slovakia","SK","SVK",114,"2063",4,"Median",3,"Both sexes",188,0,-1,"Total",0,"Not applicable",1,"Model-based Estimates",3,"Projection",7.581
55,"Crude birth rate","Crude birth rate (births per 1,000 population)","World Population Prospects",2024,"United Nations Population Division",703,"Slovakia","SK","SVK",115,"2064",4,"Median",3,"Both sexes",188,0,-1,"Total",0,"Not applicable",1,"Model-based Estimates",3,"Projection",7.581
55,"Crude birth rate","Crude birth rate (births per 1,000 population)","World Population Prospects",2024,"United Nations Population Division",703,"Slovakia","SK","SVK",116,"2065",4,"Median",3,"Both sexes",188,0,-1,"Total",0,"Not applicable",1,"Model-based Estimates",3,"Projection",7.594
55,"Crude birth rate","Crude birth rate (births per 1,000 population)","World Population Prospects",2024,"United Nations Population Division",703,"Slovakia","SK","SVK",117,"2066",4,"Median",3,"Both sexes",188,0,-1,"Total",0,"Not applicable",1,"Model-based Estimates",3,"Projection",7.611
55,"Crude birth rate","Crude birth rate (births per 1,000 population)","World Population Prospects",2024,"United Nations Population Division",703,"Slovakia","SK","SVK",118,"2067",4,"Median",3,"Both sexes",188,0,-1,"Total",0,"Not applicable",1,"Model-based Estimates",3,"Projection",7.641
55,"Crude birth rate","Crude birth rate (births per 1,000 population)","World Population Prospects",2024,"United Nations Population Division",703,"Slovakia","SK","SVK",119,"2068",4,"Median",3,"Both sexes",188,0,-1,"Total",0,"Not applicable",1,"Model-based Estimates",3,"Projection",7.682
55,"Crude birth rate","Crude birth rate (births per 1,000 population)","World Population Prospects",2024,"United Nations Population Division",703,"Slovakia","SK","SVK",120,"2069",4,"Median",3,"Both sexes",188,0,-1,"Total",0,"Not applicable",1,"Model-based Estimates",3,"Projection",7.739
55,"Crude birth rate","Crude birth rate (births per 1,000 population)","World Population Prospects",2024,"United Nations Population Division",703,"Slovakia","SK","SVK",121,"2070",4,"Median",3,"Both sexes",188,0,-1,"Total",0,"Not applicable",1,"Model-based Estimates",3,"Projection",7.801
55,"Crude birth rate","Crude birth rate (births per 1,000 population)","World Population Prospects",2024,"United Nations Population Division",703,"Slovakia","SK","SVK",122,"2071",4,"Median",3,"Both sexes",188,0,-1,"Total",0,"Not applicable",1,"Model-based Estimates",3,"Projection",7.857
55,"Crude birth rate","Crude birth rate (births per 1,000 population)","World Population Prospects",2024,"United Nations Population Division",703,"Slovakia","SK","SVK",123,"2072",4,"Median",3,"Both sexes",188,0,-1,"Total",0,"Not applicable",1,"Model-based Estimates",3,"Projection",7.922
55,"Crude birth rate","Crude birth rate (births per 1,000 population)","World Population Prospects",2024,"United Nations Population Division",703,"Slovakia","SK","SVK",124,"2073",4,"Median",3,"Both sexes",188,0,-1,"Total",0,"Not applicable",1,"Model-based Estimates",3,"Projection",7.988
55,"Crude birth rate","Crude birth rate (births per 1,000 population)","World Population Prospects",2024,"United Nations Population Division",703,"Slovakia","SK","SVK",125,"2074",4,"Median",3,"Both sexes",188,0,-1,"Total",0,"Not applicable",1,"Model-based Estimates",3,"Projection",8.059
55,"Crude birth rate","Crude birth rate (births per 1,000 population)","World Population Prospects",2024,"United Nations Population Division",703,"Slovakia","SK","SVK",126,"2075",4,"Median",3,"Both sexes",188,0,-1,"Total",0,"Not applicable",1,"Model-based Estimates",3,"Projection",8.107
55,"Crude birth rate","Crude birth rate (births per 1,000 population)","World Population Prospects",2024,"United Nations Population Division",703,"Slovakia","SK","SVK",127,"2076",4,"Median",3,"Both sexes",188,0,-1,"Total",0,"Not applicable",1,"Model-based Estimates",3,"Projection",8.149
55,"Crude birth rate","Crude birth rate (births per 1,000 population)","World Population Prospects",2024,"United Nations Population Division",703,"Slovakia","SK","SVK",128,"2077",4,"Median",3,"Both sexes",188,0,-1,"Total",0,"Not applicable",1,"Model-based Estimates",3,"Projection",8.19
55,"Crude birth rate","Crude birth rate (births per 1,000 population)","World Population Prospects",2024,"United Nations Population Division",703,"Slovakia","SK","SVK",129,"2078",4,"Median",3,"Both sexes",188,0,-1,"Total",0,"Not applicable",1,"Model-based Estimates",3,"Projection",8.217
55,"Crude birth rate","Crude birth rate (births per 1,000 population)","World Population Prospects",2024,"United Nations Population Division",703,"Slovakia","SK","SVK",130,"2079",4,"Median",3,"Both sexes",188,0,-1,"Total",0,"Not applicable",1,"Model-based Estimates",3,"Projection",8.225
55,"Crude birth rate","Crude birth rate (births per 1,000 population)","World Population Prospects",2024,"United Nations Population Division",703,"Slovakia","SK","SVK",131,"2080",4,"Median",3,"Both sexes",188,0,-1,"Total",0,"Not applicable",1,"Model-based Estimates",3,"Projection",8.23
55,"Crude birth rate","Crude birth rate (births per 1,000 population)","World Population Prospects",2024,"United Nations Population Division",703,"Slovakia","SK","SVK",132,"2081",4,"Median",3,"Both sexes",188,0,-1,"Total",0,"Not applicable",1,"Model-based Estimates",3,"Projection",8.224
55,"Crude birth rate","Crude birth rate (births per 1,000 population)","World Population Prospects",2024,"United Nations Population Division",703,"Slovakia","SK","SVK",133,"2082",4,"Median",3,"Both sexes",188,0,-1,"Total",0,"Not applicable",1,"Model-based Estimates",3,"Projection",8.206
55,"Crude birth rate","Crude birth rate (births per 1,000 population)","World Population Prospects",2024,"United Nations Population Division",703,"Slovakia","SK","SVK",134,"2083",4,"Median",3,"Both sexes",188,0,-1,"Total",0,"Not applicable",1,"Model-based Estimates",3,"Projection",8.172
55,"Crude birth rate","Crude birth rate (births per 1,000 population)","World Population Prospects",2024,"United Nations Population Division",703,"Slovakia","SK","SVK",135,"2084",4,"Median",3,"Both sexes",188,0,-1,"Total",0,"Not applicable",1,"Model-based Estimates",3,"Projection",8.133
55,"Crude birth rate","Crude birth rate (births per 1,000 population)","World Population Prospects",2024,"United Nations Population Division",703,"Slovakia","SK","SVK",136,"2085",4,"Median",3,"Both sexes",188,0,-1,"Total",0,"Not applicable",1,"Model-based Estimates",3,"Projection",8.086
55,"Crude birth rate","Crude birth rate (births per 1,000 population)","World Population Prospects",2024,"United Nations Population Division",703,"Slovakia","SK","SVK",137,"2086",4,"Median",3,"Both sexes",188,0,-1,"Total",0,"Not applicable",1,"Model-based Estimates",3,"Projection",8.036
55,"Crude birth rate","Crude birth rate (births per 1,000 population)","World Population Prospects",2024,"United Nations Population Division",703,"Slovakia","SK","SVK",138,"2087",4,"Median",3,"Both sexes",188,0,-1,"Total",0,"Not applicable",1,"Model-based Estimates",3,"Projection",7.986
55,"Crude birth rate","Crude birth rate (births per 1,000 population)","World Population Prospects",2024,"United Nations Population Division",703,"Slovakia","SK","SVK",139,"2088",4,"Median",3,"Both sexes",188,0,-1,"Total",0,"Not applicable",1,"Model-based Estimates",3,"Projection",7.93
55,"Crude birth rate","Crude birth rate (births per 1,000 population)","World Population Prospects",2024,"United Nations Population Division",703,"Slovakia","SK","SVK",140,"2089",4,"Median",3,"Both sexes",188,0,-1,"Total",0,"Not applicable",1,"Model-based Estimates",3,"Projection",7.859
55,"Crude birth rate","Crude birth rate (births per 1,000 population)","World Population Prospects",2024,"United Nations Population Division",703,"Slovakia","SK","SVK",141,"2090",4,"Median",3,"Both sexes",188,0,-1,"Total",0,"Not applicable",1,"Model-based Estimates",3,"Projection",7.806
55,"Crude birth rate","Crude birth rate (births per 1,000 population)","World Population Prospects",2024,"United Nations Population Division",703,"Slovakia","SK","SVK",142,"2091",4,"Median",3,"Both sexes",188,0,-1,"Total",0,"Not applicable",1,"Model-based Estimates",3,"Projection",7.757
55,"Crude birth rate","Crude birth rate (births per 1,000 population)","World Population Prospects",2024,"United Nations Population Division",703,"Slovakia","SK","SVK",143,"2092",4,"Median",3,"Both sexes",188,0,-1,"Total",0,"Not applicable",1,"Model-based Estimates",3,"Projection",7.711
55,"Crude birth rate","Crude birth rate (births per 1,000 population)","World Population Prospects",2024,"United Nations Population Division",703,"Slovakia","SK","SVK",144,"2093",4,"Median",3,"Both sexes",188,0,-1,"Total",0,"Not applicable",1,"Model-based Estimates",3,"Projection",7.662
55,"Crude birth rate","Crude birth rate (births per 1,000 population)","World Population Prospects",2024,"United Nations Population Division",703,"Slovakia","SK","SVK",145,"2094",4,"Median",3,"Both sexes",188,0,-1,"Total",0,"Not applicable",1,"Model-based Estimates",3,"Projection",7.624
55,"Crude birth rate","Crude birth rate (births per 1,000 population)","World Population Prospects",2024,"United Nations Population Division",703,"Slovakia","SK","SVK",146,"2095",4,"Median",3,"Both sexes",188,0,-1,"Total",0,"Not applicable",1,"Model-based Estimates",3,"Projection",7.6
55,"Crude birth rate","Crude birth rate (births per 1,000 population)","World Population Prospects",2024,"United Nations Population Division",703,"Slovakia","SK","SVK",147,"2096",4,"Median",3,"Both sexes",188,0,-1,"Total",0,"Not applicable",1,"Model-based Estimates",3,"Projection",7.596
55,"Crude birth rate","Crude birth rate (births per 1,000 population)","World Population Prospects",2024,"United Nations Population Division",703,"Slovakia","SK","SVK",148,"2097",4,"Median",3,"Both sexes",188,0,-1,"Total",0,"Not applicable",1,"Model-based Estimates",3,"Projection",7.584
55,"Crude birth rate","Crude birth rate (births per 1,000 population)","World Population Prospects",2024,"United Nations Population Division",703,"Slovakia","SK","SVK",149,"2098",4,"Median",3,"Both sexes",188,0,-1,"Total",0,"Not applicable",1,"Model-based Estimates",3,"Projection",7.575
55,"Crude birth rate","Crude birth rate (births per 1,000 population)","World Population Prospects",2024,"United Nations Population Division",703,"Slovakia","SK","SVK",150,"2099",4,"Median",3,"Both sexes",188,0,-1,"Total",0,"Not applicable",1,"Model-based Estimates",3,"Projection",7.585
55,"Crude birth rate","Crude birth rate (births per 1,000 population)","World Population Prospects",2024,"United Nations Population Division",703,"Slovakia","SK","SVK",151,"2100",4,"Median",3,"Both sexes",188,0,-1,"Total",0,"Not applicable",1,"Model-based Estimates",3,"Projection",7.596
55,"Crude birth rate","Crude birth rate (births per 1,000 population)","World Population Prospects",2024,"United Nations Population Division",705,"Slovenia","SI","SVN",41,"1990",4,"Median",3,"Both sexes",188,0,-1,"Total",0,"Not applicable",1,"Model-based Estimates",2,"Interpolation",11.177
55,"Crude birth rate","Crude birth rate (births per 1,000 population)","World Population Prospects",2024,"United Nations Population Division",705,"Slovenia","SI","SVN",42,"1991",4,"Median",3,"Both sexes",188,0,-1,"Total",0,"Not applicable",1,"Model-based Estimates",2,"Interpolation",10.806
55,"Crude birth rate","Crude birth rate (births per 1,000 population)","World Population Prospects",2024,"United Nations Population Division",705,"Slovenia","SI","SVN",43,"1992",4,"Median",3,"Both sexes",188,0,-1,"Total",0,"Not applicable",1,"Model-based Estimates",2,"Interpolation",10.047
55,"Crude birth rate","Crude birth rate (births per 1,000 population)","World Population Prospects",2024,"United Nations Population Division",705,"Slovenia","SI","SVN",44,"1993",4,"Median",3,"Both sexes",188,0,-1,"Total",0,"Not applicable",1,"Model-based Estimates",2,"Interpolation",9.928
55,"Crude birth rate","Crude birth rate (births per 1,000 population)","World Population Prospects",2024,"United Nations Population Division",705,"Slovenia","SI","SVN",45,"1994",4,"Median",3,"Both sexes",188,0,-1,"Total",0,"Not applicable",1,"Model-based Estimates",2,"Interpolation",9.751
55,"Crude birth rate","Crude birth rate (births per 1,000 population)","World Population Prospects",2024,"United Nations Population Division",705,"Slovenia","SI","SVN",46,"1995",4,"Median",3,"Both sexes",188,0,-1,"Total",0,"Not applicable",1,"Model-based Estimates",2,"Interpolation",9.498
55,"Crude birth rate","Crude birth rate (births per 1,000 population)","World Population Prospects",2024,"United Nations Population Division",705,"Slovenia","SI","SVN",47,"1996",4,"Median",3,"Both sexes",188,0,-1,"Total",0,"Not applicable",1,"Model-based Estimates",2,"Interpolation",9.438
55,"Crude birth rate","Crude birth rate (births per 1,000 population)","World Population Prospects",2024,"United Nations Population Division",705,"Slovenia","SI","SVN",48,"1997",4,"Median",3,"Both sexes",188,0,-1,"Total",0,"Not applicable",1,"Model-based Estimates",2,"Interpolation",9.144
55,"Crude birth rate","Crude birth rate (births per 1,000 population)","World Population Prospects",2024,"United Nations Population Division",705,"Slovenia","SI","SVN",49,"1998",4,"Median",3,"Both sexes",188,0,-1,"Total",0,"Not applicable",1,"Model-based Estimates",2,"Interpolation",9.004
55,"Crude birth rate","Crude birth rate (births per 1,000 population)","World Population Prospects",2024,"United Nations Population Division",705,"Slovenia","SI","SVN",50,"1999",4,"Median",3,"Both sexes",188,0,-1,"Total",0,"Not applicable",1,"Model-based Estimates",2,"Interpolation",8.816
55,"Crude birth rate","Crude birth rate (births per 1,000 population)","World Population Prospects",2024,"United Nations Population Division",705,"Slovenia","SI","SVN",51,"2000",4,"Median",3,"Both sexes",188,0,-1,"Total",0,"Not applicable",1,"Model-based Estimates",2,"Interpolation",9.107
55,"Crude birth rate","Crude birth rate (births per 1,000 population)","World Population Prospects",2024,"United Nations Population Division",705,"Slovenia","SI","SVN",52,"2001",4,"Median",3,"Both sexes",188,0,-1,"Total",0,"Not applicable",1,"Model-based Estimates",2,"Interpolation",8.755
55,"Crude birth rate","Crude birth rate (births per 1,000 population)","World Population Prospects",2024,"United Nations Population Division",705,"Slovenia","SI","SVN",53,"2002",4,"Median",3,"Both sexes",188,0,-1,"Total",0,"Not applicable",1,"Model-based Estimates",2,"Interpolation",8.771
55,"Crude birth rate","Crude birth rate (births per 1,000 population)","World Population Prospects",2024,"United Nations Population Division",705,"Slovenia","SI","SVN",54,"2003",4,"Median",3,"Both sexes",188,0,-1,"Total",0,"Not applicable",1,"Model-based Estimates",2,"Interpolation",8.698
55,"Crude birth rate","Crude birth rate (births per 1,000 population)","World Population Prospects",2024,"United Nations Population Division",705,"Slovenia","SI","SVN",55,"2004",4,"Median",3,"Both sexes",188,0,-1,"Total",0,"Not applicable",1,"Model-based Estimates",2,"Interpolation",9.013
55,"Crude birth rate","Crude birth rate (births per 1,000 population)","World Population Prospects",2024,"United Nations Population Division",705,"Slovenia","SI","SVN",56,"2005",4,"Median",3,"Both sexes",188,0,-1,"Total",0,"Not applicable",1,"Model-based Estimates",2,"Interpolation",9.089
55,"Crude birth rate","Crude birth rate (births per 1,000 population)","World Population Prospects",2024,"United Nations Population Division",705,"Slovenia","SI","SVN",57,"2006",4,"Median",3,"Both sexes",188,0,-1,"Total",0,"Not applicable",1,"Model-based Estimates",2,"Interpolation",9.455
55,"Crude birth rate","Crude birth rate (births per 1,000 population)","World Population Prospects",2024,"United Nations Population Division",705,"Slovenia","SI","SVN",58,"2007",4,"Median",3,"Both sexes",188,0,-1,"Total",0,"Not applicable",1,"Model-based Estimates",2,"Interpolation",9.864
55,"Crude birth rate","Crude birth rate (births per 1,000 population)","World Population Prospects",2024,"United Nations Population Division",705,"Slovenia","SI","SVN",59,"2008",4,"Median",3,"Both sexes",188,0,-1,"Total",0,"Not applicable",1,"Model-based Estimates",2,"Interpolation",10.786
55,"Crude birth rate","Crude birth rate (births per 1,000 population)","World Population Prospects",2024,"United Nations Population Division",705,"Slovenia","SI","SVN",60,"2009",4,"Median",3,"Both sexes",188,0,-1,"Total",0,"Not applicable",1,"Model-based Estimates",2,"Interpolation",10.734
55,"Crude birth rate","Crude birth rate (births per 1,000 population)","World Population Prospects",2024,"United Nations Population Division",705,"Slovenia","SI","SVN",61,"2010",4,"Median",3,"Both sexes",188,0,-1,"Total",0,"Not applicable",1,"Model-based Estimates",2,"Interpolation",10.942
55,"Crude birth rate","Crude birth rate (births per 1,000 population)","World Population Prospects",2024,"United Nations Population Division",705,"Slovenia","SI","SVN",62,"2011",4,"Median",3,"Both sexes",188,0,-1,"Total",0,"Not applicable",1,"Model-based Estimates",2,"Interpolation",10.747
55,"Crude birth rate","Crude birth rate (births per 1,000 population)","World Population Prospects",2024,"United Nations Population Division",705,"Slovenia","SI","SVN",63,"2012",4,"Median",3,"Both sexes",188,0,-1,"Total",0,"Not applicable",1,"Model-based Estimates",2,"Interpolation",10.709
55,"Crude birth rate","Crude birth rate (births per 1,000 population)","World Population Prospects",2024,"United Nations Population Division",705,"Slovenia","SI","SVN",64,"2013",4,"Median",3,"Both sexes",188,0,-1,"Total",0,"Not applicable",1,"Model-based Estimates",2,"Interpolation",10.305
55,"Crude birth rate","Crude birth rate (births per 1,000 population)","World Population Prospects",2024,"United Nations Population Division",705,"Slovenia","SI","SVN",65,"2014",4,"Median",3,"Both sexes",188,0,-1,"Total",0,"Not applicable",1,"Model-based Estimates",2,"Interpolation",10.302
55,"Crude birth rate","Crude birth rate (births per 1,000 population)","World Population Prospects",2024,"United Nations Population Division",705,"Slovenia","SI","SVN",66,"2015",4,"Median",3,"Both sexes",188,0,-1,"Total",0,"Not applicable",1,"Model-based Estimates",2,"Interpolation",10.046
55,"Crude birth rate","Crude birth rate (births per 1,000 population)","World Population Prospects",2024,"United Nations Population Division",705,"Slovenia","SI","SVN",67,"2016",4,"Median",3,"Both sexes",188,0,-1,"Total",0,"Not applicable",1,"Model-based Estimates",2,"Interpolation",9.893
55,"Crude birth rate","Crude birth rate (births per 1,000 population)","World Population Prospects",2024,"United Nations Population Division",705,"Slovenia","SI","SVN",68,"2017",4,"Median",3,"Both sexes",188,0,-1,"Total",0,"Not applicable",1,"Model-based Estimates",2,"Interpolation",9.837
55,"Crude birth rate","Crude birth rate (births per 1,000 population)","World Population Prospects",2024,"United Nations Population Division",705,"Slovenia","SI","SVN",69,"2018",4,"Median",3,"Both sexes",188,0,-1,"Total",0,"Not applicable",1,"Model-based Estimates",2,"Interpolation",9.439
55,"Crude birth rate","Crude birth rate (births per 1,000 population)","World Population Prospects",2024,"United Nations Population Division",705,"Slovenia","SI","SVN",70,"2019",4,"Median",3,"Both sexes",188,0,-1,"Total",0,"Not applicable",1,"Model-based Estimates",2,"Interpolation",9.235
55,"Crude birth rate","Crude birth rate (births per 1,000 population)","World Population Prospects",2024,"United Nations Population Division",705,"Slovenia","SI","SVN",71,"2020",4,"Median",3,"Both sexes",188,0,-1,"Total",0,"Not applicable",1,"Model-based Estimates",2,"Interpolation",8.874
55,"Crude birth rate","Crude birth rate (births per 1,000 population)","World Population Prospects",2024,"United Nations Population Division",705,"Slovenia","SI","SVN",72,"2021",4,"Median",3,"Both sexes",188,0,-1,"Total",0,"Not applicable",1,"Model-based Estimates",2,"Interpolation",9.178
55,"Crude birth rate","Crude birth rate (births per 1,000 population)","World Population Prospects",2024,"United Nations Population Division",705,"Slovenia","SI","SVN",73,"2022",4,"Median",3,"Both sexes",188,0,-1,"Total",0,"Not applicable",1,"Model-based Estimates",2,"Interpolation",8.587
55,"Crude birth rate","Crude birth rate (births per 1,000 population)","World Population Prospects",2024,"United Nations Population Division",705,"Slovenia","SI","SVN",74,"2023",4,"Median",3,"Both sexes",188,0,-1,"Total",0,"Not applicable",1,"Model-based Estimates",2,"Interpolation",8.451
55,"Crude birth rate","Crude birth rate (births per 1,000 population)","World Population Prospects",2024,"United Nations Population Division",705,"Slovenia","SI","SVN",75,"2024",4,"Median",3,"Both sexes",188,0,-1,"Total",0,"Not applicable",1,"Model-based Estimates",3,"Projection",8.29
55,"Crude birth rate","Crude birth rate (births per 1,000 population)","World Population Prospects",2024,"United Nations Population Division",705,"Slovenia","SI","SVN",76,"2025",4,"Median",3,"Both sexes",188,0,-1,"Total",0,"Not applicable",1,"Model-based Estimates",3,"Projection",8.129
55,"Crude birth rate","Crude birth rate (births per 1,000 population)","World Population Prospects",2024,"United Nations Population Division",705,"Slovenia","SI","SVN",77,"2026",4,"Median",3,"Both sexes",188,0,-1,"Total",0,"Not applicable",1,"Model-based Estimates",3,"Projection",7.991
55,"Crude birth rate","Crude birth rate (births per 1,000 population)","World Population Prospects",2024,"United Nations Population Division",705,"Slovenia","SI","SVN",78,"2027",4,"Median",3,"Both sexes",188,0,-1,"Total",0,"Not applicable",1,"Model-based Estimates",3,"Projection",7.875
55,"Crude birth rate","Crude birth rate (births per 1,000 population)","World Population Prospects",2024,"United Nations Population Division",705,"Slovenia","SI","SVN",79,"2028",4,"Median",3,"Both sexes",188,0,-1,"Total",0,"Not applicable",1,"Model-based Estimates",3,"Projection",7.797
55,"Crude birth rate","Crude birth rate (births per 1,000 population)","World Population Prospects",2024,"United Nations Population Division",705,"Slovenia","SI","SVN",80,"2029",4,"Median",3,"Both sexes",188,0,-1,"Total",0,"Not applicable",1,"Model-based Estimates",3,"Projection",7.743
55,"Crude birth rate","Crude birth rate (births per 1,000 population)","World Population Prospects",2024,"United Nations Population Division",705,"Slovenia","SI","SVN",81,"2030",4,"Median",3,"Both sexes",188,0,-1,"Total",0,"Not applicable",1,"Model-based Estimates",3,"Projection",7.745
55,"Crude birth rate","Crude birth rate (births per 1,000 population)","World Population Prospects",2024,"United Nations Population Division",705,"Slovenia","SI","SVN",82,"2031",4,"Median",3,"Both sexes",188,0,-1,"Total",0,"Not applicable",1,"Model-based Estimates",3,"Projection",7.763
55,"Crude birth rate","Crude birth rate (births per 1,000 population)","World Population Prospects",2024,"United Nations Population Division",705,"Slovenia","SI","SVN",83,"2032",4,"Median",3,"Both sexes",188,0,-1,"Total",0,"Not applicable",1,"Model-based Estimates",3,"Projection",7.815
55,"Crude birth rate","Crude birth rate (births per 1,000 population)","World Population Prospects",2024,"United Nations Population Division",705,"Slovenia","SI","SVN",84,"2033",4,"Median",3,"Both sexes",188,0,-1,"Total",0,"Not applicable",1,"Model-based Estimates",3,"Projection",7.898
55,"Crude birth rate","Crude birth rate (births per 1,000 population)","World Population Prospects",2024,"United Nations Population Division",705,"Slovenia","SI","SVN",85,"2034",4,"Median",3,"Both sexes",188,0,-1,"Total",0,"Not applicable",1,"Model-based Estimates",3,"Projection",7.999
55,"Crude birth rate","Crude birth rate (births per 1,000 population)","World Population Prospects",2024,"United Nations Population Division",705,"Slovenia","SI","SVN",86,"2035",4,"Median",3,"Both sexes",188,0,-1,"Total",0,"Not applicable",1,"Model-based Estimates",3,"Projection",8.123
55,"Crude birth rate","Crude birth rate (births per 1,000 population)","World Population Prospects",2024,"United Nations Population Division",705,"Slovenia","SI","SVN",87,"2036",4,"Median",3,"Both sexes",188,0,-1,"Total",0,"Not applicable",1,"Model-based Estimates",3,"Projection",8.249
55,"Crude birth rate","Crude birth rate (births per 1,000 population)","World Population Prospects",2024,"United Nations Population Division",705,"Slovenia","SI","SVN",88,"2037",4,"Median",3,"Both sexes",188,0,-1,"Total",0,"Not applicable",1,"Model-based Estimates",3,"Projection",8.372
55,"Crude birth rate","Crude birth rate (births per 1,000 population)","World Population Prospects",2024,"United Nations Population Division",705,"Slovenia","SI","SVN",89,"2038",4,"Median",3,"Both sexes",188,0,-1,"Total",0,"Not applicable",1,"Model-based Estimates",3,"Projection",8.492
55,"Crude birth rate","Crude birth rate (births per 1,000 population)","World Population Prospects",2024,"United Nations Population Division",705,"Slovenia","SI","SVN",90,"2039",4,"Median",3,"Both sexes",188,0,-1,"Total",0,"Not applicable",1,"Model-based Estimates",3,"Projection",8.609
55,"Crude birth rate","Crude birth rate (births per 1,000 population)","World Population Prospects",2024,"United Nations Population Division",705,"Slovenia","SI","SVN",91,"2040",4,"Median",3,"Both sexes",188,0,-1,"Total",0,"Not applicable",1,"Model-based Estimates",3,"Projection",8.7
55,"Crude birth rate","Crude birth rate (births per 1,000 population)","World Population Prospects",2024,"United Nations Population Division",705,"Slovenia","SI","SVN",92,"2041",4,"Median",3,"Both sexes",188,0,-1,"Total",0,"Not applicable",1,"Model-based Estimates",3,"Projection",8.779
55,"Crude birth rate","Crude birth rate (births per 1,000 population)","World Population Prospects",2024,"United Nations Population Division",705,"Slovenia","SI","SVN",93,"2042",4,"Median",3,"Both sexes",188,0,-1,"Total",0,"Not applicable",1,"Model-based Estimates",3,"Projection",8.832
55,"Crude birth rate","Crude birth rate (births per 1,000 population)","World Population Prospects",2024,"United Nations Population Division",705,"Slovenia","SI","SVN",94,"2043",4,"Median",3,"Both sexes",188,0,-1,"Total",0,"Not applicable",1,"Model-based Estimates",3,"Projection",8.876
55,"Crude birth rate","Crude birth rate (births per 1,000 population)","World Population Prospects",2024,"United Nations Population Division",705,"Slovenia","SI","SVN",95,"2044",4,"Median",3,"Both sexes",188,0,-1,"Total",0,"Not applicable",1,"Model-based Estimates",3,"Projection",8.89
55,"Crude birth rate","Crude birth rate (births per 1,000 population)","World Population Prospects",2024,"United Nations Population Division",705,"Slovenia","SI","SVN",96,"2045",4,"Median",3,"Both sexes",188,0,-1,"Total",0,"Not applicable",1,"Model-based Estimates",3,"Projection",8.892
55,"Crude birth rate","Crude birth rate (births per 1,000 population)","World Population Prospects",2024,"United Nations Population Division",705,"Slovenia","SI","SVN",97,"2046",4,"Median",3,"Both sexes",188,0,-1,"Total",0,"Not applicable",1,"Model-based Estimates",3,"Projection",8.859
55,"Crude birth rate","Crude birth rate (births per 1,000 population)","World Population Prospects",2024,"United Nations Population Division",705,"Slovenia","SI","SVN",98,"2047",4,"Median",3,"Both sexes",188,0,-1,"Total",0,"Not applicable",1,"Model-based Estimates",3,"Projection",8.805
55,"Crude birth rate","Crude birth rate (births per 1,000 population)","World Population Prospects",2024,"United Nations Population Division",705,"Slovenia","SI","SVN",99,"2048",4,"Median",3,"Both sexes",188,0,-1,"Total",0,"Not applicable",1,"Model-based Estimates",3,"Projection",8.737
55,"Crude birth rate","Crude birth rate (births per 1,000 population)","World Population Prospects",2024,"United Nations Population Division",705,"Slovenia","SI","SVN",100,"2049",4,"Median",3,"Both sexes",188,0,-1,"Total",0,"Not applicable",1,"Model-based Estimates",3,"Projection",8.652
55,"Crude birth rate","Crude birth rate (births per 1,000 population)","World Population Prospects",2024,"United Nations Population Division",705,"Slovenia","SI","SVN",101,"2050",4,"Median",3,"Both sexes",188,0,-1,"Total",0,"Not applicable",1,"Model-based Estimates",3,"Projection",8.561
55,"Crude birth rate","Crude birth rate (births per 1,000 population)","World Population Prospects",2024,"United Nations Population Division",705,"Slovenia","SI","SVN",102,"2051",4,"Median",3,"Both sexes",188,0,-1,"Total",0,"Not applicable",1,"Model-based Estimates",3,"Projection",8.471
55,"Crude birth rate","Crude birth rate (births per 1,000 population)","World Population Prospects",2024,"United Nations Population Division",705,"Slovenia","SI","SVN",103,"2052",4,"Median",3,"Both sexes",188,0,-1,"Total",0,"Not applicable",1,"Model-based Estimates",3,"Projection",8.38
55,"Crude birth rate","Crude birth rate (births per 1,000 population)","World Population Prospects",2024,"United Nations Population Division",705,"Slovenia","SI","SVN",104,"2053",4,"Median",3,"Both sexes",188,0,-1,"Total",0,"Not applicable",1,"Model-based Estimates",3,"Projection",8.282
55,"Crude birth rate","Crude birth rate (births per 1,000 population)","World Population Prospects",2024,"United Nations Population Division",705,"Slovenia","SI","SVN",105,"2054",4,"Median",3,"Both sexes",188,0,-1,"Total",0,"Not applicable",1,"Model-based Estimates",3,"Projection",8.191
55,"Crude birth rate","Crude birth rate (births per 1,000 population)","World Population Prospects",2024,"United Nations Population Division",705,"Slovenia","SI","SVN",106,"2055",4,"Median",3,"Both sexes",188,0,-1,"Total",0,"Not applicable",1,"Model-based Estimates",3,"Projection",8.101
55,"Crude birth rate","Crude birth rate (births per 1,000 population)","World Population Prospects",2024,"United Nations Population Division",705,"Slovenia","SI","SVN",107,"2056",4,"Median",3,"Both sexes",188,0,-1,"Total",0,"Not applicable",1,"Model-based Estimates",3,"Projection",8.017
55,"Crude birth rate","Crude birth rate (births per 1,000 population)","World Population Prospects",2024,"United Nations Population Division",705,"Slovenia","SI","SVN",108,"2057",4,"Median",3,"Both sexes",188,0,-1,"Total",0,"Not applicable",1,"Model-based Estimates",3,"Projection",7.953
55,"Crude birth rate","Crude birth rate (births per 1,000 population)","World Population Prospects",2024,"United Nations Population Division",705,"Slovenia","SI","SVN",109,"2058",4,"Median",3,"Both sexes",188,0,-1,"Total",0,"Not applicable",1,"Model-based Estimates",3,"Projection",7.905
55,"Crude birth rate","Crude birth rate (births per 1,000 population)","World Population Prospects",2024,"United Nations Population Division",705,"Slovenia","SI","SVN",110,"2059",4,"Median",3,"Both sexes",188,0,-1,"Total",0,"Not applicable",1,"Model-based Estimates",3,"Projection",7.883
55,"Crude birth rate","Crude birth rate (births per 1,000 population)","World Population Prospects",2024,"United Nations Population Division",705,"Slovenia","SI","SVN",111,"2060",4,"Median",3,"Both sexes",188,0,-1,"Total",0,"Not applicable",1,"Model-based Estimates",3,"Projection",7.872
55,"Crude birth rate","Crude birth rate (births per 1,000 population)","World Population Prospects",2024,"United Nations Population Division",705,"Slovenia","SI","SVN",112,"2061",4,"Median",3,"Both sexes",188,0,-1,"Total",0,"Not applicable",1,"Model-based Estimates",3,"Projection",7.868
55,"Crude birth rate","Crude birth rate (births per 1,000 population)","World Population Prospects",2024,"United Nations Population Division",705,"Slovenia","SI","SVN",113,"2062",4,"Median",3,"Both sexes",188,0,-1,"Total",0,"Not applicable",1,"Model-based Estimates",3,"Projection",7.888
55,"Crude birth rate","Crude birth rate (births per 1,000 population)","World Population Prospects",2024,"United Nations Population Division",705,"Slovenia","SI","SVN",114,"2063",4,"Median",3,"Both sexes",188,0,-1,"Total",0,"Not applicable",1,"Model-based Estimates",3,"Projection",7.924
55,"Crude birth rate","Crude birth rate (births per 1,000 population)","World Population Prospects",2024,"United Nations Population Division",705,"Slovenia","SI","SVN",115,"2064",4,"Median",3,"Both sexes",188,0,-1,"Total",0,"Not applicable",1,"Model-based Estimates",3,"Projection",7.975
55,"Crude birth rate","Crude birth rate (births per 1,000 population)","World Population Prospects",2024,"United Nations Population Division",705,"Slovenia","SI","SVN",116,"2065",4,"Median",3,"Both sexes",188,0,-1,"Total",0,"Not applicable",1,"Model-based Estimates",3,"Projection",8.03
55,"Crude birth rate","Crude birth rate (births per 1,000 population)","World Population Prospects",2024,"United Nations Population Division",705,"Slovenia","SI","SVN",117,"2066",4,"Median",3,"Both sexes",188,0,-1,"Total",0,"Not applicable",1,"Model-based Estimates",3,"Projection",8.099
55,"Crude birth rate","Crude birth rate (births per 1,000 population)","World Population Prospects",2024,"United Nations Population Division",705,"Slovenia","SI","SVN",118,"2067",4,"Median",3,"Both sexes",188,0,-1,"Total",0,"Not applicable",1,"Model-based Estimates",3,"Projection",8.164
55,"Crude birth rate","Crude birth rate (births per 1,000 population)","World Population Prospects",2024,"United Nations Population Division",705,"Slovenia","SI","SVN",119,"2068",4,"Median",3,"Both sexes",188,0,-1,"Total",0,"Not applicable",1,"Model-based Estimates",3,"Projection",8.246
55,"Crude birth rate","Crude birth rate (births per 1,000 population)","World Population Prospects",2024,"United Nations Population Division",705,"Slovenia","SI","SVN",120,"2069",4,"Median",3,"Both sexes",188,0,-1,"Total",0,"Not applicable",1,"Model-based Estimates",3,"Projection",8.323
55,"Crude birth rate","Crude birth rate (births per 1,000 population)","World Population Prospects",2024,"United Nations Population Division",705,"Slovenia","SI","SVN",121,"2070",4,"Median",3,"Both sexes",188,0,-1,"Total",0,"Not applicable",1,"Model-based Estimates",3,"Projection",8.397
55,"Crude birth rate","Crude birth rate (births per 1,000 population)","World Population Prospects",2024,"United Nations Population Division",705,"Slovenia","SI","SVN",122,"2071",4,"Median",3,"Both sexes",188,0,-1,"Total",0,"Not applicable",1,"Model-based Estimates",3,"Projection",8.472
55,"Crude birth rate","Crude birth rate (births per 1,000 population)","World Population Prospects",2024,"United Nations Population Division",705,"Slovenia","SI","SVN",123,"2072",4,"Median",3,"Both sexes",188,0,-1,"Total",0,"Not applicable",1,"Model-based Estimates",3,"Projection",8.541
55,"Crude birth rate","Crude birth rate (births per 1,000 population)","World Population Prospects",2024,"United Nations Population Division",705,"Slovenia","SI","SVN",124,"2073",4,"Median",3,"Both sexes",188,0,-1,"Total",0,"Not applicable",1,"Model-based Estimates",3,"Projection",8.598
55,"Crude birth rate","Crude birth rate (births per 1,000 population)","World Population Prospects",2024,"United Nations Population Division",705,"Slovenia","SI","SVN",125,"2074",4,"Median",3,"Both sexes",188,0,-1,"Total",0,"Not applicable",1,"Model-based Estimates",3,"Projection",8.639
55,"Crude birth rate","Crude birth rate (births per 1,000 population)","World Population Prospects",2024,"United Nations Population Division",705,"Slovenia","SI","SVN",126,"2075",4,"Median",3,"Both sexes",188,0,-1,"Total",0,"Not applicable",1,"Model-based Estimates",3,"Projection",8.652
55,"Crude birth rate","Crude birth rate (births per 1,000 population)","World Population Prospects",2024,"United Nations Population Division",705,"Slovenia","SI","SVN",127,"2076",4,"Median",3,"Both sexes",188,0,-1,"Total",0,"Not applicable",1,"Model-based Estimates",3,"Projection",8.667
55,"Crude birth rate","Crude birth rate (births per 1,000 population)","World Population Prospects",2024,"United Nations Population Division",705,"Slovenia","SI","SVN",128,"2077",4,"Median",3,"Both sexes",188,0,-1,"Total",0,"Not applicable",1,"Model-based Estimates",3,"Projection",8.661
55,"Crude birth rate","Crude birth rate (births per 1,000 population)","World Population Prospects",2024,"United Nations Population Division",705,"Slovenia","SI","SVN",129,"2078",4,"Median",3,"Both sexes",188,0,-1,"Total",0,"Not applicable",1,"Model-based Estimates",3,"Projection",8.662
55,"Crude birth rate","Crude birth rate (births per 1,000 population)","World Population Prospects",2024,"United Nations Population Division",705,"Slovenia","SI","SVN",130,"2079",4,"Median",3,"Both sexes",188,0,-1,"Total",0,"Not applicable",1,"Model-based Estimates",3,"Projection",8.634
55,"Crude birth rate","Crude birth rate (births per 1,000 population)","World Population Prospects",2024,"United Nations Population Division",705,"Slovenia","SI","SVN",131,"2080",4,"Median",3,"Both sexes",188,0,-1,"Total",0,"Not applicable",1,"Model-based Estimates",3,"Projection",8.599
55,"Crude birth rate","Crude birth rate (births per 1,000 population)","World Population Prospects",2024,"United Nations Population Division",705,"Slovenia","SI","SVN",132,"2081",4,"Median",3,"Both sexes",188,0,-1,"Total",0,"Not applicable",1,"Model-based Estimates",3,"Projection",8.559
55,"Crude birth rate","Crude birth rate (births per 1,000 population)","World Population Prospects",2024,"United Nations Population Division",705,"Slovenia","SI","SVN",133,"2082",4,"Median",3,"Both sexes",188,0,-1,"Total",0,"Not applicable",1,"Model-based Estimates",3,"Projection",8.509
55,"Crude birth rate","Crude birth rate (births per 1,000 population)","World Population Prospects",2024,"United Nations Population Division",705,"Slovenia","SI","SVN",134,"2083",4,"Median",3,"Both sexes",188,0,-1,"Total",0,"Not applicable",1,"Model-based Estimates",3,"Projection",8.452
55,"Crude birth rate","Crude birth rate (births per 1,000 population)","World Population Prospects",2024,"United Nations Population Division",705,"Slovenia","SI","SVN",135,"2084",4,"Median",3,"Both sexes",188,0,-1,"Total",0,"Not applicable",1,"Model-based Estimates",3,"Projection",8.382
55,"Crude birth rate","Crude birth rate (births per 1,000 population)","World Population Prospects",2024,"United Nations Population Division",705,"Slovenia","SI","SVN",136,"2085",4,"Median",3,"Both sexes",188,0,-1,"Total",0,"Not applicable",1,"Model-based Estimates",3,"Projection",8.321
55,"Crude birth rate","Crude birth rate (births per 1,000 population)","World Population Prospects",2024,"United Nations Population Division",705,"Slovenia","SI","SVN",137,"2086",4,"Median",3,"Both sexes",188,0,-1,"Total",0,"Not applicable",1,"Model-based Estimates",3,"Projection",8.251
55,"Crude birth rate","Crude birth rate (births per 1,000 population)","World Population Prospects",2024,"United Nations Population Division",705,"Slovenia","SI","SVN",138,"2087",4,"Median",3,"Both sexes",188,0,-1,"Total",0,"Not applicable",1,"Model-based Estimates",3,"Projection",8.201
55,"Crude birth rate","Crude birth rate (births per 1,000 population)","World Population Prospects",2024,"United Nations Population Division",705,"Slovenia","SI","SVN",139,"2088",4,"Median",3,"Both sexes",188,0,-1,"Total",0,"Not applicable",1,"Model-based Estimates",3,"Projection",8.153
55,"Crude birth rate","Crude birth rate (births per 1,000 population)","World Population Prospects",2024,"United Nations Population Division",705,"Slovenia","SI","SVN",140,"2089",4,"Median",3,"Both sexes",188,0,-1,"Total",0,"Not applicable",1,"Model-based Estimates",3,"Projection",8.107
55,"Crude birth rate","Crude birth rate (births per 1,000 population)","World Population Prospects",2024,"United Nations Population Division",705,"Slovenia","SI","SVN",141,"2090",4,"Median",3,"Both sexes",188,0,-1,"Total",0,"Not applicable",1,"Model-based Estimates",3,"Projection",8.068
55,"Crude birth rate","Crude birth rate (births per 1,000 population)","World Population Prospects",2024,"United Nations Population Division",705,"Slovenia","SI","SVN",142,"2091",4,"Median",3,"Both sexes",188,0,-1,"Total",0,"Not applicable",1,"Model-based Estimates",3,"Projection",8.031
55,"Crude birth rate","Crude birth rate (births per 1,000 population)","World Population Prospects",2024,"United Nations Population Division",705,"Slovenia","SI","SVN",143,"2092",4,"Median",3,"Both sexes",188,0,-1,"Total",0,"Not applicable",1,"Model-based Estimates",3,"Projection",8.007
55,"Crude birth rate","Crude birth rate (births per 1,000 population)","World Population Prospects",2024,"United Nations Population Division",705,"Slovenia","SI","SVN",144,"2093",4,"Median",3,"Both sexes",188,0,-1,"Total",0,"Not applicable",1,"Model-based Estimates",3,"Projection",8.005
55,"Crude birth rate","Crude birth rate (births per 1,000 population)","World Population Prospects",2024,"United Nations Population Division",705,"Slovenia","SI","SVN",145,"2094",4,"Median",3,"Both sexes",188,0,-1,"Total",0,"Not applicable",1,"Model-based Estimates",3,"Projection",7.997
55,"Crude birth rate","Crude birth rate (births per 1,000 population)","World Population Prospects",2024,"United Nations Population Division",705,"Slovenia","SI","SVN",146,"2095",4,"Median",3,"Both sexes",188,0,-1,"Total",0,"Not applicable",1,"Model-based Estimates",3,"Projection",7.992
55,"Crude birth rate","Crude birth rate (births per 1,000 population)","World Population Prospects",2024,"United Nations Population Division",705,"Slovenia","SI","SVN",147,"2096",4,"Median",3,"Both sexes",188,0,-1,"Total",0,"Not applicable",1,"Model-based Estimates",3,"Projection",8.002
55,"Crude birth rate","Crude birth rate (births per 1,000 population)","World Population Prospects",2024,"United Nations Population Division",705,"Slovenia","SI","SVN",148,"2097",4,"Median",3,"Both sexes",188,0,-1,"Total",0,"Not applicable",1,"Model-based Estimates",3,"Projection",8.01
55,"Crude birth rate","Crude birth rate (births per 1,000 population)","World Population Prospects",2024,"United Nations Population Division",705,"Slovenia","SI","SVN",149,"2098",4,"Median",3,"Both sexes",188,0,-1,"Total",0,"Not applicable",1,"Model-based Estimates",3,"Projection",8.026
55,"Crude birth rate","Crude birth rate (births per 1,000 population)","World Population Prospects",2024,"United Nations Population Division",705,"Slovenia","SI","SVN",150,"2099",4,"Median",3,"Both sexes",188,0,-1,"Total",0,"Not applicable",1,"Model-based Estimates",3,"Projection",8.053
55,"Crude birth rate","Crude birth rate (births per 1,000 population)","World Population Prospects",2024,"United Nations Population Division",705,"Slovenia","SI","SVN",151,"2100",4,"Median",3,"Both sexes",188,0,-1,"Total",0,"Not applicable",1,"Model-based Estimates",3,"Projection",8.086
55,"Crude birth rate","Crude birth rate (births per 1,000 population)","World Population Prospects",2024,"United Nations Population Division",724,"Spain","ES","ESP",41,"1990",4,"Median",3,"Both sexes",188,0,-1,"Total",0,"Not applicable",1,"Model-based Estimates",2,"Interpolation",10.398
55,"Crude birth rate","Crude birth rate (births per 1,000 population)","World Population Prospects",2024,"United Nations Population Division",724,"Spain","ES","ESP",42,"1991",4,"Median",3,"Both sexes",188,0,-1,"Total",0,"Not applicable",1,"Model-based Estimates",2,"Interpolation",10.21
55,"Crude birth rate","Crude birth rate (births per 1,000 population)","World Population Prospects",2024,"United Nations Population Division",724,"Spain","ES","ESP",43,"1992",4,"Median",3,"Both sexes",188,0,-1,"Total",0,"Not applicable",1,"Model-based Estimates",2,"Interpolation",10.145
55,"Crude birth rate","Crude birth rate (births per 1,000 population)","World Population Prospects",2024,"United Nations Population Division",724,"Spain","ES","ESP",44,"1993",4,"Median",3,"Both sexes",188,0,-1,"Total",0,"Not applicable",1,"Model-based Estimates",2,"Interpolation",9.824
55,"Crude birth rate","Crude birth rate (births per 1,000 population)","World Population Prospects",2024,"United Nations Population Division",724,"Spain","ES","ESP",45,"1994",4,"Median",3,"Both sexes",188,0,-1,"Total",0,"Not applicable",1,"Model-based Estimates",2,"Interpolation",9.399
55,"Crude birth rate","Crude birth rate (births per 1,000 population)","World Population Prospects",2024,"United Nations Population Division",724,"Spain","ES","ESP",46,"1995",4,"Median",3,"Both sexes",188,0,-1,"Total",0,"Not applicable",1,"Model-based Estimates",2,"Interpolation",9.168
55,"Crude birth rate","Crude birth rate (births per 1,000 population)","World Population Prospects",2024,"United Nations Population Division",724,"Spain","ES","ESP",47,"1996",4,"Median",3,"Both sexes",188,0,-1,"Total",0,"Not applicable",1,"Model-based Estimates",2,"Interpolation",9.107
55,"Crude birth rate","Crude birth rate (births per 1,000 population)","World Population Prospects",2024,"United Nations Population Division",724,"Spain","ES","ESP",48,"1997",4,"Median",3,"Both sexes",188,0,-1,"Total",0,"Not applicable",1,"Model-based Estimates",2,"Interpolation",9.183
55,"Crude birth rate","Crude birth rate (births per 1,000 population)","World Population Prospects",2024,"United Nations Population Division",724,"Spain","ES","ESP",49,"1998",4,"Median",3,"Both sexes",188,0,-1,"Total",0,"Not applicable",1,"Model-based Estimates",2,"Interpolation",9.092
55,"Crude birth rate","Crude birth rate (births per 1,000 population)","World Population Prospects",2024,"United Nations Population Division",724,"Spain","ES","ESP",50,"1999",4,"Median",3,"Both sexes",188,0,-1,"Total",0,"Not applicable",1,"Model-based Estimates",2,"Interpolation",9.377
55,"Crude birth rate","Crude birth rate (births per 1,000 population)","World Population Prospects",2024,"United Nations Population Division",724,"Spain","ES","ESP",51,"2000",4,"Median",3,"Both sexes",188,0,-1,"Total",0,"Not applicable",1,"Model-based Estimates",2,"Interpolation",9.728
55,"Crude birth rate","Crude birth rate (births per 1,000 population)","World Population Prospects",2024,"United Nations Population Division",724,"Spain","ES","ESP",52,"2001",4,"Median",3,"Both sexes",188,0,-1,"Total",0,"Not applicable",1,"Model-based Estimates",2,"Interpolation",9.853
55,"Crude birth rate","Crude birth rate (births per 1,000 population)","World Population Prospects",2024,"United Nations Population Division",724,"Spain","ES","ESP",53,"2002",4,"Median",3,"Both sexes",188,0,-1,"Total",0,"Not applicable",1,"Model-based Estimates",2,"Interpolation",9.896
55,"Crude birth rate","Crude birth rate (births per 1,000 population)","World Population Prospects",2024,"United Nations Population Division",724,"Spain","ES","ESP",54,"2003",4,"Median",3,"Both sexes",188,0,-1,"Total",0,"Not applicable",1,"Model-based Estimates",2,"Interpolation",10.227
55,"Crude birth rate","Crude birth rate (births per 1,000 population)","World Population Prospects",2024,"United Nations Population Division",724,"Spain","ES","ESP",55,"2004",4,"Median",3,"Both sexes",188,0,-1,"Total",0,"Not applicable",1,"Model-based Estimates",2,"Interpolation",10.351
55,"Crude birth rate","Crude birth rate (births per 1,000 population)","World Population Prospects",2024,"United Nations Population Division",724,"Spain","ES","ESP",56,"2005",4,"Median",3,"Both sexes",188,0,-1,"Total",0,"Not applicable",1,"Model-based Estimates",2,"Interpolation",10.44
55,"Crude birth rate","Crude birth rate (births per 1,000 population)","World Population Prospects",2024,"United Nations Population Division",724,"Spain","ES","ESP",57,"2006",4,"Median",3,"Both sexes",188,0,-1,"Total",0,"Not applicable",1,"Model-based Estimates",2,"Interpolation",10.593
55,"Crude birth rate","Crude birth rate (births per 1,000 population)","World Population Prospects",2024,"United Nations Population Division",724,"Spain","ES","ESP",58,"2007",4,"Median",3,"Both sexes",188,0,-1,"Total",0,"Not applicable",1,"Model-based Estimates",2,"Interpolation",10.631
55,"Crude birth rate","Crude birth rate (births per 1,000 population)","World Population Prospects",2024,"United Nations Population Division",724,"Spain","ES","ESP",59,"2008",4,"Median",3,"Both sexes",188,0,-1,"Total",0,"Not applicable",1,"Model-based Estimates",2,"Interpolation",11.017
55,"Crude birth rate","Crude birth rate (births per 1,000 population)","World Population Prospects",2024,"United Nations Population Division",724,"Spain","ES","ESP",60,"2009",4,"Median",3,"Both sexes",188,0,-1,"Total",0,"Not applicable",1,"Model-based Estimates",2,"Interpolation",10.524
55,"Crude birth rate","Crude birth rate (births per 1,000 population)","World Population Prospects",2024,"United Nations Population Division",724,"Spain","ES","ESP",61,"2010",4,"Median",3,"Both sexes",188,0,-1,"Total",0,"Not applicable",1,"Model-based Estimates",2,"Interpolation",10.278
55,"Crude birth rate","Crude birth rate (births per 1,000 population)","World Population Prospects",2024,"United Nations Population Division",724,"Spain","ES","ESP",62,"2011",4,"Median",3,"Both sexes",188,0,-1,"Total",0,"Not applicable",1,"Model-based Estimates",2,"Interpolation",9.934
55,"Crude birth rate","Crude birth rate (births per 1,000 population)","World Population Prospects",2024,"United Nations Population Division",724,"Spain","ES","ESP",63,"2012",4,"Median",3,"Both sexes",188,0,-1,"Total",0,"Not applicable",1,"Model-based Estimates",2,"Interpolation",9.597
55,"Crude birth rate","Crude birth rate (births per 1,000 population)","World Population Prospects",2024,"United Nations Population Division",724,"Spain","ES","ESP",64,"2013",4,"Median",3,"Both sexes",188,0,-1,"Total",0,"Not applicable",1,"Model-based Estimates",2,"Interpolation",9.092
55,"Crude birth rate","Crude birth rate (births per 1,000 population)","World Population Prospects",2024,"United Nations Population Division",724,"Spain","ES","ESP",65,"2014",4,"Median",3,"Both sexes",188,0,-1,"Total",0,"Not applicable",1,"Model-based Estimates",2,"Interpolation",9.09
55,"Crude birth rate","Crude birth rate (births per 1,000 population)","World Population Prospects",2024,"United Nations Population Division",724,"Spain","ES","ESP",66,"2015",4,"Median",3,"Both sexes",188,0,-1,"Total",0,"Not applicable",1,"Model-based Estimates",2,"Interpolation",8.933
55,"Crude birth rate","Crude birth rate (births per 1,000 population)","World Population Prospects",2024,"United Nations Population Division",724,"Spain","ES","ESP",67,"2016",4,"Median",3,"Both sexes",188,0,-1,"Total",0,"Not applicable",1,"Model-based Estimates",2,"Interpolation",8.706
55,"Crude birth rate","Crude birth rate (births per 1,000 population)","World Population Prospects",2024,"United Nations Population Division",724,"Spain","ES","ESP",68,"2017",4,"Median",3,"Both sexes",188,0,-1,"Total",0,"Not applicable",1,"Model-based Estimates",2,"Interpolation",8.321
55,"Crude birth rate","Crude birth rate (births per 1,000 population)","World Population Prospects",2024,"United Nations Population Division",724,"Spain","ES","ESP",69,"2018",4,"Median",3,"Both sexes",188,0,-1,"Total",0,"Not applicable",1,"Model-based Estimates",2,"Interpolation",7.859
55,"Crude birth rate","Crude birth rate (births per 1,000 population)","World Population Prospects",2024,"United Nations Population Division",724,"Spain","ES","ESP",70,"2019",4,"Median",3,"Both sexes",188,0,-1,"Total",0,"Not applicable",1,"Model-based Estimates",2,"Interpolation",7.537
55,"Crude birth rate","Crude birth rate (births per 1,000 population)","World Population Prospects",2024,"United Nations Population Division",724,"Spain","ES","ESP",71,"2020",4,"Median",3,"Both sexes",188,0,-1,"Total",0,"Not applicable",1,"Model-based Estimates",2,"Interpolation",7.201
55,"Crude birth rate","Crude birth rate (births per 1,000 population)","World Population Prospects",2024,"United Nations Population Division",724,"Spain","ES","ESP",72,"2021",4,"Median",3,"Both sexes",188,0,-1,"Total",0,"Not applicable",1,"Model-based Estimates",2,"Interpolation",7.129
55,"Crude birth rate","Crude birth rate (births per 1,000 population)","World Population Prospects",2024,"United Nations Population Division",724,"Spain","ES","ESP",73,"2022",4,"Median",3,"Both sexes",188,0,-1,"Total",0,"Not applicable",1,"Model-based Estimates",2,"Interpolation",7.102
55,"Crude birth rate","Crude birth rate (births per 1,000 population)","World Population Prospects",2024,"United Nations Population Division",724,"Spain","ES","ESP",74,"2023",4,"Median",3,"Both sexes",188,0,-1,"Total",0,"Not applicable",1,"Model-based Estimates",2,"Interpolation",7.03
55,"Crude birth rate","Crude birth rate (births per 1,000 population)","World Population Prospects",2024,"United Nations Population Division",724,"Spain","ES","ESP",75,"2024",4,"Median",3,"Both sexes",188,0,-1,"Total",0,"Not applicable",1,"Model-based Estimates",3,"Projection",6.954
55,"Crude birth rate","Crude birth rate (births per 1,000 population)","World Population Prospects",2024,"United Nations Population Division",724,"Spain","ES","ESP",76,"2025",4,"Median",3,"Both sexes",188,0,-1,"Total",0,"Not applicable",1,"Model-based Estimates",3,"Projection",6.892
55,"Crude birth rate","Crude birth rate (births per 1,000 population)","World Population Prospects",2024,"United Nations Population Division",724,"Spain","ES","ESP",77,"2026",4,"Median",3,"Both sexes",188,0,-1,"Total",0,"Not applicable",1,"Model-based Estimates",3,"Projection",6.842
55,"Crude birth rate","Crude birth rate (births per 1,000 population)","World Population Prospects",2024,"United Nations Population Division",724,"Spain","ES","ESP",78,"2027",4,"Median",3,"Both sexes",188,0,-1,"Total",0,"Not applicable",1,"Model-based Estimates",3,"Projection",6.791
55,"Crude birth rate","Crude birth rate (births per 1,000 population)","World Population Prospects",2024,"United Nations Population Division",724,"Spain","ES","ESP",79,"2028",4,"Median",3,"Both sexes",188,0,-1,"Total",0,"Not applicable",1,"Model-based Estimates",3,"Projection",6.762
55,"Crude birth rate","Crude birth rate (births per 1,000 population)","World Population Prospects",2024,"United Nations Population Division",724,"Spain","ES","ESP",80,"2029",4,"Median",3,"Both sexes",188,0,-1,"Total",0,"Not applicable",1,"Model-based Estimates",3,"Projection",6.747
55,"Crude birth rate","Crude birth rate (births per 1,000 population)","World Population Prospects",2024,"United Nations Population Division",724,"Spain","ES","ESP",81,"2030",4,"Median",3,"Both sexes",188,0,-1,"Total",0,"Not applicable",1,"Model-based Estimates",3,"Projection",6.739
55,"Crude birth rate","Crude birth rate (births per 1,000 population)","World Population Prospects",2024,"United Nations Population Division",724,"Spain","ES","ESP",82,"2031",4,"Median",3,"Both sexes",188,0,-1,"Total",0,"Not applicable",1,"Model-based Estimates",3,"Projection",6.752
55,"Crude birth rate","Crude birth rate (births per 1,000 population)","World Population Prospects",2024,"United Nations Population Division",724,"Spain","ES","ESP",83,"2032",4,"Median",3,"Both sexes",188,0,-1,"Total",0,"Not applicable",1,"Model-based Estimates",3,"Projection",6.786
55,"Crude birth rate","Crude birth rate (births per 1,000 population)","World Population Prospects",2024,"United Nations Population Division",724,"Spain","ES","ESP",84,"2033",4,"Median",3,"Both sexes",188,0,-1,"Total",0,"Not applicable",1,"Model-based Estimates",3,"Projection",6.828
55,"Crude birth rate","Crude birth rate (births per 1,000 population)","World Population Prospects",2024,"United Nations Population Division",724,"Spain","ES","ESP",85,"2034",4,"Median",3,"Both sexes",188,0,-1,"Total",0,"Not applicable",1,"Model-based Estimates",3,"Projection",6.895
55,"Crude birth rate","Crude birth rate (births per 1,000 population)","World Population Prospects",2024,"United Nations Population Division",724,"Spain","ES","ESP",86,"2035",4,"Median",3,"Both sexes",188,0,-1,"Total",0,"Not applicable",1,"Model-based Estimates",3,"Projection",6.966
55,"Crude birth rate","Crude birth rate (births per 1,000 population)","World Population Prospects",2024,"United Nations Population Division",724,"Spain","ES","ESP",87,"2036",4,"Median",3,"Both sexes",188,0,-1,"Total",0,"Not applicable",1,"Model-based Estimates",3,"Projection",7.056
55,"Crude birth rate","Crude birth rate (births per 1,000 population)","World Population Prospects",2024,"United Nations Population Division",724,"Spain","ES","ESP",88,"2037",4,"Median",3,"Both sexes",188,0,-1,"Total",0,"Not applicable",1,"Model-based Estimates",3,"Projection",7.14
55,"Crude birth rate","Crude birth rate (births per 1,000 population)","World Population Prospects",2024,"United Nations Population Division",724,"Spain","ES","ESP",89,"2038",4,"Median",3,"Both sexes",188,0,-1,"Total",0,"Not applicable",1,"Model-based Estimates",3,"Projection",7.225
55,"Crude birth rate","Crude birth rate (births per 1,000 population)","World Population Prospects",2024,"United Nations Population Division",724,"Spain","ES","ESP",90,"2039",4,"Median",3,"Both sexes",188,0,-1,"Total",0,"Not applicable",1,"Model-based Estimates",3,"Projection",7.3
55,"Crude birth rate","Crude birth rate (births per 1,000 population)","World Population Prospects",2024,"United Nations Population Division",724,"Spain","ES","ESP",91,"2040",4,"Median",3,"Both sexes",188,0,-1,"Total",0,"Not applicable",1,"Model-based Estimates",3,"Projection",7.371
55,"Crude birth rate","Crude birth rate (births per 1,000 population)","World Population Prospects",2024,"United Nations Population Division",724,"Spain","ES","ESP",92,"2041",4,"Median",3,"Both sexes",188,0,-1,"Total",0,"Not applicable",1,"Model-based Estimates",3,"Projection",7.428
55,"Crude birth rate","Crude birth rate (births per 1,000 population)","World Population Prospects",2024,"United Nations Population Division",724,"Spain","ES","ESP",93,"2042",4,"Median",3,"Both sexes",188,0,-1,"Total",0,"Not applicable",1,"Model-based Estimates",3,"Projection",7.462
55,"Crude birth rate","Crude birth rate (births per 1,000 population)","World Population Prospects",2024,"United Nations Population Division",724,"Spain","ES","ESP",94,"2043",4,"Median",3,"Both sexes",188,0,-1,"Total",0,"Not applicable",1,"Model-based Estimates",3,"Projection",7.466
55,"Crude birth rate","Crude birth rate (births per 1,000 population)","World Population Prospects",2024,"United Nations Population Division",724,"Spain","ES","ESP",95,"2044",4,"Median",3,"Both sexes",188,0,-1,"Total",0,"Not applicable",1,"Model-based Estimates",3,"Projection",7.468
55,"Crude birth rate","Crude birth rate (births per 1,000 population)","World Population Prospects",2024,"United Nations Population Division",724,"Spain","ES","ESP",96,"2045",4,"Median",3,"Both sexes",188,0,-1,"Total",0,"Not applicable",1,"Model-based Estimates",3,"Projection",7.432
55,"Crude birth rate","Crude birth rate (births per 1,000 population)","World Population Prospects",2024,"United Nations Population Division",724,"Spain","ES","ESP",97,"2046",4,"Median",3,"Both sexes",188,0,-1,"Total",0,"Not applicable",1,"Model-based Estimates",3,"Projection",7.388
55,"Crude birth rate","Crude birth rate (births per 1,000 population)","World Population Prospects",2024,"United Nations Population Division",724,"Spain","ES","ESP",98,"2047",4,"Median",3,"Both sexes",188,0,-1,"Total",0,"Not applicable",1,"Model-based Estimates",3,"Projection",7.328
55,"Crude birth rate","Crude birth rate (births per 1,000 population)","World Population Prospects",2024,"United Nations Population Division",724,"Spain","ES","ESP",99,"2048",4,"Median",3,"Both sexes",188,0,-1,"Total",0,"Not applicable",1,"Model-based Estimates",3,"Projection",7.235
55,"Crude birth rate","Crude birth rate (births per 1,000 population)","World Population Prospects",2024,"United Nations Population Division",724,"Spain","ES","ESP",100,"2049",4,"Median",3,"Both sexes",188,0,-1,"Total",0,"Not applicable",1,"Model-based Estimates",3,"Projection",7.154
55,"Crude birth rate","Crude birth rate (births per 1,000 population)","World Population Prospects",2024,"United Nations Population Division",724,"Spain","ES","ESP",101,"2050",4,"Median",3,"Both sexes",188,0,-1,"Total",0,"Not applicable",1,"Model-based Estimates",3,"Projection",7.072
55,"Crude birth rate","Crude birth rate (births per 1,000 population)","World Population Prospects",2024,"United Nations Population Division",724,"Spain","ES","ESP",102,"2051",4,"Median",3,"Both sexes",188,0,-1,"Total",0,"Not applicable",1,"Model-based Estimates",3,"Projection",6.986
55,"Crude birth rate","Crude birth rate (births per 1,000 population)","World Population Prospects",2024,"United Nations Population Division",724,"Spain","ES","ESP",103,"2052",4,"Median",3,"Both sexes",188,0,-1,"Total",0,"Not applicable",1,"Model-based Estimates",3,"Projection",6.915
55,"Crude birth rate","Crude birth rate (births per 1,000 population)","World Population Prospects",2024,"United Nations Population Division",724,"Spain","ES","ESP",104,"2053",4,"Median",3,"Both sexes",188,0,-1,"Total",0,"Not applicable",1,"Model-based Estimates",3,"Projection",6.849
55,"Crude birth rate","Crude birth rate (births per 1,000 population)","World Population Prospects",2024,"United Nations Population Division",724,"Spain","ES","ESP",105,"2054",4,"Median",3,"Both sexes",188,0,-1,"Total",0,"Not applicable",1,"Model-based Estimates",3,"Projection",6.779
55,"Crude birth rate","Crude birth rate (births per 1,000 population)","World Population Prospects",2024,"United Nations Population Division",724,"Spain","ES","ESP",106,"2055",4,"Median",3,"Both sexes",188,0,-1,"Total",0,"Not applicable",1,"Model-based Estimates",3,"Projection",6.732
55,"Crude birth rate","Crude birth rate (births per 1,000 population)","World Population Prospects",2024,"United Nations Population Division",724,"Spain","ES","ESP",107,"2056",4,"Median",3,"Both sexes",188,0,-1,"Total",0,"Not applicable",1,"Model-based Estimates",3,"Projection",6.688
55,"Crude birth rate","Crude birth rate (births per 1,000 population)","World Population Prospects",2024,"United Nations Population Division",724,"Spain","ES","ESP",108,"2057",4,"Median",3,"Both sexes",188,0,-1,"Total",0,"Not applicable",1,"Model-based Estimates",3,"Projection",6.659
55,"Crude birth rate","Crude birth rate (births per 1,000 population)","World Population Prospects",2024,"United Nations Population Division",724,"Spain","ES","ESP",109,"2058",4,"Median",3,"Both sexes",188,0,-1,"Total",0,"Not applicable",1,"Model-based Estimates",3,"Projection",6.643
55,"Crude birth rate","Crude birth rate (births per 1,000 population)","World Population Prospects",2024,"United Nations Population Division",724,"Spain","ES","ESP",110,"2059",4,"Median",3,"Both sexes",188,0,-1,"Total",0,"Not applicable",1,"Model-based Estimates",3,"Projection",6.649
55,"Crude birth rate","Crude birth rate (births per 1,000 population)","World Population Prospects",2024,"United Nations Population Division",724,"Spain","ES","ESP",111,"2060",4,"Median",3,"Both sexes",188,0,-1,"Total",0,"Not applicable",1,"Model-based Estimates",3,"Projection",6.668
55,"Crude birth rate","Crude birth rate (births per 1,000 population)","World Population Prospects",2024,"United Nations Population Division",724,"Spain","ES","ESP",112,"2061",4,"Median",3,"Both sexes",188,0,-1,"Total",0,"Not applicable",1,"Model-based Estimates",3,"Projection",6.709
55,"Crude birth rate","Crude birth rate (births per 1,000 population)","World Population Prospects",2024,"United Nations Population Division",724,"Spain","ES","ESP",113,"2062",4,"Median",3,"Both sexes",188,0,-1,"Total",0,"Not applicable",1,"Model-based Estimates",3,"Projection",6.752
55,"Crude birth rate","Crude birth rate (births per 1,000 population)","World Population Prospects",2024,"United Nations Population Division",724,"Spain","ES","ESP",114,"2063",4,"Median",3,"Both sexes",188,0,-1,"Total",0,"Not applicable",1,"Model-based Estimates",3,"Projection",6.791
55,"Crude birth rate","Crude birth rate (births per 1,000 population)","World Population Prospects",2024,"United Nations Population Division",724,"Spain","ES","ESP",115,"2064",4,"Median",3,"Both sexes",188,0,-1,"Total",0,"Not applicable",1,"Model-based Estimates",3,"Projection",6.844
55,"Crude birth rate","Crude birth rate (births per 1,000 population)","World Population Prospects",2024,"United Nations Population Division",724,"Spain","ES","ESP",116,"2065",4,"Median",3,"Both sexes",188,0,-1,"Total",0,"Not applicable",1,"Model-based Estimates",3,"Projection",6.898
55,"Crude birth rate","Crude birth rate (births per 1,000 population)","World Population Prospects",2024,"United Nations Population Division",724,"Spain","ES","ESP",117,"2066",4,"Median",3,"Both sexes",188,0,-1,"Total",0,"Not applicable",1,"Model-based Estimates",3,"Projection",6.967
55,"Crude birth rate","Crude birth rate (births per 1,000 population)","World Population Prospects",2024,"United Nations Population Division",724,"Spain","ES","ESP",118,"2067",4,"Median",3,"Both sexes",188,0,-1,"Total",0,"Not applicable",1,"Model-based Estimates",3,"Projection",7.049
55,"Crude birth rate","Crude birth rate (births per 1,000 population)","World Population Prospects",2024,"United Nations Population Division",724,"Spain","ES","ESP",119,"2068",4,"Median",3,"Both sexes",188,0,-1,"Total",0,"Not applicable",1,"Model-based Estimates",3,"Projection",7.13
55,"Crude birth rate","Crude birth rate (births per 1,000 population)","World Population Prospects",2024,"United Nations Population Division",724,"Spain","ES","ESP",120,"2069",4,"Median",3,"Both sexes",188,0,-1,"Total",0,"Not applicable",1,"Model-based Estimates",3,"Projection",7.203
55,"Crude birth rate","Crude birth rate (births per 1,000 population)","World Population Prospects",2024,"United Nations Population Division",724,"Spain","ES","ESP",121,"2070",4,"Median",3,"Both sexes",188,0,-1,"Total",0,"Not applicable",1,"Model-based Estimates",3,"Projection",7.27
55,"Crude birth rate","Crude birth rate (births per 1,000 population)","World Population Prospects",2024,"United Nations Population Division",724,"Spain","ES","ESP",122,"2071",4,"Median",3,"Both sexes",188,0,-1,"Total",0,"Not applicable",1,"Model-based Estimates",3,"Projection",7.348
55,"Crude birth rate","Crude birth rate (births per 1,000 population)","World Population Prospects",2024,"United Nations Population Division",724,"Spain","ES","ESP",123,"2072",4,"Median",3,"Both sexes",188,0,-1,"Total",0,"Not applicable",1,"Model-based Estimates",3,"Projection",7.417
55,"Crude birth rate","Crude birth rate (births per 1,000 population)","World Population Prospects",2024,"United Nations Population Division",724,"Spain","ES","ESP",124,"2073",4,"Median",3,"Both sexes",188,0,-1,"Total",0,"Not applicable",1,"Model-based Estimates",3,"Projection",7.477
55,"Crude birth rate","Crude birth rate (births per 1,000 population)","World Population Prospects",2024,"United Nations Population Division",724,"Spain","ES","ESP",125,"2074",4,"Median",3,"Both sexes",188,0,-1,"Total",0,"Not applicable",1,"Model-based Estimates",3,"Projection",7.536
55,"Crude birth rate","Crude birth rate (births per 1,000 population)","World Population Prospects",2024,"United Nations Population Division",724,"Spain","ES","ESP",126,"2075",4,"Median",3,"Both sexes",188,0,-1,"Total",0,"Not applicable",1,"Model-based Estimates",3,"Projection",7.574
55,"Crude birth rate","Crude birth rate (births per 1,000 population)","World Population Prospects",2024,"United Nations Population Division",724,"Spain","ES","ESP",127,"2076",4,"Median",3,"Both sexes",188,0,-1,"Total",0,"Not applicable",1,"Model-based Estimates",3,"Projection",7.619
55,"Crude birth rate","Crude birth rate (births per 1,000 population)","World Population Prospects",2024,"United Nations Population Division",724,"Spain","ES","ESP",128,"2077",4,"Median",3,"Both sexes",188,0,-1,"Total",0,"Not applicable",1,"Model-based Estimates",3,"Projection",7.642
55,"Crude birth rate","Crude birth rate (births per 1,000 population)","World Population Prospects",2024,"United Nations Population Division",724,"Spain","ES","ESP",129,"2078",4,"Median",3,"Both sexes",188,0,-1,"Total",0,"Not applicable",1,"Model-based Estimates",3,"Projection",7.665
55,"Crude birth rate","Crude birth rate (births per 1,000 population)","World Population Prospects",2024,"United Nations Population Division",724,"Spain","ES","ESP",130,"2079",4,"Median",3,"Both sexes",188,0,-1,"Total",0,"Not applicable",1,"Model-based Estimates",3,"Projection",7.676
55,"Crude birth rate","Crude birth rate (births per 1,000 population)","World Population Prospects",2024,"United Nations Population Division",724,"Spain","ES","ESP",131,"2080",4,"Median",3,"Both sexes",188,0,-1,"Total",0,"Not applicable",1,"Model-based Estimates",3,"Projection",7.672
55,"Crude birth rate","Crude birth rate (births per 1,000 population)","World Population Prospects",2024,"United Nations Population Division",724,"Spain","ES","ESP",132,"2081",4,"Median",3,"Both sexes",188,0,-1,"Total",0,"Not applicable",1,"Model-based Estimates",3,"Projection",7.64
55,"Crude birth rate","Crude birth rate (births per 1,000 population)","World Population Prospects",2024,"United Nations Population Division",724,"Spain","ES","ESP",133,"2082",4,"Median",3,"Both sexes",188,0,-1,"Total",0,"Not applicable",1,"Model-based Estimates",3,"Projection",7.614
55,"Crude birth rate","Crude birth rate (births per 1,000 population)","World Population Prospects",2024,"United Nations Population Division",724,"Spain","ES","ESP",134,"2083",4,"Median",3,"Both sexes",188,0,-1,"Total",0,"Not applicable",1,"Model-based Estimates",3,"Projection",7.573
55,"Crude birth rate","Crude birth rate (births per 1,000 population)","World Population Prospects",2024,"United Nations Population Division",724,"Spain","ES","ESP",135,"2084",4,"Median",3,"Both sexes",188,0,-1,"Total",0,"Not applicable",1,"Model-based Estimates",3,"Projection",7.533
55,"Crude birth rate","Crude birth rate (births per 1,000 population)","World Population Prospects",2024,"United Nations Population Division",724,"Spain","ES","ESP",136,"2085",4,"Median",3,"Both sexes",188,0,-1,"Total",0,"Not applicable",1,"Model-based Estimates",3,"Projection",7.489
55,"Crude birth rate","Crude birth rate (births per 1,000 population)","World Population Prospects",2024,"United Nations Population Division",724,"Spain","ES","ESP",137,"2086",4,"Median",3,"Both sexes",188,0,-1,"Total",0,"Not applicable",1,"Model-based Estimates",3,"Projection",7.452
55,"Crude birth rate","Crude birth rate (births per 1,000 population)","World Population Prospects",2024,"United Nations Population Division",724,"Spain","ES","ESP",138,"2087",4,"Median",3,"Both sexes",188,0,-1,"Total",0,"Not applicable",1,"Model-based Estimates",3,"Projection",7.423
55,"Crude birth rate","Crude birth rate (births per 1,000 population)","World Population Prospects",2024,"United Nations Population Division",724,"Spain","ES","ESP",139,"2088",4,"Median",3,"Both sexes",188,0,-1,"Total",0,"Not applicable",1,"Model-based Estimates",3,"Projection",7.387
55,"Crude birth rate","Crude birth rate (births per 1,000 population)","World Population Prospects",2024,"United Nations Population Division",724,"Spain","ES","ESP",140,"2089",4,"Median",3,"Both sexes",188,0,-1,"Total",0,"Not applicable",1,"Model-based Estimates",3,"Projection",7.353
55,"Crude birth rate","Crude birth rate (births per 1,000 population)","World Population Prospects",2024,"United Nations Population Division",724,"Spain","ES","ESP",141,"2090",4,"Median",3,"Both sexes",188,0,-1,"Total",0,"Not applicable",1,"Model-based Estimates",3,"Projection",7.324
55,"Crude birth rate","Crude birth rate (births per 1,000 population)","World Population Prospects",2024,"United Nations Population Division",724,"Spain","ES","ESP",142,"2091",4,"Median",3,"Both sexes",188,0,-1,"Total",0,"Not applicable",1,"Model-based Estimates",3,"Projection",7.3
55,"Crude birth rate","Crude birth rate (births per 1,000 population)","World Population Prospects",2024,"United Nations Population Division",724,"Spain","ES","ESP",143,"2092",4,"Median",3,"Both sexes",188,0,-1,"Total",0,"Not applicable",1,"Model-based Estimates",3,"Projection",7.278
55,"Crude birth rate","Crude birth rate (births per 1,000 population)","World Population Prospects",2024,"United Nations Population Division",724,"Spain","ES","ESP",144,"2093",4,"Median",3,"Both sexes",188,0,-1,"Total",0,"Not applicable",1,"Model-based Estimates",3,"Projection",7.271
55,"Crude birth rate","Crude birth rate (births per 1,000 population)","World Population Prospects",2024,"United Nations Population Division",724,"Spain","ES","ESP",145,"2094",4,"Median",3,"Both sexes",188,0,-1,"Total",0,"Not applicable",1,"Model-based Estimates",3,"Projection",7.27
55,"Crude birth rate","Crude birth rate (births per 1,000 population)","World Population Prospects",2024,"United Nations Population Division",724,"Spain","ES","ESP",146,"2095",4,"Median",3,"Both sexes",188,0,-1,"Total",0,"Not applicable",1,"Model-based Estimates",3,"Projection",7.284
55,"Crude birth rate","Crude birth rate (births per 1,000 population)","World Population Prospects",2024,"United Nations Population Division",724,"Spain","ES","ESP",147,"2096",4,"Median",3,"Both sexes",188,0,-1,"Total",0,"Not applicable",1,"Model-based Estimates",3,"Projection",7.294
55,"Crude birth rate","Crude birth rate (births per 1,000 population)","World Population Prospects",2024,"United Nations Population Division",724,"Spain","ES","ESP",148,"2097",4,"Median",3,"Both sexes",188,0,-1,"Total",0,"Not applicable",1,"Model-based Estimates",3,"Projection",7.308
55,"Crude birth rate","Crude birth rate (births per 1,000 population)","World Population Prospects",2024,"United Nations Population Division",724,"Spain","ES","ESP",149,"2098",4,"Median",3,"Both sexes",188,0,-1,"Total",0,"Not applicable",1,"Model-based Estimates",3,"Projection",7.329
55,"Crude birth rate","Crude birth rate (births per 1,000 population)","World Population Prospects",2024,"United Nations Population Division",724,"Spain","ES","ESP",150,"2099",4,"Median",3,"Both sexes",188,0,-1,"Total",0,"Not applicable",1,"Model-based Estimates",3,"Projection",7.351
55,"Crude birth rate","Crude birth rate (births per 1,000 population)","World Population Prospects",2024,"United Nations Population Division",724,"Spain","ES","ESP",151,"2100",4,"Median",3,"Both sexes",188,0,-1,"Total",0,"Not applicable",1,"Model-based Estimates",3,"Projection",7.387
55,"Crude birth rate","Crude birth rate (births per 1,000 population)","World Population Prospects",2024,"United Nations Population Division",752,"Sweden","SE","SWE",41,"1990",4,"Median",3,"Both sexes",188,0,-1,"Total",0,"Not applicable",1,"Model-based Estimates",2,"Interpolation",14.354
55,"Crude birth rate","Crude birth rate (births per 1,000 population)","World Population Prospects",2024,"United Nations Population Division",752,"Sweden","SE","SWE",42,"1991",4,"Median",3,"Both sexes",188,0,-1,"Total",0,"Not applicable",1,"Model-based Estimates",2,"Interpolation",14.296
55,"Crude birth rate","Crude birth rate (births per 1,000 population)","World Population Prospects",2024,"United Nations Population Division",752,"Sweden","SE","SWE",43,"1992",4,"Median",3,"Both sexes",188,0,-1,"Total",0,"Not applicable",1,"Model-based Estimates",2,"Interpolation",14.081
55,"Crude birth rate","Crude birth rate (births per 1,000 population)","World Population Prospects",2024,"United Nations Population Division",752,"Sweden","SE","SWE",44,"1993",4,"Median",3,"Both sexes",188,0,-1,"Total",0,"Not applicable",1,"Model-based Estimates",2,"Interpolation",13.444
55,"Crude birth rate","Crude birth rate (births per 1,000 population)","World Population Prospects",2024,"United Nations Population Division",752,"Sweden","SE","SWE",45,"1994",4,"Median",3,"Both sexes",188,0,-1,"Total",0,"Not applicable",1,"Model-based Estimates",2,"Interpolation",12.683
55,"Crude birth rate","Crude birth rate (births per 1,000 population)","World Population Prospects",2024,"United Nations Population Division",752,"Sweden","SE","SWE",46,"1995",4,"Median",3,"Both sexes",188,0,-1,"Total",0,"Not applicable",1,"Model-based Estimates",2,"Interpolation",11.702
55,"Crude birth rate","Crude birth rate (births per 1,000 population)","World Population Prospects",2024,"United Nations Population Division",752,"Sweden","SE","SWE",47,"1996",4,"Median",3,"Both sexes",188,0,-1,"Total",0,"Not applicable",1,"Model-based Estimates",2,"Interpolation",10.783
55,"Crude birth rate","Crude birth rate (births per 1,000 population)","World Population Prospects",2024,"United Nations Population Division",752,"Sweden","SE","SWE",48,"1997",4,"Median",3,"Both sexes",188,0,-1,"Total",0,"Not applicable",1,"Model-based Estimates",2,"Interpolation",10.237
55,"Crude birth rate","Crude birth rate (births per 1,000 population)","World Population Prospects",2024,"United Nations Population Division",752,"Sweden","SE","SWE",49,"1998",4,"Median",3,"Both sexes",188,0,-1,"Total",0,"Not applicable",1,"Model-based Estimates",2,"Interpolation",10.043
55,"Crude birth rate","Crude birth rate (births per 1,000 population)","World Population Prospects",2024,"United Nations Population Division",752,"Sweden","SE","SWE",50,"1999",4,"Median",3,"Both sexes",188,0,-1,"Total",0,"Not applicable",1,"Model-based Estimates",2,"Interpolation",9.949
55,"Crude birth rate","Crude birth rate (births per 1,000 population)","World Population Prospects",2024,"United Nations Population Division",752,"Sweden","SE","SWE",51,"2000",4,"Median",3,"Both sexes",188,0,-1,"Total",0,"Not applicable",1,"Model-based Estimates",2,"Interpolation",10.147
55,"Crude birth rate","Crude birth rate (births per 1,000 population)","World Population Prospects",2024,"United Nations Population Division",752,"Sweden","SE","SWE",52,"2001",4,"Median",3,"Both sexes",188,0,-1,"Total",0,"Not applicable",1,"Model-based Estimates",2,"Interpolation",10.261
55,"Crude birth rate","Crude birth rate (births per 1,000 population)","World Population Prospects",2024,"United Nations Population Division",752,"Sweden","SE","SWE",53,"2002",4,"Median",3,"Both sexes",188,0,-1,"Total",0,"Not applicable",1,"Model-based Estimates",2,"Interpolation",10.692
55,"Crude birth rate","Crude birth rate (births per 1,000 population)","World Population Prospects",2024,"United Nations Population Division",752,"Sweden","SE","SWE",54,"2003",4,"Median",3,"Both sexes",188,0,-1,"Total",0,"Not applicable",1,"Model-based Estimates",2,"Interpolation",11.023
55,"Crude birth rate","Crude birth rate (births per 1,000 population)","World Population Prospects",2024,"United Nations Population Division",752,"Sweden","SE","SWE",55,"2004",4,"Median",3,"Both sexes",188,0,-1,"Total",0,"Not applicable",1,"Model-based Estimates",2,"Interpolation",11.173
55,"Crude birth rate","Crude birth rate (births per 1,000 population)","World Population Prospects",2024,"United Nations Population Division",752,"Sweden","SE","SWE",56,"2005",4,"Median",3,"Both sexes",188,0,-1,"Total",0,"Not applicable",1,"Model-based Estimates",2,"Interpolation",11.199
55,"Crude birth rate","Crude birth rate (births per 1,000 population)","World Population Prospects",2024,"United Nations Population Division",752,"Sweden","SE","SWE",57,"2006",4,"Median",3,"Both sexes",188,0,-1,"Total",0,"Not applicable",1,"Model-based Estimates",2,"Interpolation",11.565
55,"Crude birth rate","Crude birth rate (births per 1,000 population)","World Population Prospects",2024,"United Nations Population Division",752,"Sweden","SE","SWE",58,"2007",4,"Median",3,"Both sexes",188,0,-1,"Total",0,"Not applicable",1,"Model-based Estimates",2,"Interpolation",11.658
55,"Crude birth rate","Crude birth rate (births per 1,000 population)","World Population Prospects",2024,"United Nations Population Division",752,"Sweden","SE","SWE",59,"2008",4,"Median",3,"Both sexes",188,0,-1,"Total",0,"Not applicable",1,"Model-based Estimates",2,"Interpolation",11.762
55,"Crude birth rate","Crude birth rate (births per 1,000 population)","World Population Prospects",2024,"United Nations Population Division",752,"Sweden","SE","SWE",60,"2009",4,"Median",3,"Both sexes",188,0,-1,"Total",0,"Not applicable",1,"Model-based Estimates",2,"Interpolation",11.913
55,"Crude birth rate","Crude birth rate (births per 1,000 population)","World Population Prospects",2024,"United Nations Population Division",752,"Sweden","SE","SWE",61,"2010",4,"Median",3,"Both sexes",188,0,-1,"Total",0,"Not applicable",1,"Model-based Estimates",2,"Interpolation",12.184
55,"Crude birth rate","Crude birth rate (births per 1,000 population)","World Population Prospects",2024,"United Nations Population Division",752,"Sweden","SE","SWE",62,"2011",4,"Median",3,"Both sexes",188,0,-1,"Total",0,"Not applicable",1,"Model-based Estimates",2,"Interpolation",11.767
55,"Crude birth rate","Crude birth rate (births per 1,000 population)","World Population Prospects",2024,"United Nations Population Division",752,"Sweden","SE","SWE",63,"2012",4,"Median",3,"Both sexes",188,0,-1,"Total",0,"Not applicable",1,"Model-based Estimates",2,"Interpolation",11.782
55,"Crude birth rate","Crude birth rate (births per 1,000 population)","World Population Prospects",2024,"United Nations Population Division",752,"Sweden","SE","SWE",64,"2013",4,"Median",3,"Both sexes",188,0,-1,"Total",0,"Not applicable",1,"Model-based Estimates",2,"Interpolation",11.738
55,"Crude birth rate","Crude birth rate (births per 1,000 population)","World Population Prospects",2024,"United Nations Population Division",752,"Sweden","SE","SWE",65,"2014",4,"Median",3,"Both sexes",188,0,-1,"Total",0,"Not applicable",1,"Model-based Estimates",2,"Interpolation",11.737
55,"Crude birth rate","Crude birth rate (births per 1,000 population)","World Population Prospects",2024,"United Nations Population Division",752,"Sweden","SE","SWE",66,"2015",4,"Median",3,"Both sexes",188,0,-1,"Total",0,"Not applicable",1,"Model-based Estimates",2,"Interpolation",11.635
55,"Crude birth rate","Crude birth rate (births per 1,000 population)","World Population Prospects",2024,"United Nations Population Division",752,"Sweden","SE","SWE",67,"2016",4,"Median",3,"Both sexes",188,0,-1,"Total",0,"Not applicable",1,"Model-based Estimates",2,"Interpolation",11.666
55,"Crude birth rate","Crude birth rate (births per 1,000 population)","World Population Prospects",2024,"United Nations Population Division",752,"Sweden","SE","SWE",68,"2017",4,"Median",3,"Both sexes",188,0,-1,"Total",0,"Not applicable",1,"Model-based Estimates",2,"Interpolation",11.374
55,"Crude birth rate","Crude birth rate (births per 1,000 population)","World Population Prospects",2024,"United Nations Population Division",752,"Sweden","SE","SWE",69,"2018",4,"Median",3,"Both sexes",188,0,-1,"Total",0,"Not applicable",1,"Model-based Estimates",2,"Interpolation",11.271
55,"Crude birth rate","Crude birth rate (births per 1,000 population)","World Population Prospects",2024,"United Nations Population Division",752,"Sweden","SE","SWE",70,"2019",4,"Median",3,"Both sexes",188,0,-1,"Total",0,"Not applicable",1,"Model-based Estimates",2,"Interpolation",11.058
55,"Crude birth rate","Crude birth rate (births per 1,000 population)","World Population Prospects",2024,"United Nations Population Division",752,"Sweden","SE","SWE",71,"2020",4,"Median",3,"Both sexes",188,0,-1,"Total",0,"Not applicable",1,"Model-based Estimates",2,"Interpolation",10.885
55,"Crude birth rate","Crude birth rate (births per 1,000 population)","World Population Prospects",2024,"United Nations Population Division",752,"Sweden","SE","SWE",72,"2021",4,"Median",3,"Both sexes",188,0,-1,"Total",0,"Not applicable",1,"Model-based Estimates",2,"Interpolation",10.871
55,"Crude birth rate","Crude birth rate (births per 1,000 population)","World Population Prospects",2024,"United Nations Population Division",752,"Sweden","SE","SWE",73,"2022",4,"Median",3,"Both sexes",188,0,-1,"Total",0,"Not applicable",1,"Model-based Estimates",2,"Interpolation",9.998
55,"Crude birth rate","Crude birth rate (births per 1,000 population)","World Population Prospects",2024,"United Nations Population Division",752,"Sweden","SE","SWE",74,"2023",4,"Median",3,"Both sexes",188,0,-1,"Total",0,"Not applicable",1,"Model-based Estimates",2,"Interpolation",9.28
55,"Crude birth rate","Crude birth rate (births per 1,000 population)","World Population Prospects",2024,"United Nations Population Division",752,"Sweden","SE","SWE",75,"2024",4,"Median",3,"Both sexes",188,0,-1,"Total",0,"Not applicable",1,"Model-based Estimates",3,"Projection",9.191
55,"Crude birth rate","Crude birth rate (births per 1,000 population)","World Population Prospects",2024,"United Nations Population Division",752,"Sweden","SE","SWE",76,"2025",4,"Median",3,"Both sexes",188,0,-1,"Total",0,"Not applicable",1,"Model-based Estimates",3,"Projection",9.102
55,"Crude birth rate","Crude birth rate (births per 1,000 population)","World Population Prospects",2024,"United Nations Population Division",752,"Sweden","SE","SWE",77,"2026",4,"Median",3,"Both sexes",188,0,-1,"Total",0,"Not applicable",1,"Model-based Estimates",3,"Projection",8.999
55,"Crude birth rate","Crude birth rate (births per 1,000 population)","World Population Prospects",2024,"United Nations Population Division",752,"Sweden","SE","SWE",78,"2027",4,"Median",3,"Both sexes",188,0,-1,"Total",0,"Not applicable",1,"Model-based Estimates",3,"Projection",8.898
55,"Crude birth rate","Crude birth rate (births per 1,000 population)","World Population Prospects",2024,"United Nations Population Division",752,"Sweden","SE","SWE",79,"2028",4,"Median",3,"Both sexes",188,0,-1,"Total",0,"Not applicable",1,"Model-based Estimates",3,"Projection",8.804
55,"Crude birth rate","Crude birth rate (births per 1,000 population)","World Population Prospects",2024,"United Nations Population Division",752,"Sweden","SE","SWE",80,"2029",4,"Median",3,"Both sexes",188,0,-1,"Total",0,"Not applicable",1,"Model-based Estimates",3,"Projection",8.723
55,"Crude birth rate","Crude birth rate (births per 1,000 population)","World Population Prospects",2024,"United Nations Population Division",752,"Sweden","SE","SWE",81,"2030",4,"Median",3,"Both sexes",188,0,-1,"Total",0,"Not applicable",1,"Model-based Estimates",3,"Projection",8.681
55,"Crude birth rate","Crude birth rate (births per 1,000 population)","World Population Prospects",2024,"United Nations Population Division",752,"Sweden","SE","SWE",82,"2031",4,"Median",3,"Both sexes",188,0,-1,"Total",0,"Not applicable",1,"Model-based Estimates",3,"Projection",8.66
55,"Crude birth rate","Crude birth rate (births per 1,000 population)","World Population Prospects",2024,"United Nations Population Division",752,"Sweden","SE","SWE",83,"2032",4,"Median",3,"Both sexes",188,0,-1,"Total",0,"Not applicable",1,"Model-based Estimates",3,"Projection",8.679
55,"Crude birth rate","Crude birth rate (births per 1,000 population)","World Population Prospects",2024,"United Nations Population Division",752,"Sweden","SE","SWE",84,"2033",4,"Median",3,"Both sexes",188,0,-1,"Total",0,"Not applicable",1,"Model-based Estimates",3,"Projection",8.722
55,"Crude birth rate","Crude birth rate (births per 1,000 population)","World Population Prospects",2024,"United Nations Population Division",752,"Sweden","SE","SWE",85,"2034",4,"Median",3,"Both sexes",188,0,-1,"Total",0,"Not applicable",1,"Model-based Estimates",3,"Projection",8.783
55,"Crude birth rate","Crude birth rate (births per 1,000 population)","World Population Prospects",2024,"United Nations Population Division",752,"Sweden","SE","SWE",86,"2035",4,"Median",3,"Both sexes",188,0,-1,"Total",0,"Not applicable",1,"Model-based Estimates",3,"Projection",8.866
55,"Crude birth rate","Crude birth rate (births per 1,000 population)","World Population Prospects",2024,"United Nations Population Division",752,"Sweden","SE","SWE",87,"2036",4,"Median",3,"Both sexes",188,0,-1,"Total",0,"Not applicable",1,"Model-based Estimates",3,"Projection",8.96
55,"Crude birth rate","Crude birth rate (births per 1,000 population)","World Population Prospects",2024,"United Nations Population Division",752,"Sweden","SE","SWE",88,"2037",4,"Median",3,"Both sexes",188,0,-1,"Total",0,"Not applicable",1,"Model-based Estimates",3,"Projection",9.07
55,"Crude birth rate","Crude birth rate (births per 1,000 population)","World Population Prospects",2024,"United Nations Population Division",752,"Sweden","SE","SWE",89,"2038",4,"Median",3,"Both sexes",188,0,-1,"Total",0,"Not applicable",1,"Model-based Estimates",3,"Projection",9.174
55,"Crude birth rate","Crude birth rate (births per 1,000 population)","World Population Prospects",2024,"United Nations Population Division",752,"Sweden","SE","SWE",90,"2039",4,"Median",3,"Both sexes",188,0,-1,"Total",0,"Not applicable",1,"Model-based Estimates",3,"Projection",9.291
55,"Crude birth rate","Crude birth rate (births per 1,000 population)","World Population Prospects",2024,"United Nations Population Division",752,"Sweden","SE","SWE",91,"2040",4,"Median",3,"Both sexes",188,0,-1,"Total",0,"Not applicable",1,"Model-based Estimates",3,"Projection",9.394
55,"Crude birth rate","Crude birth rate (births per 1,000 population)","World Population Prospects",2024,"United Nations Population Division",752,"Sweden","SE","SWE",92,"2041",4,"Median",3,"Both sexes",188,0,-1,"Total",0,"Not applicable",1,"Model-based Estimates",3,"Projection",9.466
55,"Crude birth rate","Crude birth rate (births per 1,000 population)","World Population Prospects",2024,"United Nations Population Division",752,"Sweden","SE","SWE",93,"2042",4,"Median",3,"Both sexes",188,0,-1,"Total",0,"Not applicable",1,"Model-based Estimates",3,"Projection",9.535
55,"Crude birth rate","Crude birth rate (births per 1,000 population)","World Population Prospects",2024,"United Nations Population Division",752,"Sweden","SE","SWE",94,"2043",4,"Median",3,"Both sexes",188,0,-1,"Total",0,"Not applicable",1,"Model-based Estimates",3,"Projection",9.559
55,"Crude birth rate","Crude birth rate (births per 1,000 population)","World Population Prospects",2024,"United Nations Population Division",752,"Sweden","SE","SWE",95,"2044",4,"Median",3,"Both sexes",188,0,-1,"Total",0,"Not applicable",1,"Model-based Estimates",3,"Projection",9.586
55,"Crude birth rate","Crude birth rate (births per 1,000 population)","World Population Prospects",2024,"United Nations Population Division",752,"Sweden","SE","SWE",96,"2045",4,"Median",3,"Both sexes",188,0,-1,"Total",0,"Not applicable",1,"Model-based Estimates",3,"Projection",9.57
55,"Crude birth rate","Crude birth rate (births per 1,000 population)","World Population Prospects",2024,"United Nations Population Division",752,"Sweden","SE","SWE",97,"2046",4,"Median",3,"Both sexes",188,0,-1,"Total",0,"Not applicable",1,"Model-based Estimates",3,"Projection",9.549
55,"Crude birth rate","Crude birth rate (births per 1,000 population)","World Population Prospects",2024,"United Nations Population Division",752,"Sweden","SE","SWE",98,"2047",4,"Median",3,"Both sexes",188,0,-1,"Total",0,"Not applicable",1,"Model-based Estimates",3,"Projection",9.511
55,"Crude birth rate","Crude birth rate (births per 1,000 population)","World Population Prospects",2024,"United Nations Population Division",752,"Sweden","SE","SWE",99,"2048",4,"Median",3,"Both sexes",188,0,-1,"Total",0,"Not applicable",1,"Model-based Estimates",3,"Projection",9.436
55,"Crude birth rate","Crude birth rate (births per 1,000 population)","World Population Prospects",2024,"United Nations Population Division",752,"Sweden","SE","SWE",100,"2049",4,"Median",3,"Both sexes",188,0,-1,"Total",0,"Not applicable",1,"Model-based Estimates",3,"Projection",9.356
55,"Crude birth rate","Crude birth rate (births per 1,000 population)","World Population Prospects",2024,"United Nations Population Division",752,"Sweden","SE","SWE",101,"2050",4,"Median",3,"Both sexes",188,0,-1,"Total",0,"Not applicable",1,"Model-based Estimates",3,"Projection",9.265
55,"Crude birth rate","Crude birth rate (births per 1,000 population)","World Population Prospects",2024,"United Nations Population Division",752,"Sweden","SE","SWE",102,"2051",4,"Median",3,"Both sexes",188,0,-1,"Total",0,"Not applicable",1,"Model-based Estimates",3,"Projection",9.154
55,"Crude birth rate","Crude birth rate (births per 1,000 population)","World Population Prospects",2024,"United Nations Population Division",752,"Sweden","SE","SWE",103,"2052",4,"Median",3,"Both sexes",188,0,-1,"Total",0,"Not applicable",1,"Model-based Estimates",3,"Projection",9.032
55,"Crude birth rate","Crude birth rate (births per 1,000 population)","World Population Prospects",2024,"United Nations Population Division",752,"Sweden","SE","SWE",104,"2053",4,"Median",3,"Both sexes",188,0,-1,"Total",0,"Not applicable",1,"Model-based Estimates",3,"Projection",8.901
55,"Crude birth rate","Crude birth rate (births per 1,000 population)","World Population Prospects",2024,"United Nations Population Division",752,"Sweden","SE","SWE",105,"2054",4,"Median",3,"Both sexes",188,0,-1,"Total",0,"Not applicable",1,"Model-based Estimates",3,"Projection",8.786
55,"Crude birth rate","Crude birth rate (births per 1,000 population)","World Population Prospects",2024,"United Nations Population Division",752,"Sweden","SE","SWE",106,"2055",4,"Median",3,"Both sexes",188,0,-1,"Total",0,"Not applicable",1,"Model-based Estimates",3,"Projection",8.688
55,"Crude birth rate","Crude birth rate (births per 1,000 population)","World Population Prospects",2024,"United Nations Population Division",752,"Sweden","SE","SWE",107,"2056",4,"Median",3,"Both sexes",188,0,-1,"Total",0,"Not applicable",1,"Model-based Estimates",3,"Projection",8.585
55,"Crude birth rate","Crude birth rate (births per 1,000 population)","World Population Prospects",2024,"United Nations Population Division",752,"Sweden","SE","SWE",108,"2057",4,"Median",3,"Both sexes",188,0,-1,"Total",0,"Not applicable",1,"Model-based Estimates",3,"Projection",8.501
55,"Crude birth rate","Crude birth rate (births per 1,000 population)","World Population Prospects",2024,"United Nations Population Division",752,"Sweden","SE","SWE",109,"2058",4,"Median",3,"Both sexes",188,0,-1,"Total",0,"Not applicable",1,"Model-based Estimates",3,"Projection",8.429
55,"Crude birth rate","Crude birth rate (births per 1,000 population)","World Population Prospects",2024,"United Nations Population Division",752,"Sweden","SE","SWE",110,"2059",4,"Median",3,"Both sexes",188,0,-1,"Total",0,"Not applicable",1,"Model-based Estimates",3,"Projection",8.364
55,"Crude birth rate","Crude birth rate (births per 1,000 population)","World Population Prospects",2024,"United Nations Population Division",752,"Sweden","SE","SWE",111,"2060",4,"Median",3,"Both sexes",188,0,-1,"Total",0,"Not applicable",1,"Model-based Estimates",3,"Projection",8.325
55,"Crude birth rate","Crude birth rate (births per 1,000 population)","World Population Prospects",2024,"United Nations Population Division",752,"Sweden","SE","SWE",112,"2061",4,"Median",3,"Both sexes",188,0,-1,"Total",0,"Not applicable",1,"Model-based Estimates",3,"Projection",8.284
55,"Crude birth rate","Crude birth rate (births per 1,000 population)","World Population Prospects",2024,"United Nations Population Division",752,"Sweden","SE","SWE",113,"2062",4,"Median",3,"Both sexes",188,0,-1,"Total",0,"Not applicable",1,"Model-based Estimates",3,"Projection",8.269
55,"Crude birth rate","Crude birth rate (births per 1,000 population)","World Population Prospects",2024,"United Nations Population Division",752,"Sweden","SE","SWE",114,"2063",4,"Median",3,"Both sexes",188,0,-1,"Total",0,"Not applicable",1,"Model-based Estimates",3,"Projection",8.252
55,"Crude birth rate","Crude birth rate (births per 1,000 population)","World Population Prospects",2024,"United Nations Population Division",752,"Sweden","SE","SWE",115,"2064",4,"Median",3,"Both sexes",188,0,-1,"Total",0,"Not applicable",1,"Model-based Estimates",3,"Projection",8.271
55,"Crude birth rate","Crude birth rate (births per 1,000 population)","World Population Prospects",2024,"United Nations Population Division",752,"Sweden","SE","SWE",116,"2065",4,"Median",3,"Both sexes",188,0,-1,"Total",0,"Not applicable",1,"Model-based Estimates",3,"Projection",8.301
55,"Crude birth rate","Crude birth rate (births per 1,000 population)","World Population Prospects",2024,"United Nations Population Division",752,"Sweden","SE","SWE",117,"2066",4,"Median",3,"Both sexes",188,0,-1,"Total",0,"Not applicable",1,"Model-based Estimates",3,"Projection",8.339
55,"Crude birth rate","Crude birth rate (births per 1,000 population)","World Population Prospects",2024,"United Nations Population Division",752,"Sweden","SE","SWE",118,"2067",4,"Median",3,"Both sexes",188,0,-1,"Total",0,"Not applicable",1,"Model-based Estimates",3,"Projection",8.37
55,"Crude birth rate","Crude birth rate (births per 1,000 population)","World Population Prospects",2024,"United Nations Population Division",752,"Sweden","SE","SWE",119,"2068",4,"Median",3,"Both sexes",188,0,-1,"Total",0,"Not applicable",1,"Model-based Estimates",3,"Projection",8.422
55,"Crude birth rate","Crude birth rate (births per 1,000 population)","World Population Prospects",2024,"United Nations Population Division",752,"Sweden","SE","SWE",120,"2069",4,"Median",3,"Both sexes",188,0,-1,"Total",0,"Not applicable",1,"Model-based Estimates",3,"Projection",8.478
55,"Crude birth rate","Crude birth rate (births per 1,000 population)","World Population Prospects",2024,"United Nations Population Division",752,"Sweden","SE","SWE",121,"2070",4,"Median",3,"Both sexes",188,0,-1,"Total",0,"Not applicable",1,"Model-based Estimates",3,"Projection",8.545
55,"Crude birth rate","Crude birth rate (births per 1,000 population)","World Population Prospects",2024,"United Nations Population Division",752,"Sweden","SE","SWE",122,"2071",4,"Median",3,"Both sexes",188,0,-1,"Total",0,"Not applicable",1,"Model-based Estimates",3,"Projection",8.598
55,"Crude birth rate","Crude birth rate (births per 1,000 population)","World Population Prospects",2024,"United Nations Population Division",752,"Sweden","SE","SWE",123,"2072",4,"Median",3,"Both sexes",188,0,-1,"Total",0,"Not applicable",1,"Model-based Estimates",3,"Projection",8.651
55,"Crude birth rate","Crude birth rate (births per 1,000 population)","World Population Prospects",2024,"United Nations Population Division",752,"Sweden","SE","SWE",124,"2073",4,"Median",3,"Both sexes",188,0,-1,"Total",0,"Not applicable",1,"Model-based Estimates",3,"Projection",8.695
55,"Crude birth rate","Crude birth rate (births per 1,000 population)","World Population Prospects",2024,"United Nations Population Division",752,"Sweden","SE","SWE",125,"2074",4,"Median",3,"Both sexes",188,0,-1,"Total",0,"Not applicable",1,"Model-based Estimates",3,"Projection",8.725
55,"Crude birth rate","Crude birth rate (births per 1,000 population)","World Population Prospects",2024,"United Nations Population Division",752,"Sweden","SE","SWE",126,"2075",4,"Median",3,"Both sexes",188,0,-1,"Total",0,"Not applicable",1,"Model-based Estimates",3,"Projection",8.738
55,"Crude birth rate","Crude birth rate (births per 1,000 population)","World Population Prospects",2024,"United Nations Population Division",752,"Sweden","SE","SWE",127,"2076",4,"Median",3,"Both sexes",188,0,-1,"Total",0,"Not applicable",1,"Model-based Estimates",3,"Projection",8.741
55,"Crude birth rate","Crude birth rate (births per 1,000 population)","World Population Prospects",2024,"United Nations Population Division",752,"Sweden","SE","SWE",128,"2077",4,"Median",3,"Both sexes",188,0,-1,"Total",0,"Not applicable",1,"Model-based Estimates",3,"Projection",8.745
55,"Crude birth rate","Crude birth rate (births per 1,000 population)","World Population Prospects",2024,"United Nations Population Division",752,"Sweden","SE","SWE",129,"2078",4,"Median",3,"Both sexes",188,0,-1,"Total",0,"Not applicable",1,"Model-based Estimates",3,"Projection",8.746
55,"Crude birth rate","Crude birth rate (births per 1,000 population)","World Population Prospects",2024,"United Nations Population Division",752,"Sweden","SE","SWE",130,"2079",4,"Median",3,"Both sexes",188,0,-1,"Total",0,"Not applicable",1,"Model-based Estimates",3,"Projection",8.743
55,"Crude birth rate","Crude birth rate (births per 1,000 population)","World Population Prospects",2024,"United Nations Population Division",752,"Sweden","SE","SWE",131,"2080",4,"Median",3,"Both sexes",188,0,-1,"Total",0,"Not applicable",1,"Model-based Estimates",3,"Projection",8.725
55,"Crude birth rate","Crude birth rate (births per 1,000 population)","World Population Prospects",2024,"United Nations Population Division",752,"Sweden","SE","SWE",132,"2081",4,"Median",3,"Both sexes",188,0,-1,"Total",0,"Not applicable",1,"Model-based Estimates",3,"Projection",8.69
55,"Crude birth rate","Crude birth rate (births per 1,000 population)","World Population Prospects",2024,"United Nations Population Division",752,"Sweden","SE","SWE",133,"2082",4,"Median",3,"Both sexes",188,0,-1,"Total",0,"Not applicable",1,"Model-based Estimates",3,"Projection",8.665
55,"Crude birth rate","Crude birth rate (births per 1,000 population)","World Population Prospects",2024,"United Nations Population Division",752,"Sweden","SE","SWE",134,"2083",4,"Median",3,"Both sexes",188,0,-1,"Total",0,"Not applicable",1,"Model-based Estimates",3,"Projection",8.619
55,"Crude birth rate","Crude birth rate (births per 1,000 population)","World Population Prospects",2024,"United Nations Population Division",752,"Sweden","SE","SWE",135,"2084",4,"Median",3,"Both sexes",188,0,-1,"Total",0,"Not applicable",1,"Model-based Estimates",3,"Projection",8.576
55,"Crude birth rate","Crude birth rate (births per 1,000 population)","World Population Prospects",2024,"United Nations Population Division",752,"Sweden","SE","SWE",136,"2085",4,"Median",3,"Both sexes",188,0,-1,"Total",0,"Not applicable",1,"Model-based Estimates",3,"Projection",8.524
55,"Crude birth rate","Crude birth rate (births per 1,000 population)","World Population Prospects",2024,"United Nations Population Division",752,"Sweden","SE","SWE",137,"2086",4,"Median",3,"Both sexes",188,0,-1,"Total",0,"Not applicable",1,"Model-based Estimates",3,"Projection",8.479
55,"Crude birth rate","Crude birth rate (births per 1,000 population)","World Population Prospects",2024,"United Nations Population Division",752,"Sweden","SE","SWE",138,"2087",4,"Median",3,"Both sexes",188,0,-1,"Total",0,"Not applicable",1,"Model-based Estimates",3,"Projection",8.418
55,"Crude birth rate","Crude birth rate (births per 1,000 population)","World Population Prospects",2024,"United Nations Population Division",752,"Sweden","SE","SWE",139,"2088",4,"Median",3,"Both sexes",188,0,-1,"Total",0,"Not applicable",1,"Model-based Estimates",3,"Projection",8.367
55,"Crude birth rate","Crude birth rate (births per 1,000 population)","World Population Prospects",2024,"United Nations Population Division",752,"Sweden","SE","SWE",140,"2089",4,"Median",3,"Both sexes",188,0,-1,"Total",0,"Not applicable",1,"Model-based Estimates",3,"Projection",8.332
55,"Crude birth rate","Crude birth rate (births per 1,000 population)","World Population Prospects",2024,"United Nations Population Division",752,"Sweden","SE","SWE",141,"2090",4,"Median",3,"Both sexes",188,0,-1,"Total",0,"Not applicable",1,"Model-based Estimates",3,"Projection",8.3
55,"Crude birth rate","Crude birth rate (births per 1,000 population)","World Population Prospects",2024,"United Nations Population Division",752,"Sweden","SE","SWE",142,"2091",4,"Median",3,"Both sexes",188,0,-1,"Total",0,"Not applicable",1,"Model-based Estimates",3,"Projection",8.272
55,"Crude birth rate","Crude birth rate (births per 1,000 population)","World Population Prospects",2024,"United Nations Population Division",752,"Sweden","SE","SWE",143,"2092",4,"Median",3,"Both sexes",188,0,-1,"Total",0,"Not applicable",1,"Model-based Estimates",3,"Projection",8.254
55,"Crude birth rate","Crude birth rate (births per 1,000 population)","World Population Prospects",2024,"United Nations Population Division",752,"Sweden","SE","SWE",144,"2093",4,"Median",3,"Both sexes",188,0,-1,"Total",0,"Not applicable",1,"Model-based Estimates",3,"Projection",8.245
55,"Crude birth rate","Crude birth rate (births per 1,000 population)","World Population Prospects",2024,"United Nations Population Division",752,"Sweden","SE","SWE",145,"2094",4,"Median",3,"Both sexes",188,0,-1,"Total",0,"Not applicable",1,"Model-based Estimates",3,"Projection",8.24
55,"Crude birth rate","Crude birth rate (births per 1,000 population)","World Population Prospects",2024,"United Nations Population Division",752,"Sweden","SE","SWE",146,"2095",4,"Median",3,"Both sexes",188,0,-1,"Total",0,"Not applicable",1,"Model-based Estimates",3,"Projection",8.24
55,"Crude birth rate","Crude birth rate (births per 1,000 population)","World Population Prospects",2024,"United Nations Population Division",752,"Sweden","SE","SWE",147,"2096",4,"Median",3,"Both sexes",188,0,-1,"Total",0,"Not applicable",1,"Model-based Estimates",3,"Projection",8.247
55,"Crude birth rate","Crude birth rate (births per 1,000 population)","World Population Prospects",2024,"United Nations Population Division",752,"Sweden","SE","SWE",148,"2097",4,"Median",3,"Both sexes",188,0,-1,"Total",0,"Not applicable",1,"Model-based Estimates",3,"Projection",8.26
55,"Crude birth rate","Crude birth rate (births per 1,000 population)","World Population Prospects",2024,"United Nations Population Division",752,"Sweden","SE","SWE",149,"2098",4,"Median",3,"Both sexes",188,0,-1,"Total",0,"Not applicable",1,"Model-based Estimates",3,"Projection",8.281
55,"Crude birth rate","Crude birth rate (births per 1,000 population)","World Population Prospects",2024,"United Nations Population Division",752,"Sweden","SE","SWE",150,"2099",4,"Median",3,"Both sexes",188,0,-1,"Total",0,"Not applicable",1,"Model-based Estimates",3,"Projection",8.3
55,"Crude birth rate","Crude birth rate (births per 1,000 population)","World Population Prospects",2024,"United Nations Population Division",752,"Sweden","SE","SWE",151,"2100",4,"Median",3,"Both sexes",188,0,-1,"Total",0,"Not applicable",1,"Model-based Estimates",3,"Projection",8.332
