IndicatorId,IndicatorName,IndicatorShortName,Source,SourceYear,Author,LocationId,Location,Iso2,Iso3,TimeId,Time,VariantId,Variant,SexId,Sex,AgeId,AgeStart,AgeEnd,Age,CategoryId,Category,EstimateTypeId,EstimateType,EstimateMethodId,EstimateMethod,Value
65,"Total net-migration","Total net number of migrants","World Population Prospects",2024,"United Nations Population Division",156,"China","CN","CHN",41,"1990",4,"Median",3,"Both sexes",188,0,-1,"Total",0,"Not applicable",1,"Model-based Estimates",2,"Interpolation",-11187
65,"Total net-migration","Total net number of migrants","World Population Prospects",2024,"United Nations Population Division",156,"China","CN","CHN",42,"1991",4,"Median",3,"Both sexes",188,0,-1,"Total",0,"Not applicable",1,"Model-based Estimates",2,"Interpolation",-544650
65,"Total net-migration","Total net number of migrants","World Population Prospects",2024,"United Nations Population Division",156,"China","CN","CHN",43,"1992",4,"Median",3,"Both sexes",188,0,-1,"Total",0,"Not applicable",1,"Model-based Estimates",2,"Interpolation",-142985
65,"Total net-migration","Total net number of migrants","World Population Prospects",2024,"United Nations Population Division",156,"China","CN","CHN",44,"1993",4,"Median",3,"Both sexes",188,0,-1,"Total",0,"Not applicable",1,"Model-based Estimates",2,"Interpolation",-373316
65,"Total net-migration","Total net number of migrants","World Population Prospects",2024,"United Nations Population Division",156,"China","CN","CHN",45,"1994",4,"Median",3,"Both sexes",188,0,-1,"Total",0,"Not applicable",1,"Model-based Estimates",2,"Interpolation",-723641
65,"Total net-migration","Total net number of migrants","World Population Prospects",2024,"United Nations Population Division",156,"China","CN","CHN",46,"1995",4,"Median",3,"Both sexes",188,0,-1,"Total",0,"Not applicable",1,"Model-based Estimates",2,"Interpolation",-365986
65,"Total net-migration","Total net number of migrants","World Population Prospects",2024,"United Nations Population Division",156,"China","CN","CHN",47,"1996",4,"Median",3,"Both sexes",188,0,-1,"Total",0,"Not applicable",1,"Model-based Estimates",2,"Interpolation",-250750
65,"Total net-migration","Total net number of migrants","World Population Prospects",2024,"United Nations Population Division",156,"China","CN","CHN",48,"1997",4,"Median",3,"Both sexes",188,0,-1,"Total",0,"Not applicable",1,"Model-based Estimates",2,"Interpolation",-279251
65,"Total net-migration","Total net number of migrants","World Population Prospects",2024,"United Nations Population Division",156,"China","CN","CHN",49,"1998",4,"Median",3,"Both sexes",188,0,-1,"Total",0,"Not applicable",1,"Model-based Estimates",2,"Interpolation",-40472
65,"Total net-migration","Total net number of migrants","World Population Prospects",2024,"United Nations Population Division",156,"China","CN","CHN",50,"1999",4,"Median",3,"Both sexes",188,0,-1,"Total",0,"Not applicable",1,"Model-based Estimates",2,"Interpolation",-96102
65,"Total net-migration","Total net number of migrants","World Population Prospects",2024,"United Nations Population Division",156,"China","CN","CHN",51,"2000",4,"Median",3,"Both sexes",188,0,-1,"Total",0,"Not applicable",1,"Model-based Estimates",2,"Interpolation",-62622
65,"Total net-migration","Total net number of migrants","World Population Prospects",2024,"United Nations Population Division",156,"China","CN","CHN",52,"2001",4,"Median",3,"Both sexes",188,0,-1,"Total",0,"Not applicable",1,"Model-based Estimates",2,"Interpolation",-176419
65,"Total net-migration","Total net number of migrants","World Population Prospects",2024,"United Nations Population Division",156,"China","CN","CHN",53,"2002",4,"Median",3,"Both sexes",188,0,-1,"Total",0,"Not applicable",1,"Model-based Estimates",2,"Interpolation",-761291
65,"Total net-migration","Total net number of migrants","World Population Prospects",2024,"United Nations Population Division",156,"China","CN","CHN",54,"2003",4,"Median",3,"Both sexes",188,0,-1,"Total",0,"Not applicable",1,"Model-based Estimates",2,"Interpolation",-613223
65,"Total net-migration","Total net number of migrants","World Population Prospects",2024,"United Nations Population Division",156,"China","CN","CHN",55,"2004",4,"Median",3,"Both sexes",188,0,-1,"Total",0,"Not applicable",1,"Model-based Estimates",2,"Interpolation",-770977
65,"Total net-migration","Total net number of migrants","World Population Prospects",2024,"United Nations Population Division",156,"China","CN","CHN",56,"2005",4,"Median",3,"Both sexes",188,0,-1,"Total",0,"Not applicable",1,"Model-based Estimates",2,"Interpolation",-103701
65,"Total net-migration","Total net number of migrants","World Population Prospects",2024,"United Nations Population Division",156,"China","CN","CHN",57,"2006",4,"Median",3,"Both sexes",188,0,-1,"Total",0,"Not applicable",1,"Model-based Estimates",2,"Interpolation",-759559
65,"Total net-migration","Total net number of migrants","World Population Prospects",2024,"United Nations Population Division",156,"China","CN","CHN",58,"2007",4,"Median",3,"Both sexes",188,0,-1,"Total",0,"Not applicable",1,"Model-based Estimates",2,"Interpolation",-1042019
65,"Total net-migration","Total net number of migrants","World Population Prospects",2024,"United Nations Population Division",156,"China","CN","CHN",59,"2008",4,"Median",3,"Both sexes",188,0,-1,"Total",0,"Not applicable",1,"Model-based Estimates",2,"Interpolation",-764370
65,"Total net-migration","Total net number of migrants","World Population Prospects",2024,"United Nations Population Division",156,"China","CN","CHN",60,"2009",4,"Median",3,"Both sexes",188,0,-1,"Total",0,"Not applicable",1,"Model-based Estimates",2,"Interpolation",-177135
65,"Total net-migration","Total net number of migrants","World Population Prospects",2024,"United Nations Population Division",156,"China","CN","CHN",61,"2010",4,"Median",3,"Both sexes",188,0,-1,"Total",0,"Not applicable",1,"Model-based Estimates",2,"Interpolation",-184144
65,"Total net-migration","Total net number of migrants","World Population Prospects",2024,"United Nations Population Division",156,"China","CN","CHN",62,"2011",4,"Median",3,"Both sexes",188,0,-1,"Total",0,"Not applicable",1,"Model-based Estimates",2,"Interpolation",-416189
65,"Total net-migration","Total net number of migrants","World Population Prospects",2024,"United Nations Population Division",156,"China","CN","CHN",63,"2012",4,"Median",3,"Both sexes",188,0,-1,"Total",0,"Not applicable",1,"Model-based Estimates",2,"Interpolation",-58864
65,"Total net-migration","Total net number of migrants","World Population Prospects",2024,"United Nations Population Division",156,"China","CN","CHN",64,"2013",4,"Median",3,"Both sexes",188,0,-1,"Total",0,"Not applicable",1,"Model-based Estimates",2,"Interpolation",-188951
65,"Total net-migration","Total net number of migrants","World Population Prospects",2024,"United Nations Population Division",156,"China","CN","CHN",65,"2014",4,"Median",3,"Both sexes",188,0,-1,"Total",0,"Not applicable",1,"Model-based Estimates",2,"Interpolation",-371108
65,"Total net-migration","Total net number of migrants","World Population Prospects",2024,"United Nations Population Division",156,"China","CN","CHN",66,"2015",4,"Median",3,"Both sexes",188,0,-1,"Total",0,"Not applicable",1,"Model-based Estimates",2,"Interpolation",-646941
65,"Total net-migration","Total net number of migrants","World Population Prospects",2024,"United Nations Population Division",156,"China","CN","CHN",67,"2016",4,"Median",3,"Both sexes",188,0,-1,"Total",0,"Not applicable",1,"Model-based Estimates",2,"Interpolation",-153056
65,"Total net-migration","Total net number of migrants","World Population Prospects",2024,"United Nations Population Division",156,"China","CN","CHN",68,"2017",4,"Median",3,"Both sexes",188,0,-1,"Total",0,"Not applicable",1,"Model-based Estimates",2,"Interpolation",-94625
65,"Total net-migration","Total net number of migrants","World Population Prospects",2024,"United Nations Population Division",156,"China","CN","CHN",69,"2018",4,"Median",3,"Both sexes",188,0,-1,"Total",0,"Not applicable",1,"Model-based Estimates",2,"Interpolation",-198206
65,"Total net-migration","Total net number of migrants","World Population Prospects",2024,"United Nations Population Division",156,"China","CN","CHN",70,"2019",4,"Median",3,"Both sexes",188,0,-1,"Total",0,"Not applicable",1,"Model-based Estimates",2,"Interpolation",-656091
65,"Total net-migration","Total net number of migrants","World Population Prospects",2024,"United Nations Population Division",156,"China","CN","CHN",71,"2020",4,"Median",3,"Both sexes",188,0,-1,"Total",0,"Not applicable",1,"Model-based Estimates",2,"Interpolation",-91577
65,"Total net-migration","Total net number of migrants","World Population Prospects",2024,"United Nations Population Division",156,"China","CN","CHN",72,"2021",4,"Median",3,"Both sexes",188,0,-1,"Total",0,"Not applicable",1,"Model-based Estimates",2,"Interpolation",-379749
65,"Total net-migration","Total net number of migrants","World Population Prospects",2024,"United Nations Population Division",156,"China","CN","CHN",73,"2022",4,"Median",3,"Both sexes",188,0,-1,"Total",0,"Not applicable",1,"Model-based Estimates",2,"Interpolation",-293846
65,"Total net-migration","Total net number of migrants","World Population Prospects",2024,"United Nations Population Division",156,"China","CN","CHN",74,"2023",4,"Median",3,"Both sexes",188,0,-1,"Total",0,"Not applicable",1,"Model-based Estimates",2,"Interpolation",-567724
65,"Total net-migration","Total net number of migrants","World Population Prospects",2024,"United Nations Population Division",156,"China","CN","CHN",75,"2024",1,"95% lower bound",3,"Both sexes",188,0,-1,"Total",0,"Not applicable",1,"Model-based Estimates",3,"Projection",-1322000
65,"Total net-migration","Total net number of migrants","World Population Prospects",2024,"United Nations Population Division",156,"China","CN","CHN",75,"2024",4,"Median",3,"Both sexes",188,0,-1,"Total",0,"Not applicable",1,"Model-based Estimates",3,"Projection",-318992
65,"Total net-migration","Total net number of migrants","World Population Prospects",2024,"United Nations Population Division",156,"China","CN","CHN",75,"2024",6,"95% upper bound",3,"Both sexes",188,0,-1,"Total",0,"Not applicable",1,"Model-based Estimates",3,"Projection",1240000
65,"Total net-migration","Total net number of migrants","World Population Prospects",2024,"United Nations Population Division",156,"China","CN","CHN",76,"2025",1,"95% lower bound",3,"Both sexes",188,0,-1,"Total",0,"Not applicable",1,"Model-based Estimates",3,"Projection",-1274000
65,"Total net-migration","Total net number of migrants","World Population Prospects",2024,"United Nations Population Division",156,"China","CN","CHN",76,"2025",4,"Median",3,"Both sexes",188,0,-1,"Total",0,"Not applicable",1,"Model-based Estimates",3,"Projection",-268126
65,"Total net-migration","Total net number of migrants","World Population Prospects",2024,"United Nations Population Division",156,"China","CN","CHN",76,"2025",6,"95% upper bound",3,"Both sexes",188,0,-1,"Total",0,"Not applicable",1,"Model-based Estimates",3,"Projection",1204000
65,"Total net-migration","Total net number of migrants","World Population Prospects",2024,"United Nations Population Division",156,"China","CN","CHN",77,"2026",1,"95% lower bound",3,"Both sexes",188,0,-1,"Total",0,"Not applicable",1,"Model-based Estimates",3,"Projection",-1298000
65,"Total net-migration","Total net number of migrants","World Population Prospects",2024,"United Nations Population Division",156,"China","CN","CHN",77,"2026",4,"Median",3,"Both sexes",188,0,-1,"Total",0,"Not applicable",1,"Model-based Estimates",3,"Projection",-232107
65,"Total net-migration","Total net number of migrants","World Population Prospects",2024,"United Nations Population Division",156,"China","CN","CHN",77,"2026",6,"95% upper bound",3,"Both sexes",188,0,-1,"Total",0,"Not applicable",1,"Model-based Estimates",3,"Projection",1260000
65,"Total net-migration","Total net number of migrants","World Population Prospects",2024,"United Nations Population Division",156,"China","CN","CHN",78,"2027",1,"95% lower bound",3,"Both sexes",188,0,-1,"Total",0,"Not applicable",1,"Model-based Estimates",3,"Projection",-1268000
65,"Total net-migration","Total net number of migrants","World Population Prospects",2024,"United Nations Population Division",156,"China","CN","CHN",78,"2027",4,"Median",3,"Both sexes",188,0,-1,"Total",0,"Not applicable",1,"Model-based Estimates",3,"Projection",-213469
65,"Total net-migration","Total net number of migrants","World Population Prospects",2024,"United Nations Population Division",156,"China","CN","CHN",78,"2027",6,"95% upper bound",3,"Both sexes",188,0,-1,"Total",0,"Not applicable",1,"Model-based Estimates",3,"Projection",1173000
65,"Total net-migration","Total net number of migrants","World Population Prospects",2024,"United Nations Population Division",156,"China","CN","CHN",79,"2028",1,"95% lower bound",3,"Both sexes",188,0,-1,"Total",0,"Not applicable",1,"Model-based Estimates",3,"Projection",-1313000
65,"Total net-migration","Total net number of migrants","World Population Prospects",2024,"United Nations Population Division",156,"China","CN","CHN",79,"2028",4,"Median",3,"Both sexes",188,0,-1,"Total",0,"Not applicable",1,"Model-based Estimates",3,"Projection",-232722
65,"Total net-migration","Total net number of migrants","World Population Prospects",2024,"United Nations Population Division",156,"China","CN","CHN",79,"2028",6,"95% upper bound",3,"Both sexes",188,0,-1,"Total",0,"Not applicable",1,"Model-based Estimates",3,"Projection",1214000
65,"Total net-migration","Total net number of migrants","World Population Prospects",2024,"United Nations Population Division",156,"China","CN","CHN",80,"2029",1,"95% lower bound",3,"Both sexes",188,0,-1,"Total",0,"Not applicable",1,"Model-based Estimates",3,"Projection",-1317000
65,"Total net-migration","Total net number of migrants","World Population Prospects",2024,"United Nations Population Division",156,"China","CN","CHN",80,"2029",4,"Median",3,"Both sexes",188,0,-1,"Total",0,"Not applicable",1,"Model-based Estimates",3,"Projection",-218245
65,"Total net-migration","Total net number of migrants","World Population Prospects",2024,"United Nations Population Division",156,"China","CN","CHN",80,"2029",6,"95% upper bound",3,"Both sexes",188,0,-1,"Total",0,"Not applicable",1,"Model-based Estimates",3,"Projection",1169000
65,"Total net-migration","Total net number of migrants","World Population Prospects",2024,"United Nations Population Division",156,"China","CN","CHN",81,"2030",1,"95% lower bound",3,"Both sexes",188,0,-1,"Total",0,"Not applicable",1,"Model-based Estimates",3,"Projection",-1222000
65,"Total net-migration","Total net number of migrants","World Population Prospects",2024,"United Nations Population Division",156,"China","CN","CHN",81,"2030",4,"Median",3,"Both sexes",188,0,-1,"Total",0,"Not applicable",1,"Model-based Estimates",3,"Projection",-199192
65,"Total net-migration","Total net number of migrants","World Population Prospects",2024,"United Nations Population Division",156,"China","CN","CHN",81,"2030",6,"95% upper bound",3,"Both sexes",188,0,-1,"Total",0,"Not applicable",1,"Model-based Estimates",3,"Projection",1175000
65,"Total net-migration","Total net number of migrants","World Population Prospects",2024,"United Nations Population Division",156,"China","CN","CHN",82,"2031",1,"95% lower bound",3,"Both sexes",188,0,-1,"Total",0,"Not applicable",1,"Model-based Estimates",3,"Projection",-1338000
65,"Total net-migration","Total net number of migrants","World Population Prospects",2024,"United Nations Population Division",156,"China","CN","CHN",82,"2031",4,"Median",3,"Both sexes",188,0,-1,"Total",0,"Not applicable",1,"Model-based Estimates",3,"Projection",-222918
65,"Total net-migration","Total net number of migrants","World Population Prospects",2024,"United Nations Population Division",156,"China","CN","CHN",82,"2031",6,"95% upper bound",3,"Both sexes",188,0,-1,"Total",0,"Not applicable",1,"Model-based Estimates",3,"Projection",1207000
65,"Total net-migration","Total net number of migrants","World Population Prospects",2024,"United Nations Population Division",156,"China","CN","CHN",83,"2032",1,"95% lower bound",3,"Both sexes",188,0,-1,"Total",0,"Not applicable",1,"Model-based Estimates",3,"Projection",-1318000
65,"Total net-migration","Total net number of migrants","World Population Prospects",2024,"United Nations Population Division",156,"China","CN","CHN",83,"2032",4,"Median",3,"Both sexes",188,0,-1,"Total",0,"Not applicable",1,"Model-based Estimates",3,"Projection",-228020
65,"Total net-migration","Total net number of migrants","World Population Prospects",2024,"United Nations Population Division",156,"China","CN","CHN",83,"2032",6,"95% upper bound",3,"Both sexes",188,0,-1,"Total",0,"Not applicable",1,"Model-based Estimates",3,"Projection",1240000
65,"Total net-migration","Total net number of migrants","World Population Prospects",2024,"United Nations Population Division",156,"China","CN","CHN",84,"2033",1,"95% lower bound",3,"Both sexes",188,0,-1,"Total",0,"Not applicable",1,"Model-based Estimates",3,"Projection",-1321000
65,"Total net-migration","Total net number of migrants","World Population Prospects",2024,"United Nations Population Division",156,"China","CN","CHN",84,"2033",4,"Median",3,"Both sexes",188,0,-1,"Total",0,"Not applicable",1,"Model-based Estimates",3,"Projection",-232173
65,"Total net-migration","Total net number of migrants","World Population Prospects",2024,"United Nations Population Division",156,"China","CN","CHN",84,"2033",6,"95% upper bound",3,"Both sexes",188,0,-1,"Total",0,"Not applicable",1,"Model-based Estimates",3,"Projection",1147000
65,"Total net-migration","Total net number of migrants","World Population Prospects",2024,"United Nations Population Division",156,"China","CN","CHN",85,"2034",1,"95% lower bound",3,"Both sexes",188,0,-1,"Total",0,"Not applicable",1,"Model-based Estimates",3,"Projection",-1259000
65,"Total net-migration","Total net number of migrants","World Population Prospects",2024,"United Nations Population Division",156,"China","CN","CHN",85,"2034",4,"Median",3,"Both sexes",188,0,-1,"Total",0,"Not applicable",1,"Model-based Estimates",3,"Projection",-215494
65,"Total net-migration","Total net number of migrants","World Population Prospects",2024,"United Nations Population Division",156,"China","CN","CHN",85,"2034",6,"95% upper bound",3,"Both sexes",188,0,-1,"Total",0,"Not applicable",1,"Model-based Estimates",3,"Projection",1170000
65,"Total net-migration","Total net number of migrants","World Population Prospects",2024,"United Nations Population Division",156,"China","CN","CHN",86,"2035",1,"95% lower bound",3,"Both sexes",188,0,-1,"Total",0,"Not applicable",1,"Model-based Estimates",3,"Projection",-1306000
65,"Total net-migration","Total net number of migrants","World Population Prospects",2024,"United Nations Population Division",156,"China","CN","CHN",86,"2035",4,"Median",3,"Both sexes",188,0,-1,"Total",0,"Not applicable",1,"Model-based Estimates",3,"Projection",-213426
65,"Total net-migration","Total net number of migrants","World Population Prospects",2024,"United Nations Population Division",156,"China","CN","CHN",86,"2035",6,"95% upper bound",3,"Both sexes",188,0,-1,"Total",0,"Not applicable",1,"Model-based Estimates",3,"Projection",1168000
65,"Total net-migration","Total net number of migrants","World Population Prospects",2024,"United Nations Population Division",156,"China","CN","CHN",87,"2036",1,"95% lower bound",3,"Both sexes",188,0,-1,"Total",0,"Not applicable",1,"Model-based Estimates",3,"Projection",-1205000
65,"Total net-migration","Total net number of migrants","World Population Prospects",2024,"United Nations Population Division",156,"China","CN","CHN",87,"2036",4,"Median",3,"Both sexes",188,0,-1,"Total",0,"Not applicable",1,"Model-based Estimates",3,"Projection",-218480
65,"Total net-migration","Total net number of migrants","World Population Prospects",2024,"United Nations Population Division",156,"China","CN","CHN",87,"2036",6,"95% upper bound",3,"Both sexes",188,0,-1,"Total",0,"Not applicable",1,"Model-based Estimates",3,"Projection",1152000
65,"Total net-migration","Total net number of migrants","World Population Prospects",2024,"United Nations Population Division",156,"China","CN","CHN",88,"2037",1,"95% lower bound",3,"Both sexes",188,0,-1,"Total",0,"Not applicable",1,"Model-based Estimates",3,"Projection",-1295000
65,"Total net-migration","Total net number of migrants","World Population Prospects",2024,"United Nations Population Division",156,"China","CN","CHN",88,"2037",4,"Median",3,"Both sexes",188,0,-1,"Total",0,"Not applicable",1,"Model-based Estimates",3,"Projection",-223836
65,"Total net-migration","Total net number of migrants","World Population Prospects",2024,"United Nations Population Division",156,"China","CN","CHN",88,"2037",6,"95% upper bound",3,"Both sexes",188,0,-1,"Total",0,"Not applicable",1,"Model-based Estimates",3,"Projection",1195000
65,"Total net-migration","Total net number of migrants","World Population Prospects",2024,"United Nations Population Division",156,"China","CN","CHN",89,"2038",1,"95% lower bound",3,"Both sexes",188,0,-1,"Total",0,"Not applicable",1,"Model-based Estimates",3,"Projection",-1219000
65,"Total net-migration","Total net number of migrants","World Population Prospects",2024,"United Nations Population Division",156,"China","CN","CHN",89,"2038",4,"Median",3,"Both sexes",188,0,-1,"Total",0,"Not applicable",1,"Model-based Estimates",3,"Projection",-186665
65,"Total net-migration","Total net number of migrants","World Population Prospects",2024,"United Nations Population Division",156,"China","CN","CHN",89,"2038",6,"95% upper bound",3,"Both sexes",188,0,-1,"Total",0,"Not applicable",1,"Model-based Estimates",3,"Projection",1141000
65,"Total net-migration","Total net number of migrants","World Population Prospects",2024,"United Nations Population Division",156,"China","CN","CHN",90,"2039",1,"95% lower bound",3,"Both sexes",188,0,-1,"Total",0,"Not applicable",1,"Model-based Estimates",3,"Projection",-1322000
65,"Total net-migration","Total net number of migrants","World Population Prospects",2024,"United Nations Population Division",156,"China","CN","CHN",90,"2039",4,"Median",3,"Both sexes",188,0,-1,"Total",0,"Not applicable",1,"Model-based Estimates",3,"Projection",-214488
65,"Total net-migration","Total net number of migrants","World Population Prospects",2024,"United Nations Population Division",156,"China","CN","CHN",90,"2039",6,"95% upper bound",3,"Both sexes",188,0,-1,"Total",0,"Not applicable",1,"Model-based Estimates",3,"Projection",1138000
65,"Total net-migration","Total net number of migrants","World Population Prospects",2024,"United Nations Population Division",156,"China","CN","CHN",91,"2040",1,"95% lower bound",3,"Both sexes",188,0,-1,"Total",0,"Not applicable",1,"Model-based Estimates",3,"Projection",-1252000
65,"Total net-migration","Total net number of migrants","World Population Prospects",2024,"United Nations Population Division",156,"China","CN","CHN",91,"2040",4,"Median",3,"Both sexes",188,0,-1,"Total",0,"Not applicable",1,"Model-based Estimates",3,"Projection",-206247
65,"Total net-migration","Total net number of migrants","World Population Prospects",2024,"United Nations Population Division",156,"China","CN","CHN",91,"2040",6,"95% upper bound",3,"Both sexes",188,0,-1,"Total",0,"Not applicable",1,"Model-based Estimates",3,"Projection",1214000
65,"Total net-migration","Total net number of migrants","World Population Prospects",2024,"United Nations Population Division",156,"China","CN","CHN",92,"2041",1,"95% lower bound",3,"Both sexes",188,0,-1,"Total",0,"Not applicable",1,"Model-based Estimates",3,"Projection",-1218000
65,"Total net-migration","Total net number of migrants","World Population Prospects",2024,"United Nations Population Division",156,"China","CN","CHN",92,"2041",4,"Median",3,"Both sexes",188,0,-1,"Total",0,"Not applicable",1,"Model-based Estimates",3,"Projection",-216496
65,"Total net-migration","Total net number of migrants","World Population Prospects",2024,"United Nations Population Division",156,"China","CN","CHN",92,"2041",6,"95% upper bound",3,"Both sexes",188,0,-1,"Total",0,"Not applicable",1,"Model-based Estimates",3,"Projection",1207000
65,"Total net-migration","Total net number of migrants","World Population Prospects",2024,"United Nations Population Division",156,"China","CN","CHN",93,"2042",1,"95% lower bound",3,"Both sexes",188,0,-1,"Total",0,"Not applicable",1,"Model-based Estimates",3,"Projection",-1193000
65,"Total net-migration","Total net number of migrants","World Population Prospects",2024,"United Nations Population Division",156,"China","CN","CHN",93,"2042",4,"Median",3,"Both sexes",188,0,-1,"Total",0,"Not applicable",1,"Model-based Estimates",3,"Projection",-208443
65,"Total net-migration","Total net number of migrants","World Population Prospects",2024,"United Nations Population Division",156,"China","CN","CHN",93,"2042",6,"95% upper bound",3,"Both sexes",188,0,-1,"Total",0,"Not applicable",1,"Model-based Estimates",3,"Projection",1106000
65,"Total net-migration","Total net number of migrants","World Population Prospects",2024,"United Nations Population Division",156,"China","CN","CHN",94,"2043",1,"95% lower bound",3,"Both sexes",188,0,-1,"Total",0,"Not applicable",1,"Model-based Estimates",3,"Projection",-1242000
65,"Total net-migration","Total net number of migrants","World Population Prospects",2024,"United Nations Population Division",156,"China","CN","CHN",94,"2043",4,"Median",3,"Both sexes",188,0,-1,"Total",0,"Not applicable",1,"Model-based Estimates",3,"Projection",-187322
65,"Total net-migration","Total net number of migrants","World Population Prospects",2024,"United Nations Population Division",156,"China","CN","CHN",94,"2043",6,"95% upper bound",3,"Both sexes",188,0,-1,"Total",0,"Not applicable",1,"Model-based Estimates",3,"Projection",1079000
65,"Total net-migration","Total net number of migrants","World Population Prospects",2024,"United Nations Population Division",156,"China","CN","CHN",95,"2044",1,"95% lower bound",3,"Both sexes",188,0,-1,"Total",0,"Not applicable",1,"Model-based Estimates",3,"Projection",-1148000
65,"Total net-migration","Total net number of migrants","World Population Prospects",2024,"United Nations Population Division",156,"China","CN","CHN",95,"2044",4,"Median",3,"Both sexes",188,0,-1,"Total",0,"Not applicable",1,"Model-based Estimates",3,"Projection",-160266
65,"Total net-migration","Total net number of migrants","World Population Prospects",2024,"United Nations Population Division",156,"China","CN","CHN",95,"2044",6,"95% upper bound",3,"Both sexes",188,0,-1,"Total",0,"Not applicable",1,"Model-based Estimates",3,"Projection",1021000
65,"Total net-migration","Total net number of migrants","World Population Prospects",2024,"United Nations Population Division",156,"China","CN","CHN",96,"2045",1,"95% lower bound",3,"Both sexes",188,0,-1,"Total",0,"Not applicable",1,"Model-based Estimates",3,"Projection",-1157000
65,"Total net-migration","Total net number of migrants","World Population Prospects",2024,"United Nations Population Division",156,"China","CN","CHN",96,"2045",4,"Median",3,"Both sexes",188,0,-1,"Total",0,"Not applicable",1,"Model-based Estimates",3,"Projection",-191600
65,"Total net-migration","Total net number of migrants","World Population Prospects",2024,"United Nations Population Division",156,"China","CN","CHN",96,"2045",6,"95% upper bound",3,"Both sexes",188,0,-1,"Total",0,"Not applicable",1,"Model-based Estimates",3,"Projection",1129000
65,"Total net-migration","Total net number of migrants","World Population Prospects",2024,"United Nations Population Division",156,"China","CN","CHN",97,"2046",1,"95% lower bound",3,"Both sexes",188,0,-1,"Total",0,"Not applicable",1,"Model-based Estimates",3,"Projection",-1186000
65,"Total net-migration","Total net number of migrants","World Population Prospects",2024,"United Nations Population Division",156,"China","CN","CHN",97,"2046",4,"Median",3,"Both sexes",188,0,-1,"Total",0,"Not applicable",1,"Model-based Estimates",3,"Projection",-219507
65,"Total net-migration","Total net number of migrants","World Population Prospects",2024,"United Nations Population Division",156,"China","CN","CHN",97,"2046",6,"95% upper bound",3,"Both sexes",188,0,-1,"Total",0,"Not applicable",1,"Model-based Estimates",3,"Projection",1167000
65,"Total net-migration","Total net number of migrants","World Population Prospects",2024,"United Nations Population Division",156,"China","CN","CHN",98,"2047",1,"95% lower bound",3,"Both sexes",188,0,-1,"Total",0,"Not applicable",1,"Model-based Estimates",3,"Projection",-1231000
65,"Total net-migration","Total net number of migrants","World Population Prospects",2024,"United Nations Population Division",156,"China","CN","CHN",98,"2047",4,"Median",3,"Both sexes",188,0,-1,"Total",0,"Not applicable",1,"Model-based Estimates",3,"Projection",-183361
65,"Total net-migration","Total net number of migrants","World Population Prospects",2024,"United Nations Population Division",156,"China","CN","CHN",98,"2047",6,"95% upper bound",3,"Both sexes",188,0,-1,"Total",0,"Not applicable",1,"Model-based Estimates",3,"Projection",1154000
65,"Total net-migration","Total net number of migrants","World Population Prospects",2024,"United Nations Population Division",156,"China","CN","CHN",99,"2048",1,"95% lower bound",3,"Both sexes",188,0,-1,"Total",0,"Not applicable",1,"Model-based Estimates",3,"Projection",-1184000
65,"Total net-migration","Total net number of migrants","World Population Prospects",2024,"United Nations Population Division",156,"China","CN","CHN",99,"2048",4,"Median",3,"Both sexes",188,0,-1,"Total",0,"Not applicable",1,"Model-based Estimates",3,"Projection",-189302
65,"Total net-migration","Total net number of migrants","World Population Prospects",2024,"United Nations Population Division",156,"China","CN","CHN",99,"2048",6,"95% upper bound",3,"Both sexes",188,0,-1,"Total",0,"Not applicable",1,"Model-based Estimates",3,"Projection",1075000
65,"Total net-migration","Total net number of migrants","World Population Prospects",2024,"United Nations Population Division",156,"China","CN","CHN",100,"2049",1,"95% lower bound",3,"Both sexes",188,0,-1,"Total",0,"Not applicable",1,"Model-based Estimates",3,"Projection",-1206000
65,"Total net-migration","Total net number of migrants","World Population Prospects",2024,"United Nations Population Division",156,"China","CN","CHN",100,"2049",4,"Median",3,"Both sexes",188,0,-1,"Total",0,"Not applicable",1,"Model-based Estimates",3,"Projection",-201101
65,"Total net-migration","Total net number of migrants","World Population Prospects",2024,"United Nations Population Division",156,"China","CN","CHN",100,"2049",6,"95% upper bound",3,"Both sexes",188,0,-1,"Total",0,"Not applicable",1,"Model-based Estimates",3,"Projection",1082000
65,"Total net-migration","Total net number of migrants","World Population Prospects",2024,"United Nations Population Division",156,"China","CN","CHN",101,"2050",1,"95% lower bound",3,"Both sexes",188,0,-1,"Total",0,"Not applicable",1,"Model-based Estimates",3,"Projection",-1162000
65,"Total net-migration","Total net number of migrants","World Population Prospects",2024,"United Nations Population Division",156,"China","CN","CHN",101,"2050",4,"Median",3,"Both sexes",188,0,-1,"Total",0,"Not applicable",1,"Model-based Estimates",3,"Projection",-171498
65,"Total net-migration","Total net number of migrants","World Population Prospects",2024,"United Nations Population Division",156,"China","CN","CHN",101,"2050",6,"95% upper bound",3,"Both sexes",188,0,-1,"Total",0,"Not applicable",1,"Model-based Estimates",3,"Projection",1069000
65,"Total net-migration","Total net number of migrants","World Population Prospects",2024,"United Nations Population Division",156,"China","CN","CHN",102,"2051",1,"95% lower bound",3,"Both sexes",188,0,-1,"Total",0,"Not applicable",1,"Model-based Estimates",3,"Projection",-1150000
65,"Total net-migration","Total net number of migrants","World Population Prospects",2024,"United Nations Population Division",156,"China","CN","CHN",102,"2051",4,"Median",3,"Both sexes",188,0,-1,"Total",0,"Not applicable",1,"Model-based Estimates",3,"Projection",-187534
65,"Total net-migration","Total net number of migrants","World Population Prospects",2024,"United Nations Population Division",156,"China","CN","CHN",102,"2051",6,"95% upper bound",3,"Both sexes",188,0,-1,"Total",0,"Not applicable",1,"Model-based Estimates",3,"Projection",1073000
65,"Total net-migration","Total net number of migrants","World Population Prospects",2024,"United Nations Population Division",156,"China","CN","CHN",103,"2052",1,"95% lower bound",3,"Both sexes",188,0,-1,"Total",0,"Not applicable",1,"Model-based Estimates",3,"Projection",-1174000
65,"Total net-migration","Total net number of migrants","World Population Prospects",2024,"United Nations Population Division",156,"China","CN","CHN",103,"2052",4,"Median",3,"Both sexes",188,0,-1,"Total",0,"Not applicable",1,"Model-based Estimates",3,"Projection",-211489
65,"Total net-migration","Total net number of migrants","World Population Prospects",2024,"United Nations Population Division",156,"China","CN","CHN",103,"2052",6,"95% upper bound",3,"Both sexes",188,0,-1,"Total",0,"Not applicable",1,"Model-based Estimates",3,"Projection",1126000
65,"Total net-migration","Total net number of migrants","World Population Prospects",2024,"United Nations Population Division",156,"China","CN","CHN",104,"2053",1,"95% lower bound",3,"Both sexes",188,0,-1,"Total",0,"Not applicable",1,"Model-based Estimates",3,"Projection",-1204000
65,"Total net-migration","Total net number of migrants","World Population Prospects",2024,"United Nations Population Division",156,"China","CN","CHN",104,"2053",4,"Median",3,"Both sexes",188,0,-1,"Total",0,"Not applicable",1,"Model-based Estimates",3,"Projection",-178099
65,"Total net-migration","Total net number of migrants","World Population Prospects",2024,"United Nations Population Division",156,"China","CN","CHN",104,"2053",6,"95% upper bound",3,"Both sexes",188,0,-1,"Total",0,"Not applicable",1,"Model-based Estimates",3,"Projection",1033000
65,"Total net-migration","Total net number of migrants","World Population Prospects",2024,"United Nations Population Division",156,"China","CN","CHN",105,"2054",1,"95% lower bound",3,"Both sexes",188,0,-1,"Total",0,"Not applicable",1,"Model-based Estimates",3,"Projection",-1161000
65,"Total net-migration","Total net number of migrants","World Population Prospects",2024,"United Nations Population Division",156,"China","CN","CHN",105,"2054",4,"Median",3,"Both sexes",188,0,-1,"Total",0,"Not applicable",1,"Model-based Estimates",3,"Projection",-163039
65,"Total net-migration","Total net number of migrants","World Population Prospects",2024,"United Nations Population Division",156,"China","CN","CHN",105,"2054",6,"95% upper bound",3,"Both sexes",188,0,-1,"Total",0,"Not applicable",1,"Model-based Estimates",3,"Projection",969000
65,"Total net-migration","Total net number of migrants","World Population Prospects",2024,"United Nations Population Division",156,"China","CN","CHN",106,"2055",1,"95% lower bound",3,"Both sexes",188,0,-1,"Total",0,"Not applicable",1,"Model-based Estimates",3,"Projection",-1143000
65,"Total net-migration","Total net number of migrants","World Population Prospects",2024,"United Nations Population Division",156,"China","CN","CHN",106,"2055",4,"Median",3,"Both sexes",188,0,-1,"Total",0,"Not applicable",1,"Model-based Estimates",3,"Projection",-172074
65,"Total net-migration","Total net number of migrants","World Population Prospects",2024,"United Nations Population Division",156,"China","CN","CHN",106,"2055",6,"95% upper bound",3,"Both sexes",188,0,-1,"Total",0,"Not applicable",1,"Model-based Estimates",3,"Projection",1017000
65,"Total net-migration","Total net number of migrants","World Population Prospects",2024,"United Nations Population Division",156,"China","CN","CHN",107,"2056",1,"95% lower bound",3,"Both sexes",188,0,-1,"Total",0,"Not applicable",1,"Model-based Estimates",3,"Projection",-1111000
65,"Total net-migration","Total net number of migrants","World Population Prospects",2024,"United Nations Population Division",156,"China","CN","CHN",107,"2056",4,"Median",3,"Both sexes",188,0,-1,"Total",0,"Not applicable",1,"Model-based Estimates",3,"Projection",-181019
65,"Total net-migration","Total net number of migrants","World Population Prospects",2024,"United Nations Population Division",156,"China","CN","CHN",107,"2056",6,"95% upper bound",3,"Both sexes",188,0,-1,"Total",0,"Not applicable",1,"Model-based Estimates",3,"Projection",1015000
65,"Total net-migration","Total net number of migrants","World Population Prospects",2024,"United Nations Population Division",156,"China","CN","CHN",108,"2057",1,"95% lower bound",3,"Both sexes",188,0,-1,"Total",0,"Not applicable",1,"Model-based Estimates",3,"Projection",-1110000
65,"Total net-migration","Total net number of migrants","World Population Prospects",2024,"United Nations Population Division",156,"China","CN","CHN",108,"2057",4,"Median",3,"Both sexes",188,0,-1,"Total",0,"Not applicable",1,"Model-based Estimates",3,"Projection",-154354
65,"Total net-migration","Total net number of migrants","World Population Prospects",2024,"United Nations Population Division",156,"China","CN","CHN",108,"2057",6,"95% upper bound",3,"Both sexes",188,0,-1,"Total",0,"Not applicable",1,"Model-based Estimates",3,"Projection",1031000
65,"Total net-migration","Total net number of migrants","World Population Prospects",2024,"United Nations Population Division",156,"China","CN","CHN",109,"2058",1,"95% lower bound",3,"Both sexes",188,0,-1,"Total",0,"Not applicable",1,"Model-based Estimates",3,"Projection",-1086000
65,"Total net-migration","Total net number of migrants","World Population Prospects",2024,"United Nations Population Division",156,"China","CN","CHN",109,"2058",4,"Median",3,"Both sexes",188,0,-1,"Total",0,"Not applicable",1,"Model-based Estimates",3,"Projection",-172447
65,"Total net-migration","Total net number of migrants","World Population Prospects",2024,"United Nations Population Division",156,"China","CN","CHN",109,"2058",6,"95% upper bound",3,"Both sexes",188,0,-1,"Total",0,"Not applicable",1,"Model-based Estimates",3,"Projection",1006000
65,"Total net-migration","Total net number of migrants","World Population Prospects",2024,"United Nations Population Division",156,"China","CN","CHN",110,"2059",1,"95% lower bound",3,"Both sexes",188,0,-1,"Total",0,"Not applicable",1,"Model-based Estimates",3,"Projection",-1073000
65,"Total net-migration","Total net number of migrants","World Population Prospects",2024,"United Nations Population Division",156,"China","CN","CHN",110,"2059",4,"Median",3,"Both sexes",188,0,-1,"Total",0,"Not applicable",1,"Model-based Estimates",3,"Projection",-167130
65,"Total net-migration","Total net number of migrants","World Population Prospects",2024,"United Nations Population Division",156,"China","CN","CHN",110,"2059",6,"95% upper bound",3,"Both sexes",188,0,-1,"Total",0,"Not applicable",1,"Model-based Estimates",3,"Projection",975000
65,"Total net-migration","Total net number of migrants","World Population Prospects",2024,"United Nations Population Division",156,"China","CN","CHN",111,"2060",1,"95% lower bound",3,"Both sexes",188,0,-1,"Total",0,"Not applicable",1,"Model-based Estimates",3,"Projection",-1069000
65,"Total net-migration","Total net number of migrants","World Population Prospects",2024,"United Nations Population Division",156,"China","CN","CHN",111,"2060",4,"Median",3,"Both sexes",188,0,-1,"Total",0,"Not applicable",1,"Model-based Estimates",3,"Projection",-173618
65,"Total net-migration","Total net number of migrants","World Population Prospects",2024,"United Nations Population Division",156,"China","CN","CHN",111,"2060",6,"95% upper bound",3,"Both sexes",188,0,-1,"Total",0,"Not applicable",1,"Model-based Estimates",3,"Projection",928000
65,"Total net-migration","Total net number of migrants","World Population Prospects",2024,"United Nations Population Division",156,"China","CN","CHN",112,"2061",1,"95% lower bound",3,"Both sexes",188,0,-1,"Total",0,"Not applicable",1,"Model-based Estimates",3,"Projection",-1085000
65,"Total net-migration","Total net number of migrants","World Population Prospects",2024,"United Nations Population Division",156,"China","CN","CHN",112,"2061",4,"Median",3,"Both sexes",188,0,-1,"Total",0,"Not applicable",1,"Model-based Estimates",3,"Projection",-149719
65,"Total net-migration","Total net number of migrants","World Population Prospects",2024,"United Nations Population Division",156,"China","CN","CHN",112,"2061",6,"95% upper bound",3,"Both sexes",188,0,-1,"Total",0,"Not applicable",1,"Model-based Estimates",3,"Projection",958000
65,"Total net-migration","Total net number of migrants","World Population Prospects",2024,"United Nations Population Division",156,"China","CN","CHN",113,"2062",1,"95% lower bound",3,"Both sexes",188,0,-1,"Total",0,"Not applicable",1,"Model-based Estimates",3,"Projection",-1043000
65,"Total net-migration","Total net number of migrants","World Population Prospects",2024,"United Nations Population Division",156,"China","CN","CHN",113,"2062",4,"Median",3,"Both sexes",188,0,-1,"Total",0,"Not applicable",1,"Model-based Estimates",3,"Projection",-158397
65,"Total net-migration","Total net number of migrants","World Population Prospects",2024,"United Nations Population Division",156,"China","CN","CHN",113,"2062",6,"95% upper bound",3,"Both sexes",188,0,-1,"Total",0,"Not applicable",1,"Model-based Estimates",3,"Projection",924000
65,"Total net-migration","Total net number of migrants","World Population Prospects",2024,"United Nations Population Division",156,"China","CN","CHN",114,"2063",1,"95% lower bound",3,"Both sexes",188,0,-1,"Total",0,"Not applicable",1,"Model-based Estimates",3,"Projection",-1051000
65,"Total net-migration","Total net number of migrants","World Population Prospects",2024,"United Nations Population Division",156,"China","CN","CHN",114,"2063",4,"Median",3,"Both sexes",188,0,-1,"Total",0,"Not applicable",1,"Model-based Estimates",3,"Projection",-143787
65,"Total net-migration","Total net number of migrants","World Population Prospects",2024,"United Nations Population Division",156,"China","CN","CHN",114,"2063",6,"95% upper bound",3,"Both sexes",188,0,-1,"Total",0,"Not applicable",1,"Model-based Estimates",3,"Projection",903000
65,"Total net-migration","Total net number of migrants","World Population Prospects",2024,"United Nations Population Division",156,"China","CN","CHN",115,"2064",1,"95% lower bound",3,"Both sexes",188,0,-1,"Total",0,"Not applicable",1,"Model-based Estimates",3,"Projection",-1004000
65,"Total net-migration","Total net number of migrants","World Population Prospects",2024,"United Nations Population Division",156,"China","CN","CHN",115,"2064",4,"Median",3,"Both sexes",188,0,-1,"Total",0,"Not applicable",1,"Model-based Estimates",3,"Projection",-165499
65,"Total net-migration","Total net number of migrants","World Population Prospects",2024,"United Nations Population Division",156,"China","CN","CHN",115,"2064",6,"95% upper bound",3,"Both sexes",188,0,-1,"Total",0,"Not applicable",1,"Model-based Estimates",3,"Projection",901000
65,"Total net-migration","Total net number of migrants","World Population Prospects",2024,"United Nations Population Division",156,"China","CN","CHN",116,"2065",1,"95% lower bound",3,"Both sexes",188,0,-1,"Total",0,"Not applicable",1,"Model-based Estimates",3,"Projection",-927000
65,"Total net-migration","Total net number of migrants","World Population Prospects",2024,"United Nations Population Division",156,"China","CN","CHN",116,"2065",4,"Median",3,"Both sexes",188,0,-1,"Total",0,"Not applicable",1,"Model-based Estimates",3,"Projection",-134393
65,"Total net-migration","Total net number of migrants","World Population Prospects",2024,"United Nations Population Division",156,"China","CN","CHN",116,"2065",6,"95% upper bound",3,"Both sexes",188,0,-1,"Total",0,"Not applicable",1,"Model-based Estimates",3,"Projection",907000
65,"Total net-migration","Total net number of migrants","World Population Prospects",2024,"United Nations Population Division",156,"China","CN","CHN",117,"2066",1,"95% lower bound",3,"Both sexes",188,0,-1,"Total",0,"Not applicable",1,"Model-based Estimates",3,"Projection",-1016000
65,"Total net-migration","Total net number of migrants","World Population Prospects",2024,"United Nations Population Division",156,"China","CN","CHN",117,"2066",4,"Median",3,"Both sexes",188,0,-1,"Total",0,"Not applicable",1,"Model-based Estimates",3,"Projection",-144869
65,"Total net-migration","Total net number of migrants","World Population Prospects",2024,"United Nations Population Division",156,"China","CN","CHN",117,"2066",6,"95% upper bound",3,"Both sexes",188,0,-1,"Total",0,"Not applicable",1,"Model-based Estimates",3,"Projection",886000
65,"Total net-migration","Total net number of migrants","World Population Prospects",2024,"United Nations Population Division",156,"China","CN","CHN",118,"2067",1,"95% lower bound",3,"Both sexes",188,0,-1,"Total",0,"Not applicable",1,"Model-based Estimates",3,"Projection",-957000
65,"Total net-migration","Total net number of migrants","World Population Prospects",2024,"United Nations Population Division",156,"China","CN","CHN",118,"2067",4,"Median",3,"Both sexes",188,0,-1,"Total",0,"Not applicable",1,"Model-based Estimates",3,"Projection",-154975
65,"Total net-migration","Total net number of migrants","World Population Prospects",2024,"United Nations Population Division",156,"China","CN","CHN",118,"2067",6,"95% upper bound",3,"Both sexes",188,0,-1,"Total",0,"Not applicable",1,"Model-based Estimates",3,"Projection",897000
65,"Total net-migration","Total net number of migrants","World Population Prospects",2024,"United Nations Population Division",156,"China","CN","CHN",119,"2068",1,"95% lower bound",3,"Both sexes",188,0,-1,"Total",0,"Not applicable",1,"Model-based Estimates",3,"Projection",-965000
65,"Total net-migration","Total net number of migrants","World Population Prospects",2024,"United Nations Population Division",156,"China","CN","CHN",119,"2068",4,"Median",3,"Both sexes",188,0,-1,"Total",0,"Not applicable",1,"Model-based Estimates",3,"Projection",-133281
65,"Total net-migration","Total net number of migrants","World Population Prospects",2024,"United Nations Population Division",156,"China","CN","CHN",119,"2068",6,"95% upper bound",3,"Both sexes",188,0,-1,"Total",0,"Not applicable",1,"Model-based Estimates",3,"Projection",872000
65,"Total net-migration","Total net number of migrants","World Population Prospects",2024,"United Nations Population Division",156,"China","CN","CHN",120,"2069",1,"95% lower bound",3,"Both sexes",188,0,-1,"Total",0,"Not applicable",1,"Model-based Estimates",3,"Projection",-934000
65,"Total net-migration","Total net number of migrants","World Population Prospects",2024,"United Nations Population Division",156,"China","CN","CHN",120,"2069",4,"Median",3,"Both sexes",188,0,-1,"Total",0,"Not applicable",1,"Model-based Estimates",3,"Projection",-137049
65,"Total net-migration","Total net number of migrants","World Population Prospects",2024,"United Nations Population Division",156,"China","CN","CHN",120,"2069",6,"95% upper bound",3,"Both sexes",188,0,-1,"Total",0,"Not applicable",1,"Model-based Estimates",3,"Projection",839000
65,"Total net-migration","Total net number of migrants","World Population Prospects",2024,"United Nations Population Division",156,"China","CN","CHN",121,"2070",1,"95% lower bound",3,"Both sexes",188,0,-1,"Total",0,"Not applicable",1,"Model-based Estimates",3,"Projection",-895000
65,"Total net-migration","Total net number of migrants","World Population Prospects",2024,"United Nations Population Division",156,"China","CN","CHN",121,"2070",4,"Median",3,"Both sexes",188,0,-1,"Total",0,"Not applicable",1,"Model-based Estimates",3,"Projection",-121007
65,"Total net-migration","Total net number of migrants","World Population Prospects",2024,"United Nations Population Division",156,"China","CN","CHN",121,"2070",6,"95% upper bound",3,"Both sexes",188,0,-1,"Total",0,"Not applicable",1,"Model-based Estimates",3,"Projection",805000
65,"Total net-migration","Total net number of migrants","World Population Prospects",2024,"United Nations Population Division",156,"China","CN","CHN",122,"2071",1,"95% lower bound",3,"Both sexes",188,0,-1,"Total",0,"Not applicable",1,"Model-based Estimates",3,"Projection",-958000
65,"Total net-migration","Total net number of migrants","World Population Prospects",2024,"United Nations Population Division",156,"China","CN","CHN",122,"2071",4,"Median",3,"Both sexes",188,0,-1,"Total",0,"Not applicable",1,"Model-based Estimates",3,"Projection",-124347
65,"Total net-migration","Total net number of migrants","World Population Prospects",2024,"United Nations Population Division",156,"China","CN","CHN",122,"2071",6,"95% upper bound",3,"Both sexes",188,0,-1,"Total",0,"Not applicable",1,"Model-based Estimates",3,"Projection",845000
65,"Total net-migration","Total net number of migrants","World Population Prospects",2024,"United Nations Population Division",156,"China","CN","CHN",123,"2072",1,"95% lower bound",3,"Both sexes",188,0,-1,"Total",0,"Not applicable",1,"Model-based Estimates",3,"Projection",-949000
65,"Total net-migration","Total net number of migrants","World Population Prospects",2024,"United Nations Population Division",156,"China","CN","CHN",123,"2072",4,"Median",3,"Both sexes",188,0,-1,"Total",0,"Not applicable",1,"Model-based Estimates",3,"Projection",-138351
65,"Total net-migration","Total net number of migrants","World Population Prospects",2024,"United Nations Population Division",156,"China","CN","CHN",123,"2072",6,"95% upper bound",3,"Both sexes",188,0,-1,"Total",0,"Not applicable",1,"Model-based Estimates",3,"Projection",822000
65,"Total net-migration","Total net number of migrants","World Population Prospects",2024,"United Nations Population Division",156,"China","CN","CHN",124,"2073",1,"95% lower bound",3,"Both sexes",188,0,-1,"Total",0,"Not applicable",1,"Model-based Estimates",3,"Projection",-920000
65,"Total net-migration","Total net number of migrants","World Population Prospects",2024,"United Nations Population Division",156,"China","CN","CHN",124,"2073",4,"Median",3,"Both sexes",188,0,-1,"Total",0,"Not applicable",1,"Model-based Estimates",3,"Projection",-138292
65,"Total net-migration","Total net number of migrants","World Population Prospects",2024,"United Nations Population Division",156,"China","CN","CHN",124,"2073",6,"95% upper bound",3,"Both sexes",188,0,-1,"Total",0,"Not applicable",1,"Model-based Estimates",3,"Projection",847000
65,"Total net-migration","Total net number of migrants","World Population Prospects",2024,"United Nations Population Division",156,"China","CN","CHN",125,"2074",1,"95% lower bound",3,"Both sexes",188,0,-1,"Total",0,"Not applicable",1,"Model-based Estimates",3,"Projection",-903000
65,"Total net-migration","Total net number of migrants","World Population Prospects",2024,"United Nations Population Division",156,"China","CN","CHN",125,"2074",4,"Median",3,"Both sexes",188,0,-1,"Total",0,"Not applicable",1,"Model-based Estimates",3,"Projection",-117158
65,"Total net-migration","Total net number of migrants","World Population Prospects",2024,"United Nations Population Division",156,"China","CN","CHN",125,"2074",6,"95% upper bound",3,"Both sexes",188,0,-1,"Total",0,"Not applicable",1,"Model-based Estimates",3,"Projection",805000
65,"Total net-migration","Total net number of migrants","World Population Prospects",2024,"United Nations Population Division",156,"China","CN","CHN",126,"2075",1,"95% lower bound",3,"Both sexes",188,0,-1,"Total",0,"Not applicable",1,"Model-based Estimates",3,"Projection",-899000
65,"Total net-migration","Total net number of migrants","World Population Prospects",2024,"United Nations Population Division",156,"China","CN","CHN",126,"2075",4,"Median",3,"Both sexes",188,0,-1,"Total",0,"Not applicable",1,"Model-based Estimates",3,"Projection",-128071
65,"Total net-migration","Total net number of migrants","World Population Prospects",2024,"United Nations Population Division",156,"China","CN","CHN",126,"2075",6,"95% upper bound",3,"Both sexes",188,0,-1,"Total",0,"Not applicable",1,"Model-based Estimates",3,"Projection",806000
65,"Total net-migration","Total net number of migrants","World Population Prospects",2024,"United Nations Population Division",156,"China","CN","CHN",127,"2076",1,"95% lower bound",3,"Both sexes",188,0,-1,"Total",0,"Not applicable",1,"Model-based Estimates",3,"Projection",-864000
65,"Total net-migration","Total net number of migrants","World Population Prospects",2024,"United Nations Population Division",156,"China","CN","CHN",127,"2076",4,"Median",3,"Both sexes",188,0,-1,"Total",0,"Not applicable",1,"Model-based Estimates",3,"Projection",-113565
65,"Total net-migration","Total net number of migrants","World Population Prospects",2024,"United Nations Population Division",156,"China","CN","CHN",127,"2076",6,"95% upper bound",3,"Both sexes",188,0,-1,"Total",0,"Not applicable",1,"Model-based Estimates",3,"Projection",746000
65,"Total net-migration","Total net number of migrants","World Population Prospects",2024,"United Nations Population Division",156,"China","CN","CHN",128,"2077",1,"95% lower bound",3,"Both sexes",188,0,-1,"Total",0,"Not applicable",1,"Model-based Estimates",3,"Projection",-912000
65,"Total net-migration","Total net number of migrants","World Population Prospects",2024,"United Nations Population Division",156,"China","CN","CHN",128,"2077",4,"Median",3,"Both sexes",188,0,-1,"Total",0,"Not applicable",1,"Model-based Estimates",3,"Projection",-105144
65,"Total net-migration","Total net number of migrants","World Population Prospects",2024,"United Nations Population Division",156,"China","CN","CHN",128,"2077",6,"95% upper bound",3,"Both sexes",188,0,-1,"Total",0,"Not applicable",1,"Model-based Estimates",3,"Projection",713000
65,"Total net-migration","Total net number of migrants","World Population Prospects",2024,"United Nations Population Division",156,"China","CN","CHN",129,"2078",1,"95% lower bound",3,"Both sexes",188,0,-1,"Total",0,"Not applicable",1,"Model-based Estimates",3,"Projection",-912000
65,"Total net-migration","Total net number of migrants","World Population Prospects",2024,"United Nations Population Division",156,"China","CN","CHN",129,"2078",4,"Median",3,"Both sexes",188,0,-1,"Total",0,"Not applicable",1,"Model-based Estimates",3,"Projection",-104759
65,"Total net-migration","Total net number of migrants","World Population Prospects",2024,"United Nations Population Division",156,"China","CN","CHN",129,"2078",6,"95% upper bound",3,"Both sexes",188,0,-1,"Total",0,"Not applicable",1,"Model-based Estimates",3,"Projection",704000
65,"Total net-migration","Total net number of migrants","World Population Prospects",2024,"United Nations Population Division",156,"China","CN","CHN",130,"2079",1,"95% lower bound",3,"Both sexes",188,0,-1,"Total",0,"Not applicable",1,"Model-based Estimates",3,"Projection",-880000
65,"Total net-migration","Total net number of migrants","World Population Prospects",2024,"United Nations Population Division",156,"China","CN","CHN",130,"2079",4,"Median",3,"Both sexes",188,0,-1,"Total",0,"Not applicable",1,"Model-based Estimates",3,"Projection",-115946
65,"Total net-migration","Total net number of migrants","World Population Prospects",2024,"United Nations Population Division",156,"China","CN","CHN",130,"2079",6,"95% upper bound",3,"Both sexes",188,0,-1,"Total",0,"Not applicable",1,"Model-based Estimates",3,"Projection",768000
65,"Total net-migration","Total net number of migrants","World Population Prospects",2024,"United Nations Population Division",156,"China","CN","CHN",131,"2080",1,"95% lower bound",3,"Both sexes",188,0,-1,"Total",0,"Not applicable",1,"Model-based Estimates",3,"Projection",-901000
65,"Total net-migration","Total net number of migrants","World Population Prospects",2024,"United Nations Population Division",156,"China","CN","CHN",131,"2080",4,"Median",3,"Both sexes",188,0,-1,"Total",0,"Not applicable",1,"Model-based Estimates",3,"Projection",-117490
65,"Total net-migration","Total net number of migrants","World Population Prospects",2024,"United Nations Population Division",156,"China","CN","CHN",131,"2080",6,"95% upper bound",3,"Both sexes",188,0,-1,"Total",0,"Not applicable",1,"Model-based Estimates",3,"Projection",704000
65,"Total net-migration","Total net number of migrants","World Population Prospects",2024,"United Nations Population Division",156,"China","CN","CHN",132,"2081",1,"95% lower bound",3,"Both sexes",188,0,-1,"Total",0,"Not applicable",1,"Model-based Estimates",3,"Projection",-903000
65,"Total net-migration","Total net number of migrants","World Population Prospects",2024,"United Nations Population Division",156,"China","CN","CHN",132,"2081",4,"Median",3,"Both sexes",188,0,-1,"Total",0,"Not applicable",1,"Model-based Estimates",3,"Projection",-110374
65,"Total net-migration","Total net number of migrants","World Population Prospects",2024,"United Nations Population Division",156,"China","CN","CHN",132,"2081",6,"95% upper bound",3,"Both sexes",188,0,-1,"Total",0,"Not applicable",1,"Model-based Estimates",3,"Projection",699000
65,"Total net-migration","Total net number of migrants","World Population Prospects",2024,"United Nations Population Division",156,"China","CN","CHN",133,"2082",1,"95% lower bound",3,"Both sexes",188,0,-1,"Total",0,"Not applicable",1,"Model-based Estimates",3,"Projection",-841000
65,"Total net-migration","Total net number of migrants","World Population Prospects",2024,"United Nations Population Division",156,"China","CN","CHN",133,"2082",4,"Median",3,"Both sexes",188,0,-1,"Total",0,"Not applicable",1,"Model-based Estimates",3,"Projection",-87561
65,"Total net-migration","Total net number of migrants","World Population Prospects",2024,"United Nations Population Division",156,"China","CN","CHN",133,"2082",6,"95% upper bound",3,"Both sexes",188,0,-1,"Total",0,"Not applicable",1,"Model-based Estimates",3,"Projection",656000
65,"Total net-migration","Total net number of migrants","World Population Prospects",2024,"United Nations Population Division",156,"China","CN","CHN",134,"2083",1,"95% lower bound",3,"Both sexes",188,0,-1,"Total",0,"Not applicable",1,"Model-based Estimates",3,"Projection",-834000
65,"Total net-migration","Total net number of migrants","World Population Prospects",2024,"United Nations Population Division",156,"China","CN","CHN",134,"2083",4,"Median",3,"Both sexes",188,0,-1,"Total",0,"Not applicable",1,"Model-based Estimates",3,"Projection",-86182
65,"Total net-migration","Total net number of migrants","World Population Prospects",2024,"United Nations Population Division",156,"China","CN","CHN",134,"2083",6,"95% upper bound",3,"Both sexes",188,0,-1,"Total",0,"Not applicable",1,"Model-based Estimates",3,"Projection",672000
65,"Total net-migration","Total net number of migrants","World Population Prospects",2024,"United Nations Population Division",156,"China","CN","CHN",135,"2084",1,"95% lower bound",3,"Both sexes",188,0,-1,"Total",0,"Not applicable",1,"Model-based Estimates",3,"Projection",-842000
65,"Total net-migration","Total net number of migrants","World Population Prospects",2024,"United Nations Population Division",156,"China","CN","CHN",135,"2084",4,"Median",3,"Both sexes",188,0,-1,"Total",0,"Not applicable",1,"Model-based Estimates",3,"Projection",-114975
65,"Total net-migration","Total net number of migrants","World Population Prospects",2024,"United Nations Population Division",156,"China","CN","CHN",135,"2084",6,"95% upper bound",3,"Both sexes",188,0,-1,"Total",0,"Not applicable",1,"Model-based Estimates",3,"Projection",702000
65,"Total net-migration","Total net number of migrants","World Population Prospects",2024,"United Nations Population Division",156,"China","CN","CHN",136,"2085",1,"95% lower bound",3,"Both sexes",188,0,-1,"Total",0,"Not applicable",1,"Model-based Estimates",3,"Projection",-820000
65,"Total net-migration","Total net number of migrants","World Population Prospects",2024,"United Nations Population Division",156,"China","CN","CHN",136,"2085",4,"Median",3,"Both sexes",188,0,-1,"Total",0,"Not applicable",1,"Model-based Estimates",3,"Projection",-102282
65,"Total net-migration","Total net number of migrants","World Population Prospects",2024,"United Nations Population Division",156,"China","CN","CHN",136,"2085",6,"95% upper bound",3,"Both sexes",188,0,-1,"Total",0,"Not applicable",1,"Model-based Estimates",3,"Projection",637000
65,"Total net-migration","Total net number of migrants","World Population Prospects",2024,"United Nations Population Division",156,"China","CN","CHN",137,"2086",1,"95% lower bound",3,"Both sexes",188,0,-1,"Total",0,"Not applicable",1,"Model-based Estimates",3,"Projection",-715000
65,"Total net-migration","Total net number of migrants","World Population Prospects",2024,"United Nations Population Division",156,"China","CN","CHN",137,"2086",4,"Median",3,"Both sexes",188,0,-1,"Total",0,"Not applicable",1,"Model-based Estimates",3,"Projection",-91506
65,"Total net-migration","Total net number of migrants","World Population Prospects",2024,"United Nations Population Division",156,"China","CN","CHN",137,"2086",6,"95% upper bound",3,"Both sexes",188,0,-1,"Total",0,"Not applicable",1,"Model-based Estimates",3,"Projection",636000
65,"Total net-migration","Total net number of migrants","World Population Prospects",2024,"United Nations Population Division",156,"China","CN","CHN",138,"2087",1,"95% lower bound",3,"Both sexes",188,0,-1,"Total",0,"Not applicable",1,"Model-based Estimates",3,"Projection",-758000
65,"Total net-migration","Total net number of migrants","World Population Prospects",2024,"United Nations Population Division",156,"China","CN","CHN",138,"2087",4,"Median",3,"Both sexes",188,0,-1,"Total",0,"Not applicable",1,"Model-based Estimates",3,"Projection",-100761
65,"Total net-migration","Total net number of migrants","World Population Prospects",2024,"United Nations Population Division",156,"China","CN","CHN",138,"2087",6,"95% upper bound",3,"Both sexes",188,0,-1,"Total",0,"Not applicable",1,"Model-based Estimates",3,"Projection",626000
65,"Total net-migration","Total net number of migrants","World Population Prospects",2024,"United Nations Population Division",156,"China","CN","CHN",139,"2088",1,"95% lower bound",3,"Both sexes",188,0,-1,"Total",0,"Not applicable",1,"Model-based Estimates",3,"Projection",-809000
65,"Total net-migration","Total net number of migrants","World Population Prospects",2024,"United Nations Population Division",156,"China","CN","CHN",139,"2088",4,"Median",3,"Both sexes",188,0,-1,"Total",0,"Not applicable",1,"Model-based Estimates",3,"Projection",-103456
65,"Total net-migration","Total net number of migrants","World Population Prospects",2024,"United Nations Population Division",156,"China","CN","CHN",139,"2088",6,"95% upper bound",3,"Both sexes",188,0,-1,"Total",0,"Not applicable",1,"Model-based Estimates",3,"Projection",624000
65,"Total net-migration","Total net number of migrants","World Population Prospects",2024,"United Nations Population Division",156,"China","CN","CHN",140,"2089",1,"95% lower bound",3,"Both sexes",188,0,-1,"Total",0,"Not applicable",1,"Model-based Estimates",3,"Projection",-805000
65,"Total net-migration","Total net number of migrants","World Population Prospects",2024,"United Nations Population Division",156,"China","CN","CHN",140,"2089",4,"Median",3,"Both sexes",188,0,-1,"Total",0,"Not applicable",1,"Model-based Estimates",3,"Projection",-99593
65,"Total net-migration","Total net number of migrants","World Population Prospects",2024,"United Nations Population Division",156,"China","CN","CHN",140,"2089",6,"95% upper bound",3,"Both sexes",188,0,-1,"Total",0,"Not applicable",1,"Model-based Estimates",3,"Projection",643000
65,"Total net-migration","Total net number of migrants","World Population Prospects",2024,"United Nations Population Division",156,"China","CN","CHN",141,"2090",1,"95% lower bound",3,"Both sexes",188,0,-1,"Total",0,"Not applicable",1,"Model-based Estimates",3,"Projection",-815000
65,"Total net-migration","Total net number of migrants","World Population Prospects",2024,"United Nations Population Division",156,"China","CN","CHN",141,"2090",4,"Median",3,"Both sexes",188,0,-1,"Total",0,"Not applicable",1,"Model-based Estimates",3,"Projection",-86894
65,"Total net-migration","Total net number of migrants","World Population Prospects",2024,"United Nations Population Division",156,"China","CN","CHN",141,"2090",6,"95% upper bound",3,"Both sexes",188,0,-1,"Total",0,"Not applicable",1,"Model-based Estimates",3,"Projection",650000
65,"Total net-migration","Total net number of migrants","World Population Prospects",2024,"United Nations Population Division",156,"China","CN","CHN",142,"2091",1,"95% lower bound",3,"Both sexes",188,0,-1,"Total",0,"Not applicable",1,"Model-based Estimates",3,"Projection",-751000
65,"Total net-migration","Total net number of migrants","World Population Prospects",2024,"United Nations Population Division",156,"China","CN","CHN",142,"2091",4,"Median",3,"Both sexes",188,0,-1,"Total",0,"Not applicable",1,"Model-based Estimates",3,"Projection",-90443
65,"Total net-migration","Total net number of migrants","World Population Prospects",2024,"United Nations Population Division",156,"China","CN","CHN",142,"2091",6,"95% upper bound",3,"Both sexes",188,0,-1,"Total",0,"Not applicable",1,"Model-based Estimates",3,"Projection",582000
65,"Total net-migration","Total net number of migrants","World Population Prospects",2024,"United Nations Population Division",156,"China","CN","CHN",143,"2092",1,"95% lower bound",3,"Both sexes",188,0,-1,"Total",0,"Not applicable",1,"Model-based Estimates",3,"Projection",-703000
65,"Total net-migration","Total net number of migrants","World Population Prospects",2024,"United Nations Population Division",156,"China","CN","CHN",143,"2092",4,"Median",3,"Both sexes",188,0,-1,"Total",0,"Not applicable",1,"Model-based Estimates",3,"Projection",-94178
65,"Total net-migration","Total net number of migrants","World Population Prospects",2024,"United Nations Population Division",156,"China","CN","CHN",143,"2092",6,"95% upper bound",3,"Both sexes",188,0,-1,"Total",0,"Not applicable",1,"Model-based Estimates",3,"Projection",576000
65,"Total net-migration","Total net number of migrants","World Population Prospects",2024,"United Nations Population Division",156,"China","CN","CHN",144,"2093",1,"95% lower bound",3,"Both sexes",188,0,-1,"Total",0,"Not applicable",1,"Model-based Estimates",3,"Projection",-711000
65,"Total net-migration","Total net number of migrants","World Population Prospects",2024,"United Nations Population Division",156,"China","CN","CHN",144,"2093",4,"Median",3,"Both sexes",188,0,-1,"Total",0,"Not applicable",1,"Model-based Estimates",3,"Projection",-94988
65,"Total net-migration","Total net number of migrants","World Population Prospects",2024,"United Nations Population Division",156,"China","CN","CHN",144,"2093",6,"95% upper bound",3,"Both sexes",188,0,-1,"Total",0,"Not applicable",1,"Model-based Estimates",3,"Projection",602000
65,"Total net-migration","Total net number of migrants","World Population Prospects",2024,"United Nations Population Division",156,"China","CN","CHN",145,"2094",1,"95% lower bound",3,"Both sexes",188,0,-1,"Total",0,"Not applicable",1,"Model-based Estimates",3,"Projection",-693000
65,"Total net-migration","Total net number of migrants","World Population Prospects",2024,"United Nations Population Division",156,"China","CN","CHN",145,"2094",4,"Median",3,"Both sexes",188,0,-1,"Total",0,"Not applicable",1,"Model-based Estimates",3,"Projection",-91880
65,"Total net-migration","Total net number of migrants","World Population Prospects",2024,"United Nations Population Division",156,"China","CN","CHN",145,"2094",6,"95% upper bound",3,"Both sexes",188,0,-1,"Total",0,"Not applicable",1,"Model-based Estimates",3,"Projection",642000
65,"Total net-migration","Total net number of migrants","World Population Prospects",2024,"United Nations Population Division",156,"China","CN","CHN",146,"2095",1,"95% lower bound",3,"Both sexes",188,0,-1,"Total",0,"Not applicable",1,"Model-based Estimates",3,"Projection",-695000
65,"Total net-migration","Total net number of migrants","World Population Prospects",2024,"United Nations Population Division",156,"China","CN","CHN",146,"2095",4,"Median",3,"Both sexes",188,0,-1,"Total",0,"Not applicable",1,"Model-based Estimates",3,"Projection",-84126
65,"Total net-migration","Total net number of migrants","World Population Prospects",2024,"United Nations Population Division",156,"China","CN","CHN",146,"2095",6,"95% upper bound",3,"Both sexes",188,0,-1,"Total",0,"Not applicable",1,"Model-based Estimates",3,"Projection",541000
65,"Total net-migration","Total net number of migrants","World Population Prospects",2024,"United Nations Population Division",156,"China","CN","CHN",147,"2096",1,"95% lower bound",3,"Both sexes",188,0,-1,"Total",0,"Not applicable",1,"Model-based Estimates",3,"Projection",-723000
65,"Total net-migration","Total net number of migrants","World Population Prospects",2024,"United Nations Population Division",156,"China","CN","CHN",147,"2096",4,"Median",3,"Both sexes",188,0,-1,"Total",0,"Not applicable",1,"Model-based Estimates",3,"Projection",-98386
65,"Total net-migration","Total net number of migrants","World Population Prospects",2024,"United Nations Population Division",156,"China","CN","CHN",147,"2096",6,"95% upper bound",3,"Both sexes",188,0,-1,"Total",0,"Not applicable",1,"Model-based Estimates",3,"Projection",559000
65,"Total net-migration","Total net number of migrants","World Population Prospects",2024,"United Nations Population Division",156,"China","CN","CHN",148,"2097",1,"95% lower bound",3,"Both sexes",188,0,-1,"Total",0,"Not applicable",1,"Model-based Estimates",3,"Projection",-708000
65,"Total net-migration","Total net number of migrants","World Population Prospects",2024,"United Nations Population Division",156,"China","CN","CHN",148,"2097",4,"Median",3,"Both sexes",188,0,-1,"Total",0,"Not applicable",1,"Model-based Estimates",3,"Projection",-96069
65,"Total net-migration","Total net number of migrants","World Population Prospects",2024,"United Nations Population Division",156,"China","CN","CHN",148,"2097",6,"95% upper bound",3,"Both sexes",188,0,-1,"Total",0,"Not applicable",1,"Model-based Estimates",3,"Projection",562000
65,"Total net-migration","Total net number of migrants","World Population Prospects",2024,"United Nations Population Division",156,"China","CN","CHN",149,"2098",1,"95% lower bound",3,"Both sexes",188,0,-1,"Total",0,"Not applicable",1,"Model-based Estimates",3,"Projection",-675000
65,"Total net-migration","Total net number of migrants","World Population Prospects",2024,"United Nations Population Division",156,"China","CN","CHN",149,"2098",4,"Median",3,"Both sexes",188,0,-1,"Total",0,"Not applicable",1,"Model-based Estimates",3,"Projection",-86315
65,"Total net-migration","Total net number of migrants","World Population Prospects",2024,"United Nations Population Division",156,"China","CN","CHN",149,"2098",6,"95% upper bound",3,"Both sexes",188,0,-1,"Total",0,"Not applicable",1,"Model-based Estimates",3,"Projection",570000
65,"Total net-migration","Total net number of migrants","World Population Prospects",2024,"United Nations Population Division",156,"China","CN","CHN",150,"2099",1,"95% lower bound",3,"Both sexes",188,0,-1,"Total",0,"Not applicable",1,"Model-based Estimates",3,"Projection",-679000
65,"Total net-migration","Total net number of migrants","World Population Prospects",2024,"United Nations Population Division",156,"China","CN","CHN",150,"2099",4,"Median",3,"Both sexes",188,0,-1,"Total",0,"Not applicable",1,"Model-based Estimates",3,"Projection",-84720
65,"Total net-migration","Total net number of migrants","World Population Prospects",2024,"United Nations Population Division",156,"China","CN","CHN",150,"2099",6,"95% upper bound",3,"Both sexes",188,0,-1,"Total",0,"Not applicable",1,"Model-based Estimates",3,"Projection",551000
65,"Total net-migration","Total net number of migrants","World Population Prospects",2024,"United Nations Population Division",156,"China","CN","CHN",151,"2100",1,"95% lower bound",3,"Both sexes",188,0,-1,"Total",0,"Not applicable",1,"Model-based Estimates",3,"Projection",-692000
65,"Total net-migration","Total net number of migrants","World Population Prospects",2024,"United Nations Population Division",156,"China","CN","CHN",151,"2100",4,"Median",3,"Both sexes",188,0,-1,"Total",0,"Not applicable",1,"Model-based Estimates",3,"Projection",-77792
65,"Total net-migration","Total net number of migrants","World Population Prospects",2024,"United Nations Population Division",156,"China","CN","CHN",151,"2100",6,"95% upper bound",3,"Both sexes",188,0,-1,"Total",0,"Not applicable",1,"Model-based Estimates",3,"Projection",558000
65,"Total net-migration","Total net number of migrants","World Population Prospects",2024,"United Nations Population Division",356,"India","IN","IND",41,"1990",4,"Median",3,"Both sexes",188,0,-1,"Total",0,"Not applicable",1,"Model-based Estimates",2,"Interpolation",125514
65,"Total net-migration","Total net number of migrants","World Population Prospects",2024,"United Nations Population Division",356,"India","IN","IND",42,"1991",4,"Median",3,"Both sexes",188,0,-1,"Total",0,"Not applicable",1,"Model-based Estimates",2,"Interpolation",-157911
65,"Total net-migration","Total net number of migrants","World Population Prospects",2024,"United Nations Population Division",356,"India","IN","IND",43,"1992",4,"Median",3,"Both sexes",188,0,-1,"Total",0,"Not applicable",1,"Model-based Estimates",2,"Interpolation",35155
65,"Total net-migration","Total net number of migrants","World Population Prospects",2024,"United Nations Population Division",356,"India","IN","IND",44,"1993",4,"Median",3,"Both sexes",188,0,-1,"Total",0,"Not applicable",1,"Model-based Estimates",2,"Interpolation",2364
65,"Total net-migration","Total net number of migrants","World Population Prospects",2024,"United Nations Population Division",356,"India","IN","IND",45,"1994",4,"Median",3,"Both sexes",188,0,-1,"Total",0,"Not applicable",1,"Model-based Estimates",2,"Interpolation",-375253
65,"Total net-migration","Total net number of migrants","World Population Prospects",2024,"United Nations Population Division",356,"India","IN","IND",46,"1995",4,"Median",3,"Both sexes",188,0,-1,"Total",0,"Not applicable",1,"Model-based Estimates",2,"Interpolation",-57297
65,"Total net-migration","Total net number of migrants","World Population Prospects",2024,"United Nations Population Division",356,"India","IN","IND",47,"1996",4,"Median",3,"Both sexes",188,0,-1,"Total",0,"Not applicable",1,"Model-based Estimates",2,"Interpolation",-26388
65,"Total net-migration","Total net number of migrants","World Population Prospects",2024,"United Nations Population Division",356,"India","IN","IND",48,"1997",4,"Median",3,"Both sexes",188,0,-1,"Total",0,"Not applicable",1,"Model-based Estimates",2,"Interpolation",880
65,"Total net-migration","Total net number of migrants","World Population Prospects",2024,"United Nations Population Division",356,"India","IN","IND",49,"1998",4,"Median",3,"Both sexes",188,0,-1,"Total",0,"Not applicable",1,"Model-based Estimates",2,"Interpolation",-1049
65,"Total net-migration","Total net number of migrants","World Population Prospects",2024,"United Nations Population Division",356,"India","IN","IND",50,"1999",4,"Median",3,"Both sexes",188,0,-1,"Total",0,"Not applicable",1,"Model-based Estimates",2,"Interpolation",-95320
65,"Total net-migration","Total net number of migrants","World Population Prospects",2024,"United Nations Population Division",356,"India","IN","IND",51,"2000",4,"Median",3,"Both sexes",188,0,-1,"Total",0,"Not applicable",1,"Model-based Estimates",2,"Interpolation",-143960
65,"Total net-migration","Total net number of migrants","World Population Prospects",2024,"United Nations Population Division",356,"India","IN","IND",52,"2001",4,"Median",3,"Both sexes",188,0,-1,"Total",0,"Not applicable",1,"Model-based Estimates",2,"Interpolation",-70346
65,"Total net-migration","Total net number of migrants","World Population Prospects",2024,"United Nations Population Division",356,"India","IN","IND",53,"2002",4,"Median",3,"Both sexes",188,0,-1,"Total",0,"Not applicable",1,"Model-based Estimates",2,"Interpolation",-732419
65,"Total net-migration","Total net number of migrants","World Population Prospects",2024,"United Nations Population Division",356,"India","IN","IND",54,"2003",4,"Median",3,"Both sexes",188,0,-1,"Total",0,"Not applicable",1,"Model-based Estimates",2,"Interpolation",-606970
65,"Total net-migration","Total net number of migrants","World Population Prospects",2024,"United Nations Population Division",356,"India","IN","IND",55,"2004",4,"Median",3,"Both sexes",188,0,-1,"Total",0,"Not applicable",1,"Model-based Estimates",2,"Interpolation",-206660
65,"Total net-migration","Total net number of migrants","World Population Prospects",2024,"United Nations Population Division",356,"India","IN","IND",56,"2005",4,"Median",3,"Both sexes",188,0,-1,"Total",0,"Not applicable",1,"Model-based Estimates",2,"Interpolation",-929454
65,"Total net-migration","Total net number of migrants","World Population Prospects",2024,"United Nations Population Division",356,"India","IN","IND",57,"2006",4,"Median",3,"Both sexes",188,0,-1,"Total",0,"Not applicable",1,"Model-based Estimates",2,"Interpolation",-342177
65,"Total net-migration","Total net number of migrants","World Population Prospects",2024,"United Nations Population Division",356,"India","IN","IND",58,"2007",4,"Median",3,"Both sexes",188,0,-1,"Total",0,"Not applicable",1,"Model-based Estimates",2,"Interpolation",-1037200
65,"Total net-migration","Total net number of migrants","World Population Prospects",2024,"United Nations Population Division",356,"India","IN","IND",59,"2008",4,"Median",3,"Both sexes",188,0,-1,"Total",0,"Not applicable",1,"Model-based Estimates",2,"Interpolation",-1020047
65,"Total net-migration","Total net number of migrants","World Population Prospects",2024,"United Nations Population Division",356,"India","IN","IND",60,"2009",4,"Median",3,"Both sexes",188,0,-1,"Total",0,"Not applicable",1,"Model-based Estimates",2,"Interpolation",-312905
65,"Total net-migration","Total net number of migrants","World Population Prospects",2024,"United Nations Population Division",356,"India","IN","IND",61,"2010",4,"Median",3,"Both sexes",188,0,-1,"Total",0,"Not applicable",1,"Model-based Estimates",2,"Interpolation",-50905
65,"Total net-migration","Total net number of migrants","World Population Prospects",2024,"United Nations Population Division",356,"India","IN","IND",62,"2011",4,"Median",3,"Both sexes",188,0,-1,"Total",0,"Not applicable",1,"Model-based Estimates",2,"Interpolation",-247017
65,"Total net-migration","Total net number of migrants","World Population Prospects",2024,"United Nations Population Division",356,"India","IN","IND",63,"2012",4,"Median",3,"Both sexes",188,0,-1,"Total",0,"Not applicable",1,"Model-based Estimates",2,"Interpolation",-198935
65,"Total net-migration","Total net number of migrants","World Population Prospects",2024,"United Nations Population Division",356,"India","IN","IND",64,"2013",4,"Median",3,"Both sexes",188,0,-1,"Total",0,"Not applicable",1,"Model-based Estimates",2,"Interpolation",-151372
65,"Total net-migration","Total net number of migrants","World Population Prospects",2024,"United Nations Population Division",356,"India","IN","IND",65,"2014",4,"Median",3,"Both sexes",188,0,-1,"Total",0,"Not applicable",1,"Model-based Estimates",2,"Interpolation",-227263
65,"Total net-migration","Total net number of migrants","World Population Prospects",2024,"United Nations Population Division",356,"India","IN","IND",66,"2015",4,"Median",3,"Both sexes",188,0,-1,"Total",0,"Not applicable",1,"Model-based Estimates",2,"Interpolation",-655085
65,"Total net-migration","Total net number of migrants","World Population Prospects",2024,"United Nations Population Division",356,"India","IN","IND",67,"2016",4,"Median",3,"Both sexes",188,0,-1,"Total",0,"Not applicable",1,"Model-based Estimates",2,"Interpolation",81248
65,"Total net-migration","Total net number of migrants","World Population Prospects",2024,"United Nations Population Division",356,"India","IN","IND",68,"2017",4,"Median",3,"Both sexes",188,0,-1,"Total",0,"Not applicable",1,"Model-based Estimates",2,"Interpolation",-251642
65,"Total net-migration","Total net number of migrants","World Population Prospects",2024,"United Nations Population Division",356,"India","IN","IND",69,"2018",4,"Median",3,"Both sexes",188,0,-1,"Total",0,"Not applicable",1,"Model-based Estimates",2,"Interpolation",-589794
65,"Total net-migration","Total net number of migrants","World Population Prospects",2024,"United Nations Population Division",356,"India","IN","IND",70,"2019",4,"Median",3,"Both sexes",188,0,-1,"Total",0,"Not applicable",1,"Model-based Estimates",2,"Interpolation",-978969
65,"Total net-migration","Total net number of migrants","World Population Prospects",2024,"United Nations Population Division",356,"India","IN","IND",71,"2020",4,"Median",3,"Both sexes",188,0,-1,"Total",0,"Not applicable",1,"Model-based Estimates",2,"Interpolation",-73806
65,"Total net-migration","Total net number of migrants","World Population Prospects",2024,"United Nations Population Division",356,"India","IN","IND",72,"2021",4,"Median",3,"Both sexes",188,0,-1,"Total",0,"Not applicable",1,"Model-based Estimates",2,"Interpolation",-348916
65,"Total net-migration","Total net number of migrants","World Population Prospects",2024,"United Nations Population Division",356,"India","IN","IND",73,"2022",4,"Median",3,"Both sexes",188,0,-1,"Total",0,"Not applicable",1,"Model-based Estimates",2,"Interpolation",-1353478
65,"Total net-migration","Total net number of migrants","World Population Prospects",2024,"United Nations Population Division",356,"India","IN","IND",74,"2023",4,"Median",3,"Both sexes",188,0,-1,"Total",0,"Not applicable",1,"Model-based Estimates",2,"Interpolation",-979179
65,"Total net-migration","Total net number of migrants","World Population Prospects",2024,"United Nations Population Division",356,"India","IN","IND",75,"2024",1,"95% lower bound",3,"Both sexes",188,0,-1,"Total",0,"Not applicable",1,"Model-based Estimates",3,"Projection",-1626000
65,"Total net-migration","Total net number of migrants","World Population Prospects",2024,"United Nations Population Division",356,"India","IN","IND",75,"2024",4,"Median",3,"Both sexes",188,0,-1,"Total",0,"Not applicable",1,"Model-based Estimates",3,"Projection",-630830
65,"Total net-migration","Total net number of migrants","World Population Prospects",2024,"United Nations Population Division",356,"India","IN","IND",75,"2024",6,"95% upper bound",3,"Both sexes",188,0,-1,"Total",0,"Not applicable",1,"Model-based Estimates",3,"Projection",302000
65,"Total net-migration","Total net number of migrants","World Population Prospects",2024,"United Nations Population Division",356,"India","IN","IND",76,"2025",1,"95% lower bound",3,"Both sexes",188,0,-1,"Total",0,"Not applicable",1,"Model-based Estimates",3,"Projection",-1489000
65,"Total net-migration","Total net number of migrants","World Population Prospects",2024,"United Nations Population Division",356,"India","IN","IND",76,"2025",4,"Median",3,"Both sexes",188,0,-1,"Total",0,"Not applicable",1,"Model-based Estimates",3,"Projection",-495753
65,"Total net-migration","Total net number of migrants","World Population Prospects",2024,"United Nations Population Division",356,"India","IN","IND",76,"2025",6,"95% upper bound",3,"Both sexes",188,0,-1,"Total",0,"Not applicable",1,"Model-based Estimates",3,"Projection",579000
65,"Total net-migration","Total net number of migrants","World Population Prospects",2024,"United Nations Population Division",356,"India","IN","IND",77,"2026",1,"95% lower bound",3,"Both sexes",188,0,-1,"Total",0,"Not applicable",1,"Model-based Estimates",3,"Projection",-1520000
65,"Total net-migration","Total net number of migrants","World Population Prospects",2024,"United Nations Population Division",356,"India","IN","IND",77,"2026",4,"Median",3,"Both sexes",188,0,-1,"Total",0,"Not applicable",1,"Model-based Estimates",3,"Projection",-440456
65,"Total net-migration","Total net number of migrants","World Population Prospects",2024,"United Nations Population Division",356,"India","IN","IND",77,"2026",6,"95% upper bound",3,"Both sexes",188,0,-1,"Total",0,"Not applicable",1,"Model-based Estimates",3,"Projection",597000
65,"Total net-migration","Total net number of migrants","World Population Prospects",2024,"United Nations Population Division",356,"India","IN","IND",78,"2027",1,"95% lower bound",3,"Both sexes",188,0,-1,"Total",0,"Not applicable",1,"Model-based Estimates",3,"Projection",-1484000
65,"Total net-migration","Total net number of migrants","World Population Prospects",2024,"United Nations Population Division",356,"India","IN","IND",78,"2027",4,"Median",3,"Both sexes",188,0,-1,"Total",0,"Not applicable",1,"Model-based Estimates",3,"Projection",-406591
65,"Total net-migration","Total net number of migrants","World Population Prospects",2024,"United Nations Population Division",356,"India","IN","IND",78,"2027",6,"95% upper bound",3,"Both sexes",188,0,-1,"Total",0,"Not applicable",1,"Model-based Estimates",3,"Projection",686000
65,"Total net-migration","Total net number of migrants","World Population Prospects",2024,"United Nations Population Division",356,"India","IN","IND",79,"2028",1,"95% lower bound",3,"Both sexes",188,0,-1,"Total",0,"Not applicable",1,"Model-based Estimates",3,"Projection",-1418000
65,"Total net-migration","Total net number of migrants","World Population Prospects",2024,"United Nations Population Division",356,"India","IN","IND",79,"2028",4,"Median",3,"Both sexes",188,0,-1,"Total",0,"Not applicable",1,"Model-based Estimates",3,"Projection",-394653
65,"Total net-migration","Total net number of migrants","World Population Prospects",2024,"United Nations Population Division",356,"India","IN","IND",79,"2028",6,"95% upper bound",3,"Both sexes",188,0,-1,"Total",0,"Not applicable",1,"Model-based Estimates",3,"Projection",811000
65,"Total net-migration","Total net number of migrants","World Population Prospects",2024,"United Nations Population Division",356,"India","IN","IND",80,"2029",1,"95% lower bound",3,"Both sexes",188,0,-1,"Total",0,"Not applicable",1,"Model-based Estimates",3,"Projection",-1394000
65,"Total net-migration","Total net number of migrants","World Population Prospects",2024,"United Nations Population Division",356,"India","IN","IND",80,"2029",4,"Median",3,"Both sexes",188,0,-1,"Total",0,"Not applicable",1,"Model-based Estimates",3,"Projection",-370655
65,"Total net-migration","Total net number of migrants","World Population Prospects",2024,"United Nations Population Division",356,"India","IN","IND",80,"2029",6,"95% upper bound",3,"Both sexes",188,0,-1,"Total",0,"Not applicable",1,"Model-based Estimates",3,"Projection",835000
65,"Total net-migration","Total net number of migrants","World Population Prospects",2024,"United Nations Population Division",356,"India","IN","IND",81,"2030",1,"95% lower bound",3,"Both sexes",188,0,-1,"Total",0,"Not applicable",1,"Model-based Estimates",3,"Projection",-1536000
65,"Total net-migration","Total net number of migrants","World Population Prospects",2024,"United Nations Population Division",356,"India","IN","IND",81,"2030",4,"Median",3,"Both sexes",188,0,-1,"Total",0,"Not applicable",1,"Model-based Estimates",3,"Projection",-388547
65,"Total net-migration","Total net number of migrants","World Population Prospects",2024,"United Nations Population Division",356,"India","IN","IND",81,"2030",6,"95% upper bound",3,"Both sexes",188,0,-1,"Total",0,"Not applicable",1,"Model-based Estimates",3,"Projection",859000
65,"Total net-migration","Total net number of migrants","World Population Prospects",2024,"United Nations Population Division",356,"India","IN","IND",82,"2031",1,"95% lower bound",3,"Both sexes",188,0,-1,"Total",0,"Not applicable",1,"Model-based Estimates",3,"Projection",-1474000
65,"Total net-migration","Total net number of migrants","World Population Prospects",2024,"United Nations Population Division",356,"India","IN","IND",82,"2031",4,"Median",3,"Both sexes",188,0,-1,"Total",0,"Not applicable",1,"Model-based Estimates",3,"Projection",-384638
65,"Total net-migration","Total net number of migrants","World Population Prospects",2024,"United Nations Population Division",356,"India","IN","IND",82,"2031",6,"95% upper bound",3,"Both sexes",188,0,-1,"Total",0,"Not applicable",1,"Model-based Estimates",3,"Projection",802000
65,"Total net-migration","Total net number of migrants","World Population Prospects",2024,"United Nations Population Division",356,"India","IN","IND",83,"2032",1,"95% lower bound",3,"Both sexes",188,0,-1,"Total",0,"Not applicable",1,"Model-based Estimates",3,"Projection",-1491000
65,"Total net-migration","Total net number of migrants","World Population Prospects",2024,"United Nations Population Division",356,"India","IN","IND",83,"2032",4,"Median",3,"Both sexes",188,0,-1,"Total",0,"Not applicable",1,"Model-based Estimates",3,"Projection",-367880
65,"Total net-migration","Total net number of migrants","World Population Prospects",2024,"United Nations Population Division",356,"India","IN","IND",83,"2032",6,"95% upper bound",3,"Both sexes",188,0,-1,"Total",0,"Not applicable",1,"Model-based Estimates",3,"Projection",938000
65,"Total net-migration","Total net number of migrants","World Population Prospects",2024,"United Nations Population Division",356,"India","IN","IND",84,"2033",1,"95% lower bound",3,"Both sexes",188,0,-1,"Total",0,"Not applicable",1,"Model-based Estimates",3,"Projection",-1503000
65,"Total net-migration","Total net number of migrants","World Population Prospects",2024,"United Nations Population Division",356,"India","IN","IND",84,"2033",4,"Median",3,"Both sexes",188,0,-1,"Total",0,"Not applicable",1,"Model-based Estimates",3,"Projection",-376260
65,"Total net-migration","Total net number of migrants","World Population Prospects",2024,"United Nations Population Division",356,"India","IN","IND",84,"2033",6,"95% upper bound",3,"Both sexes",188,0,-1,"Total",0,"Not applicable",1,"Model-based Estimates",3,"Projection",914000
65,"Total net-migration","Total net number of migrants","World Population Prospects",2024,"United Nations Population Division",356,"India","IN","IND",85,"2034",1,"95% lower bound",3,"Both sexes",188,0,-1,"Total",0,"Not applicable",1,"Model-based Estimates",3,"Projection",-1519000
65,"Total net-migration","Total net number of migrants","World Population Prospects",2024,"United Nations Population Division",356,"India","IN","IND",85,"2034",4,"Median",3,"Both sexes",188,0,-1,"Total",0,"Not applicable",1,"Model-based Estimates",3,"Projection",-374443
65,"Total net-migration","Total net number of migrants","World Population Prospects",2024,"United Nations Population Division",356,"India","IN","IND",85,"2034",6,"95% upper bound",3,"Both sexes",188,0,-1,"Total",0,"Not applicable",1,"Model-based Estimates",3,"Projection",878000
65,"Total net-migration","Total net number of migrants","World Population Prospects",2024,"United Nations Population Division",356,"India","IN","IND",86,"2035",1,"95% lower bound",3,"Both sexes",188,0,-1,"Total",0,"Not applicable",1,"Model-based Estimates",3,"Projection",-1535000
65,"Total net-migration","Total net number of migrants","World Population Prospects",2024,"United Nations Population Division",356,"India","IN","IND",86,"2035",4,"Median",3,"Both sexes",188,0,-1,"Total",0,"Not applicable",1,"Model-based Estimates",3,"Projection",-370451
65,"Total net-migration","Total net number of migrants","World Population Prospects",2024,"United Nations Population Division",356,"India","IN","IND",86,"2035",6,"95% upper bound",3,"Both sexes",188,0,-1,"Total",0,"Not applicable",1,"Model-based Estimates",3,"Projection",941000
65,"Total net-migration","Total net number of migrants","World Population Prospects",2024,"United Nations Population Division",356,"India","IN","IND",87,"2036",1,"95% lower bound",3,"Both sexes",188,0,-1,"Total",0,"Not applicable",1,"Model-based Estimates",3,"Projection",-1555000
65,"Total net-migration","Total net number of migrants","World Population Prospects",2024,"United Nations Population Division",356,"India","IN","IND",87,"2036",4,"Median",3,"Both sexes",188,0,-1,"Total",0,"Not applicable",1,"Model-based Estimates",3,"Projection",-359995
65,"Total net-migration","Total net number of migrants","World Population Prospects",2024,"United Nations Population Division",356,"India","IN","IND",87,"2036",6,"95% upper bound",3,"Both sexes",188,0,-1,"Total",0,"Not applicable",1,"Model-based Estimates",3,"Projection",948000
65,"Total net-migration","Total net number of migrants","World Population Prospects",2024,"United Nations Population Division",356,"India","IN","IND",88,"2037",1,"95% lower bound",3,"Both sexes",188,0,-1,"Total",0,"Not applicable",1,"Model-based Estimates",3,"Projection",-1587000
65,"Total net-migration","Total net number of migrants","World Population Prospects",2024,"United Nations Population Division",356,"India","IN","IND",88,"2037",4,"Median",3,"Both sexes",188,0,-1,"Total",0,"Not applicable",1,"Model-based Estimates",3,"Projection",-384581
65,"Total net-migration","Total net number of migrants","World Population Prospects",2024,"United Nations Population Division",356,"India","IN","IND",88,"2037",6,"95% upper bound",3,"Both sexes",188,0,-1,"Total",0,"Not applicable",1,"Model-based Estimates",3,"Projection",885000
65,"Total net-migration","Total net number of migrants","World Population Prospects",2024,"United Nations Population Division",356,"India","IN","IND",89,"2038",1,"95% lower bound",3,"Both sexes",188,0,-1,"Total",0,"Not applicable",1,"Model-based Estimates",3,"Projection",-1630000
65,"Total net-migration","Total net number of migrants","World Population Prospects",2024,"United Nations Population Division",356,"India","IN","IND",89,"2038",4,"Median",3,"Both sexes",188,0,-1,"Total",0,"Not applicable",1,"Model-based Estimates",3,"Projection",-396862
65,"Total net-migration","Total net number of migrants","World Population Prospects",2024,"United Nations Population Division",356,"India","IN","IND",89,"2038",6,"95% upper bound",3,"Both sexes",188,0,-1,"Total",0,"Not applicable",1,"Model-based Estimates",3,"Projection",907000
65,"Total net-migration","Total net number of migrants","World Population Prospects",2024,"United Nations Population Division",356,"India","IN","IND",90,"2039",1,"95% lower bound",3,"Both sexes",188,0,-1,"Total",0,"Not applicable",1,"Model-based Estimates",3,"Projection",-1605000
65,"Total net-migration","Total net number of migrants","World Population Prospects",2024,"United Nations Population Division",356,"India","IN","IND",90,"2039",4,"Median",3,"Both sexes",188,0,-1,"Total",0,"Not applicable",1,"Model-based Estimates",3,"Projection",-391513
65,"Total net-migration","Total net number of migrants","World Population Prospects",2024,"United Nations Population Division",356,"India","IN","IND",90,"2039",6,"95% upper bound",3,"Both sexes",188,0,-1,"Total",0,"Not applicable",1,"Model-based Estimates",3,"Projection",1012000
65,"Total net-migration","Total net number of migrants","World Population Prospects",2024,"United Nations Population Division",356,"India","IN","IND",91,"2040",1,"95% lower bound",3,"Both sexes",188,0,-1,"Total",0,"Not applicable",1,"Model-based Estimates",3,"Projection",-1712000
65,"Total net-migration","Total net number of migrants","World Population Prospects",2024,"United Nations Population Division",356,"India","IN","IND",91,"2040",4,"Median",3,"Both sexes",188,0,-1,"Total",0,"Not applicable",1,"Model-based Estimates",3,"Projection",-399517
65,"Total net-migration","Total net number of migrants","World Population Prospects",2024,"United Nations Population Division",356,"India","IN","IND",91,"2040",6,"95% upper bound",3,"Both sexes",188,0,-1,"Total",0,"Not applicable",1,"Model-based Estimates",3,"Projection",926000
65,"Total net-migration","Total net number of migrants","World Population Prospects",2024,"United Nations Population Division",356,"India","IN","IND",92,"2041",1,"95% lower bound",3,"Both sexes",188,0,-1,"Total",0,"Not applicable",1,"Model-based Estimates",3,"Projection",-1766000
65,"Total net-migration","Total net number of migrants","World Population Prospects",2024,"United Nations Population Division",356,"India","IN","IND",92,"2041",4,"Median",3,"Both sexes",188,0,-1,"Total",0,"Not applicable",1,"Model-based Estimates",3,"Projection",-377029
65,"Total net-migration","Total net number of migrants","World Population Prospects",2024,"United Nations Population Division",356,"India","IN","IND",92,"2041",6,"95% upper bound",3,"Both sexes",188,0,-1,"Total",0,"Not applicable",1,"Model-based Estimates",3,"Projection",956000
65,"Total net-migration","Total net number of migrants","World Population Prospects",2024,"United Nations Population Division",356,"India","IN","IND",93,"2042",1,"95% lower bound",3,"Both sexes",188,0,-1,"Total",0,"Not applicable",1,"Model-based Estimates",3,"Projection",-1642000
65,"Total net-migration","Total net number of migrants","World Population Prospects",2024,"United Nations Population Division",356,"India","IN","IND",93,"2042",4,"Median",3,"Both sexes",188,0,-1,"Total",0,"Not applicable",1,"Model-based Estimates",3,"Projection",-377652
65,"Total net-migration","Total net number of migrants","World Population Prospects",2024,"United Nations Population Division",356,"India","IN","IND",93,"2042",6,"95% upper bound",3,"Both sexes",188,0,-1,"Total",0,"Not applicable",1,"Model-based Estimates",3,"Projection",1039000
65,"Total net-migration","Total net number of migrants","World Population Prospects",2024,"United Nations Population Division",356,"India","IN","IND",94,"2043",1,"95% lower bound",3,"Both sexes",188,0,-1,"Total",0,"Not applicable",1,"Model-based Estimates",3,"Projection",-1727000
65,"Total net-migration","Total net number of migrants","World Population Prospects",2024,"United Nations Population Division",356,"India","IN","IND",94,"2043",4,"Median",3,"Both sexes",188,0,-1,"Total",0,"Not applicable",1,"Model-based Estimates",3,"Projection",-401828
65,"Total net-migration","Total net number of migrants","World Population Prospects",2024,"United Nations Population Division",356,"India","IN","IND",94,"2043",6,"95% upper bound",3,"Both sexes",188,0,-1,"Total",0,"Not applicable",1,"Model-based Estimates",3,"Projection",938000
65,"Total net-migration","Total net number of migrants","World Population Prospects",2024,"United Nations Population Division",356,"India","IN","IND",95,"2044",1,"95% lower bound",3,"Both sexes",188,0,-1,"Total",0,"Not applicable",1,"Model-based Estimates",3,"Projection",-1607000
65,"Total net-migration","Total net number of migrants","World Population Prospects",2024,"United Nations Population Division",356,"India","IN","IND",95,"2044",4,"Median",3,"Both sexes",188,0,-1,"Total",0,"Not applicable",1,"Model-based Estimates",3,"Projection",-382311
65,"Total net-migration","Total net number of migrants","World Population Prospects",2024,"United Nations Population Division",356,"India","IN","IND",95,"2044",6,"95% upper bound",3,"Both sexes",188,0,-1,"Total",0,"Not applicable",1,"Model-based Estimates",3,"Projection",971000
65,"Total net-migration","Total net number of migrants","World Population Prospects",2024,"United Nations Population Division",356,"India","IN","IND",96,"2045",1,"95% lower bound",3,"Both sexes",188,0,-1,"Total",0,"Not applicable",1,"Model-based Estimates",3,"Projection",-1653000
65,"Total net-migration","Total net number of migrants","World Population Prospects",2024,"United Nations Population Division",356,"India","IN","IND",96,"2045",4,"Median",3,"Both sexes",188,0,-1,"Total",0,"Not applicable",1,"Model-based Estimates",3,"Projection",-368009
65,"Total net-migration","Total net number of migrants","World Population Prospects",2024,"United Nations Population Division",356,"India","IN","IND",96,"2045",6,"95% upper bound",3,"Both sexes",188,0,-1,"Total",0,"Not applicable",1,"Model-based Estimates",3,"Projection",1018000
65,"Total net-migration","Total net number of migrants","World Population Prospects",2024,"United Nations Population Division",356,"India","IN","IND",97,"2046",1,"95% lower bound",3,"Both sexes",188,0,-1,"Total",0,"Not applicable",1,"Model-based Estimates",3,"Projection",-1640000
65,"Total net-migration","Total net number of migrants","World Population Prospects",2024,"United Nations Population Division",356,"India","IN","IND",97,"2046",4,"Median",3,"Both sexes",188,0,-1,"Total",0,"Not applicable",1,"Model-based Estimates",3,"Projection",-381779
65,"Total net-migration","Total net number of migrants","World Population Prospects",2024,"United Nations Population Division",356,"India","IN","IND",97,"2046",6,"95% upper bound",3,"Both sexes",188,0,-1,"Total",0,"Not applicable",1,"Model-based Estimates",3,"Projection",1085000
65,"Total net-migration","Total net number of migrants","World Population Prospects",2024,"United Nations Population Division",356,"India","IN","IND",98,"2047",1,"95% lower bound",3,"Both sexes",188,0,-1,"Total",0,"Not applicable",1,"Model-based Estimates",3,"Projection",-1730000
65,"Total net-migration","Total net number of migrants","World Population Prospects",2024,"United Nations Population Division",356,"India","IN","IND",98,"2047",4,"Median",3,"Both sexes",188,0,-1,"Total",0,"Not applicable",1,"Model-based Estimates",3,"Projection",-380935
65,"Total net-migration","Total net number of migrants","World Population Prospects",2024,"United Nations Population Division",356,"India","IN","IND",98,"2047",6,"95% upper bound",3,"Both sexes",188,0,-1,"Total",0,"Not applicable",1,"Model-based Estimates",3,"Projection",1055000
65,"Total net-migration","Total net number of migrants","World Population Prospects",2024,"United Nations Population Division",356,"India","IN","IND",99,"2048",1,"95% lower bound",3,"Both sexes",188,0,-1,"Total",0,"Not applicable",1,"Model-based Estimates",3,"Projection",-1747000
65,"Total net-migration","Total net number of migrants","World Population Prospects",2024,"United Nations Population Division",356,"India","IN","IND",99,"2048",4,"Median",3,"Both sexes",188,0,-1,"Total",0,"Not applicable",1,"Model-based Estimates",3,"Projection",-393206
65,"Total net-migration","Total net number of migrants","World Population Prospects",2024,"United Nations Population Division",356,"India","IN","IND",99,"2048",6,"95% upper bound",3,"Both sexes",188,0,-1,"Total",0,"Not applicable",1,"Model-based Estimates",3,"Projection",1046000
65,"Total net-migration","Total net number of migrants","World Population Prospects",2024,"United Nations Population Division",356,"India","IN","IND",100,"2049",1,"95% lower bound",3,"Both sexes",188,0,-1,"Total",0,"Not applicable",1,"Model-based Estimates",3,"Projection",-1680000
65,"Total net-migration","Total net number of migrants","World Population Prospects",2024,"United Nations Population Division",356,"India","IN","IND",100,"2049",4,"Median",3,"Both sexes",188,0,-1,"Total",0,"Not applicable",1,"Model-based Estimates",3,"Projection",-394954
65,"Total net-migration","Total net number of migrants","World Population Prospects",2024,"United Nations Population Division",356,"India","IN","IND",100,"2049",6,"95% upper bound",3,"Both sexes",188,0,-1,"Total",0,"Not applicable",1,"Model-based Estimates",3,"Projection",1025000
65,"Total net-migration","Total net number of migrants","World Population Prospects",2024,"United Nations Population Division",356,"India","IN","IND",101,"2050",1,"95% lower bound",3,"Both sexes",188,0,-1,"Total",0,"Not applicable",1,"Model-based Estimates",3,"Projection",-1685000
65,"Total net-migration","Total net number of migrants","World Population Prospects",2024,"United Nations Population Division",356,"India","IN","IND",101,"2050",4,"Median",3,"Both sexes",188,0,-1,"Total",0,"Not applicable",1,"Model-based Estimates",3,"Projection",-371956
65,"Total net-migration","Total net number of migrants","World Population Prospects",2024,"United Nations Population Division",356,"India","IN","IND",101,"2050",6,"95% upper bound",3,"Both sexes",188,0,-1,"Total",0,"Not applicable",1,"Model-based Estimates",3,"Projection",990000
65,"Total net-migration","Total net number of migrants","World Population Prospects",2024,"United Nations Population Division",356,"India","IN","IND",102,"2051",1,"95% lower bound",3,"Both sexes",188,0,-1,"Total",0,"Not applicable",1,"Model-based Estimates",3,"Projection",-1671000
65,"Total net-migration","Total net number of migrants","World Population Prospects",2024,"United Nations Population Division",356,"India","IN","IND",102,"2051",4,"Median",3,"Both sexes",188,0,-1,"Total",0,"Not applicable",1,"Model-based Estimates",3,"Projection",-381402
65,"Total net-migration","Total net number of migrants","World Population Prospects",2024,"United Nations Population Division",356,"India","IN","IND",102,"2051",6,"95% upper bound",3,"Both sexes",188,0,-1,"Total",0,"Not applicable",1,"Model-based Estimates",3,"Projection",1119000
65,"Total net-migration","Total net number of migrants","World Population Prospects",2024,"United Nations Population Division",356,"India","IN","IND",103,"2052",1,"95% lower bound",3,"Both sexes",188,0,-1,"Total",0,"Not applicable",1,"Model-based Estimates",3,"Projection",-1732000
65,"Total net-migration","Total net number of migrants","World Population Prospects",2024,"United Nations Population Division",356,"India","IN","IND",103,"2052",4,"Median",3,"Both sexes",188,0,-1,"Total",0,"Not applicable",1,"Model-based Estimates",3,"Projection",-367410
65,"Total net-migration","Total net number of migrants","World Population Prospects",2024,"United Nations Population Division",356,"India","IN","IND",103,"2052",6,"95% upper bound",3,"Both sexes",188,0,-1,"Total",0,"Not applicable",1,"Model-based Estimates",3,"Projection",1039000
65,"Total net-migration","Total net number of migrants","World Population Prospects",2024,"United Nations Population Division",356,"India","IN","IND",104,"2053",1,"95% lower bound",3,"Both sexes",188,0,-1,"Total",0,"Not applicable",1,"Model-based Estimates",3,"Projection",-1741000
65,"Total net-migration","Total net number of migrants","World Population Prospects",2024,"United Nations Population Division",356,"India","IN","IND",104,"2053",4,"Median",3,"Both sexes",188,0,-1,"Total",0,"Not applicable",1,"Model-based Estimates",3,"Projection",-347008
65,"Total net-migration","Total net number of migrants","World Population Prospects",2024,"United Nations Population Division",356,"India","IN","IND",104,"2053",6,"95% upper bound",3,"Both sexes",188,0,-1,"Total",0,"Not applicable",1,"Model-based Estimates",3,"Projection",1009000
65,"Total net-migration","Total net number of migrants","World Population Prospects",2024,"United Nations Population Division",356,"India","IN","IND",105,"2054",1,"95% lower bound",3,"Both sexes",188,0,-1,"Total",0,"Not applicable",1,"Model-based Estimates",3,"Projection",-1750000
65,"Total net-migration","Total net number of migrants","World Population Prospects",2024,"United Nations Population Division",356,"India","IN","IND",105,"2054",4,"Median",3,"Both sexes",188,0,-1,"Total",0,"Not applicable",1,"Model-based Estimates",3,"Projection",-377466
65,"Total net-migration","Total net number of migrants","World Population Prospects",2024,"United Nations Population Division",356,"India","IN","IND",105,"2054",6,"95% upper bound",3,"Both sexes",188,0,-1,"Total",0,"Not applicable",1,"Model-based Estimates",3,"Projection",973000
65,"Total net-migration","Total net number of migrants","World Population Prospects",2024,"United Nations Population Division",356,"India","IN","IND",106,"2055",1,"95% lower bound",3,"Both sexes",188,0,-1,"Total",0,"Not applicable",1,"Model-based Estimates",3,"Projection",-1752000
65,"Total net-migration","Total net number of migrants","World Population Prospects",2024,"United Nations Population Division",356,"India","IN","IND",106,"2055",4,"Median",3,"Both sexes",188,0,-1,"Total",0,"Not applicable",1,"Model-based Estimates",3,"Projection",-358727
65,"Total net-migration","Total net number of migrants","World Population Prospects",2024,"United Nations Population Division",356,"India","IN","IND",106,"2055",6,"95% upper bound",3,"Both sexes",188,0,-1,"Total",0,"Not applicable",1,"Model-based Estimates",3,"Projection",1120000
65,"Total net-migration","Total net number of migrants","World Population Prospects",2024,"United Nations Population Division",356,"India","IN","IND",107,"2056",1,"95% lower bound",3,"Both sexes",188,0,-1,"Total",0,"Not applicable",1,"Model-based Estimates",3,"Projection",-1721000
65,"Total net-migration","Total net number of migrants","World Population Prospects",2024,"United Nations Population Division",356,"India","IN","IND",107,"2056",4,"Median",3,"Both sexes",188,0,-1,"Total",0,"Not applicable",1,"Model-based Estimates",3,"Projection",-394714
65,"Total net-migration","Total net number of migrants","World Population Prospects",2024,"United Nations Population Division",356,"India","IN","IND",107,"2056",6,"95% upper bound",3,"Both sexes",188,0,-1,"Total",0,"Not applicable",1,"Model-based Estimates",3,"Projection",1024000
65,"Total net-migration","Total net number of migrants","World Population Prospects",2024,"United Nations Population Division",356,"India","IN","IND",108,"2057",1,"95% lower bound",3,"Both sexes",188,0,-1,"Total",0,"Not applicable",1,"Model-based Estimates",3,"Projection",-1677000
65,"Total net-migration","Total net number of migrants","World Population Prospects",2024,"United Nations Population Division",356,"India","IN","IND",108,"2057",4,"Median",3,"Both sexes",188,0,-1,"Total",0,"Not applicable",1,"Model-based Estimates",3,"Projection",-366406
65,"Total net-migration","Total net number of migrants","World Population Prospects",2024,"United Nations Population Division",356,"India","IN","IND",108,"2057",6,"95% upper bound",3,"Both sexes",188,0,-1,"Total",0,"Not applicable",1,"Model-based Estimates",3,"Projection",1098000
65,"Total net-migration","Total net number of migrants","World Population Prospects",2024,"United Nations Population Division",356,"India","IN","IND",109,"2058",1,"95% lower bound",3,"Both sexes",188,0,-1,"Total",0,"Not applicable",1,"Model-based Estimates",3,"Projection",-1731000
65,"Total net-migration","Total net number of migrants","World Population Prospects",2024,"United Nations Population Division",356,"India","IN","IND",109,"2058",4,"Median",3,"Both sexes",188,0,-1,"Total",0,"Not applicable",1,"Model-based Estimates",3,"Projection",-370373
65,"Total net-migration","Total net number of migrants","World Population Prospects",2024,"United Nations Population Division",356,"India","IN","IND",109,"2058",6,"95% upper bound",3,"Both sexes",188,0,-1,"Total",0,"Not applicable",1,"Model-based Estimates",3,"Projection",1117000
65,"Total net-migration","Total net number of migrants","World Population Prospects",2024,"United Nations Population Division",356,"India","IN","IND",110,"2059",1,"95% lower bound",3,"Both sexes",188,0,-1,"Total",0,"Not applicable",1,"Model-based Estimates",3,"Projection",-1705000
65,"Total net-migration","Total net number of migrants","World Population Prospects",2024,"United Nations Population Division",356,"India","IN","IND",110,"2059",4,"Median",3,"Both sexes",188,0,-1,"Total",0,"Not applicable",1,"Model-based Estimates",3,"Projection",-355444
65,"Total net-migration","Total net number of migrants","World Population Prospects",2024,"United Nations Population Division",356,"India","IN","IND",110,"2059",6,"95% upper bound",3,"Both sexes",188,0,-1,"Total",0,"Not applicable",1,"Model-based Estimates",3,"Projection",1016000
65,"Total net-migration","Total net number of migrants","World Population Prospects",2024,"United Nations Population Division",356,"India","IN","IND",111,"2060",1,"95% lower bound",3,"Both sexes",188,0,-1,"Total",0,"Not applicable",1,"Model-based Estimates",3,"Projection",-1819000
65,"Total net-migration","Total net number of migrants","World Population Prospects",2024,"United Nations Population Division",356,"India","IN","IND",111,"2060",4,"Median",3,"Both sexes",188,0,-1,"Total",0,"Not applicable",1,"Model-based Estimates",3,"Projection",-363801
65,"Total net-migration","Total net number of migrants","World Population Prospects",2024,"United Nations Population Division",356,"India","IN","IND",111,"2060",6,"95% upper bound",3,"Both sexes",188,0,-1,"Total",0,"Not applicable",1,"Model-based Estimates",3,"Projection",1065000
65,"Total net-migration","Total net number of migrants","World Population Prospects",2024,"United Nations Population Division",356,"India","IN","IND",112,"2061",1,"95% lower bound",3,"Both sexes",188,0,-1,"Total",0,"Not applicable",1,"Model-based Estimates",3,"Projection",-1769000
65,"Total net-migration","Total net number of migrants","World Population Prospects",2024,"United Nations Population Division",356,"India","IN","IND",112,"2061",4,"Median",3,"Both sexes",188,0,-1,"Total",0,"Not applicable",1,"Model-based Estimates",3,"Projection",-392908
65,"Total net-migration","Total net number of migrants","World Population Prospects",2024,"United Nations Population Division",356,"India","IN","IND",112,"2061",6,"95% upper bound",3,"Both sexes",188,0,-1,"Total",0,"Not applicable",1,"Model-based Estimates",3,"Projection",1087000
65,"Total net-migration","Total net number of migrants","World Population Prospects",2024,"United Nations Population Division",356,"India","IN","IND",113,"2062",1,"95% lower bound",3,"Both sexes",188,0,-1,"Total",0,"Not applicable",1,"Model-based Estimates",3,"Projection",-1775000
65,"Total net-migration","Total net number of migrants","World Population Prospects",2024,"United Nations Population Division",356,"India","IN","IND",113,"2062",4,"Median",3,"Both sexes",188,0,-1,"Total",0,"Not applicable",1,"Model-based Estimates",3,"Projection",-388026
65,"Total net-migration","Total net number of migrants","World Population Prospects",2024,"United Nations Population Division",356,"India","IN","IND",113,"2062",6,"95% upper bound",3,"Both sexes",188,0,-1,"Total",0,"Not applicable",1,"Model-based Estimates",3,"Projection",986000
65,"Total net-migration","Total net number of migrants","World Population Prospects",2024,"United Nations Population Division",356,"India","IN","IND",114,"2063",1,"95% lower bound",3,"Both sexes",188,0,-1,"Total",0,"Not applicable",1,"Model-based Estimates",3,"Projection",-1705000
65,"Total net-migration","Total net number of migrants","World Population Prospects",2024,"United Nations Population Division",356,"India","IN","IND",114,"2063",4,"Median",3,"Both sexes",188,0,-1,"Total",0,"Not applicable",1,"Model-based Estimates",3,"Projection",-366113
65,"Total net-migration","Total net number of migrants","World Population Prospects",2024,"United Nations Population Division",356,"India","IN","IND",114,"2063",6,"95% upper bound",3,"Both sexes",188,0,-1,"Total",0,"Not applicable",1,"Model-based Estimates",3,"Projection",1088000
65,"Total net-migration","Total net number of migrants","World Population Prospects",2024,"United Nations Population Division",356,"India","IN","IND",115,"2064",1,"95% lower bound",3,"Both sexes",188,0,-1,"Total",0,"Not applicable",1,"Model-based Estimates",3,"Projection",-1838000
65,"Total net-migration","Total net number of migrants","World Population Prospects",2024,"United Nations Population Division",356,"India","IN","IND",115,"2064",4,"Median",3,"Both sexes",188,0,-1,"Total",0,"Not applicable",1,"Model-based Estimates",3,"Projection",-381611
65,"Total net-migration","Total net number of migrants","World Population Prospects",2024,"United Nations Population Division",356,"India","IN","IND",115,"2064",6,"95% upper bound",3,"Both sexes",188,0,-1,"Total",0,"Not applicable",1,"Model-based Estimates",3,"Projection",1071000
65,"Total net-migration","Total net number of migrants","World Population Prospects",2024,"United Nations Population Division",356,"India","IN","IND",116,"2065",1,"95% lower bound",3,"Both sexes",188,0,-1,"Total",0,"Not applicable",1,"Model-based Estimates",3,"Projection",-1780000
65,"Total net-migration","Total net number of migrants","World Population Prospects",2024,"United Nations Population Division",356,"India","IN","IND",116,"2065",4,"Median",3,"Both sexes",188,0,-1,"Total",0,"Not applicable",1,"Model-based Estimates",3,"Projection",-394789
65,"Total net-migration","Total net number of migrants","World Population Prospects",2024,"United Nations Population Division",356,"India","IN","IND",116,"2065",6,"95% upper bound",3,"Both sexes",188,0,-1,"Total",0,"Not applicable",1,"Model-based Estimates",3,"Projection",1072000
65,"Total net-migration","Total net number of migrants","World Population Prospects",2024,"United Nations Population Division",356,"India","IN","IND",117,"2066",1,"95% lower bound",3,"Both sexes",188,0,-1,"Total",0,"Not applicable",1,"Model-based Estimates",3,"Projection",-1764000
65,"Total net-migration","Total net number of migrants","World Population Prospects",2024,"United Nations Population Division",356,"India","IN","IND",117,"2066",4,"Median",3,"Both sexes",188,0,-1,"Total",0,"Not applicable",1,"Model-based Estimates",3,"Projection",-355315
65,"Total net-migration","Total net number of migrants","World Population Prospects",2024,"United Nations Population Division",356,"India","IN","IND",117,"2066",6,"95% upper bound",3,"Both sexes",188,0,-1,"Total",0,"Not applicable",1,"Model-based Estimates",3,"Projection",1041000
65,"Total net-migration","Total net number of migrants","World Population Prospects",2024,"United Nations Population Division",356,"India","IN","IND",118,"2067",1,"95% lower bound",3,"Both sexes",188,0,-1,"Total",0,"Not applicable",1,"Model-based Estimates",3,"Projection",-1757000
65,"Total net-migration","Total net number of migrants","World Population Prospects",2024,"United Nations Population Division",356,"India","IN","IND",118,"2067",4,"Median",3,"Both sexes",188,0,-1,"Total",0,"Not applicable",1,"Model-based Estimates",3,"Projection",-370351
65,"Total net-migration","Total net number of migrants","World Population Prospects",2024,"United Nations Population Division",356,"India","IN","IND",118,"2067",6,"95% upper bound",3,"Both sexes",188,0,-1,"Total",0,"Not applicable",1,"Model-based Estimates",3,"Projection",1148000
65,"Total net-migration","Total net number of migrants","World Population Prospects",2024,"United Nations Population Division",356,"India","IN","IND",119,"2068",1,"95% lower bound",3,"Both sexes",188,0,-1,"Total",0,"Not applicable",1,"Model-based Estimates",3,"Projection",-1700000
65,"Total net-migration","Total net number of migrants","World Population Prospects",2024,"United Nations Population Division",356,"India","IN","IND",119,"2068",4,"Median",3,"Both sexes",188,0,-1,"Total",0,"Not applicable",1,"Model-based Estimates",3,"Projection",-384594
65,"Total net-migration","Total net number of migrants","World Population Prospects",2024,"United Nations Population Division",356,"India","IN","IND",119,"2068",6,"95% upper bound",3,"Both sexes",188,0,-1,"Total",0,"Not applicable",1,"Model-based Estimates",3,"Projection",1103000
65,"Total net-migration","Total net number of migrants","World Population Prospects",2024,"United Nations Population Division",356,"India","IN","IND",120,"2069",1,"95% lower bound",3,"Both sexes",188,0,-1,"Total",0,"Not applicable",1,"Model-based Estimates",3,"Projection",-1624000
65,"Total net-migration","Total net number of migrants","World Population Prospects",2024,"United Nations Population Division",356,"India","IN","IND",120,"2069",4,"Median",3,"Both sexes",188,0,-1,"Total",0,"Not applicable",1,"Model-based Estimates",3,"Projection",-377612
65,"Total net-migration","Total net number of migrants","World Population Prospects",2024,"United Nations Population Division",356,"India","IN","IND",120,"2069",6,"95% upper bound",3,"Both sexes",188,0,-1,"Total",0,"Not applicable",1,"Model-based Estimates",3,"Projection",1110000
65,"Total net-migration","Total net number of migrants","World Population Prospects",2024,"United Nations Population Division",356,"India","IN","IND",121,"2070",1,"95% lower bound",3,"Both sexes",188,0,-1,"Total",0,"Not applicable",1,"Model-based Estimates",3,"Projection",-1756000
65,"Total net-migration","Total net number of migrants","World Population Prospects",2024,"United Nations Population Division",356,"India","IN","IND",121,"2070",4,"Median",3,"Both sexes",188,0,-1,"Total",0,"Not applicable",1,"Model-based Estimates",3,"Projection",-385599
65,"Total net-migration","Total net number of migrants","World Population Prospects",2024,"United Nations Population Division",356,"India","IN","IND",121,"2070",6,"95% upper bound",3,"Both sexes",188,0,-1,"Total",0,"Not applicable",1,"Model-based Estimates",3,"Projection",1037000
65,"Total net-migration","Total net number of migrants","World Population Prospects",2024,"United Nations Population Division",356,"India","IN","IND",122,"2071",1,"95% lower bound",3,"Both sexes",188,0,-1,"Total",0,"Not applicable",1,"Model-based Estimates",3,"Projection",-1773000
65,"Total net-migration","Total net number of migrants","World Population Prospects",2024,"United Nations Population Division",356,"India","IN","IND",122,"2071",4,"Median",3,"Both sexes",188,0,-1,"Total",0,"Not applicable",1,"Model-based Estimates",3,"Projection",-379498
65,"Total net-migration","Total net number of migrants","World Population Prospects",2024,"United Nations Population Division",356,"India","IN","IND",122,"2071",6,"95% upper bound",3,"Both sexes",188,0,-1,"Total",0,"Not applicable",1,"Model-based Estimates",3,"Projection",1036000
65,"Total net-migration","Total net number of migrants","World Population Prospects",2024,"United Nations Population Division",356,"India","IN","IND",123,"2072",1,"95% lower bound",3,"Both sexes",188,0,-1,"Total",0,"Not applicable",1,"Model-based Estimates",3,"Projection",-1756000
65,"Total net-migration","Total net number of migrants","World Population Prospects",2024,"United Nations Population Division",356,"India","IN","IND",123,"2072",4,"Median",3,"Both sexes",188,0,-1,"Total",0,"Not applicable",1,"Model-based Estimates",3,"Projection",-379666
65,"Total net-migration","Total net number of migrants","World Population Prospects",2024,"United Nations Population Division",356,"India","IN","IND",123,"2072",6,"95% upper bound",3,"Both sexes",188,0,-1,"Total",0,"Not applicable",1,"Model-based Estimates",3,"Projection",1044000
65,"Total net-migration","Total net number of migrants","World Population Prospects",2024,"United Nations Population Division",356,"India","IN","IND",124,"2073",1,"95% lower bound",3,"Both sexes",188,0,-1,"Total",0,"Not applicable",1,"Model-based Estimates",3,"Projection",-1773000
65,"Total net-migration","Total net number of migrants","World Population Prospects",2024,"United Nations Population Division",356,"India","IN","IND",124,"2073",4,"Median",3,"Both sexes",188,0,-1,"Total",0,"Not applicable",1,"Model-based Estimates",3,"Projection",-368429
65,"Total net-migration","Total net number of migrants","World Population Prospects",2024,"United Nations Population Division",356,"India","IN","IND",124,"2073",6,"95% upper bound",3,"Both sexes",188,0,-1,"Total",0,"Not applicable",1,"Model-based Estimates",3,"Projection",1059000
65,"Total net-migration","Total net number of migrants","World Population Prospects",2024,"United Nations Population Division",356,"India","IN","IND",125,"2074",1,"95% lower bound",3,"Both sexes",188,0,-1,"Total",0,"Not applicable",1,"Model-based Estimates",3,"Projection",-1770000
65,"Total net-migration","Total net number of migrants","World Population Prospects",2024,"United Nations Population Division",356,"India","IN","IND",125,"2074",4,"Median",3,"Both sexes",188,0,-1,"Total",0,"Not applicable",1,"Model-based Estimates",3,"Projection",-368561
65,"Total net-migration","Total net number of migrants","World Population Prospects",2024,"United Nations Population Division",356,"India","IN","IND",125,"2074",6,"95% upper bound",3,"Both sexes",188,0,-1,"Total",0,"Not applicable",1,"Model-based Estimates",3,"Projection",1081000
65,"Total net-migration","Total net number of migrants","World Population Prospects",2024,"United Nations Population Division",356,"India","IN","IND",126,"2075",1,"95% lower bound",3,"Both sexes",188,0,-1,"Total",0,"Not applicable",1,"Model-based Estimates",3,"Projection",-1815000
65,"Total net-migration","Total net number of migrants","World Population Prospects",2024,"United Nations Population Division",356,"India","IN","IND",126,"2075",4,"Median",3,"Both sexes",188,0,-1,"Total",0,"Not applicable",1,"Model-based Estimates",3,"Projection",-374129
65,"Total net-migration","Total net number of migrants","World Population Prospects",2024,"United Nations Population Division",356,"India","IN","IND",126,"2075",6,"95% upper bound",3,"Both sexes",188,0,-1,"Total",0,"Not applicable",1,"Model-based Estimates",3,"Projection",1089000
65,"Total net-migration","Total net number of migrants","World Population Prospects",2024,"United Nations Population Division",356,"India","IN","IND",127,"2076",1,"95% lower bound",3,"Both sexes",188,0,-1,"Total",0,"Not applicable",1,"Model-based Estimates",3,"Projection",-1851000
65,"Total net-migration","Total net number of migrants","World Population Prospects",2024,"United Nations Population Division",356,"India","IN","IND",127,"2076",4,"Median",3,"Both sexes",188,0,-1,"Total",0,"Not applicable",1,"Model-based Estimates",3,"Projection",-360915
65,"Total net-migration","Total net number of migrants","World Population Prospects",2024,"United Nations Population Division",356,"India","IN","IND",127,"2076",6,"95% upper bound",3,"Both sexes",188,0,-1,"Total",0,"Not applicable",1,"Model-based Estimates",3,"Projection",1111000
65,"Total net-migration","Total net number of migrants","World Population Prospects",2024,"United Nations Population Division",356,"India","IN","IND",128,"2077",1,"95% lower bound",3,"Both sexes",188,0,-1,"Total",0,"Not applicable",1,"Model-based Estimates",3,"Projection",-1832000
65,"Total net-migration","Total net number of migrants","World Population Prospects",2024,"United Nations Population Division",356,"India","IN","IND",128,"2077",4,"Median",3,"Both sexes",188,0,-1,"Total",0,"Not applicable",1,"Model-based Estimates",3,"Projection",-364203
65,"Total net-migration","Total net number of migrants","World Population Prospects",2024,"United Nations Population Division",356,"India","IN","IND",128,"2077",6,"95% upper bound",3,"Both sexes",188,0,-1,"Total",0,"Not applicable",1,"Model-based Estimates",3,"Projection",1181000
65,"Total net-migration","Total net number of migrants","World Population Prospects",2024,"United Nations Population Division",356,"India","IN","IND",129,"2078",1,"95% lower bound",3,"Both sexes",188,0,-1,"Total",0,"Not applicable",1,"Model-based Estimates",3,"Projection",-1787000
65,"Total net-migration","Total net number of migrants","World Population Prospects",2024,"United Nations Population Division",356,"India","IN","IND",129,"2078",4,"Median",3,"Both sexes",188,0,-1,"Total",0,"Not applicable",1,"Model-based Estimates",3,"Projection",-340593
65,"Total net-migration","Total net number of migrants","World Population Prospects",2024,"United Nations Population Division",356,"India","IN","IND",129,"2078",6,"95% upper bound",3,"Both sexes",188,0,-1,"Total",0,"Not applicable",1,"Model-based Estimates",3,"Projection",1095000
65,"Total net-migration","Total net number of migrants","World Population Prospects",2024,"United Nations Population Division",356,"India","IN","IND",130,"2079",1,"95% lower bound",3,"Both sexes",188,0,-1,"Total",0,"Not applicable",1,"Model-based Estimates",3,"Projection",-1761000
65,"Total net-migration","Total net number of migrants","World Population Prospects",2024,"United Nations Population Division",356,"India","IN","IND",130,"2079",4,"Median",3,"Both sexes",188,0,-1,"Total",0,"Not applicable",1,"Model-based Estimates",3,"Projection",-349831
65,"Total net-migration","Total net number of migrants","World Population Prospects",2024,"United Nations Population Division",356,"India","IN","IND",130,"2079",6,"95% upper bound",3,"Both sexes",188,0,-1,"Total",0,"Not applicable",1,"Model-based Estimates",3,"Projection",1020000
65,"Total net-migration","Total net number of migrants","World Population Prospects",2024,"United Nations Population Division",356,"India","IN","IND",131,"2080",1,"95% lower bound",3,"Both sexes",188,0,-1,"Total",0,"Not applicable",1,"Model-based Estimates",3,"Projection",-1785000
65,"Total net-migration","Total net number of migrants","World Population Prospects",2024,"United Nations Population Division",356,"India","IN","IND",131,"2080",4,"Median",3,"Both sexes",188,0,-1,"Total",0,"Not applicable",1,"Model-based Estimates",3,"Projection",-355938
65,"Total net-migration","Total net number of migrants","World Population Prospects",2024,"United Nations Population Division",356,"India","IN","IND",131,"2080",6,"95% upper bound",3,"Both sexes",188,0,-1,"Total",0,"Not applicable",1,"Model-based Estimates",3,"Projection",1017000
65,"Total net-migration","Total net number of migrants","World Population Prospects",2024,"United Nations Population Division",356,"India","IN","IND",132,"2081",1,"95% lower bound",3,"Both sexes",188,0,-1,"Total",0,"Not applicable",1,"Model-based Estimates",3,"Projection",-1760000
65,"Total net-migration","Total net number of migrants","World Population Prospects",2024,"United Nations Population Division",356,"India","IN","IND",132,"2081",4,"Median",3,"Both sexes",188,0,-1,"Total",0,"Not applicable",1,"Model-based Estimates",3,"Projection",-341529
65,"Total net-migration","Total net number of migrants","World Population Prospects",2024,"United Nations Population Division",356,"India","IN","IND",132,"2081",6,"95% upper bound",3,"Both sexes",188,0,-1,"Total",0,"Not applicable",1,"Model-based Estimates",3,"Projection",1022000
65,"Total net-migration","Total net number of migrants","World Population Prospects",2024,"United Nations Population Division",356,"India","IN","IND",133,"2082",1,"95% lower bound",3,"Both sexes",188,0,-1,"Total",0,"Not applicable",1,"Model-based Estimates",3,"Projection",-1750000
65,"Total net-migration","Total net number of migrants","World Population Prospects",2024,"United Nations Population Division",356,"India","IN","IND",133,"2082",4,"Median",3,"Both sexes",188,0,-1,"Total",0,"Not applicable",1,"Model-based Estimates",3,"Projection",-330348
65,"Total net-migration","Total net number of migrants","World Population Prospects",2024,"United Nations Population Division",356,"India","IN","IND",133,"2082",6,"95% upper bound",3,"Both sexes",188,0,-1,"Total",0,"Not applicable",1,"Model-based Estimates",3,"Projection",1133000
65,"Total net-migration","Total net number of migrants","World Population Prospects",2024,"United Nations Population Division",356,"India","IN","IND",134,"2083",1,"95% lower bound",3,"Both sexes",188,0,-1,"Total",0,"Not applicable",1,"Model-based Estimates",3,"Projection",-1713000
65,"Total net-migration","Total net number of migrants","World Population Prospects",2024,"United Nations Population Division",356,"India","IN","IND",134,"2083",4,"Median",3,"Both sexes",188,0,-1,"Total",0,"Not applicable",1,"Model-based Estimates",3,"Projection",-346084
65,"Total net-migration","Total net number of migrants","World Population Prospects",2024,"United Nations Population Division",356,"India","IN","IND",134,"2083",6,"95% upper bound",3,"Both sexes",188,0,-1,"Total",0,"Not applicable",1,"Model-based Estimates",3,"Projection",1150000
65,"Total net-migration","Total net number of migrants","World Population Prospects",2024,"United Nations Population Division",356,"India","IN","IND",135,"2084",1,"95% lower bound",3,"Both sexes",188,0,-1,"Total",0,"Not applicable",1,"Model-based Estimates",3,"Projection",-1693000
65,"Total net-migration","Total net number of migrants","World Population Prospects",2024,"United Nations Population Division",356,"India","IN","IND",135,"2084",4,"Median",3,"Both sexes",188,0,-1,"Total",0,"Not applicable",1,"Model-based Estimates",3,"Projection",-331679
65,"Total net-migration","Total net number of migrants","World Population Prospects",2024,"United Nations Population Division",356,"India","IN","IND",135,"2084",6,"95% upper bound",3,"Both sexes",188,0,-1,"Total",0,"Not applicable",1,"Model-based Estimates",3,"Projection",1023000
65,"Total net-migration","Total net number of migrants","World Population Prospects",2024,"United Nations Population Division",356,"India","IN","IND",136,"2085",1,"95% lower bound",3,"Both sexes",188,0,-1,"Total",0,"Not applicable",1,"Model-based Estimates",3,"Projection",-1674000
65,"Total net-migration","Total net number of migrants","World Population Prospects",2024,"United Nations Population Division",356,"India","IN","IND",136,"2085",4,"Median",3,"Both sexes",188,0,-1,"Total",0,"Not applicable",1,"Model-based Estimates",3,"Projection",-354346
65,"Total net-migration","Total net number of migrants","World Population Prospects",2024,"United Nations Population Division",356,"India","IN","IND",136,"2085",6,"95% upper bound",3,"Both sexes",188,0,-1,"Total",0,"Not applicable",1,"Model-based Estimates",3,"Projection",1009000
65,"Total net-migration","Total net number of migrants","World Population Prospects",2024,"United Nations Population Division",356,"India","IN","IND",137,"2086",1,"95% lower bound",3,"Both sexes",188,0,-1,"Total",0,"Not applicable",1,"Model-based Estimates",3,"Projection",-1716000
65,"Total net-migration","Total net number of migrants","World Population Prospects",2024,"United Nations Population Division",356,"India","IN","IND",137,"2086",4,"Median",3,"Both sexes",188,0,-1,"Total",0,"Not applicable",1,"Model-based Estimates",3,"Projection",-358590
65,"Total net-migration","Total net number of migrants","World Population Prospects",2024,"United Nations Population Division",356,"India","IN","IND",137,"2086",6,"95% upper bound",3,"Both sexes",188,0,-1,"Total",0,"Not applicable",1,"Model-based Estimates",3,"Projection",1011000
65,"Total net-migration","Total net number of migrants","World Population Prospects",2024,"United Nations Population Division",356,"India","IN","IND",138,"2087",1,"95% lower bound",3,"Both sexes",188,0,-1,"Total",0,"Not applicable",1,"Model-based Estimates",3,"Projection",-1772000
65,"Total net-migration","Total net number of migrants","World Population Prospects",2024,"United Nations Population Division",356,"India","IN","IND",138,"2087",4,"Median",3,"Both sexes",188,0,-1,"Total",0,"Not applicable",1,"Model-based Estimates",3,"Projection",-309735
65,"Total net-migration","Total net number of migrants","World Population Prospects",2024,"United Nations Population Division",356,"India","IN","IND",138,"2087",6,"95% upper bound",3,"Both sexes",188,0,-1,"Total",0,"Not applicable",1,"Model-based Estimates",3,"Projection",985000
65,"Total net-migration","Total net number of migrants","World Population Prospects",2024,"United Nations Population Division",356,"India","IN","IND",139,"2088",1,"95% lower bound",3,"Both sexes",188,0,-1,"Total",0,"Not applicable",1,"Model-based Estimates",3,"Projection",-1598000
65,"Total net-migration","Total net number of migrants","World Population Prospects",2024,"United Nations Population Division",356,"India","IN","IND",139,"2088",4,"Median",3,"Both sexes",188,0,-1,"Total",0,"Not applicable",1,"Model-based Estimates",3,"Projection",-334815
65,"Total net-migration","Total net number of migrants","World Population Prospects",2024,"United Nations Population Division",356,"India","IN","IND",139,"2088",6,"95% upper bound",3,"Both sexes",188,0,-1,"Total",0,"Not applicable",1,"Model-based Estimates",3,"Projection",1024000
65,"Total net-migration","Total net number of migrants","World Population Prospects",2024,"United Nations Population Division",356,"India","IN","IND",140,"2089",1,"95% lower bound",3,"Both sexes",188,0,-1,"Total",0,"Not applicable",1,"Model-based Estimates",3,"Projection",-1739000
65,"Total net-migration","Total net number of migrants","World Population Prospects",2024,"United Nations Population Division",356,"India","IN","IND",140,"2089",4,"Median",3,"Both sexes",188,0,-1,"Total",0,"Not applicable",1,"Model-based Estimates",3,"Projection",-334893
65,"Total net-migration","Total net number of migrants","World Population Prospects",2024,"United Nations Population Division",356,"India","IN","IND",140,"2089",6,"95% upper bound",3,"Both sexes",188,0,-1,"Total",0,"Not applicable",1,"Model-based Estimates",3,"Projection",1038000
65,"Total net-migration","Total net number of migrants","World Population Prospects",2024,"United Nations Population Division",356,"India","IN","IND",141,"2090",1,"95% lower bound",3,"Both sexes",188,0,-1,"Total",0,"Not applicable",1,"Model-based Estimates",3,"Projection",-1867000
65,"Total net-migration","Total net number of migrants","World Population Prospects",2024,"United Nations Population Division",356,"India","IN","IND",141,"2090",4,"Median",3,"Both sexes",188,0,-1,"Total",0,"Not applicable",1,"Model-based Estimates",3,"Projection",-355671
65,"Total net-migration","Total net number of migrants","World Population Prospects",2024,"United Nations Population Division",356,"India","IN","IND",141,"2090",6,"95% upper bound",3,"Both sexes",188,0,-1,"Total",0,"Not applicable",1,"Model-based Estimates",3,"Projection",924000
65,"Total net-migration","Total net number of migrants","World Population Prospects",2024,"United Nations Population Division",356,"India","IN","IND",142,"2091",1,"95% lower bound",3,"Both sexes",188,0,-1,"Total",0,"Not applicable",1,"Model-based Estimates",3,"Projection",-1784000
65,"Total net-migration","Total net number of migrants","World Population Prospects",2024,"United Nations Population Division",356,"India","IN","IND",142,"2091",4,"Median",3,"Both sexes",188,0,-1,"Total",0,"Not applicable",1,"Model-based Estimates",3,"Projection",-351450
65,"Total net-migration","Total net number of migrants","World Population Prospects",2024,"United Nations Population Division",356,"India","IN","IND",142,"2091",6,"95% upper bound",3,"Both sexes",188,0,-1,"Total",0,"Not applicable",1,"Model-based Estimates",3,"Projection",1023000
65,"Total net-migration","Total net number of migrants","World Population Prospects",2024,"United Nations Population Division",356,"India","IN","IND",143,"2092",1,"95% lower bound",3,"Both sexes",188,0,-1,"Total",0,"Not applicable",1,"Model-based Estimates",3,"Projection",-1738000
65,"Total net-migration","Total net number of migrants","World Population Prospects",2024,"United Nations Population Division",356,"India","IN","IND",143,"2092",4,"Median",3,"Both sexes",188,0,-1,"Total",0,"Not applicable",1,"Model-based Estimates",3,"Projection",-312978
65,"Total net-migration","Total net number of migrants","World Population Prospects",2024,"United Nations Population Division",356,"India","IN","IND",143,"2092",6,"95% upper bound",3,"Both sexes",188,0,-1,"Total",0,"Not applicable",1,"Model-based Estimates",3,"Projection",965000
65,"Total net-migration","Total net number of migrants","World Population Prospects",2024,"United Nations Population Division",356,"India","IN","IND",144,"2093",1,"95% lower bound",3,"Both sexes",188,0,-1,"Total",0,"Not applicable",1,"Model-based Estimates",3,"Projection",-1745000
65,"Total net-migration","Total net number of migrants","World Population Prospects",2024,"United Nations Population Division",356,"India","IN","IND",144,"2093",4,"Median",3,"Both sexes",188,0,-1,"Total",0,"Not applicable",1,"Model-based Estimates",3,"Projection",-347328
65,"Total net-migration","Total net number of migrants","World Population Prospects",2024,"United Nations Population Division",356,"India","IN","IND",144,"2093",6,"95% upper bound",3,"Both sexes",188,0,-1,"Total",0,"Not applicable",1,"Model-based Estimates",3,"Projection",1013000
65,"Total net-migration","Total net number of migrants","World Population Prospects",2024,"United Nations Population Division",356,"India","IN","IND",145,"2094",1,"95% lower bound",3,"Both sexes",188,0,-1,"Total",0,"Not applicable",1,"Model-based Estimates",3,"Projection",-1801000
65,"Total net-migration","Total net number of migrants","World Population Prospects",2024,"United Nations Population Division",356,"India","IN","IND",145,"2094",4,"Median",3,"Both sexes",188,0,-1,"Total",0,"Not applicable",1,"Model-based Estimates",3,"Projection",-335680
65,"Total net-migration","Total net number of migrants","World Population Prospects",2024,"United Nations Population Division",356,"India","IN","IND",145,"2094",6,"95% upper bound",3,"Both sexes",188,0,-1,"Total",0,"Not applicable",1,"Model-based Estimates",3,"Projection",1043000
65,"Total net-migration","Total net number of migrants","World Population Prospects",2024,"United Nations Population Division",356,"India","IN","IND",146,"2095",1,"95% lower bound",3,"Both sexes",188,0,-1,"Total",0,"Not applicable",1,"Model-based Estimates",3,"Projection",-1790000
65,"Total net-migration","Total net number of migrants","World Population Prospects",2024,"United Nations Population Division",356,"India","IN","IND",146,"2095",4,"Median",3,"Both sexes",188,0,-1,"Total",0,"Not applicable",1,"Model-based Estimates",3,"Projection",-317780
65,"Total net-migration","Total net number of migrants","World Population Prospects",2024,"United Nations Population Division",356,"India","IN","IND",146,"2095",6,"95% upper bound",3,"Both sexes",188,0,-1,"Total",0,"Not applicable",1,"Model-based Estimates",3,"Projection",1042000
65,"Total net-migration","Total net number of migrants","World Population Prospects",2024,"United Nations Population Division",356,"India","IN","IND",147,"2096",1,"95% lower bound",3,"Both sexes",188,0,-1,"Total",0,"Not applicable",1,"Model-based Estimates",3,"Projection",-1693000
65,"Total net-migration","Total net number of migrants","World Population Prospects",2024,"United Nations Population Division",356,"India","IN","IND",147,"2096",4,"Median",3,"Both sexes",188,0,-1,"Total",0,"Not applicable",1,"Model-based Estimates",3,"Projection",-305966
65,"Total net-migration","Total net number of migrants","World Population Prospects",2024,"United Nations Population Division",356,"India","IN","IND",147,"2096",6,"95% upper bound",3,"Both sexes",188,0,-1,"Total",0,"Not applicable",1,"Model-based Estimates",3,"Projection",1062000
65,"Total net-migration","Total net number of migrants","World Population Prospects",2024,"United Nations Population Division",356,"India","IN","IND",148,"2097",1,"95% lower bound",3,"Both sexes",188,0,-1,"Total",0,"Not applicable",1,"Model-based Estimates",3,"Projection",-1658000
65,"Total net-migration","Total net number of migrants","World Population Prospects",2024,"United Nations Population Division",356,"India","IN","IND",148,"2097",4,"Median",3,"Both sexes",188,0,-1,"Total",0,"Not applicable",1,"Model-based Estimates",3,"Projection",-297940
65,"Total net-migration","Total net number of migrants","World Population Prospects",2024,"United Nations Population Division",356,"India","IN","IND",148,"2097",6,"95% upper bound",3,"Both sexes",188,0,-1,"Total",0,"Not applicable",1,"Model-based Estimates",3,"Projection",1011000
65,"Total net-migration","Total net number of migrants","World Population Prospects",2024,"United Nations Population Division",356,"India","IN","IND",149,"2098",1,"95% lower bound",3,"Both sexes",188,0,-1,"Total",0,"Not applicable",1,"Model-based Estimates",3,"Projection",-1758000
65,"Total net-migration","Total net number of migrants","World Population Prospects",2024,"United Nations Population Division",356,"India","IN","IND",149,"2098",4,"Median",3,"Both sexes",188,0,-1,"Total",0,"Not applicable",1,"Model-based Estimates",3,"Projection",-319789
65,"Total net-migration","Total net number of migrants","World Population Prospects",2024,"United Nations Population Division",356,"India","IN","IND",149,"2098",6,"95% upper bound",3,"Both sexes",188,0,-1,"Total",0,"Not applicable",1,"Model-based Estimates",3,"Projection",968000
65,"Total net-migration","Total net number of migrants","World Population Prospects",2024,"United Nations Population Division",356,"India","IN","IND",150,"2099",1,"95% lower bound",3,"Both sexes",188,0,-1,"Total",0,"Not applicable",1,"Model-based Estimates",3,"Projection",-1708000
65,"Total net-migration","Total net number of migrants","World Population Prospects",2024,"United Nations Population Division",356,"India","IN","IND",150,"2099",4,"Median",3,"Both sexes",188,0,-1,"Total",0,"Not applicable",1,"Model-based Estimates",3,"Projection",-299755
65,"Total net-migration","Total net number of migrants","World Population Prospects",2024,"United Nations Population Division",356,"India","IN","IND",150,"2099",6,"95% upper bound",3,"Both sexes",188,0,-1,"Total",0,"Not applicable",1,"Model-based Estimates",3,"Projection",1058000
65,"Total net-migration","Total net number of migrants","World Population Prospects",2024,"United Nations Population Division",356,"India","IN","IND",151,"2100",1,"95% lower bound",3,"Both sexes",188,0,-1,"Total",0,"Not applicable",1,"Model-based Estimates",3,"Projection",-1801000
65,"Total net-migration","Total net number of migrants","World Population Prospects",2024,"United Nations Population Division",356,"India","IN","IND",151,"2100",4,"Median",3,"Both sexes",188,0,-1,"Total",0,"Not applicable",1,"Model-based Estimates",3,"Projection",-319573
65,"Total net-migration","Total net number of migrants","World Population Prospects",2024,"United Nations Population Division",356,"India","IN","IND",151,"2100",6,"95% upper bound",3,"Both sexes",188,0,-1,"Total",0,"Not applicable",1,"Model-based Estimates",3,"Projection",949000
65,"Total net-migration","Total net number of migrants","World Population Prospects",2024,"United Nations Population Division",392,"Japan","JP","JPN",41,"1990",4,"Median",3,"Both sexes",188,0,-1,"Total",0,"Not applicable",1,"Model-based Estimates",2,"Interpolation",124582
65,"Total net-migration","Total net number of migrants","World Population Prospects",2024,"United Nations Population Division",392,"Japan","JP","JPN",42,"1991",4,"Median",3,"Both sexes",188,0,-1,"Total",0,"Not applicable",1,"Model-based Estimates",2,"Interpolation",161331
65,"Total net-migration","Total net number of migrants","World Population Prospects",2024,"United Nations Population Division",392,"Japan","JP","JPN",43,"1992",4,"Median",3,"Both sexes",188,0,-1,"Total",0,"Not applicable",1,"Model-based Estimates",2,"Interpolation",170878
65,"Total net-migration","Total net number of migrants","World Population Prospects",2024,"United Nations Population Division",392,"Japan","JP","JPN",44,"1993",4,"Median",3,"Both sexes",188,0,-1,"Total",0,"Not applicable",1,"Model-based Estimates",2,"Interpolation",168836
65,"Total net-migration","Total net number of migrants","World Population Prospects",2024,"United Nations Population Division",392,"Japan","JP","JPN",45,"1994",4,"Median",3,"Both sexes",188,0,-1,"Total",0,"Not applicable",1,"Model-based Estimates",2,"Interpolation",154214
65,"Total net-migration","Total net number of migrants","World Population Prospects",2024,"United Nations Population Division",392,"Japan","JP","JPN",46,"1995",4,"Median",3,"Both sexes",188,0,-1,"Total",0,"Not applicable",1,"Model-based Estimates",2,"Interpolation",87714
65,"Total net-migration","Total net number of migrants","World Population Prospects",2024,"United Nations Population Division",392,"Japan","JP","JPN",47,"1996",4,"Median",3,"Both sexes",188,0,-1,"Total",0,"Not applicable",1,"Model-based Estimates",2,"Interpolation",25030
65,"Total net-migration","Total net number of migrants","World Population Prospects",2024,"United Nations Population Division",392,"Japan","JP","JPN",48,"1997",4,"Median",3,"Both sexes",188,0,-1,"Total",0,"Not applicable",1,"Model-based Estimates",2,"Interpolation",43366
65,"Total net-migration","Total net number of migrants","World Population Prospects",2024,"United Nations Population Division",392,"Japan","JP","JPN",49,"1998",4,"Median",3,"Both sexes",188,0,-1,"Total",0,"Not applicable",1,"Model-based Estimates",2,"Interpolation",45912
65,"Total net-migration","Total net number of migrants","World Population Prospects",2024,"United Nations Population Division",392,"Japan","JP","JPN",50,"1999",4,"Median",3,"Both sexes",188,0,-1,"Total",0,"Not applicable",1,"Model-based Estimates",2,"Interpolation",56901
65,"Total net-migration","Total net number of migrants","World Population Prospects",2024,"United Nations Population Division",392,"Japan","JP","JPN",51,"2000",4,"Median",3,"Both sexes",188,0,-1,"Total",0,"Not applicable",1,"Model-based Estimates",2,"Interpolation",23468
65,"Total net-migration","Total net number of migrants","World Population Prospects",2024,"United Nations Population Division",392,"Japan","JP","JPN",52,"2001",4,"Median",3,"Both sexes",188,0,-1,"Total",0,"Not applicable",1,"Model-based Estimates",2,"Interpolation",59563
65,"Total net-migration","Total net number of migrants","World Population Prospects",2024,"United Nations Population Division",392,"Japan","JP","JPN",53,"2002",4,"Median",3,"Both sexes",188,0,-1,"Total",0,"Not applicable",1,"Model-based Estimates",2,"Interpolation",60864
65,"Total net-migration","Total net number of migrants","World Population Prospects",2024,"United Nations Population Division",392,"Japan","JP","JPN",54,"2003",4,"Median",3,"Both sexes",188,0,-1,"Total",0,"Not applicable",1,"Model-based Estimates",2,"Interpolation",74875
65,"Total net-migration","Total net number of migrants","World Population Prospects",2024,"United Nations Population Division",392,"Japan","JP","JPN",55,"2004",4,"Median",3,"Both sexes",188,0,-1,"Total",0,"Not applicable",1,"Model-based Estimates",2,"Interpolation",69014
65,"Total net-migration","Total net number of migrants","World Population Prospects",2024,"United Nations Population Division",392,"Japan","JP","JPN",56,"2005",4,"Median",3,"Both sexes",188,0,-1,"Total",0,"Not applicable",1,"Model-based Estimates",2,"Interpolation",113017
65,"Total net-migration","Total net number of migrants","World Population Prospects",2024,"United Nations Population Division",392,"Japan","JP","JPN",57,"2006",4,"Median",3,"Both sexes",188,0,-1,"Total",0,"Not applicable",1,"Model-based Estimates",2,"Interpolation",130065
65,"Total net-migration","Total net number of migrants","World Population Prospects",2024,"United Nations Population Division",392,"Japan","JP","JPN",58,"2007",4,"Median",3,"Both sexes",188,0,-1,"Total",0,"Not applicable",1,"Model-based Estimates",2,"Interpolation",138024
65,"Total net-migration","Total net number of migrants","World Population Prospects",2024,"United Nations Population Division",392,"Japan","JP","JPN",59,"2008",4,"Median",3,"Both sexes",188,0,-1,"Total",0,"Not applicable",1,"Model-based Estimates",2,"Interpolation",142605
65,"Total net-migration","Total net number of migrants","World Population Prospects",2024,"United Nations Population Division",392,"Japan","JP","JPN",60,"2009",4,"Median",3,"Both sexes",188,0,-1,"Total",0,"Not applicable",1,"Model-based Estimates",2,"Interpolation",125450
65,"Total net-migration","Total net number of migrants","World Population Prospects",2024,"United Nations Population Division",392,"Japan","JP","JPN",61,"2010",4,"Median",3,"Both sexes",188,0,-1,"Total",0,"Not applicable",1,"Model-based Estimates",2,"Interpolation",131860
65,"Total net-migration","Total net number of migrants","World Population Prospects",2024,"United Nations Population Division",392,"Japan","JP","JPN",62,"2011",4,"Median",3,"Both sexes",188,0,-1,"Total",0,"Not applicable",1,"Model-based Estimates",2,"Interpolation",97720
65,"Total net-migration","Total net number of migrants","World Population Prospects",2024,"United Nations Population Division",392,"Japan","JP","JPN",63,"2012",4,"Median",3,"Both sexes",188,0,-1,"Total",0,"Not applicable",1,"Model-based Estimates",2,"Interpolation",67904
65,"Total net-migration","Total net number of migrants","World Population Prospects",2024,"United Nations Population Division",392,"Japan","JP","JPN",64,"2013",4,"Median",3,"Both sexes",188,0,-1,"Total",0,"Not applicable",1,"Model-based Estimates",2,"Interpolation",66449
65,"Total net-migration","Total net number of migrants","World Population Prospects",2024,"United Nations Population Division",392,"Japan","JP","JPN",65,"2014",4,"Median",3,"Both sexes",188,0,-1,"Total",0,"Not applicable",1,"Model-based Estimates",2,"Interpolation",58109
65,"Total net-migration","Total net number of migrants","World Population Prospects",2024,"United Nations Population Division",392,"Japan","JP","JPN",66,"2015",4,"Median",3,"Both sexes",188,0,-1,"Total",0,"Not applicable",1,"Model-based Estimates",2,"Interpolation",168896
65,"Total net-migration","Total net number of migrants","World Population Prospects",2024,"United Nations Population Division",392,"Japan","JP","JPN",67,"2016",4,"Median",3,"Both sexes",188,0,-1,"Total",0,"Not applicable",1,"Model-based Estimates",2,"Interpolation",314732
65,"Total net-migration","Total net number of migrants","World Population Prospects",2024,"United Nations Population Division",392,"Japan","JP","JPN",68,"2017",4,"Median",3,"Both sexes",188,0,-1,"Total",0,"Not applicable",1,"Model-based Estimates",2,"Interpolation",322564
65,"Total net-migration","Total net number of migrants","World Population Prospects",2024,"United Nations Population Division",392,"Japan","JP","JPN",69,"2018",4,"Median",3,"Both sexes",188,0,-1,"Total",0,"Not applicable",1,"Model-based Estimates",2,"Interpolation",320601
65,"Total net-migration","Total net number of migrants","World Population Prospects",2024,"United Nations Population Division",392,"Japan","JP","JPN",70,"2019",4,"Median",3,"Both sexes",188,0,-1,"Total",0,"Not applicable",1,"Model-based Estimates",2,"Interpolation",318190
65,"Total net-migration","Total net number of migrants","World Population Prospects",2024,"United Nations Population Division",392,"Japan","JP","JPN",71,"2020",4,"Median",3,"Both sexes",188,0,-1,"Total",0,"Not applicable",1,"Model-based Estimates",2,"Interpolation",42001
65,"Total net-migration","Total net number of migrants","World Population Prospects",2024,"United Nations Population Division",392,"Japan","JP","JPN",72,"2021",4,"Median",3,"Both sexes",188,0,-1,"Total",0,"Not applicable",1,"Model-based Estimates",2,"Interpolation",-34996
65,"Total net-migration","Total net number of migrants","World Population Prospects",2024,"United Nations Population Division",392,"Japan","JP","JPN",73,"2022",4,"Median",3,"Both sexes",188,0,-1,"Total",0,"Not applicable",1,"Model-based Estimates",2,"Interpolation",175003
65,"Total net-migration","Total net number of migrants","World Population Prospects",2024,"United Nations Population Division",392,"Japan","JP","JPN",74,"2023",4,"Median",3,"Both sexes",188,0,-1,"Total",0,"Not applicable",1,"Model-based Estimates",2,"Interpolation",175003
65,"Total net-migration","Total net number of migrants","World Population Prospects",2024,"United Nations Population Division",392,"Japan","JP","JPN",75,"2024",1,"95% lower bound",3,"Both sexes",188,0,-1,"Total",0,"Not applicable",1,"Model-based Estimates",3,"Projection",13000
65,"Total net-migration","Total net number of migrants","World Population Prospects",2024,"United Nations Population Division",392,"Japan","JP","JPN",75,"2024",4,"Median",3,"Both sexes",188,0,-1,"Total",0,"Not applicable",1,"Model-based Estimates",3,"Projection",153357
65,"Total net-migration","Total net number of migrants","World Population Prospects",2024,"United Nations Population Division",392,"Japan","JP","JPN",75,"2024",6,"95% upper bound",3,"Both sexes",188,0,-1,"Total",0,"Not applicable",1,"Model-based Estimates",3,"Projection",315000
65,"Total net-migration","Total net number of migrants","World Population Prospects",2024,"United Nations Population Division",392,"Japan","JP","JPN",76,"2025",1,"95% lower bound",3,"Both sexes",188,0,-1,"Total",0,"Not applicable",1,"Model-based Estimates",3,"Projection",-35000
65,"Total net-migration","Total net number of migrants","World Population Prospects",2024,"United Nations Population Division",392,"Japan","JP","JPN",76,"2025",4,"Median",3,"Both sexes",188,0,-1,"Total",0,"Not applicable",1,"Model-based Estimates",3,"Projection",140579
65,"Total net-migration","Total net number of migrants","World Population Prospects",2024,"United Nations Population Division",392,"Japan","JP","JPN",76,"2025",6,"95% upper bound",3,"Both sexes",188,0,-1,"Total",0,"Not applicable",1,"Model-based Estimates",3,"Projection",338000
65,"Total net-migration","Total net number of migrants","World Population Prospects",2024,"United Nations Population Division",392,"Japan","JP","JPN",77,"2026",1,"95% lower bound",3,"Both sexes",188,0,-1,"Total",0,"Not applicable",1,"Model-based Estimates",3,"Projection",-69000
65,"Total net-migration","Total net number of migrants","World Population Prospects",2024,"United Nations Population Division",392,"Japan","JP","JPN",77,"2026",4,"Median",3,"Both sexes",188,0,-1,"Total",0,"Not applicable",1,"Model-based Estimates",3,"Projection",128619
65,"Total net-migration","Total net number of migrants","World Population Prospects",2024,"United Nations Population Division",392,"Japan","JP","JPN",77,"2026",6,"95% upper bound",3,"Both sexes",188,0,-1,"Total",0,"Not applicable",1,"Model-based Estimates",3,"Projection",347000
65,"Total net-migration","Total net number of migrants","World Population Prospects",2024,"United Nations Population Division",392,"Japan","JP","JPN",78,"2027",1,"95% lower bound",3,"Both sexes",188,0,-1,"Total",0,"Not applicable",1,"Model-based Estimates",3,"Projection",-87000
65,"Total net-migration","Total net number of migrants","World Population Prospects",2024,"United Nations Population Division",392,"Japan","JP","JPN",78,"2027",4,"Median",3,"Both sexes",188,0,-1,"Total",0,"Not applicable",1,"Model-based Estimates",3,"Projection",127401
65,"Total net-migration","Total net number of migrants","World Population Prospects",2024,"United Nations Population Division",392,"Japan","JP","JPN",78,"2027",6,"95% upper bound",3,"Both sexes",188,0,-1,"Total",0,"Not applicable",1,"Model-based Estimates",3,"Projection",359000
65,"Total net-migration","Total net number of migrants","World Population Prospects",2024,"United Nations Population Division",392,"Japan","JP","JPN",79,"2028",1,"95% lower bound",3,"Both sexes",188,0,-1,"Total",0,"Not applicable",1,"Model-based Estimates",3,"Projection",-104000
65,"Total net-migration","Total net number of migrants","World Population Prospects",2024,"United Nations Population Division",392,"Japan","JP","JPN",79,"2028",4,"Median",3,"Both sexes",188,0,-1,"Total",0,"Not applicable",1,"Model-based Estimates",3,"Projection",125079
65,"Total net-migration","Total net number of migrants","World Population Prospects",2024,"United Nations Population Division",392,"Japan","JP","JPN",79,"2028",6,"95% upper bound",3,"Both sexes",188,0,-1,"Total",0,"Not applicable",1,"Model-based Estimates",3,"Projection",380000
65,"Total net-migration","Total net number of migrants","World Population Prospects",2024,"United Nations Population Division",392,"Japan","JP","JPN",80,"2029",1,"95% lower bound",3,"Both sexes",188,0,-1,"Total",0,"Not applicable",1,"Model-based Estimates",3,"Projection",-106000
65,"Total net-migration","Total net number of migrants","World Population Prospects",2024,"United Nations Population Division",392,"Japan","JP","JPN",80,"2029",4,"Median",3,"Both sexes",188,0,-1,"Total",0,"Not applicable",1,"Model-based Estimates",3,"Projection",128048
65,"Total net-migration","Total net number of migrants","World Population Prospects",2024,"United Nations Population Division",392,"Japan","JP","JPN",80,"2029",6,"95% upper bound",3,"Both sexes",188,0,-1,"Total",0,"Not applicable",1,"Model-based Estimates",3,"Projection",409000
65,"Total net-migration","Total net number of migrants","World Population Prospects",2024,"United Nations Population Division",392,"Japan","JP","JPN",81,"2030",1,"95% lower bound",3,"Both sexes",188,0,-1,"Total",0,"Not applicable",1,"Model-based Estimates",3,"Projection",-117000
65,"Total net-migration","Total net number of migrants","World Population Prospects",2024,"United Nations Population Division",392,"Japan","JP","JPN",81,"2030",4,"Median",3,"Both sexes",188,0,-1,"Total",0,"Not applicable",1,"Model-based Estimates",3,"Projection",123993
65,"Total net-migration","Total net number of migrants","World Population Prospects",2024,"United Nations Population Division",392,"Japan","JP","JPN",81,"2030",6,"95% upper bound",3,"Both sexes",188,0,-1,"Total",0,"Not applicable",1,"Model-based Estimates",3,"Projection",396000
65,"Total net-migration","Total net number of migrants","World Population Prospects",2024,"United Nations Population Division",392,"Japan","JP","JPN",82,"2031",1,"95% lower bound",3,"Both sexes",188,0,-1,"Total",0,"Not applicable",1,"Model-based Estimates",3,"Projection",-124000
65,"Total net-migration","Total net number of migrants","World Population Prospects",2024,"United Nations Population Division",392,"Japan","JP","JPN",82,"2031",4,"Median",3,"Both sexes",188,0,-1,"Total",0,"Not applicable",1,"Model-based Estimates",3,"Projection",124022
65,"Total net-migration","Total net number of migrants","World Population Prospects",2024,"United Nations Population Division",392,"Japan","JP","JPN",82,"2031",6,"95% upper bound",3,"Both sexes",188,0,-1,"Total",0,"Not applicable",1,"Model-based Estimates",3,"Projection",390000
65,"Total net-migration","Total net number of migrants","World Population Prospects",2024,"United Nations Population Division",392,"Japan","JP","JPN",83,"2032",1,"95% lower bound",3,"Both sexes",188,0,-1,"Total",0,"Not applicable",1,"Model-based Estimates",3,"Projection",-127000
65,"Total net-migration","Total net number of migrants","World Population Prospects",2024,"United Nations Population Division",392,"Japan","JP","JPN",83,"2032",4,"Median",3,"Both sexes",188,0,-1,"Total",0,"Not applicable",1,"Model-based Estimates",3,"Projection",123178
65,"Total net-migration","Total net number of migrants","World Population Prospects",2024,"United Nations Population Division",392,"Japan","JP","JPN",83,"2032",6,"95% upper bound",3,"Both sexes",188,0,-1,"Total",0,"Not applicable",1,"Model-based Estimates",3,"Projection",394000
65,"Total net-migration","Total net number of migrants","World Population Prospects",2024,"United Nations Population Division",392,"Japan","JP","JPN",84,"2033",1,"95% lower bound",3,"Both sexes",188,0,-1,"Total",0,"Not applicable",1,"Model-based Estimates",3,"Projection",-122000
65,"Total net-migration","Total net number of migrants","World Population Prospects",2024,"United Nations Population Division",392,"Japan","JP","JPN",84,"2033",4,"Median",3,"Both sexes",188,0,-1,"Total",0,"Not applicable",1,"Model-based Estimates",3,"Projection",124737
65,"Total net-migration","Total net number of migrants","World Population Prospects",2024,"United Nations Population Division",392,"Japan","JP","JPN",84,"2033",6,"95% upper bound",3,"Both sexes",188,0,-1,"Total",0,"Not applicable",1,"Model-based Estimates",3,"Projection",388000
65,"Total net-migration","Total net number of migrants","World Population Prospects",2024,"United Nations Population Division",392,"Japan","JP","JPN",85,"2034",1,"95% lower bound",3,"Both sexes",188,0,-1,"Total",0,"Not applicable",1,"Model-based Estimates",3,"Projection",-115000
65,"Total net-migration","Total net number of migrants","World Population Prospects",2024,"United Nations Population Division",392,"Japan","JP","JPN",85,"2034",4,"Median",3,"Both sexes",188,0,-1,"Total",0,"Not applicable",1,"Model-based Estimates",3,"Projection",120872
65,"Total net-migration","Total net number of migrants","World Population Prospects",2024,"United Nations Population Division",392,"Japan","JP","JPN",85,"2034",6,"95% upper bound",3,"Both sexes",188,0,-1,"Total",0,"Not applicable",1,"Model-based Estimates",3,"Projection",403000
65,"Total net-migration","Total net number of migrants","World Population Prospects",2024,"United Nations Population Division",392,"Japan","JP","JPN",86,"2035",1,"95% lower bound",3,"Both sexes",188,0,-1,"Total",0,"Not applicable",1,"Model-based Estimates",3,"Projection",-131000
65,"Total net-migration","Total net number of migrants","World Population Prospects",2024,"United Nations Population Division",392,"Japan","JP","JPN",86,"2035",4,"Median",3,"Both sexes",188,0,-1,"Total",0,"Not applicable",1,"Model-based Estimates",3,"Projection",116871
65,"Total net-migration","Total net number of migrants","World Population Prospects",2024,"United Nations Population Division",392,"Japan","JP","JPN",86,"2035",6,"95% upper bound",3,"Both sexes",188,0,-1,"Total",0,"Not applicable",1,"Model-based Estimates",3,"Projection",418000
65,"Total net-migration","Total net number of migrants","World Population Prospects",2024,"United Nations Population Division",392,"Japan","JP","JPN",87,"2036",1,"95% lower bound",3,"Both sexes",188,0,-1,"Total",0,"Not applicable",1,"Model-based Estimates",3,"Projection",-140000
65,"Total net-migration","Total net number of migrants","World Population Prospects",2024,"United Nations Population Division",392,"Japan","JP","JPN",87,"2036",4,"Median",3,"Both sexes",188,0,-1,"Total",0,"Not applicable",1,"Model-based Estimates",3,"Projection",119219
65,"Total net-migration","Total net number of migrants","World Population Prospects",2024,"United Nations Population Division",392,"Japan","JP","JPN",87,"2036",6,"95% upper bound",3,"Both sexes",188,0,-1,"Total",0,"Not applicable",1,"Model-based Estimates",3,"Projection",407000
65,"Total net-migration","Total net number of migrants","World Population Prospects",2024,"United Nations Population Division",392,"Japan","JP","JPN",88,"2037",1,"95% lower bound",3,"Both sexes",188,0,-1,"Total",0,"Not applicable",1,"Model-based Estimates",3,"Projection",-147000
65,"Total net-migration","Total net number of migrants","World Population Prospects",2024,"United Nations Population Division",392,"Japan","JP","JPN",88,"2037",4,"Median",3,"Both sexes",188,0,-1,"Total",0,"Not applicable",1,"Model-based Estimates",3,"Projection",118603
65,"Total net-migration","Total net number of migrants","World Population Prospects",2024,"United Nations Population Division",392,"Japan","JP","JPN",88,"2037",6,"95% upper bound",3,"Both sexes",188,0,-1,"Total",0,"Not applicable",1,"Model-based Estimates",3,"Projection",411000
65,"Total net-migration","Total net number of migrants","World Population Prospects",2024,"United Nations Population Division",392,"Japan","JP","JPN",89,"2038",1,"95% lower bound",3,"Both sexes",188,0,-1,"Total",0,"Not applicable",1,"Model-based Estimates",3,"Projection",-156000
65,"Total net-migration","Total net number of migrants","World Population Prospects",2024,"United Nations Population Division",392,"Japan","JP","JPN",89,"2038",4,"Median",3,"Both sexes",188,0,-1,"Total",0,"Not applicable",1,"Model-based Estimates",3,"Projection",121736
65,"Total net-migration","Total net number of migrants","World Population Prospects",2024,"United Nations Population Division",392,"Japan","JP","JPN",89,"2038",6,"95% upper bound",3,"Both sexes",188,0,-1,"Total",0,"Not applicable",1,"Model-based Estimates",3,"Projection",401000
65,"Total net-migration","Total net number of migrants","World Population Prospects",2024,"United Nations Population Division",392,"Japan","JP","JPN",90,"2039",1,"95% lower bound",3,"Both sexes",188,0,-1,"Total",0,"Not applicable",1,"Model-based Estimates",3,"Projection",-154000
65,"Total net-migration","Total net number of migrants","World Population Prospects",2024,"United Nations Population Division",392,"Japan","JP","JPN",90,"2039",4,"Median",3,"Both sexes",188,0,-1,"Total",0,"Not applicable",1,"Model-based Estimates",3,"Projection",120375
65,"Total net-migration","Total net number of migrants","World Population Prospects",2024,"United Nations Population Division",392,"Japan","JP","JPN",90,"2039",6,"95% upper bound",3,"Both sexes",188,0,-1,"Total",0,"Not applicable",1,"Model-based Estimates",3,"Projection",399000
65,"Total net-migration","Total net number of migrants","World Population Prospects",2024,"United Nations Population Division",392,"Japan","JP","JPN",91,"2040",1,"95% lower bound",3,"Both sexes",188,0,-1,"Total",0,"Not applicable",1,"Model-based Estimates",3,"Projection",-149000
65,"Total net-migration","Total net number of migrants","World Population Prospects",2024,"United Nations Population Division",392,"Japan","JP","JPN",91,"2040",4,"Median",3,"Both sexes",188,0,-1,"Total",0,"Not applicable",1,"Model-based Estimates",3,"Projection",118186
65,"Total net-migration","Total net number of migrants","World Population Prospects",2024,"United Nations Population Division",392,"Japan","JP","JPN",91,"2040",6,"95% upper bound",3,"Both sexes",188,0,-1,"Total",0,"Not applicable",1,"Model-based Estimates",3,"Projection",397000
65,"Total net-migration","Total net number of migrants","World Population Prospects",2024,"United Nations Population Division",392,"Japan","JP","JPN",92,"2041",1,"95% lower bound",3,"Both sexes",188,0,-1,"Total",0,"Not applicable",1,"Model-based Estimates",3,"Projection",-160000
65,"Total net-migration","Total net number of migrants","World Population Prospects",2024,"United Nations Population Division",392,"Japan","JP","JPN",92,"2041",4,"Median",3,"Both sexes",188,0,-1,"Total",0,"Not applicable",1,"Model-based Estimates",3,"Projection",112365
65,"Total net-migration","Total net number of migrants","World Population Prospects",2024,"United Nations Population Division",392,"Japan","JP","JPN",92,"2041",6,"95% upper bound",3,"Both sexes",188,0,-1,"Total",0,"Not applicable",1,"Model-based Estimates",3,"Projection",384000
65,"Total net-migration","Total net number of migrants","World Population Prospects",2024,"United Nations Population Division",392,"Japan","JP","JPN",93,"2042",1,"95% lower bound",3,"Both sexes",188,0,-1,"Total",0,"Not applicable",1,"Model-based Estimates",3,"Projection",-159000
65,"Total net-migration","Total net number of migrants","World Population Prospects",2024,"United Nations Population Division",392,"Japan","JP","JPN",93,"2042",4,"Median",3,"Both sexes",188,0,-1,"Total",0,"Not applicable",1,"Model-based Estimates",3,"Projection",120719
65,"Total net-migration","Total net number of migrants","World Population Prospects",2024,"United Nations Population Division",392,"Japan","JP","JPN",93,"2042",6,"95% upper bound",3,"Both sexes",188,0,-1,"Total",0,"Not applicable",1,"Model-based Estimates",3,"Projection",409000
65,"Total net-migration","Total net number of migrants","World Population Prospects",2024,"United Nations Population Division",392,"Japan","JP","JPN",94,"2043",1,"95% lower bound",3,"Both sexes",188,0,-1,"Total",0,"Not applicable",1,"Model-based Estimates",3,"Projection",-153000
65,"Total net-migration","Total net number of migrants","World Population Prospects",2024,"United Nations Population Division",392,"Japan","JP","JPN",94,"2043",4,"Median",3,"Both sexes",188,0,-1,"Total",0,"Not applicable",1,"Model-based Estimates",3,"Projection",119471
65,"Total net-migration","Total net number of migrants","World Population Prospects",2024,"United Nations Population Division",392,"Japan","JP","JPN",94,"2043",6,"95% upper bound",3,"Both sexes",188,0,-1,"Total",0,"Not applicable",1,"Model-based Estimates",3,"Projection",409000
65,"Total net-migration","Total net number of migrants","World Population Prospects",2024,"United Nations Population Division",392,"Japan","JP","JPN",95,"2044",1,"95% lower bound",3,"Both sexes",188,0,-1,"Total",0,"Not applicable",1,"Model-based Estimates",3,"Projection",-155000
65,"Total net-migration","Total net number of migrants","World Population Prospects",2024,"United Nations Population Division",392,"Japan","JP","JPN",95,"2044",4,"Median",3,"Both sexes",188,0,-1,"Total",0,"Not applicable",1,"Model-based Estimates",3,"Projection",120231
65,"Total net-migration","Total net number of migrants","World Population Prospects",2024,"United Nations Population Division",392,"Japan","JP","JPN",95,"2044",6,"95% upper bound",3,"Both sexes",188,0,-1,"Total",0,"Not applicable",1,"Model-based Estimates",3,"Projection",413000
65,"Total net-migration","Total net number of migrants","World Population Prospects",2024,"United Nations Population Division",392,"Japan","JP","JPN",96,"2045",1,"95% lower bound",3,"Both sexes",188,0,-1,"Total",0,"Not applicable",1,"Model-based Estimates",3,"Projection",-159000
65,"Total net-migration","Total net number of migrants","World Population Prospects",2024,"United Nations Population Division",392,"Japan","JP","JPN",96,"2045",4,"Median",3,"Both sexes",188,0,-1,"Total",0,"Not applicable",1,"Model-based Estimates",3,"Projection",113424
65,"Total net-migration","Total net number of migrants","World Population Prospects",2024,"United Nations Population Division",392,"Japan","JP","JPN",96,"2045",6,"95% upper bound",3,"Both sexes",188,0,-1,"Total",0,"Not applicable",1,"Model-based Estimates",3,"Projection",398000
65,"Total net-migration","Total net number of migrants","World Population Prospects",2024,"United Nations Population Division",392,"Japan","JP","JPN",97,"2046",1,"95% lower bound",3,"Both sexes",188,0,-1,"Total",0,"Not applicable",1,"Model-based Estimates",3,"Projection",-157000
65,"Total net-migration","Total net number of migrants","World Population Prospects",2024,"United Nations Population Division",392,"Japan","JP","JPN",97,"2046",4,"Median",3,"Both sexes",188,0,-1,"Total",0,"Not applicable",1,"Model-based Estimates",3,"Projection",116330
65,"Total net-migration","Total net number of migrants","World Population Prospects",2024,"United Nations Population Division",392,"Japan","JP","JPN",97,"2046",6,"95% upper bound",3,"Both sexes",188,0,-1,"Total",0,"Not applicable",1,"Model-based Estimates",3,"Projection",392000
65,"Total net-migration","Total net number of migrants","World Population Prospects",2024,"United Nations Population Division",392,"Japan","JP","JPN",98,"2047",1,"95% lower bound",3,"Both sexes",188,0,-1,"Total",0,"Not applicable",1,"Model-based Estimates",3,"Projection",-153000
65,"Total net-migration","Total net number of migrants","World Population Prospects",2024,"United Nations Population Division",392,"Japan","JP","JPN",98,"2047",4,"Median",3,"Both sexes",188,0,-1,"Total",0,"Not applicable",1,"Model-based Estimates",3,"Projection",115110
65,"Total net-migration","Total net number of migrants","World Population Prospects",2024,"United Nations Population Division",392,"Japan","JP","JPN",98,"2047",6,"95% upper bound",3,"Both sexes",188,0,-1,"Total",0,"Not applicable",1,"Model-based Estimates",3,"Projection",391000
65,"Total net-migration","Total net number of migrants","World Population Prospects",2024,"United Nations Population Division",392,"Japan","JP","JPN",99,"2048",1,"95% lower bound",3,"Both sexes",188,0,-1,"Total",0,"Not applicable",1,"Model-based Estimates",3,"Projection",-147000
65,"Total net-migration","Total net number of migrants","World Population Prospects",2024,"United Nations Population Division",392,"Japan","JP","JPN",99,"2048",4,"Median",3,"Both sexes",188,0,-1,"Total",0,"Not applicable",1,"Model-based Estimates",3,"Projection",118534
65,"Total net-migration","Total net number of migrants","World Population Prospects",2024,"United Nations Population Division",392,"Japan","JP","JPN",99,"2048",6,"95% upper bound",3,"Both sexes",188,0,-1,"Total",0,"Not applicable",1,"Model-based Estimates",3,"Projection",401000
65,"Total net-migration","Total net number of migrants","World Population Prospects",2024,"United Nations Population Division",392,"Japan","JP","JPN",100,"2049",1,"95% lower bound",3,"Both sexes",188,0,-1,"Total",0,"Not applicable",1,"Model-based Estimates",3,"Projection",-155000
65,"Total net-migration","Total net number of migrants","World Population Prospects",2024,"United Nations Population Division",392,"Japan","JP","JPN",100,"2049",4,"Median",3,"Both sexes",188,0,-1,"Total",0,"Not applicable",1,"Model-based Estimates",3,"Projection",116311
65,"Total net-migration","Total net number of migrants","World Population Prospects",2024,"United Nations Population Division",392,"Japan","JP","JPN",100,"2049",6,"95% upper bound",3,"Both sexes",188,0,-1,"Total",0,"Not applicable",1,"Model-based Estimates",3,"Projection",411000
65,"Total net-migration","Total net number of migrants","World Population Prospects",2024,"United Nations Population Division",392,"Japan","JP","JPN",101,"2050",1,"95% lower bound",3,"Both sexes",188,0,-1,"Total",0,"Not applicable",1,"Model-based Estimates",3,"Projection",-160000
65,"Total net-migration","Total net number of migrants","World Population Prospects",2024,"United Nations Population Division",392,"Japan","JP","JPN",101,"2050",4,"Median",3,"Both sexes",188,0,-1,"Total",0,"Not applicable",1,"Model-based Estimates",3,"Projection",119363
65,"Total net-migration","Total net number of migrants","World Population Prospects",2024,"United Nations Population Division",392,"Japan","JP","JPN",101,"2050",6,"95% upper bound",3,"Both sexes",188,0,-1,"Total",0,"Not applicable",1,"Model-based Estimates",3,"Projection",400000
65,"Total net-migration","Total net number of migrants","World Population Prospects",2024,"United Nations Population Division",392,"Japan","JP","JPN",102,"2051",1,"95% lower bound",3,"Both sexes",188,0,-1,"Total",0,"Not applicable",1,"Model-based Estimates",3,"Projection",-179000
65,"Total net-migration","Total net number of migrants","World Population Prospects",2024,"United Nations Population Division",392,"Japan","JP","JPN",102,"2051",4,"Median",3,"Both sexes",188,0,-1,"Total",0,"Not applicable",1,"Model-based Estimates",3,"Projection",118217
65,"Total net-migration","Total net number of migrants","World Population Prospects",2024,"United Nations Population Division",392,"Japan","JP","JPN",102,"2051",6,"95% upper bound",3,"Both sexes",188,0,-1,"Total",0,"Not applicable",1,"Model-based Estimates",3,"Projection",395000
65,"Total net-migration","Total net number of migrants","World Population Prospects",2024,"United Nations Population Division",392,"Japan","JP","JPN",103,"2052",1,"95% lower bound",3,"Both sexes",188,0,-1,"Total",0,"Not applicable",1,"Model-based Estimates",3,"Projection",-173000
65,"Total net-migration","Total net number of migrants","World Population Prospects",2024,"United Nations Population Division",392,"Japan","JP","JPN",103,"2052",4,"Median",3,"Both sexes",188,0,-1,"Total",0,"Not applicable",1,"Model-based Estimates",3,"Projection",110491
65,"Total net-migration","Total net number of migrants","World Population Prospects",2024,"United Nations Population Division",392,"Japan","JP","JPN",103,"2052",6,"95% upper bound",3,"Both sexes",188,0,-1,"Total",0,"Not applicable",1,"Model-based Estimates",3,"Projection",399000
65,"Total net-migration","Total net number of migrants","World Population Prospects",2024,"United Nations Population Division",392,"Japan","JP","JPN",104,"2053",1,"95% lower bound",3,"Both sexes",188,0,-1,"Total",0,"Not applicable",1,"Model-based Estimates",3,"Projection",-166000
65,"Total net-migration","Total net number of migrants","World Population Prospects",2024,"United Nations Population Division",392,"Japan","JP","JPN",104,"2053",4,"Median",3,"Both sexes",188,0,-1,"Total",0,"Not applicable",1,"Model-based Estimates",3,"Projection",117791
65,"Total net-migration","Total net number of migrants","World Population Prospects",2024,"United Nations Population Division",392,"Japan","JP","JPN",104,"2053",6,"95% upper bound",3,"Both sexes",188,0,-1,"Total",0,"Not applicable",1,"Model-based Estimates",3,"Projection",394000
65,"Total net-migration","Total net number of migrants","World Population Prospects",2024,"United Nations Population Division",392,"Japan","JP","JPN",105,"2054",1,"95% lower bound",3,"Both sexes",188,0,-1,"Total",0,"Not applicable",1,"Model-based Estimates",3,"Projection",-159000
65,"Total net-migration","Total net number of migrants","World Population Prospects",2024,"United Nations Population Division",392,"Japan","JP","JPN",105,"2054",4,"Median",3,"Both sexes",188,0,-1,"Total",0,"Not applicable",1,"Model-based Estimates",3,"Projection",104077
65,"Total net-migration","Total net number of migrants","World Population Prospects",2024,"United Nations Population Division",392,"Japan","JP","JPN",105,"2054",6,"95% upper bound",3,"Both sexes",188,0,-1,"Total",0,"Not applicable",1,"Model-based Estimates",3,"Projection",393000
65,"Total net-migration","Total net number of migrants","World Population Prospects",2024,"United Nations Population Division",392,"Japan","JP","JPN",106,"2055",1,"95% lower bound",3,"Both sexes",188,0,-1,"Total",0,"Not applicable",1,"Model-based Estimates",3,"Projection",-165000
65,"Total net-migration","Total net number of migrants","World Population Prospects",2024,"United Nations Population Division",392,"Japan","JP","JPN",106,"2055",4,"Median",3,"Both sexes",188,0,-1,"Total",0,"Not applicable",1,"Model-based Estimates",3,"Projection",110220
65,"Total net-migration","Total net number of migrants","World Population Prospects",2024,"United Nations Population Division",392,"Japan","JP","JPN",106,"2055",6,"95% upper bound",3,"Both sexes",188,0,-1,"Total",0,"Not applicable",1,"Model-based Estimates",3,"Projection",397000
65,"Total net-migration","Total net number of migrants","World Population Prospects",2024,"United Nations Population Division",392,"Japan","JP","JPN",107,"2056",1,"95% lower bound",3,"Both sexes",188,0,-1,"Total",0,"Not applicable",1,"Model-based Estimates",3,"Projection",-163000
65,"Total net-migration","Total net number of migrants","World Population Prospects",2024,"United Nations Population Division",392,"Japan","JP","JPN",107,"2056",4,"Median",3,"Both sexes",188,0,-1,"Total",0,"Not applicable",1,"Model-based Estimates",3,"Projection",104105
65,"Total net-migration","Total net number of migrants","World Population Prospects",2024,"United Nations Population Division",392,"Japan","JP","JPN",107,"2056",6,"95% upper bound",3,"Both sexes",188,0,-1,"Total",0,"Not applicable",1,"Model-based Estimates",3,"Projection",393000
65,"Total net-migration","Total net number of migrants","World Population Prospects",2024,"United Nations Population Division",392,"Japan","JP","JPN",108,"2057",1,"95% lower bound",3,"Both sexes",188,0,-1,"Total",0,"Not applicable",1,"Model-based Estimates",3,"Projection",-166000
65,"Total net-migration","Total net number of migrants","World Population Prospects",2024,"United Nations Population Division",392,"Japan","JP","JPN",108,"2057",4,"Median",3,"Both sexes",188,0,-1,"Total",0,"Not applicable",1,"Model-based Estimates",3,"Projection",106956
65,"Total net-migration","Total net number of migrants","World Population Prospects",2024,"United Nations Population Division",392,"Japan","JP","JPN",108,"2057",6,"95% upper bound",3,"Both sexes",188,0,-1,"Total",0,"Not applicable",1,"Model-based Estimates",3,"Projection",382000
65,"Total net-migration","Total net number of migrants","World Population Prospects",2024,"United Nations Population Division",392,"Japan","JP","JPN",109,"2058",1,"95% lower bound",3,"Both sexes",188,0,-1,"Total",0,"Not applicable",1,"Model-based Estimates",3,"Projection",-154000
65,"Total net-migration","Total net number of migrants","World Population Prospects",2024,"United Nations Population Division",392,"Japan","JP","JPN",109,"2058",4,"Median",3,"Both sexes",188,0,-1,"Total",0,"Not applicable",1,"Model-based Estimates",3,"Projection",108132
65,"Total net-migration","Total net number of migrants","World Population Prospects",2024,"United Nations Population Division",392,"Japan","JP","JPN",109,"2058",6,"95% upper bound",3,"Both sexes",188,0,-1,"Total",0,"Not applicable",1,"Model-based Estimates",3,"Projection",371000
65,"Total net-migration","Total net number of migrants","World Population Prospects",2024,"United Nations Population Division",392,"Japan","JP","JPN",110,"2059",1,"95% lower bound",3,"Both sexes",188,0,-1,"Total",0,"Not applicable",1,"Model-based Estimates",3,"Projection",-156000
65,"Total net-migration","Total net number of migrants","World Population Prospects",2024,"United Nations Population Division",392,"Japan","JP","JPN",110,"2059",4,"Median",3,"Both sexes",188,0,-1,"Total",0,"Not applicable",1,"Model-based Estimates",3,"Projection",97809
65,"Total net-migration","Total net number of migrants","World Population Prospects",2024,"United Nations Population Division",392,"Japan","JP","JPN",110,"2059",6,"95% upper bound",3,"Both sexes",188,0,-1,"Total",0,"Not applicable",1,"Model-based Estimates",3,"Projection",387000
65,"Total net-migration","Total net number of migrants","World Population Prospects",2024,"United Nations Population Division",392,"Japan","JP","JPN",111,"2060",1,"95% lower bound",3,"Both sexes",188,0,-1,"Total",0,"Not applicable",1,"Model-based Estimates",3,"Projection",-136000
65,"Total net-migration","Total net number of migrants","World Population Prospects",2024,"United Nations Population Division",392,"Japan","JP","JPN",111,"2060",4,"Median",3,"Both sexes",188,0,-1,"Total",0,"Not applicable",1,"Model-based Estimates",3,"Projection",101711
65,"Total net-migration","Total net number of migrants","World Population Prospects",2024,"United Nations Population Division",392,"Japan","JP","JPN",111,"2060",6,"95% upper bound",3,"Both sexes",188,0,-1,"Total",0,"Not applicable",1,"Model-based Estimates",3,"Projection",355000
65,"Total net-migration","Total net number of migrants","World Population Prospects",2024,"United Nations Population Division",392,"Japan","JP","JPN",112,"2061",1,"95% lower bound",3,"Both sexes",188,0,-1,"Total",0,"Not applicable",1,"Model-based Estimates",3,"Projection",-162000
65,"Total net-migration","Total net number of migrants","World Population Prospects",2024,"United Nations Population Division",392,"Japan","JP","JPN",112,"2061",4,"Median",3,"Both sexes",188,0,-1,"Total",0,"Not applicable",1,"Model-based Estimates",3,"Projection",105828
65,"Total net-migration","Total net number of migrants","World Population Prospects",2024,"United Nations Population Division",392,"Japan","JP","JPN",112,"2061",6,"95% upper bound",3,"Both sexes",188,0,-1,"Total",0,"Not applicable",1,"Model-based Estimates",3,"Projection",372000
65,"Total net-migration","Total net number of migrants","World Population Prospects",2024,"United Nations Population Division",392,"Japan","JP","JPN",113,"2062",1,"95% lower bound",3,"Both sexes",188,0,-1,"Total",0,"Not applicable",1,"Model-based Estimates",3,"Projection",-160000
65,"Total net-migration","Total net number of migrants","World Population Prospects",2024,"United Nations Population Division",392,"Japan","JP","JPN",113,"2062",4,"Median",3,"Both sexes",188,0,-1,"Total",0,"Not applicable",1,"Model-based Estimates",3,"Projection",108193
65,"Total net-migration","Total net number of migrants","World Population Prospects",2024,"United Nations Population Division",392,"Japan","JP","JPN",113,"2062",6,"95% upper bound",3,"Both sexes",188,0,-1,"Total",0,"Not applicable",1,"Model-based Estimates",3,"Projection",374000
65,"Total net-migration","Total net number of migrants","World Population Prospects",2024,"United Nations Population Division",392,"Japan","JP","JPN",114,"2063",1,"95% lower bound",3,"Both sexes",188,0,-1,"Total",0,"Not applicable",1,"Model-based Estimates",3,"Projection",-170000
65,"Total net-migration","Total net number of migrants","World Population Prospects",2024,"United Nations Population Division",392,"Japan","JP","JPN",114,"2063",4,"Median",3,"Both sexes",188,0,-1,"Total",0,"Not applicable",1,"Model-based Estimates",3,"Projection",108331
65,"Total net-migration","Total net number of migrants","World Population Prospects",2024,"United Nations Population Division",392,"Japan","JP","JPN",114,"2063",6,"95% upper bound",3,"Both sexes",188,0,-1,"Total",0,"Not applicable",1,"Model-based Estimates",3,"Projection",386000
65,"Total net-migration","Total net number of migrants","World Population Prospects",2024,"United Nations Population Division",392,"Japan","JP","JPN",115,"2064",1,"95% lower bound",3,"Both sexes",188,0,-1,"Total",0,"Not applicable",1,"Model-based Estimates",3,"Projection",-146000
65,"Total net-migration","Total net number of migrants","World Population Prospects",2024,"United Nations Population Division",392,"Japan","JP","JPN",115,"2064",4,"Median",3,"Both sexes",188,0,-1,"Total",0,"Not applicable",1,"Model-based Estimates",3,"Projection",109551
65,"Total net-migration","Total net number of migrants","World Population Prospects",2024,"United Nations Population Division",392,"Japan","JP","JPN",115,"2064",6,"95% upper bound",3,"Both sexes",188,0,-1,"Total",0,"Not applicable",1,"Model-based Estimates",3,"Projection",394000
65,"Total net-migration","Total net number of migrants","World Population Prospects",2024,"United Nations Population Division",392,"Japan","JP","JPN",116,"2065",1,"95% lower bound",3,"Both sexes",188,0,-1,"Total",0,"Not applicable",1,"Model-based Estimates",3,"Projection",-176000
65,"Total net-migration","Total net number of migrants","World Population Prospects",2024,"United Nations Population Division",392,"Japan","JP","JPN",116,"2065",4,"Median",3,"Both sexes",188,0,-1,"Total",0,"Not applicable",1,"Model-based Estimates",3,"Projection",99118
65,"Total net-migration","Total net number of migrants","World Population Prospects",2024,"United Nations Population Division",392,"Japan","JP","JPN",116,"2065",6,"95% upper bound",3,"Both sexes",188,0,-1,"Total",0,"Not applicable",1,"Model-based Estimates",3,"Projection",388000
65,"Total net-migration","Total net number of migrants","World Population Prospects",2024,"United Nations Population Division",392,"Japan","JP","JPN",117,"2066",1,"95% lower bound",3,"Both sexes",188,0,-1,"Total",0,"Not applicable",1,"Model-based Estimates",3,"Projection",-139000
65,"Total net-migration","Total net number of migrants","World Population Prospects",2024,"United Nations Population Division",392,"Japan","JP","JPN",117,"2066",4,"Median",3,"Both sexes",188,0,-1,"Total",0,"Not applicable",1,"Model-based Estimates",3,"Projection",103147
65,"Total net-migration","Total net number of migrants","World Population Prospects",2024,"United Nations Population Division",392,"Japan","JP","JPN",117,"2066",6,"95% upper bound",3,"Both sexes",188,0,-1,"Total",0,"Not applicable",1,"Model-based Estimates",3,"Projection",382000
65,"Total net-migration","Total net number of migrants","World Population Prospects",2024,"United Nations Population Division",392,"Japan","JP","JPN",118,"2067",1,"95% lower bound",3,"Both sexes",188,0,-1,"Total",0,"Not applicable",1,"Model-based Estimates",3,"Projection",-150000
65,"Total net-migration","Total net number of migrants","World Population Prospects",2024,"United Nations Population Division",392,"Japan","JP","JPN",118,"2067",4,"Median",3,"Both sexes",188,0,-1,"Total",0,"Not applicable",1,"Model-based Estimates",3,"Projection",105133
65,"Total net-migration","Total net number of migrants","World Population Prospects",2024,"United Nations Population Division",392,"Japan","JP","JPN",118,"2067",6,"95% upper bound",3,"Both sexes",188,0,-1,"Total",0,"Not applicable",1,"Model-based Estimates",3,"Projection",395000
65,"Total net-migration","Total net number of migrants","World Population Prospects",2024,"United Nations Population Division",392,"Japan","JP","JPN",119,"2068",1,"95% lower bound",3,"Both sexes",188,0,-1,"Total",0,"Not applicable",1,"Model-based Estimates",3,"Projection",-162000
65,"Total net-migration","Total net number of migrants","World Population Prospects",2024,"United Nations Population Division",392,"Japan","JP","JPN",119,"2068",4,"Median",3,"Both sexes",188,0,-1,"Total",0,"Not applicable",1,"Model-based Estimates",3,"Projection",95567
65,"Total net-migration","Total net number of migrants","World Population Prospects",2024,"United Nations Population Division",392,"Japan","JP","JPN",119,"2068",6,"95% upper bound",3,"Both sexes",188,0,-1,"Total",0,"Not applicable",1,"Model-based Estimates",3,"Projection",387000
65,"Total net-migration","Total net number of migrants","World Population Prospects",2024,"United Nations Population Division",392,"Japan","JP","JPN",120,"2069",1,"95% lower bound",3,"Both sexes",188,0,-1,"Total",0,"Not applicable",1,"Model-based Estimates",3,"Projection",-157000
65,"Total net-migration","Total net number of migrants","World Population Prospects",2024,"United Nations Population Division",392,"Japan","JP","JPN",120,"2069",4,"Median",3,"Both sexes",188,0,-1,"Total",0,"Not applicable",1,"Model-based Estimates",3,"Projection",96310
65,"Total net-migration","Total net number of migrants","World Population Prospects",2024,"United Nations Population Division",392,"Japan","JP","JPN",120,"2069",6,"95% upper bound",3,"Both sexes",188,0,-1,"Total",0,"Not applicable",1,"Model-based Estimates",3,"Projection",395000
65,"Total net-migration","Total net number of migrants","World Population Prospects",2024,"United Nations Population Division",392,"Japan","JP","JPN",121,"2070",1,"95% lower bound",3,"Both sexes",188,0,-1,"Total",0,"Not applicable",1,"Model-based Estimates",3,"Projection",-161000
65,"Total net-migration","Total net number of migrants","World Population Prospects",2024,"United Nations Population Division",392,"Japan","JP","JPN",121,"2070",4,"Median",3,"Both sexes",188,0,-1,"Total",0,"Not applicable",1,"Model-based Estimates",3,"Projection",89503
65,"Total net-migration","Total net number of migrants","World Population Prospects",2024,"United Nations Population Division",392,"Japan","JP","JPN",121,"2070",6,"95% upper bound",3,"Both sexes",188,0,-1,"Total",0,"Not applicable",1,"Model-based Estimates",3,"Projection",368000
65,"Total net-migration","Total net number of migrants","World Population Prospects",2024,"United Nations Population Division",392,"Japan","JP","JPN",122,"2071",1,"95% lower bound",3,"Both sexes",188,0,-1,"Total",0,"Not applicable",1,"Model-based Estimates",3,"Projection",-152000
65,"Total net-migration","Total net number of migrants","World Population Prospects",2024,"United Nations Population Division",392,"Japan","JP","JPN",122,"2071",4,"Median",3,"Both sexes",188,0,-1,"Total",0,"Not applicable",1,"Model-based Estimates",3,"Projection",96698
65,"Total net-migration","Total net number of migrants","World Population Prospects",2024,"United Nations Population Division",392,"Japan","JP","JPN",122,"2071",6,"95% upper bound",3,"Both sexes",188,0,-1,"Total",0,"Not applicable",1,"Model-based Estimates",3,"Projection",371000
65,"Total net-migration","Total net number of migrants","World Population Prospects",2024,"United Nations Population Division",392,"Japan","JP","JPN",123,"2072",1,"95% lower bound",3,"Both sexes",188,0,-1,"Total",0,"Not applicable",1,"Model-based Estimates",3,"Projection",-151000
65,"Total net-migration","Total net number of migrants","World Population Prospects",2024,"United Nations Population Division",392,"Japan","JP","JPN",123,"2072",4,"Median",3,"Both sexes",188,0,-1,"Total",0,"Not applicable",1,"Model-based Estimates",3,"Projection",95308
65,"Total net-migration","Total net number of migrants","World Population Prospects",2024,"United Nations Population Division",392,"Japan","JP","JPN",123,"2072",6,"95% upper bound",3,"Both sexes",188,0,-1,"Total",0,"Not applicable",1,"Model-based Estimates",3,"Projection",381000
65,"Total net-migration","Total net number of migrants","World Population Prospects",2024,"United Nations Population Division",392,"Japan","JP","JPN",124,"2073",1,"95% lower bound",3,"Both sexes",188,0,-1,"Total",0,"Not applicable",1,"Model-based Estimates",3,"Projection",-156000
65,"Total net-migration","Total net number of migrants","World Population Prospects",2024,"United Nations Population Division",392,"Japan","JP","JPN",124,"2073",4,"Median",3,"Both sexes",188,0,-1,"Total",0,"Not applicable",1,"Model-based Estimates",3,"Projection",90022
65,"Total net-migration","Total net number of migrants","World Population Prospects",2024,"United Nations Population Division",392,"Japan","JP","JPN",124,"2073",6,"95% upper bound",3,"Both sexes",188,0,-1,"Total",0,"Not applicable",1,"Model-based Estimates",3,"Projection",352000
65,"Total net-migration","Total net number of migrants","World Population Prospects",2024,"United Nations Population Division",392,"Japan","JP","JPN",125,"2074",1,"95% lower bound",3,"Both sexes",188,0,-1,"Total",0,"Not applicable",1,"Model-based Estimates",3,"Projection",-143000
65,"Total net-migration","Total net number of migrants","World Population Prospects",2024,"United Nations Population Division",392,"Japan","JP","JPN",125,"2074",4,"Median",3,"Both sexes",188,0,-1,"Total",0,"Not applicable",1,"Model-based Estimates",3,"Projection",94927
65,"Total net-migration","Total net number of migrants","World Population Prospects",2024,"United Nations Population Division",392,"Japan","JP","JPN",125,"2074",6,"95% upper bound",3,"Both sexes",188,0,-1,"Total",0,"Not applicable",1,"Model-based Estimates",3,"Projection",366000
65,"Total net-migration","Total net number of migrants","World Population Prospects",2024,"United Nations Population Division",392,"Japan","JP","JPN",126,"2075",1,"95% lower bound",3,"Both sexes",188,0,-1,"Total",0,"Not applicable",1,"Model-based Estimates",3,"Projection",-150000
65,"Total net-migration","Total net number of migrants","World Population Prospects",2024,"United Nations Population Division",392,"Japan","JP","JPN",126,"2075",4,"Median",3,"Both sexes",188,0,-1,"Total",0,"Not applicable",1,"Model-based Estimates",3,"Projection",95162
65,"Total net-migration","Total net number of migrants","World Population Prospects",2024,"United Nations Population Division",392,"Japan","JP","JPN",126,"2075",6,"95% upper bound",3,"Both sexes",188,0,-1,"Total",0,"Not applicable",1,"Model-based Estimates",3,"Projection",363000
65,"Total net-migration","Total net number of migrants","World Population Prospects",2024,"United Nations Population Division",392,"Japan","JP","JPN",127,"2076",1,"95% lower bound",3,"Both sexes",188,0,-1,"Total",0,"Not applicable",1,"Model-based Estimates",3,"Projection",-140000
65,"Total net-migration","Total net number of migrants","World Population Prospects",2024,"United Nations Population Division",392,"Japan","JP","JPN",127,"2076",4,"Median",3,"Both sexes",188,0,-1,"Total",0,"Not applicable",1,"Model-based Estimates",3,"Projection",94470
65,"Total net-migration","Total net number of migrants","World Population Prospects",2024,"United Nations Population Division",392,"Japan","JP","JPN",127,"2076",6,"95% upper bound",3,"Both sexes",188,0,-1,"Total",0,"Not applicable",1,"Model-based Estimates",3,"Projection",356000
65,"Total net-migration","Total net number of migrants","World Population Prospects",2024,"United Nations Population Division",392,"Japan","JP","JPN",128,"2077",1,"95% lower bound",3,"Both sexes",188,0,-1,"Total",0,"Not applicable",1,"Model-based Estimates",3,"Projection",-135000
65,"Total net-migration","Total net number of migrants","World Population Prospects",2024,"United Nations Population Division",392,"Japan","JP","JPN",128,"2077",4,"Median",3,"Both sexes",188,0,-1,"Total",0,"Not applicable",1,"Model-based Estimates",3,"Projection",92602
65,"Total net-migration","Total net number of migrants","World Population Prospects",2024,"United Nations Population Division",392,"Japan","JP","JPN",128,"2077",6,"95% upper bound",3,"Both sexes",188,0,-1,"Total",0,"Not applicable",1,"Model-based Estimates",3,"Projection",358000
65,"Total net-migration","Total net number of migrants","World Population Prospects",2024,"United Nations Population Division",392,"Japan","JP","JPN",129,"2078",1,"95% lower bound",3,"Both sexes",188,0,-1,"Total",0,"Not applicable",1,"Model-based Estimates",3,"Projection",-132000
65,"Total net-migration","Total net number of migrants","World Population Prospects",2024,"United Nations Population Division",392,"Japan","JP","JPN",129,"2078",4,"Median",3,"Both sexes",188,0,-1,"Total",0,"Not applicable",1,"Model-based Estimates",3,"Projection",92644
65,"Total net-migration","Total net number of migrants","World Population Prospects",2024,"United Nations Population Division",392,"Japan","JP","JPN",129,"2078",6,"95% upper bound",3,"Both sexes",188,0,-1,"Total",0,"Not applicable",1,"Model-based Estimates",3,"Projection",352000
65,"Total net-migration","Total net number of migrants","World Population Prospects",2024,"United Nations Population Division",392,"Japan","JP","JPN",130,"2079",1,"95% lower bound",3,"Both sexes",188,0,-1,"Total",0,"Not applicable",1,"Model-based Estimates",3,"Projection",-135000
65,"Total net-migration","Total net number of migrants","World Population Prospects",2024,"United Nations Population Division",392,"Japan","JP","JPN",130,"2079",4,"Median",3,"Both sexes",188,0,-1,"Total",0,"Not applicable",1,"Model-based Estimates",3,"Projection",95199
65,"Total net-migration","Total net number of migrants","World Population Prospects",2024,"United Nations Population Division",392,"Japan","JP","JPN",130,"2079",6,"95% upper bound",3,"Both sexes",188,0,-1,"Total",0,"Not applicable",1,"Model-based Estimates",3,"Projection",359000
65,"Total net-migration","Total net number of migrants","World Population Prospects",2024,"United Nations Population Division",392,"Japan","JP","JPN",131,"2080",1,"95% lower bound",3,"Both sexes",188,0,-1,"Total",0,"Not applicable",1,"Model-based Estimates",3,"Projection",-143000
65,"Total net-migration","Total net number of migrants","World Population Prospects",2024,"United Nations Population Division",392,"Japan","JP","JPN",131,"2080",4,"Median",3,"Both sexes",188,0,-1,"Total",0,"Not applicable",1,"Model-based Estimates",3,"Projection",91321
65,"Total net-migration","Total net number of migrants","World Population Prospects",2024,"United Nations Population Division",392,"Japan","JP","JPN",131,"2080",6,"95% upper bound",3,"Both sexes",188,0,-1,"Total",0,"Not applicable",1,"Model-based Estimates",3,"Projection",348000
65,"Total net-migration","Total net number of migrants","World Population Prospects",2024,"United Nations Population Division",392,"Japan","JP","JPN",132,"2081",1,"95% lower bound",3,"Both sexes",188,0,-1,"Total",0,"Not applicable",1,"Model-based Estimates",3,"Projection",-138000
65,"Total net-migration","Total net number of migrants","World Population Prospects",2024,"United Nations Population Division",392,"Japan","JP","JPN",132,"2081",4,"Median",3,"Both sexes",188,0,-1,"Total",0,"Not applicable",1,"Model-based Estimates",3,"Projection",95119
65,"Total net-migration","Total net number of migrants","World Population Prospects",2024,"United Nations Population Division",392,"Japan","JP","JPN",132,"2081",6,"95% upper bound",3,"Both sexes",188,0,-1,"Total",0,"Not applicable",1,"Model-based Estimates",3,"Projection",373000
65,"Total net-migration","Total net number of migrants","World Population Prospects",2024,"United Nations Population Division",392,"Japan","JP","JPN",133,"2082",1,"95% lower bound",3,"Both sexes",188,0,-1,"Total",0,"Not applicable",1,"Model-based Estimates",3,"Projection",-124000
65,"Total net-migration","Total net number of migrants","World Population Prospects",2024,"United Nations Population Division",392,"Japan","JP","JPN",133,"2082",4,"Median",3,"Both sexes",188,0,-1,"Total",0,"Not applicable",1,"Model-based Estimates",3,"Projection",90748
65,"Total net-migration","Total net number of migrants","World Population Prospects",2024,"United Nations Population Division",392,"Japan","JP","JPN",133,"2082",6,"95% upper bound",3,"Both sexes",188,0,-1,"Total",0,"Not applicable",1,"Model-based Estimates",3,"Projection",344000
65,"Total net-migration","Total net number of migrants","World Population Prospects",2024,"United Nations Population Division",392,"Japan","JP","JPN",134,"2083",1,"95% lower bound",3,"Both sexes",188,0,-1,"Total",0,"Not applicable",1,"Model-based Estimates",3,"Projection",-133000
65,"Total net-migration","Total net number of migrants","World Population Prospects",2024,"United Nations Population Division",392,"Japan","JP","JPN",134,"2083",4,"Median",3,"Both sexes",188,0,-1,"Total",0,"Not applicable",1,"Model-based Estimates",3,"Projection",91986
65,"Total net-migration","Total net number of migrants","World Population Prospects",2024,"United Nations Population Division",392,"Japan","JP","JPN",134,"2083",6,"95% upper bound",3,"Both sexes",188,0,-1,"Total",0,"Not applicable",1,"Model-based Estimates",3,"Projection",330000
65,"Total net-migration","Total net number of migrants","World Population Prospects",2024,"United Nations Population Division",392,"Japan","JP","JPN",135,"2084",1,"95% lower bound",3,"Both sexes",188,0,-1,"Total",0,"Not applicable",1,"Model-based Estimates",3,"Projection",-138000
65,"Total net-migration","Total net number of migrants","World Population Prospects",2024,"United Nations Population Division",392,"Japan","JP","JPN",135,"2084",4,"Median",3,"Both sexes",188,0,-1,"Total",0,"Not applicable",1,"Model-based Estimates",3,"Projection",87615
65,"Total net-migration","Total net number of migrants","World Population Prospects",2024,"United Nations Population Division",392,"Japan","JP","JPN",135,"2084",6,"95% upper bound",3,"Both sexes",188,0,-1,"Total",0,"Not applicable",1,"Model-based Estimates",3,"Projection",365000
65,"Total net-migration","Total net number of migrants","World Population Prospects",2024,"United Nations Population Division",392,"Japan","JP","JPN",136,"2085",1,"95% lower bound",3,"Both sexes",188,0,-1,"Total",0,"Not applicable",1,"Model-based Estimates",3,"Projection",-135000
65,"Total net-migration","Total net number of migrants","World Population Prospects",2024,"United Nations Population Division",392,"Japan","JP","JPN",136,"2085",4,"Median",3,"Both sexes",188,0,-1,"Total",0,"Not applicable",1,"Model-based Estimates",3,"Projection",86182
65,"Total net-migration","Total net number of migrants","World Population Prospects",2024,"United Nations Population Division",392,"Japan","JP","JPN",136,"2085",6,"95% upper bound",3,"Both sexes",188,0,-1,"Total",0,"Not applicable",1,"Model-based Estimates",3,"Projection",363000
65,"Total net-migration","Total net number of migrants","World Population Prospects",2024,"United Nations Population Division",392,"Japan","JP","JPN",137,"2086",1,"95% lower bound",3,"Both sexes",188,0,-1,"Total",0,"Not applicable",1,"Model-based Estimates",3,"Projection",-113000
65,"Total net-migration","Total net number of migrants","World Population Prospects",2024,"United Nations Population Division",392,"Japan","JP","JPN",137,"2086",4,"Median",3,"Both sexes",188,0,-1,"Total",0,"Not applicable",1,"Model-based Estimates",3,"Projection",86127
65,"Total net-migration","Total net number of migrants","World Population Prospects",2024,"United Nations Population Division",392,"Japan","JP","JPN",137,"2086",6,"95% upper bound",3,"Both sexes",188,0,-1,"Total",0,"Not applicable",1,"Model-based Estimates",3,"Projection",350000
65,"Total net-migration","Total net number of migrants","World Population Prospects",2024,"United Nations Population Division",392,"Japan","JP","JPN",138,"2087",1,"95% lower bound",3,"Both sexes",188,0,-1,"Total",0,"Not applicable",1,"Model-based Estimates",3,"Projection",-118000
65,"Total net-migration","Total net number of migrants","World Population Prospects",2024,"United Nations Population Division",392,"Japan","JP","JPN",138,"2087",4,"Median",3,"Both sexes",188,0,-1,"Total",0,"Not applicable",1,"Model-based Estimates",3,"Projection",89045
65,"Total net-migration","Total net number of migrants","World Population Prospects",2024,"United Nations Population Division",392,"Japan","JP","JPN",138,"2087",6,"95% upper bound",3,"Both sexes",188,0,-1,"Total",0,"Not applicable",1,"Model-based Estimates",3,"Projection",355000
65,"Total net-migration","Total net number of migrants","World Population Prospects",2024,"United Nations Population Division",392,"Japan","JP","JPN",139,"2088",1,"95% lower bound",3,"Both sexes",188,0,-1,"Total",0,"Not applicable",1,"Model-based Estimates",3,"Projection",-112000
65,"Total net-migration","Total net number of migrants","World Population Prospects",2024,"United Nations Population Division",392,"Japan","JP","JPN",139,"2088",4,"Median",3,"Both sexes",188,0,-1,"Total",0,"Not applicable",1,"Model-based Estimates",3,"Projection",88131
65,"Total net-migration","Total net number of migrants","World Population Prospects",2024,"United Nations Population Division",392,"Japan","JP","JPN",139,"2088",6,"95% upper bound",3,"Both sexes",188,0,-1,"Total",0,"Not applicable",1,"Model-based Estimates",3,"Projection",358000
65,"Total net-migration","Total net number of migrants","World Population Prospects",2024,"United Nations Population Division",392,"Japan","JP","JPN",140,"2089",1,"95% lower bound",3,"Both sexes",188,0,-1,"Total",0,"Not applicable",1,"Model-based Estimates",3,"Projection",-119000
65,"Total net-migration","Total net number of migrants","World Population Prospects",2024,"United Nations Population Division",392,"Japan","JP","JPN",140,"2089",4,"Median",3,"Both sexes",188,0,-1,"Total",0,"Not applicable",1,"Model-based Estimates",3,"Projection",84658
65,"Total net-migration","Total net number of migrants","World Population Prospects",2024,"United Nations Population Division",392,"Japan","JP","JPN",140,"2089",6,"95% upper bound",3,"Both sexes",188,0,-1,"Total",0,"Not applicable",1,"Model-based Estimates",3,"Projection",362000
65,"Total net-migration","Total net number of migrants","World Population Prospects",2024,"United Nations Population Division",392,"Japan","JP","JPN",141,"2090",1,"95% lower bound",3,"Both sexes",188,0,-1,"Total",0,"Not applicable",1,"Model-based Estimates",3,"Projection",-115000
65,"Total net-migration","Total net number of migrants","World Population Prospects",2024,"United Nations Population Division",392,"Japan","JP","JPN",141,"2090",4,"Median",3,"Both sexes",188,0,-1,"Total",0,"Not applicable",1,"Model-based Estimates",3,"Projection",84292
65,"Total net-migration","Total net number of migrants","World Population Prospects",2024,"United Nations Population Division",392,"Japan","JP","JPN",141,"2090",6,"95% upper bound",3,"Both sexes",188,0,-1,"Total",0,"Not applicable",1,"Model-based Estimates",3,"Projection",341000
65,"Total net-migration","Total net number of migrants","World Population Prospects",2024,"United Nations Population Division",392,"Japan","JP","JPN",142,"2091",1,"95% lower bound",3,"Both sexes",188,0,-1,"Total",0,"Not applicable",1,"Model-based Estimates",3,"Projection",-113000
65,"Total net-migration","Total net number of migrants","World Population Prospects",2024,"United Nations Population Division",392,"Japan","JP","JPN",142,"2091",4,"Median",3,"Both sexes",188,0,-1,"Total",0,"Not applicable",1,"Model-based Estimates",3,"Projection",82513
65,"Total net-migration","Total net number of migrants","World Population Prospects",2024,"United Nations Population Division",392,"Japan","JP","JPN",142,"2091",6,"95% upper bound",3,"Both sexes",188,0,-1,"Total",0,"Not applicable",1,"Model-based Estimates",3,"Projection",339000
65,"Total net-migration","Total net number of migrants","World Population Prospects",2024,"United Nations Population Division",392,"Japan","JP","JPN",143,"2092",1,"95% lower bound",3,"Both sexes",188,0,-1,"Total",0,"Not applicable",1,"Model-based Estimates",3,"Projection",-125000
65,"Total net-migration","Total net number of migrants","World Population Prospects",2024,"United Nations Population Division",392,"Japan","JP","JPN",143,"2092",4,"Median",3,"Both sexes",188,0,-1,"Total",0,"Not applicable",1,"Model-based Estimates",3,"Projection",77806
65,"Total net-migration","Total net number of migrants","World Population Prospects",2024,"United Nations Population Division",392,"Japan","JP","JPN",143,"2092",6,"95% upper bound",3,"Both sexes",188,0,-1,"Total",0,"Not applicable",1,"Model-based Estimates",3,"Projection",346000
65,"Total net-migration","Total net number of migrants","World Population Prospects",2024,"United Nations Population Division",392,"Japan","JP","JPN",144,"2093",1,"95% lower bound",3,"Both sexes",188,0,-1,"Total",0,"Not applicable",1,"Model-based Estimates",3,"Projection",-118000
65,"Total net-migration","Total net number of migrants","World Population Prospects",2024,"United Nations Population Division",392,"Japan","JP","JPN",144,"2093",4,"Median",3,"Both sexes",188,0,-1,"Total",0,"Not applicable",1,"Model-based Estimates",3,"Projection",80198
65,"Total net-migration","Total net number of migrants","World Population Prospects",2024,"United Nations Population Division",392,"Japan","JP","JPN",144,"2093",6,"95% upper bound",3,"Both sexes",188,0,-1,"Total",0,"Not applicable",1,"Model-based Estimates",3,"Projection",338000
65,"Total net-migration","Total net number of migrants","World Population Prospects",2024,"United Nations Population Division",392,"Japan","JP","JPN",145,"2094",1,"95% lower bound",3,"Both sexes",188,0,-1,"Total",0,"Not applicable",1,"Model-based Estimates",3,"Projection",-121000
65,"Total net-migration","Total net number of migrants","World Population Prospects",2024,"United Nations Population Division",392,"Japan","JP","JPN",145,"2094",4,"Median",3,"Both sexes",188,0,-1,"Total",0,"Not applicable",1,"Model-based Estimates",3,"Projection",83454
65,"Total net-migration","Total net number of migrants","World Population Prospects",2024,"United Nations Population Division",392,"Japan","JP","JPN",145,"2094",6,"95% upper bound",3,"Both sexes",188,0,-1,"Total",0,"Not applicable",1,"Model-based Estimates",3,"Projection",351000
65,"Total net-migration","Total net number of migrants","World Population Prospects",2024,"United Nations Population Division",392,"Japan","JP","JPN",146,"2095",1,"95% lower bound",3,"Both sexes",188,0,-1,"Total",0,"Not applicable",1,"Model-based Estimates",3,"Projection",-142000
65,"Total net-migration","Total net number of migrants","World Population Prospects",2024,"United Nations Population Division",392,"Japan","JP","JPN",146,"2095",4,"Median",3,"Both sexes",188,0,-1,"Total",0,"Not applicable",1,"Model-based Estimates",3,"Projection",82423
65,"Total net-migration","Total net number of migrants","World Population Prospects",2024,"United Nations Population Division",392,"Japan","JP","JPN",146,"2095",6,"95% upper bound",3,"Both sexes",188,0,-1,"Total",0,"Not applicable",1,"Model-based Estimates",3,"Projection",342000
65,"Total net-migration","Total net number of migrants","World Population Prospects",2024,"United Nations Population Division",392,"Japan","JP","JPN",147,"2096",1,"95% lower bound",3,"Both sexes",188,0,-1,"Total",0,"Not applicable",1,"Model-based Estimates",3,"Projection",-143000
65,"Total net-migration","Total net number of migrants","World Population Prospects",2024,"United Nations Population Division",392,"Japan","JP","JPN",147,"2096",4,"Median",3,"Both sexes",188,0,-1,"Total",0,"Not applicable",1,"Model-based Estimates",3,"Projection",78225
65,"Total net-migration","Total net number of migrants","World Population Prospects",2024,"United Nations Population Division",392,"Japan","JP","JPN",147,"2096",6,"95% upper bound",3,"Both sexes",188,0,-1,"Total",0,"Not applicable",1,"Model-based Estimates",3,"Projection",343000
65,"Total net-migration","Total net number of migrants","World Population Prospects",2024,"United Nations Population Division",392,"Japan","JP","JPN",148,"2097",1,"95% lower bound",3,"Both sexes",188,0,-1,"Total",0,"Not applicable",1,"Model-based Estimates",3,"Projection",-138000
65,"Total net-migration","Total net number of migrants","World Population Prospects",2024,"United Nations Population Division",392,"Japan","JP","JPN",148,"2097",4,"Median",3,"Both sexes",188,0,-1,"Total",0,"Not applicable",1,"Model-based Estimates",3,"Projection",82317
65,"Total net-migration","Total net number of migrants","World Population Prospects",2024,"United Nations Population Division",392,"Japan","JP","JPN",148,"2097",6,"95% upper bound",3,"Both sexes",188,0,-1,"Total",0,"Not applicable",1,"Model-based Estimates",3,"Projection",355000
65,"Total net-migration","Total net number of migrants","World Population Prospects",2024,"United Nations Population Division",392,"Japan","JP","JPN",149,"2098",1,"95% lower bound",3,"Both sexes",188,0,-1,"Total",0,"Not applicable",1,"Model-based Estimates",3,"Projection",-134000
65,"Total net-migration","Total net number of migrants","World Population Prospects",2024,"United Nations Population Division",392,"Japan","JP","JPN",149,"2098",4,"Median",3,"Both sexes",188,0,-1,"Total",0,"Not applicable",1,"Model-based Estimates",3,"Projection",78909
65,"Total net-migration","Total net number of migrants","World Population Prospects",2024,"United Nations Population Division",392,"Japan","JP","JPN",149,"2098",6,"95% upper bound",3,"Both sexes",188,0,-1,"Total",0,"Not applicable",1,"Model-based Estimates",3,"Projection",336000
65,"Total net-migration","Total net number of migrants","World Population Prospects",2024,"United Nations Population Division",392,"Japan","JP","JPN",150,"2099",1,"95% lower bound",3,"Both sexes",188,0,-1,"Total",0,"Not applicable",1,"Model-based Estimates",3,"Projection",-140000
65,"Total net-migration","Total net number of migrants","World Population Prospects",2024,"United Nations Population Division",392,"Japan","JP","JPN",150,"2099",4,"Median",3,"Both sexes",188,0,-1,"Total",0,"Not applicable",1,"Model-based Estimates",3,"Projection",75526
65,"Total net-migration","Total net number of migrants","World Population Prospects",2024,"United Nations Population Division",392,"Japan","JP","JPN",150,"2099",6,"95% upper bound",3,"Both sexes",188,0,-1,"Total",0,"Not applicable",1,"Model-based Estimates",3,"Projection",343000
65,"Total net-migration","Total net number of migrants","World Population Prospects",2024,"United Nations Population Division",392,"Japan","JP","JPN",151,"2100",1,"95% lower bound",3,"Both sexes",188,0,-1,"Total",0,"Not applicable",1,"Model-based Estimates",3,"Projection",-136000
65,"Total net-migration","Total net number of migrants","World Population Prospects",2024,"United Nations Population Division",392,"Japan","JP","JPN",151,"2100",4,"Median",3,"Both sexes",188,0,-1,"Total",0,"Not applicable",1,"Model-based Estimates",3,"Projection",73710
65,"Total net-migration","Total net number of migrants","World Population Prospects",2024,"United Nations Population Division",392,"Japan","JP","JPN",151,"2100",6,"95% upper bound",3,"Both sexes",188,0,-1,"Total",0,"Not applicable",1,"Model-based Estimates",3,"Projection",322000
