Country Name,Country Code,Indicator Name,Indicator Code,1960,1961,1962,1963,1964,1965,1966,1967,1968,1969,1970,1971,1972,1973,1974,1975,1976,1977,1978,1979,1980,1981,1982,1983,1984,1985,1986,1987,1988,1989,1990,1991,1992,1993,1994,1995,1996,1997,1998,1999,2000,2001,2002,2003,2004,2005,2006,2007,2008,2009,2010,2011,2012,2013,2014,2015,2016,2017,2018,2019,2020,2021,2022,2023,2024,2025
Aruba,ABW,Population growth (annual %),SP.POP.GROW,,1.187344266,1.326227235,1.203664309,1.076601948,0.986114425,0.862398829,0.503043106,0.133831409,-0.028784044,-0.172878469,-0.287095355,-1.256564621,0.433191333,0.085728007,-0.092589424,0.125146807,0.362554695,0.334026692,0.703589499,1.205724095,1.08574013,1.17041036,1.541681007,1.075700261,-1.882442511,-2.954373626,-1.296516608,0.290320062,1.856883717,3.750561346,4.8871356,4.61012241,6.562028493,5.170374146,2.808316701,3.950742871,3.874759767,2.460754086,1.356485906,1.030816853,0.935032935,0.692051827,1.138228939,2.135357818,2.590756656,1.796637852,0.74666479,0.76293347,0.678450763,0.230041096,0.736689418,1.46978229,1.492031397,1.0655121,1.023701031,0.757967559,0.007357607,0.158975971,0.270504633,-0.565684047,-0.820211083,-0.362774222,0.045651678,0.590657103,
Africa Eastern and Southern,AFE,Population growth (annual %),SP.POP.GROW,,2.62462352,2.687008776,2.714041935,2.769855664,2.809882212,2.810323756,2.844811161,2.890530532,2.889450653,2.888509046,2.886861593,2.842601564,2.920574907,2.974922147,2.921867255,2.917297316,2.829596688,2.989523557,3.129089164,2.998951228,3.093171484,3.215599196,3.132650667,3.03401872,3.010992352,2.987529649,2.996760727,2.904707553,2.825753038,2.866548907,2.750693813,2.660481651,2.76949139,2.659317274,2.59624754,2.645207241,2.563609347,2.590829061,2.622892956,2.59538934,2.588641771,2.607801575,2.619068095,2.641371498,2.658478397,2.669765886,2.691444983,2.723640015,2.737237572,2.734525196,2.684621433,2.693512893,2.748245583,2.704104696,2.696830388,2.640743255,2.642067288,2.734262824,2.721680523,2.699516097,2.649439164,2.592754452,2.519166645,2.472801479,
Afghanistan,AFG,Population growth (annual %),SP.POP.GROW,,1.96223912,2.044522836,2.105208225,2.161195472,2.23370858,2.269651429,2.306668007,2.360683434,2.392720378,2.445205745,2.428516313,2.442583899,2.534758939,2.526844215,2.415250485,2.213446083,2.128099564,2.008697854,0.323658823,-3.62580788,-9.819770739,-8.258034385,-0.669999257,2.46291172,2.092575239,-0.059334023,-0.282849651,1.182671147,2.998764795,1.434588211,1.591325884,8.15641941,11.80725911,8.388729602,4.89368012,4.005404674,3.804508034,3.764686638,3.72811604,1.212175976,0.762004897,5.252029585,6.145194002,3.575834854,3.51921696,4.092702017,1.89259754,2.186546182,3.646380908,2.934686702,3.691503084,4.047862563,3.418226676,3.632518847,3.119959241,2.535719918,2.808337308,2.910809599,2.984389136,3.153609203,2.356097792,1.43570437,2.13559385,2.836573172,
Africa Western and Central,AFW,Population growth (annual %),SP.POP.GROW,,2.103831781,2.131522215,2.170014596,2.184894073,2.216283427,2.249277325,2.264621906,2.301718162,2.34163602,2.389781198,2.416704632,2.451102246,2.52179364,2.599349836,2.675541305,2.682437496,2.71767274,2.793968127,2.831228535,2.832284689,2.846610539,2.902373097,2.732463028,2.634795561,2.733968066,2.739907324,2.737858746,2.748296572,2.771154541,2.661366151,2.643001405,2.755938951,2.700827771,2.654621648,2.723029036,2.72058548,2.719072605,2.761684837,2.731661919,2.751323928,2.801539644,2.810771384,2.814174224,2.828565018,2.839589558,2.826084198,2.821970537,2.826071789,2.792373967,2.786988936,2.822860884,2.781261731,2.731162068,2.730315606,2.699359033,2.672912947,2.626295641,2.533620527,2.440048009,2.389175704,2.363828975,2.332270394,2.38620356,2.398473142,
Angola,AGO,Population growth (annual %),SP.POP.GROW,,1.327797474,0.989638885,1.003666453,1.027683711,1.052132703,1.070045993,1.076727162,1.073516728,1.063745555,1.534110182,2.335723958,3.011399271,3.411452071,3.458902199,3.41255829,3.330146444,3.379374805,3.476853681,3.507543622,3.587939864,3.642460453,3.678035002,3.71606374,3.706036014,3.678647742,3.618425561,3.473748029,3.40339477,3.414571629,3.392403354,3.359054615,3.274142461,3.19559443,3.241689202,3.339988737,3.381608922,3.395515042,3.346795466,3.295276636,3.312287469,3.353709414,3.407476157,3.493342778,3.594457524,3.646268934,3.684892016,3.74258021,3.778289766,3.801561875,3.851098249,3.887945997,3.883583555,3.84998069,3.732728067,3.605071622,3.57644144,3.540612215,3.453233009,3.387884222,3.267958649,3.1813226,3.14302612,3.080655307,3.044199722,
Albania,ALB,Population growth (annual %),SP.POP.GROW,,3.120855371,3.056730503,2.953748762,2.880686426,2.754021238,2.63456388,2.630190345,2.84251071,2.896083388,2.550851178,2.422972017,2.494973107,2.362552224,2.297214176,2.30115381,2.208235255,2.213252179,2.075741895,1.98945702,2.047963861,2.002974306,2.113271783,2.120885334,2.103936618,2.055994609,1.933220811,1.997039956,1.886710529,2.687861989,1.799085593,-0.602809679,-0.606434726,-0.610165793,-0.613880507,-0.617703658,-0.621511399,-0.625430097,-0.629334393,-0.633352274,-0.637356834,-0.938470428,-0.299876697,-0.374149169,-0.417931378,-0.511790116,-0.630911245,-0.755718755,-0.767342959,-0.673894046,-0.496461963,-0.269017332,-1.543136705,-1.543144714,-1.543137537,-1.543120069,-1.543134709,-1.543151568,-1.543099916,-1.543137091,-1.543155893,-1.54312081,-1.543156677,-1.543108114,-1.543143935,
Andorra,AND,Population growth (annual %),SP.POP.GROW,,7.814816969,7.519100475,7.211505955,6.883059787,6.593796452,7.023409391,7.954820766,8.116408607,7.722623394,7.384231728,7.077000364,6.827128546,6.598855179,6.347262685,6.09802462,5.815408933,5.489293645,5.133349038,4.687542409,4.212470768,3.803010686,4.201690034,4.541364497,4.124295853,3.605584643,4.263757297,4.110358342,3.63286712,2.407249672,3.831232878,7.453294682,6.04803216,4.97705409,2.095725883,-1.089301487,0.112591492,1.11281494,1.048578972,0.500412969,-0.038053199,0.253921086,0.988236937,4.383312427,6.732207545,4.081069274,2.756757126,2.839248826,1.956862869,0.469582601,-3.866965388,-3.689002364,-1.227564779,-2.157580998,-1.956673204,-2.142483826,0.009698313,2.16803975,1.878853322,1.730502969,1.177753549,1.263628895,1.696768086,1.433747569,1.329306894,
Arab World,ARB,Population growth (annual %),SP.POP.GROW,,2.578238793,2.62350863,2.670592656,2.681113132,2.680984443,2.745889669,2.835185973,2.872995341,2.895825474,2.876594693,2.84901518,2.851043432,2.936110854,2.961151689,3.066690543,3.187669596,3.134220942,3.289411907,3.509672612,3.462196276,3.202304929,3.101053654,3.144938259,3.133547377,3.073972081,3.041368826,2.98499141,2.770273622,2.674422031,3.286266692,2.311075719,2.558576356,2.779630188,2.74309358,2.522577221,2.441508628,2.405632525,2.419798413,2.393525671,2.415435275,2.424463649,2.393381925,2.341444212,2.32646818,2.373737854,2.418490817,2.51603697,2.544916915,2.472049989,1.995151689,2.307369701,2.38370613,2.571204805,2.345127565,2.458022191,2.317615386,2.006269858,1.777681904,1.882016034,2.102945229,1.514375474,2.297413982,2.255866026,2.155916763,
United Arab Emirates,ARE,Population growth (annual %),SP.POP.GROW,,4.943027508,4.918728743,4.890645688,4.79792439,4.536342872,4.030696991,3.237143512,10.41043012,18.38281572,17.86429305,15.63469429,13.90685717,12.52772652,11.39834253,10.43037036,12.6185316,14.25298855,13.05782565,11.95134055,10.7682354,7.960032297,5.871800884,5.742154138,5.564806491,5.360261609,6.291195797,7.029461493,6.608235614,6.227486299,5.878422879,5.553809971,5.247244011,4.952239975,4.66407381,4.471765524,6.47661449,8.124394045,7.617796946,7.157275754,6.735681701,6.376268946,6.075393205,5.784476952,5.487941577,5.187644319,7.121344103,11.58997989,11.38163441,6.21880036,2.398012041,3.359320963,3.958992142,3.999119788,4.652922109,5.383801622,4.930468948,3.173797859,1.329868733,1.054516344,-0.474850155,1.83513009,5.088341534,3.977170975,4.683160953,
Argentina,ARG,Population growth (annual %),SP.POP.GROW,,1.655166914,1.656840891,1.643398417,1.610308825,1.564114466,1.531511345,1.525525645,1.530070062,1.535106952,1.560019413,1.574258289,1.583296226,1.616756118,1.644732158,1.608108356,1.565232308,1.583610413,1.598850033,1.596847799,1.593042286,1.602012321,1.604206799,1.601904245,1.592356919,1.572629301,1.555391224,1.545129262,1.549903304,1.531348171,1.491574629,1.43788007,1.3843812,1.353640186,1.340137575,1.310311508,1.257452179,1.214647959,1.175525632,1.153043172,1.133128076,1.097946728,1.069413183,1.033139977,1.01407652,1.027457722,1.028247605,0.991101935,1.012888785,1.059774707,1.056363322,1.064740097,1.027661364,0.99295899,1.031743579,1.047258887,0.968911126,0.881249595,0.82296948,0.710900853,0.484665637,0.265879395,0.210808731,0.286976122,0.34582982,
Armenia,ARM,Population growth (annual %),SP.POP.GROW,,3.364908358,3.276749696,3.179051183,3.07062316,2.951115347,2.823072696,2.69395741,2.559687077,2.367335317,2.106467653,1.988156616,2.027889994,2.065420193,2.090796931,2.107403724,2.679316845,3.303812334,3.374811507,2.157058786,0.934840065,0.89493008,0.882597803,0.893677591,1.028922967,1.106722667,1.050003095,1.016802787,0.79612668,2.588320082,3.117463214,1.726196749,-1.172207953,-3.374718642,-2.602750464,-1.709495092,-0.875942923,-0.994517949,-1.173981559,-1.289761243,1.684784636,-0.289138848,-0.374321979,-0.54212564,-0.554559193,-0.586251738,-0.615288464,-0.631969382,-0.655422477,-0.685835846,-0.693856289,-0.556590763,-0.125578338,-0.06946627,-0.271712285,-0.305729336,-0.410212518,-0.43203845,-0.349674218,-0.219168932,-0.033760973,0.02700969,0.232656263,-0.165163937,2.307615151,
American Samoa,ASM,Population growth (annual %),SP.POP.GROW,,2.612957795,3.01233338,3.088263177,3.167898588,3.181761051,3.07121021,2.967625273,2.975832242,2.927751479,2.438277382,1.858591963,1.664063755,1.563002527,1.532022077,1.767831159,1.917529982,1.858519102,1.802084581,1.70693442,2.474584982,3.579875197,3.869491254,3.827384829,3.776585565,3.741481083,3.685433528,3.632891062,3.60186916,3.549682408,3.156059007,2.628110887,2.385585685,2.260245216,2.15371701,2.05671216,1.962795697,1.873517177,1.772216744,1.638293709,1.073368218,0.34764933,0.015773562,-0.159602956,-0.26891895,-0.354388346,-0.430123416,-0.464054457,-0.509197909,-0.538813761,-0.541732698,-0.604780137,-0.742342325,-0.890369493,-1.004921364,-1.105856451,-1.204318086,-1.269387464,-1.323023571,-1.382578863,-0.89627488,-1.082992017,-1.81008765,-1.712902942,-1.603665872,
Antigua and Barbuda,ATG,Population growth (annual %),SP.POP.GROW,,1.671119563,1.398034643,1.389079612,1.50568747,1.596806767,1.538873754,1.52687161,1.55964845,1.595257635,1.104828647,0.311008552,-0.176274167,-0.423397579,-0.442368323,-0.34246341,-0.120688724,0.156710369,0.275215185,0.367853772,0.3711559,0.235334299,0.185399821,0.229727435,-0.080113396,-0.449515328,-0.488877102,-0.514733398,-0.506393701,-0.46948443,-0.409839882,0.507699603,1.591694988,1.82017626,1.896908044,1.993667549,2.065370475,2.048911117,1.894595408,1.716933152,1.677272827,1.532673183,1.25800968,1.099962032,1.066400916,1.126772485,1.239600182,1.35546842,1.46768441,1.509440036,1.353468886,1.179143529,1.06918388,0.917165518,0.792860529,0.722892009,0.62438183,0.553103047,0.504979187,0.48055389,0.526173366,0.546161677,0.530270319,0.511400156,0.487472102,
Australia,AUS,Population growth (annual %),SP.POP.GROW,,1.989740046,2.440639401,1.917816478,1.96235442,1.959716895,2.283184382,1.262276888,1.764158656,2.09302301,1.970188879,3.380293537,1.838146263,1.528816914,2.531220259,1.231185888,1.00265826,1.12667268,1.162885259,1.08064227,1.21894271,1.561794161,1.733743929,1.368501459,1.200542766,1.332096835,1.446502063,1.521138904,1.636148763,1.692879694,1.480046937,1.274621786,1.119597701,0.889539826,0.963092495,1.113734221,1.213854983,1.08203992,0.996734718,1.093975803,1.144472851,1.283968091,1.137538736,1.150192733,1.069198122,1.217290731,1.349450831,1.824996795,2.003911405,2.060833163,1.555706262,1.389527316,1.745820001,1.72115144,1.491566489,1.439216653,1.561940498,1.646827797,1.49599671,1.477490711,1.233428251,0.140895083,1.28931131,2.434507164,1.993837154,
Austria,AUT,Population growth (annual %),SP.POP.GROW,,0.548472356,0.612895848,0.642362671,0.666548205,0.649729876,0.701396116,0.74742522,0.519254262,0.345331646,0.349218946,0.446245581,0.581190352,0.554041399,0.170205768,-0.265319411,-0.176672285,0.038390494,-0.080961042,-0.170463648,0.000105968,0.255018231,0.071717018,-0.161600981,-0.006294904,0.046950968,0.063548997,0.063284204,0.14157085,0.4505139,0.762001611,0.998418103,1.100552287,0.824627941,0.384869547,0.153106261,0.135019834,0.113316608,0.109728368,0.194563153,0.240466652,0.382799394,0.491980464,0.487133895,0.620413127,0.681267248,0.494797775,0.324146535,0.313041438,0.26195319,0.2403943,0.337080842,0.455937472,0.589387255,0.781541633,1.120992502,1.081396299,0.694621104,0.487071925,0.444673639,0.415176732,0.435671684,0.956287797,0.989464654,0.504879814,
Azerbaijan,AZE,Population growth (annual %),SP.POP.GROW,,3.810164604,2.980534487,2.964160429,3.337154668,3.004474981,2.876485648,2.596541108,2.382403972,2.293394428,2.125068366,2.121552551,2.032971162,1.882402039,1.807408508,1.68308037,1.603340348,1.632510746,1.687476236,1.579620226,1.45851929,1.56627525,1.582238743,1.595527455,1.658817632,1.545581454,1.490305066,1.539715226,1.433242705,1.451152241,1.384413502,1.330445679,1.51162852,1.515806893,1.348475012,1.15566614,1.011799917,0.964673774,0.949138147,0.8775987,0.821519964,0.774765939,0.746173583,0.757650956,0.87542728,1.022265592,1.098586574,1.133855466,2.099854033,2.076148264,1.189787708,1.303000855,1.328763827,1.293447027,1.248208997,1.191209858,1.11785721,0.981261805,0.866316916,0.846646726,0.684365325,0.441197736,0.039507866,0.12024215,0.480155257,
Burundi,BDI,Population growth (annual %),SP.POP.GROW,,2.531166708,2.536204677,2.106245765,2.848391992,2.766571955,2.408956291,2.538391911,2.385866246,2.17135816,2.171646148,2.430460719,-0.004450946,-0.142119693,2.504347566,2.480647058,2.240263874,2.566968571,2.88879948,2.485523914,4.196983688,4.074612889,2.495446013,2.67959338,2.423068414,2.160154762,1.876818269,2.281504129,2.21508609,1.963312598,2.086132695,2.069083492,2.673511096,-3.148245528,0.649848385,5.985774934,0.069046084,-0.007643807,1.910224803,2.396215721,2.077616304,2.5056866,2.820219489,3.159092771,3.727692861,3.714265528,3.601641763,3.698171675,4.125532069,5.066136077,4.681010573,3.577698548,3.568521478,3.591867093,3.394476867,2.268517293,1.72186004,2.350486271,3.018981828,3.283675314,2.908653025,2.724255395,2.705850089,2.72764441,2.583934011,
Belgium,BEL,Population growth (annual %),SP.POP.GROW,,0.332205946,0.398054787,0.747606931,0.946477536,0.908137002,0.675463567,0.556645555,0.393391108,0.283169669,0.098613692,0.182247071,0.391585907,0.314658766,0.314633665,0.288978161,0.178674447,0.123479645,0.09329996,0.089882551,0.110211166,-0.002637154,-0.027176883,-0.007944471,-0.001501708,0.029786423,0.035648851,0.085252141,0.317926245,0.363247986,0.298235706,0.371593166,0.405713496,0.390638518,0.308197074,0.209436838,0.195393176,0.241991885,0.213527651,0.229189103,0.242517956,0.343951158,0.448268895,0.418641508,0.432788248,0.550055708,0.659558215,0.734330831,0.789976845,0.804599573,0.913639392,1.301002902,0.620163579,0.471340144,0.443929288,0.579446242,0.506300002,0.385228018,0.455184695,0.540461327,0.430996815,0.411601997,0.80816535,0.850263748,0.665559185,
Benin,BEN,Population growth (annual %),SP.POP.GROW,,1.652235976,1.759806773,1.835463231,1.907687082,1.974930623,2.02370295,2.063613241,2.109853382,2.156517669,2.204671997,2.248868287,2.295037434,2.340348494,2.381558961,2.431774167,2.487773412,2.543839142,2.590975403,2.659708876,2.756529019,2.83952465,2.887092534,2.901772596,2.922922092,2.954561373,2.982996759,3.014077256,3.042491604,3.059333263,3.072815262,3.084634226,3.089544602,4.436755529,3.74003045,2.114240089,2.616677187,2.952101985,3.082966821,3.093695847,3.076652652,3.054355066,3.040108016,3.049202597,3.061731061,3.220611997,3.120668883,2.955095547,3.019593985,2.999036422,2.984241628,2.977822028,2.9676654,2.948851601,2.955018759,2.953916277,2.924602167,2.881178694,2.813641884,2.735388428,2.662598752,2.592301675,2.547409263,2.522747723,2.461753619,
Burkina Faso,BFA,Population growth (annual %),SP.POP.GROW,,1.446044116,1.46294093,1.49198368,1.538304316,1.600191893,1.638029435,1.673887024,1.717977455,1.729544538,1.746386199,1.726361741,1.723585735,1.786745403,1.892970984,2.015517348,2.14143709,2.330653927,2.492502523,2.589743579,2.683936534,2.731127517,2.761495069,2.8331407,2.886338122,2.887294692,2.821249102,2.736148178,2.68703394,2.654993553,2.634820616,2.536259179,2.466947508,2.486545721,2.521549528,2.563936977,2.558941118,2.577992452,2.764032209,2.93034622,2.984144224,3.050993511,3.090393083,3.118121744,3.145126087,3.146801491,3.120345375,3.032776372,2.938165228,2.919160259,2.925779475,2.956570784,3.017170749,3.000836393,2.97337942,2.961963065,2.925082514,2.852915955,2.697136754,2.52989804,2.435229593,2.376492189,2.309071474,2.269736663,2.245977284,
Bangladesh,BGD,Population growth (annual %),SP.POP.GROW,,2.818718055,2.903940645,2.91486815,2.919515831,2.920485273,2.907588556,2.94175581,2.943679347,2.842426123,2.588662074,1.748145571,1.923364772,2.863046985,2.83120108,2.622252539,2.537668607,2.488273168,2.440310033,2.408973005,2.393148995,2.564832089,2.743110779,2.679567736,2.567896156,2.462762815,2.347935823,2.238799192,2.127299563,2.047422524,1.990333689,1.910610962,1.884873063,1.862772253,1.854179551,1.858255518,1.828051958,1.853490895,1.887961392,1.899517801,1.827328067,1.666893247,1.543406357,1.455305305,1.361547907,1.260665163,1.161167751,1.075642532,0.998440566,0.931892491,0.876530534,0.908525896,0.958355913,0.93840835,0.911167734,0.893819378,0.892432416,0.850917316,0.820955198,0.846411252,0.836310836,0.814977994,1.024233847,1.221714755,1.214621154,
Bulgaria,BGR,Population growth (annual %),SP.POP.GROW,,0.958155881,0.875259034,0.810378324,0.81609405,0.731911035,0.654701202,0.629747481,0.711964743,0.768509669,0.654727362,0.549996514,0.465213742,0.520633441,0.667967361,0.482739308,0.433163461,0.51909888,0.111804755,0.135011573,0.402488745,0.333268825,0.295812783,0.249546601,0.23397231,-0.001473114,-0.026519755,0.147109293,0.112372424,-1.170038599,-1.803750479,-0.99042598,-1.073853191,-0.797665852,-0.339586079,-0.4453985,-0.51572988,-0.608797355,-0.667302701,-0.560648225,-0.493896417,-1.990632204,-2.17069878,-0.792113638,-0.754796951,-0.752977445,-0.759505916,-0.735282284,-0.701922745,-0.644281363,-0.658275447,-0.641228921,-0.579220596,-2.016991909,-1.214509359,-1.271155119,-1.298240416,-1.323914818,-1.371461129,-1.411718521,-1.002938214,-0.664652622,-0.650676134,-0.286577642,-0.080307161,
Bahrain,BHR,Population growth (annual %),SP.POP.GROW,,4.067187176,3.982954417,3.910297273,3.847265439,3.572876368,3.270052805,3.15202557,2.375055702,1.417840621,1.046338675,2.601004506,4.814336146,5.311310107,5.233497318,5.145255289,5.03284628,4.900388613,4.751630707,4.590807942,4.41991834,3.972115426,3.539850488,3.48497225,3.541904882,3.596788471,3.634258167,3.645166748,3.622650671,3.560958114,3.452489077,-2.307910372,2.630042422,2.630747606,2.632036999,2.631117701,2.633396955,2.635444946,2.634585613,2.634610151,2.63695278,3.654889294,7.181175095,7.320072177,7.461189823,7.604083038,7.747786313,7.892302403,5.994072321,6.568699333,4.165859919,-2.766599276,1.160087287,3.592930394,4.781043184,4.154221842,3.823163003,5.293145273,0.131482304,-1.294694377,-0.781611308,2.161028459,1.342219606,3.376864177,0.733546811,
"Bahamas, The",BHS,Population growth (annual %),SP.POP.GROW,,4.931527399,5.023993163,5.004458717,4.657856205,4.439031947,4.572398627,4.663124357,4.707870279,4.535497355,3.858172003,3.126593349,2.687077557,2.386933398,2.241231567,2.188764441,2.174987419,2.147396759,2.079015001,1.977537446,1.864815432,1.742807466,1.676386832,1.683080743,1.68777471,1.709545495,1.716151696,1.693686522,1.708272124,1.759632922,1.742613867,1.719534496,1.833961802,1.875100412,1.759003451,1.656308246,1.581988108,1.502364721,1.425602806,1.337380677,1.312010913,1.227935653,1.145815857,1.200196652,1.233062706,1.202923486,1.294601545,1.413429943,1.345434054,1.301115549,1.278417166,1.150164125,1.001081704,0.923627563,0.878822236,0.79412228,0.700545016,0.62424741,0.569969444,0.497339073,0.300555038,0.128749532,0.293483989,0.477303918,0.460334786,
Bosnia and Herzegovina,BIH,Population growth (annual %),SP.POP.GROW,,2.01092362,1.761466902,1.58414277,1.476619584,1.396039645,1.330714331,1.256720846,1.157617322,1.048101864,0.944806477,0.952949221,1.015856032,1.011042337,1.000693288,0.995191442,0.97384869,0.93385823,0.889522641,0.856010325,0.850335914,0.859060447,0.877616793,0.887476656,0.860581978,0.807525922,0.730542834,0.642823048,0.548756864,0.442544657,0.330285176,0.21760434,-5.148452131,-8.116752698,-4.69476743,-0.264696614,4.207866106,3.62316159,1.754673988,0.996375368,0.710877056,0.471676306,0.204698283,-0.226593575,-0.902366959,-1.08029234,-0.814268145,-1.234381805,-1.655112894,-1.731155394,-1.776659321,-1.844922166,-1.934379278,-1.627675761,-1.28296078,-1.306967133,-1.302677748,-1.28437068,-1.223135694,-1.231855065,-1.39008469,-1.663848602,-1.243638028,-0.617510129,-0.655819992,
Belarus,BLR,Population growth (annual %),SP.POP.GROW,,0.889131363,0.97108747,1.016188232,1.02576999,1.001232581,0.999586747,1.01992951,1.00683742,0.961629977,0.885501942,0.832542427,0.801903541,0.740577073,0.64939628,0.52895066,0.468634365,0.551023965,0.653046349,0.617512036,0.613722216,0.692401877,0.677412013,0.683014022,0.678380569,0.653761443,0.679391164,0.67480657,0.286405805,0.29542119,0.190065083,0.046135586,0.219690718,0.220771793,-0.118196017,-0.32441483,-0.336671341,-0.415604443,-0.450435237,-0.450029843,-0.471131335,-0.512966688,-0.636565666,-0.699809191,-0.682169472,-0.68300556,-0.612296198,-0.458847536,-0.345415054,-0.245915441,-0.218522756,-0.234282914,-0.1566176,-0.03838,0.056151568,0.132853237,0.087721088,-0.109782323,-0.213824207,-0.201786601,-0.42347525,-0.828232721,-0.804228427,-0.540824986,-0.498817943,
Belize,BLZ,Population growth (annual %),SP.POP.GROW,,2.502428498,2.541339039,2.733987667,2.89475898,2.978724964,3.040016586,3.071717654,3.045570255,2.859019322,2.258279371,1.699138771,1.512064076,1.408905876,1.366710195,1.703241831,2.058626095,2.073044578,2.058339239,2.114982666,2.360436018,2.534779471,2.497026867,2.427874276,2.369073404,2.317297367,2.268393627,2.23325264,2.217580296,2.216937588,2.191797456,2.142113055,2.086192113,2.031244928,2.129527502,2.504328099,2.974720856,3.336791115,3.491845181,3.442264475,3.267092021,3.099324482,3.025679469,2.990282229,2.95389267,2.9174078,2.870835217,2.816045583,2.751726178,2.675470577,2.41171252,2.178474303,2.150867548,2.133975224,2.113176888,2.101441942,2.322312072,2.30310204,1.864598476,1.462845335,1.283235981,1.153470491,1.851248051,2.057727743,1.440777998,
Bermuda,BMU,Population growth (annual %),SP.POP.GROW,,2.144672093,2.555025552,2.45828921,2.332530817,2.239336791,2.23562621,1.999087461,1.781507914,1.773716739,1.581779088,0.922369545,0.371881654,0.270451895,0.207543328,0.137495901,0.152343008,0.210265538,0.204209789,0.160825857,0.291072134,0.601840769,0.719666525,0.714524311,0.71308035,0.68283079,0.613807161,0.670509137,0.768390169,0.755529475,0.749864005,0.735660173,0.726863524,0.697818107,0.640625867,0.559300649,0.480983674,0.606719088,0.764803092,0.796633731,0.694526489,0.513706697,0.443516923,0.391880239,0.270527854,0.249070108,0.19594574,0.279711571,0.45918852,0.417767525,0.251394586,0.012553155,-0.136600246,-0.113189762,-0.070808717,-0.102367856,-0.02363824,0.203106496,0.39714672,0.431459657,0.42805286,0.412307799,0.156108751,-0.078796732,-0.095875802,
Bolivia,BOL,Population growth (annual %),SP.POP.GROW,,2.04277785,2.062925163,2.088730631,2.112210176,2.134649356,2.160398445,2.19087104,2.220256436,2.237020883,2.242334243,2.247575102,2.246169342,2.249502701,2.260816592,2.265133094,2.289047404,2.30686985,2.29641042,2.276278231,2.248625418,2.218840924,2.183470742,2.152962371,2.136816387,2.115631583,2.101974701,2.109353951,2.119379991,2.117110262,2.102925671,2.083940915,2.040052056,1.983591371,1.935536666,1.888968087,1.85028163,1.805698058,1.765611118,1.745829284,1.717127233,1.686882296,1.672482638,1.67509392,1.682725099,1.685648902,1.704640623,1.710516527,1.688114369,1.665271206,1.644406818,1.622769787,1.599651762,1.573744476,1.544558778,1.516861198,1.48970584,1.461245723,1.433370907,1.406578238,1.233964427,1.019312841,1.164259073,1.373343823,1.372067988,
Brazil,BRA,Population growth (annual %),SP.POP.GROW,,3.017124021,2.98413179,2.946978002,2.893845326,2.817973468,2.732363174,2.642716005,2.561834128,2.50796583,2.473171741,2.448013844,2.433362586,2.421036579,2.396658792,2.378842877,2.381556163,2.386557498,2.386050633,2.376261954,2.359690661,2.328674854,2.27914449,2.233652838,2.186254785,2.130582513,2.060145718,1.98157141,1.910282056,1.843899716,1.786135751,1.715769565,1.667246818,1.619928558,1.563299735,1.539012552,1.514107592,1.486504265,1.487720981,1.456527672,1.375211283,1.303355032,1.241420626,1.180213955,1.12991417,1.095906125,1.058338425,1.012368206,0.957984636,0.895632239,0.840883225,0.813813884,0.811598483,0.810511648,0.806314178,0.791721774,0.76197267,0.72824666,0.683439571,0.651994346,0.57935071,0.425360907,0.360180891,0.395928696,0.405467028,
Barbados,BRB,Population growth (annual %),SP.POP.GROW,,0.97190453,0.886480659,0.986934304,1.005631335,1.019547572,1.058250013,0.851480595,0.584710855,0.363064272,-0.022853431,-0.087853903,0.196461354,0.265610781,0.181600891,0.158580933,0.106243929,0.073151148,-0.029810584,-0.112167388,0.101433402,0.296153009,0.326496981,0.353785814,0.364699999,0.352430173,0.311452564,0.257250136,0.187945893,0.134141823,0.183088202,0.305432177,0.344084706,0.291582308,0.226921901,0.160027839,0.093453851,0.041168264,0.016767398,0.030859906,-0.173090897,0.138039405,0.65442252,0.614429662,0.571029214,0.525370422,0.481152127,0.475162083,0.524263979,0.515328377,0.407743308,0.325001828,0.288929229,0.262169666,0.245677833,0.230380948,0.217691837,0.204727379,0.19255393,0.17653826,0.174452216,0.159263661,0.060588347,0.006375586,0.046387856,
Brunei Darussalam,BRN,Population growth (annual %),SP.POP.GROW,,4.612016908,4.441745571,4.488366929,4.600943776,4.536670162,4.443371806,4.342763774,4.211122978,4.055385951,2.770035766,2.038457892,3.047610107,3.578248702,3.524737845,3.485094888,3.442923765,3.406921586,3.25864706,3.117565442,3.10447185,3.103230328,3.172444381,3.264574872,3.324017249,3.371586017,3.402107124,3.199977609,2.971322675,2.925090492,2.872121068,2.820874139,2.720875539,2.608732272,2.538180181,2.469853647,2.402608652,2.340995249,2.280721659,2.224227331,2.171847504,2.09808399,2.0058762,1.904137119,1.793777762,1.687247732,1.58852616,1.688604653,1.848674063,1.877222462,1.898976893,1.782745917,1.532555159,1.382314706,1.340194369,1.302103593,1.259642722,1.210704566,1.157399588,1.106213509,1.061482816,0.960274305,0.804554269,0.782881747,0.818518789,
Bhutan,BTN,Population growth (annual %),SP.POP.GROW,,2.867229926,3.004681034,3.115465145,3.14433614,3.194829339,3.246867261,3.292610511,3.335858349,3.377159097,3.400125139,3.403972516,3.40400085,3.40554571,3.404318429,3.407115602,3.41275204,3.415084467,3.414639006,3.386124583,3.33221854,3.275677556,3.218703003,3.186626278,3.159055738,3.118185939,3.08570103,3.049027558,2.994001553,2.936777677,2.700544979,1.765625887,-3.738680165,-4.080403783,-0.031735442,-1.180618274,0.144970771,1.790236537,1.903735432,2.282015739,2.422280776,2.307214379,2.204585226,2.100432825,1.999900532,1.725267171,1.340793154,1.162272984,1.129688965,1.106551061,1.095438076,1.097807,1.10777662,1.108324945,1.078717986,1.014965724,0.973884474,0.861274888,0.716471131,0.664446427,0.675256503,0.703488234,0.703183918,0.698146585,0.651370665,
Botswana,BWA,Population growth (annual %),SP.POP.GROW,,2.255994738,2.292709551,2.338299212,2.376741566,1.47215897,0.555648571,0.52934239,0.520733017,0.529448767,0.55512288,1.70425223,3.586321887,4.70759135,4.9402506,4.970621148,5.15744953,5.272573997,6.026156851,5.998779375,3.887230961,3.409119006,3.968963764,3.587802578,3.523986847,3.471958561,3.391640672,3.264695607,2.982917184,2.777630431,2.75036067,2.72429719,2.812820809,2.863044232,2.771433477,2.623661784,2.443683671,2.302646623,2.215412495,2.160694924,2.132106063,2.057638658,1.880809861,1.759625506,1.753382038,1.794991631,1.865177121,1.938134749,2.008214758,2.065878468,2.109435975,1.968774796,1.677740212,1.50921875,1.454418984,1.427532237,1.419701726,1.420476473,1.418981085,1.422628471,1.439410358,1.491301064,1.588480219,1.64031664,1.63538411,
Central African Republic,CAF,Population growth (annual %),SP.POP.GROW,,1.875800943,1.914869818,1.957287803,2.005203013,2.059071998,2.119609293,2.184524979,2.252295663,2.288460977,2.216999855,2.073462653,1.956911338,1.915756368,1.927831227,1.945316833,1.48636018,1.032054936,1.049331443,1.071528818,1.097228697,1.130762959,1.162239151,1.190315146,1.222535594,1.250494577,1.273170608,1.316039451,1.664872231,2.546730132,3.10993471,3.128941456,3.176608862,3.185511607,3.121145809,2.727929318,2.591913364,2.748152361,2.713011414,2.735131414,2.749554199,2.220446621,2.185168034,2.392691529,2.163559608,2.263433559,2.048652666,1.927381763,2.133014221,-0.65882496,-0.799202484,1.590359701,0.998867378,0.682377857,-0.415235399,0.132677645,1.805532372,1.679781553,1.760684876,1.344692553,1.643247897,1.686089712,-0.275432272,1.061074532,3.401398441,
Canada,CAN,Population growth (annual %),SP.POP.GROW,,1.999184557,1.859888233,1.862845928,1.885714943,1.810166597,1.862813771,1.799356505,1.613408503,1.359783472,1.3978316,2.948194528,1.160846567,1.222616584,1.396021669,1.459424913,1.315806566,1.170256878,0.995456944,0.989698733,1.289594978,1.233397255,1.189624341,0.988487567,0.944034716,0.913774275,0.994040151,1.318167782,1.29662489,1.794193515,1.507660673,1.242761231,1.183675541,1.098930879,1.095258107,1.034769484,1.045311783,0.993788591,0.829909353,0.812842624,0.931281553,1.086199455,1.084793283,0.89922681,0.932186964,0.94708627,1.013559391,0.970654173,1.083871149,1.144707685,1.11135203,0.975407251,1.083746522,1.053380981,1.001422847,0.760300145,1.13153974,1.195435755,1.433226157,1.461712599,1.084368971,0.553902422,1.803904575,2.904680171,2.962202944,
Central Europe and the Baltics,CEB,Population growth (annual %),SP.POP.GROW,,0.90405655,0.839147821,0.889953112,0.92894013,0.762735364,0.736323439,0.928559733,0.862636735,0.735517187,0.533949741,0.503809979,0.7219335,0.75001056,0.814804236,0.899081067,0.886099382,0.806956814,0.678760045,0.58616679,0.557863172,0.550452133,0.559424933,0.525355727,0.497602736,0.458539945,0.443398761,0.42909182,0.353253521,0.103752631,-0.052821831,-0.247419131,-0.324609502,-0.063165056,-0.018476484,-0.143117926,-0.216913405,-0.186425684,-0.167998488,-0.162519116,-0.56377369,-0.729067856,-0.652588914,-0.314241146,-0.274658938,-0.272920121,-0.254402114,-0.372939772,-0.358270057,-0.191997901,-0.362321893,-0.237214258,-0.235021588,-0.34644157,-0.279993651,-0.2979935,-0.31633744,-0.302888085,-0.257617488,-0.205872947,-0.638677454,-1.002911299,-0.133675476,0.11169328,-0.121594654,
Switzerland,CHE,Population growth (annual %),SP.POP.GROW,,1.978615059,2.535012537,2.137662821,1.654258245,1.154842514,1.045151743,1.239047247,1.259256348,1.12542046,0.722403831,0.524791842,0.76247999,0.738225529,0.538520833,-0.043738043,-0.571595755,-0.339010906,0.00897881,0.200809492,0.397074419,0.54706491,0.584291675,0.42878792,0.359111652,0.441442668,0.520391611,0.628115755,0.734943056,0.808536056,1.026873072,1.249826024,1.102521072,0.910715566,0.797158411,0.668242326,0.441636407,0.24089121,0.297135766,0.476919931,0.561954617,0.632771238,0.756469146,0.741919603,0.68742596,0.64060154,0.627558473,0.893690978,1.270618074,1.249484631,1.041558058,1.111878943,1.061819329,1.149879758,1.220103973,1.138337152,1.092031174,0.933155889,0.736633975,0.713313668,0.730676195,0.765501039,0.829927184,1.264984254,1.305007499,
Channel Islands,CHI,Population growth (annual %),SP.POP.GROW,,0.87515721,1.042125702,1.127717322,1.154955287,1.134068255,1.112044302,1.109855686,1.07201253,1.026232898,1.018241605,1.022430359,0.965974937,0.877945133,0.80073907,0.691931043,0.472554061,0.258570597,0.196375209,0.183704188,0.185666881,0.471056924,0.831153883,0.934547533,0.980092876,0.995569556,0.978478526,0.963231133,0.965463401,1.002884928,1.114605268,0.822677561,0.32110532,0.173272582,0.123385748,0.057849249,0.218698078,0.444857971,0.472162449,0.440128402,0.376103046,0.498384652,0.690255845,0.717325515,0.712216582,0.712404501,0.70801363,0.707543264,0.705129687,0.70273194,0.702241191,0.681691595,0.662148684,0.626273191,0.584896106,0.446380041,0.26211534,0.265690189,0.382667474,0.417438626,0.359172843,0.303926042,0.283869922,0.284259058,0.259069817,
Chile,CHL,Population growth (annual %),SP.POP.GROW,,2.081036606,2.048085182,2.016529603,1.96870697,1.908863125,1.855366814,1.804809219,1.757679177,1.72513804,1.690761998,1.655606968,1.634736189,1.61527935,1.587422562,1.565306147,1.54994709,1.531523812,1.507598099,1.484395433,1.477342781,1.467788809,1.457780101,1.47365212,1.498715571,1.524566753,1.550131447,1.585875803,1.622970535,1.644787763,1.667226756,1.66290008,1.6124461,1.555754703,1.505947204,1.463953874,1.412565671,1.337475544,1.299841892,1.258027532,1.196019259,1.155694418,1.103791863,1.04651515,1.009381639,0.992481123,0.976434393,0.978803488,0.99913787,1.008868006,1.004553624,0.986604121,0.959562935,0.953744683,0.99681846,1.021566689,1.209415437,1.583948258,1.785385849,1.599117953,0.896491954,0.441498091,0.495789591,0.53962871,0.537425496,
China,CHN,Population growth (annual %),SP.POP.GROW,,-1.015527787,0.820455549,2.457647404,2.320682987,2.381368103,2.787331838,2.57069762,2.610902626,2.740002106,2.761675566,2.74691555,2.45735693,2.283395364,2.065955013,1.766391782,1.547337973,1.362779476,1.338182338,1.333927954,1.254221052,1.280952344,1.47267476,1.444949695,1.312068761,1.361699118,1.487398929,1.603605087,1.610071086,1.533169996,1.467303211,1.364434008,1.225536228,1.149619431,1.130260632,1.086509151,1.048141514,1.023450024,0.959550406,0.865851393,0.787956593,0.726380638,0.669999568,0.622860936,0.593932815,0.58812499,0.558374367,0.522271866,0.512386932,0.497381401,0.482959689,0.546457595,0.678345459,0.666072978,0.63032639,0.581456147,0.573050906,0.605245013,0.467672053,0.35474089,0.23804087,0.0892522,-0.013099501,-0.103794532,-0.123063407,
Cote d'Ivoire,CIV,Population growth (annual %),SP.POP.GROW,,3.647874733,3.780192567,3.845361611,3.861456346,3.865066741,3.866795431,3.870503529,3.887753501,3.972142581,4.137715574,4.327046196,4.478861444,4.552017552,4.568500827,4.562782764,4.072498698,3.67209114,3.768331867,3.858967572,3.950738628,4.00453809,4.02401173,4.013677959,3.993204102,3.961383525,3.910719317,3.85686016,3.830363255,3.867259671,3.932048697,3.973337581,3.990920667,3.977624216,3.93475452,3.901044101,3.87367318,3.842123572,3.771507341,3.258782496,2.76729584,2.675392917,2.583963509,2.492278811,2.424971247,2.387489711,2.355597963,2.327121449,2.274776823,2.222452149,2.203591142,2.17265768,2.088720192,1.994279884,2.424935455,2.88906178,2.900768103,2.822371762,2.69696827,2.619168412,2.530198035,2.473987374,2.51622935,2.503846812,2.436182013,
Cameroon,CMR,Population growth (annual %),SP.POP.GROW,,1.54289374,1.878444436,2.186290763,2.204626177,2.241158035,2.297956225,2.370446777,2.454767209,2.540145801,2.61269348,2.671297212,2.717168073,2.750020221,2.775648629,2.790135664,2.678931817,2.579498987,2.725551424,2.802621747,3.254588564,3.5108354,2.379494117,2.04697163,2.7789311,2.980465569,3.01315213,3.03880871,2.98486467,2.930689321,2.946999875,2.916498599,2.865615451,2.847362685,2.807842874,2.745250604,2.691488167,2.651552065,2.648041691,2.652963403,2.632763072,2.626432559,2.681248158,2.727471335,2.747415041,2.755738484,2.74855128,2.806278246,2.862584533,2.865392227,2.857661467,2.828422971,2.813047184,2.80909371,3.02592195,3.13934346,2.989332251,2.834997982,2.770309875,2.781644412,2.724486348,2.654960766,2.62905091,2.642453361,2.612682943,
"Congo, Dem. Rep.",COD,Population growth (annual %),SP.POP.GROW,,2.57087378,2.604903249,2.651051235,2.67612414,2.748468542,2.851611972,2.917405506,2.932337785,2.894022024,2.856005031,2.733904904,2.649186273,2.676671983,2.672516984,2.650785834,2.585322654,2.52883238,3.103056163,3.514914884,3.134668097,2.912555986,3.000563313,3.170213132,3.342106347,3.315981614,3.149575024,3.153535747,3.203055976,3.16076129,3.317975387,3.328965746,3.378190746,3.574071603,4.733025536,4.15133342,1.922318535,1.606976287,2.716832547,3.358306268,3.207807483,3.167066345,3.056206058,2.921243324,2.944578643,3.071727704,3.082845436,3.025315849,3.015812829,3.090977192,3.187515928,3.280165646,3.338604896,3.401708493,3.390690333,3.302243427,3.541008232,3.656846206,3.347265084,3.169528558,3.220980492,3.237908481,3.223401944,3.259635143,3.242576276,
"Congo, Rep.",COG,Population growth (annual %),SP.POP.GROW,,2.583556777,2.619959791,2.667016194,2.722508501,2.775521724,2.828608597,2.868405561,2.915423364,2.968226674,3.011027013,3.058071225,3.103845496,3.126724008,3.12100405,2.787737941,2.440307152,2.390956831,2.345305529,2.286750742,2.237046948,2.204837738,2.151880205,2.06656268,2.491717829,2.946030813,2.93285498,2.921671776,2.896983229,2.89000386,2.854915483,2.843752703,2.827329624,2.958772228,2.962100808,2.814958471,2.7735131,2.137641249,2.198713453,2.700711434,3.831866102,3.773617925,2.362494353,2.795198962,3.417698328,3.603803778,3.743991998,3.659245438,3.288852669,3.995940177,4.142430505,3.250589819,2.796408254,2.43092782,2.416089328,2.416387409,2.421699419,2.430240734,2.438840224,2.406344197,2.394776912,2.394142883,2.396653003,2.419190381,2.398290828,
Colombia,COL,Population growth (annual %),SP.POP.GROW,,3.085242939,3.082292239,3.054229986,3.013577157,2.969732596,2.894765979,2.809640777,2.72398957,2.622030112,2.529540722,2.408392825,2.320375581,2.291692644,2.250351905,2.21401806,2.178596237,2.216291624,2.257087172,2.240371968,2.281658784,2.305269674,2.312944996,2.349224474,2.311623418,2.161256512,2.064881356,2.05495671,2.04796089,2.053125109,2.067428821,2.008974063,1.980948621,1.996786559,1.972028872,1.909637099,1.821294601,1.78958067,1.791494491,1.738335789,1.63798275,1.571946884,1.537922822,1.508109059,1.468837255,1.400264212,1.32542991,1.266890996,1.203391548,1.164913701,1.135968364,1.071337277,1.002907827,0.948709329,0.892711564,0.864942377,0.990548549,1.451477262,1.839137849,1.786155077,1.436321673,1.096428254,1.068292955,1.120928643,1.07447921,
Comoros,COM,Population growth (annual %),SP.POP.GROW,,1.755367822,1.725085462,1.687184446,1.64785104,1.55789101,1.704720387,2.348465753,2.812322679,2.892474437,2.986177419,3.096709495,3.208451134,3.306426963,3.384885084,3.399960195,3.365148449,3.31900169,3.233780426,3.130644109,2.984390066,2.820492816,2.770002275,2.787146225,2.793689277,2.797872809,2.78459471,2.746922664,2.703601409,2.671224233,2.619042964,2.435264633,2.076173585,1.825582366,1.7702466,1.736191846,1.721990669,1.72218732,1.722069862,1.782138577,1.919894445,2.056751168,2.116080234,1.927019436,1.895924854,2.040840198,2.017054763,1.993059228,1.986851146,1.988653182,1.987907684,1.998717975,2.011498627,2.113849573,2.17541496,2.110933384,2.051115782,1.992577987,1.952741536,1.923857027,1.961993798,1.976319881,1.93837687,1.923274337,1.891827897,
Cabo Verde,CPV,Population growth (annual %),SP.POP.GROW,,2.382078754,3.126985299,3.3037049,3.273595785,3.258482538,3.262433992,3.277248072,3.296207872,3.307109387,3.046081895,2.117512285,1.129474059,0.835477103,0.892692636,1.077232125,1.172770884,1.086001266,1.053459688,1.048737876,1.188910378,1.39602081,1.476933155,1.470838505,1.42645536,1.408984418,1.414104633,1.40642159,1.397127631,1.499482988,2.051923973,2.410072256,2.269760332,2.149998579,2.034808254,1.901710271,1.772508877,1.681581228,1.601259084,1.519825532,1.51097074,1.527158323,1.456451065,1.347703211,1.256795582,1.191323441,1.150402658,1.106891508,1.03555151,0.95008536,0.717182,0.325685662,0.099276734,0.052725108,0.019715954,0.013271918,0.031221096,0.06611751,0.101723858,0.134109462,0.111782574,0.382032175,0.596688346,0.497087597,0.486246288,
Costa Rica,CRI,Population growth (annual %),SP.POP.GROW,,3.728065481,3.671114129,3.583902764,3.47273423,3.349363517,3.220053884,3.089943958,2.9284263,2.808056519,2.738314402,2.660930149,2.598095799,2.551715631,2.547316398,2.568938486,2.596777956,2.630688974,2.661955329,2.7002294,2.719749044,2.723515704,2.737088662,2.748124632,2.753184301,2.747160505,2.710024079,2.644081307,2.573305187,2.519257706,2.526404199,2.545093146,2.531017252,2.501027877,2.454836556,2.406369038,2.343825078,2.259380847,2.167937638,2.073681434,1.939536481,1.79219126,1.651512455,1.535828702,1.470107166,1.445710119,1.400534161,1.353980445,1.356164519,1.336396228,1.240575365,1.175492586,1.166766725,1.113285467,1.074998653,1.062465205,1.011052867,0.944345948,0.904494518,0.838278385,0.692995399,0.508564932,0.429453044,0.466464449,0.476482849,
Caribbean small states,CSS,Population growth (annual %),SP.POP.GROW,,2.161857196,2.116819777,2.152213353,2.050685294,1.952021461,1.909221941,1.859447597,1.815612051,1.754180473,1.570849508,1.415438126,1.170078537,0.918883184,0.860325659,0.827025094,0.812566732,0.795032901,0.769411216,0.739586103,0.763256642,0.769795789,0.742879365,0.742722738,0.739274203,0.800574389,0.826469635,0.731836735,0.683406149,0.657005562,0.563562782,0.62230911,0.778900969,0.769534437,0.76410947,0.849533591,0.872571028,0.84487836,0.823212928,0.809205494,0.786660536,0.776959024,0.79214662,0.797894041,0.727514379,-0.765092501,0.577688218,0.634526977,0.635011091,0.530304868,0.635465035,0.663258562,0.648625119,0.689056755,0.675639971,0.6428541,0.627162237,0.569787977,0.946415906,0.801650067,0.363226824,0.44448401,0.404234862,0.501131442,0.422918748,
Cuba,CUB,Population growth (annual %),SP.POP.GROW,,2.038142104,2.06302577,2.106809528,2.111632655,2.073155924,2.005127875,1.924080613,1.860991108,1.829540063,1.803739961,1.737941199,1.599837381,1.430302786,1.276003569,1.11959915,0.960756471,0.803326664,0.656393076,0.527591635,0.423556236,0.453076355,0.64124293,0.787244352,0.820096974,0.829731045,0.853070944,0.88530043,0.936479704,0.960217487,0.93131601,0.804156611,0.633956475,0.510755529,0.41413869,0.360738635,0.334878342,0.327177811,0.333850361,0.339423119,0.332523063,0.314767893,0.298241159,0.285570249,0.261696676,0.211525541,0.141927411,0.07730275,0.03977141,0.026183805,0.023813605,0.036833521,0.01419171,-0.044315953,-0.109741703,-0.094943281,-0.083875037,-0.157976772,-0.184303045,-0.216424863,-0.236755669,-0.486006262,-0.562151275,-0.361317874,-0.364986968,
Curacao,CUW,Population growth (annual %),SP.POP.GROW,,1.03527111,1.798594091,1.886862986,1.733324205,1.578191868,1.041384968,1.06106038,1.550106818,1.614152743,1.50218612,1.814322963,0.217554195,-0.541712399,0.974731946,0.523061566,0.180887604,0.040152849,-0.750843017,-0.330866767,0.128425254,0.39640056,0.985513282,0.702386211,0.515344312,0.506154023,-0.032091901,-0.793117357,-1.464560114,-1.56456291,-1.051535839,-0.688056323,-0.340600021,0.268553409,0.229122134,0.351314684,0.800841488,0.443290344,-1.70475051,-3.553737816,-4.075386132,-3.661779858,0.12236112,2.062102467,1.725029528,2.550073807,2.568114257,1.974862198,1.258225307,0.651152062,1.265514155,1.420897663,0.829929595,1.133678907,1.347641396,1.319593903,1.060316441,0.319536038,-0.525178744,-1.196439518,-1.252081562,-0.991508624,-0.408112026,0.865660086,0.845408276,
Cayman Islands,CYM,Population growth (annual %),SP.POP.GROW,,2.031897963,2.071182081,2.129537969,2.161531002,2.10511363,2.103560467,2.162637961,2.046677318,1.926956723,3.404254846,5.377191637,5.827910879,5.571228199,5.292405916,5.011828681,4.717254421,4.405462198,4.035316567,3.891007704,4.356058108,4.723036481,4.611374897,4.42337678,4.275094217,4.165473658,4.012394565,3.870595813,3.73469739,3.781300459,4.423499451,4.860882207,4.74738163,4.625634737,4.488099941,4.341113788,4.186838819,4.018564413,3.806434825,3.622447499,3.566400697,3.504438447,3.409298767,3.285507434,3.176576923,3.117248277,3.03959414,2.972062828,2.903871308,2.827622398,2.775743487,2.747540771,2.714328175,2.623843211,2.533485668,2.433577675,2.337731316,2.248694274,2.155269054,2.080094207,1.995493055,2.052063476,2.093245753,2.001048591,1.924192389,
Cyprus,CYP,Population growth (annual %),SP.POP.GROW,,1.526928052,0.994511029,0.957385295,0.863936613,0.847795418,0.911114442,0.935789707,0.934198922,0.945205283,0.971112716,1.014840872,1.066534431,0.734592603,-0.403704756,-0.582011065,0.397597988,0.76275656,0.768734887,0.785306726,0.812425231,0.847983425,1.097752454,1.528537542,1.697692256,1.646653701,1.604503277,1.559558677,1.505597072,1.449183367,1.396267729,1.334743355,1.416429103,1.918078817,2.230653194,2.111874346,2.019018833,1.943748487,1.874107064,1.808063419,1.749258639,1.721985395,1.779785225,1.832431398,1.812720488,1.779576531,1.747606983,1.720292977,1.69266522,1.667465013,1.648983116,1.642469856,1.635408374,1.57480486,1.501141491,1.462131369,1.433705226,1.377808547,1.30393307,1.246121557,1.203297126,1.149978545,1.061746787,1.016768177,0.984449687,
Czechia,CZE,Population growth (annual %),SP.POP.GROW,,-0.160042501,0.395694491,0.477058972,0.58890324,0.528566073,0.425318535,0.323870353,0.237687869,0.204663762,-0.389873238,-0.317563701,0.41450322,0.552141692,0.664900388,0.699965182,0.667037111,0.598799763,0.541813438,0.489354496,0.115087338,-0.034962755,0.138100551,0.087505593,0.06155688,0.066820435,0.049411624,0.049213263,0.076879259,0.055917204,-0.267830773,-0.240064842,0.102241165,0.103947042,0.036121766,-0.061314063,-0.116381299,-0.107762749,-0.094744752,-0.102175934,-0.280414108,-0.375719704,-0.192901618,-0.028620591,0.030434848,0.13832598,0.270795629,0.583542205,0.829412603,0.569729451,0.291361674,0.206747667,0.139925656,0.033169946,0.105277582,0.196588748,0.192048416,0.265642664,0.334427262,0.393788864,0.243222682,-1.81187141,1.570972567,1.78238907,0.376553049,
Germany,DEU,Population growth (annual %),SP.POP.GROW,,0.769854344,0.879431692,0.925875063,0.805140883,0.853190437,0.834560801,0.457208527,0.444717326,0.792983738,0.332661393,0.183475314,0.478481046,0.314942451,0.038969223,-0.372846359,-0.428766875,-0.226376663,-0.087031415,0.044207406,0.207430406,0.152308489,-0.095113437,-0.262152572,-0.345666402,-0.223489902,0.045768064,0.153617575,0.39067896,0.773336991,0.861969449,0.728605547,0.760346947,0.657391218,0.346856649,0.293904444,0.289474899,0.146313282,0.015143651,0.064634578,0.1354316,0.168225361,0.168128319,0.055363304,-0.021709728,-0.056778262,-0.112797498,-0.133718573,-0.190142845,-0.25338341,-0.153198447,-1.853714629,0.187727801,0.272900215,0.416877359,0.865702644,0.807218539,0.37372456,0.300526702,0.225519874,0.081693159,0.042327057,-0.02195657,0.131511079,0.274957829,
Djibouti,DJI,Population growth (annual %),SP.POP.GROW,,3.838249201,4.262906422,4.802261918,5.298897051,5.554208991,5.507696436,5.38713216,5.284163516,5.924676669,6.471166052,6.636224031,6.922661754,7.0774077,7.638014838,8.5986345,9.460919428,9.846621154,9.515556602,8.381346785,6.761595645,5.153772839,3.95321268,3.489457636,3.848639672,4.737902134,5.707991031,6.373617115,6.418923512,7.709510827,10.19712243,8.522041783,-0.808530682,-1.897247405,2.009004234,1.010340524,2.384027029,3.555839277,4.016821001,3.493826002,3.139834532,3.16034601,3.096960925,2.230541555,1.537560106,1.566484982,1.958490405,2.168967505,2.060435192,2.083255102,2.033322702,1.948849448,1.899389061,1.85261177,1.800564961,1.739612734,1.685198916,1.642861254,1.602593729,1.557660865,1.502286563,1.442689442,1.403529326,1.384102724,1.359217296,
Dominica,DMA,Population growth (annual %),SP.POP.GROW,,1.399910804,1.219919881,1.289478038,1.364176682,1.456105415,1.565510209,1.657326622,1.733758673,1.785204762,1.423563597,0.901479668,0.756493951,0.746563957,0.714308918,0.671524523,0.622621051,0.538696663,0.438228497,0.322618567,0.169814204,-0.132813964,-0.409133292,-0.445355193,-0.427916261,-0.433936703,-0.472232802,-0.537813118,-0.586031572,-0.646488139,-0.752614799,-0.476523868,0.041840703,0.155666732,0.063350373,-0.011515265,-0.084966055,-0.160047327,-0.252848289,-0.368132364,-0.522635324,-0.326026064,0.115619639,0.239594557,0.172036782,0.123741672,0.104696825,0.05957008,0.010166956,0.01452243,-0.007260951,0.28133901,0.09408632,0.860031375,0.939416423,0.052563166,-1.148452801,-1.607542112,-0.471208891,-0.432182012,-0.453294539,-0.550548599,-0.561078262,-0.473991408,-0.45963235,
Denmark,DNK,Population growth (annual %),SP.POP.GROW,,0.698142052,0.778454922,0.787727453,0.799212891,0.779239735,0.803006033,0.788419835,0.608832366,0.552993325,0.751422718,0.694895771,0.571991415,0.604488383,0.46559401,0.288268796,0.251350792,0.311445516,0.310596093,0.245630489,0.12160362,-0.028405212,-0.073481,-0.068666212,-0.052376727,0.040526889,0.133727781,0.12666434,0.048593386,0.059987665,0.16245632,0.259518212,0.330671402,0.333166396,0.337707376,0.520962181,0.565926342,0.415564969,0.363162524,0.330886246,0.334233619,0.358315679,0.319487125,0.272010444,0.258432282,0.275481733,0.328645159,0.443466054,0.58754759,0.535079062,0.444197155,0.411737855,0.376272243,0.416901361,0.507053283,0.70642385,0.780392644,0.643350904,0.495838926,0.358130916,0.291641177,0.433414489,0.787502465,0.741185516,0.503861198,
Dominican Republic,DOM,Population growth (annual %),SP.POP.GROW,,3.159064478,3.114227115,3.066102704,3.026835448,2.941368928,2.920574269,2.941659392,2.885981449,2.84208878,2.818315175,2.800511679,2.782380281,2.763425372,2.722202525,2.662126074,2.613342194,2.573331182,2.534451283,2.496295929,2.462362432,2.404360189,2.335337788,2.306006845,2.280393386,2.222893091,2.16603149,2.127601282,2.111168794,2.115257005,2.103746787,2.057879063,2.002070353,1.95588671,1.918674511,1.87366696,1.818766523,1.742306601,1.653524234,1.621441336,1.620455604,1.572955224,1.501827799,1.439895274,1.374292925,1.310902406,1.251202819,1.218038875,1.234692324,1.267740627,1.280132098,1.269341081,1.24691664,1.21814094,1.186740321,1.149882043,1.111224252,1.087874948,1.074284737,1.033313346,1.043340765,1.040829618,0.959629735,0.891159204,0.846199989,
Algeria,DZA,Population growth (annual %),SP.POP.GROW,,1.769480758,1.467295111,1.52505034,1.636453741,1.51689212,1.795949825,2.246594915,2.276569973,2.276737984,2.258075576,2.261122048,2.300710805,2.356930935,2.423521075,3.538550841,4.554385481,3.631340038,2.844559054,2.980676033,3.114112913,3.24408261,3.334118629,3.392653583,3.413444312,3.404054498,3.293653807,3.02312806,2.800888661,2.639923784,2.478967332,2.383576447,2.435250194,2.406099154,2.212501905,2.068697505,1.95770195,1.864019659,1.592536279,1.388528848,1.399668558,1.373291341,1.330394777,1.329615242,1.396440425,1.463308846,1.541273638,1.669071678,1.818853062,1.915885222,1.947058832,1.956894374,1.992807901,2.019531158,2.037865242,2.056247957,2.055691112,2.032000608,1.937806233,1.840412914,1.711912165,1.619364602,1.587582107,1.498976012,1.398386519,
East Asia & Pacific (excluding high income),EAP,Population growth (annual %),SP.POP.GROW,,-0.04766452,1.32430007,2.539223616,2.43806031,2.442547042,2.715552451,2.575365703,2.607861681,2.701638517,2.699390866,2.673923086,2.457388176,2.316401399,2.136529125,1.89340601,1.72191935,1.587178527,1.569350809,1.574287172,1.529739523,1.554508857,1.699325293,1.690733913,1.594237885,1.607952722,1.670418109,1.739337593,1.736313836,1.66851175,1.614591358,1.534899783,1.427739093,1.36919714,1.345305645,1.311007369,1.275182946,1.250606112,1.187690784,1.08229768,0.99884543,0.94381824,0.889058021,0.846581154,0.813694496,0.802565581,0.794600232,0.790128458,0.780735561,0.753801022,0.741733055,0.782524367,0.873939068,0.8576698,0.813620595,0.764918013,0.747918956,0.757561927,0.64281584,0.550254605,0.452341336,0.314672689,0.234938161,0.185776879,0.168020513,
Early-demographic dividend,EAR,Population growth (annual %),SP.POP.GROW,,2.574403563,2.577096055,2.57091685,2.576986311,2.504903283,2.440808095,2.480562186,2.486048545,2.465270783,2.472122423,2.393436203,2.390048723,2.468252647,2.473387605,2.475400776,2.464155292,2.446054389,2.411910826,2.453641924,2.529715727,2.612956834,2.622757407,2.564180497,2.533719548,2.503429011,2.475810152,2.449782779,2.417336481,2.371038029,2.45496858,2.314273076,2.210074892,2.118815535,1.996862186,1.997796482,2.071556479,2.036525377,1.967699745,1.909714235,1.879624154,1.851853644,1.767393716,1.72195178,1.725629407,1.681248725,1.661272137,1.631494906,1.591629135,1.573801146,1.546758454,1.550799199,1.495083833,1.45422468,1.379845913,1.37347317,1.330010775,1.261001351,1.219897838,1.222626007,1.215716141,1.053744309,1.118962366,1.173354474,1.15153053,
East Asia & Pacific,EAS,Population growth (annual %),SP.POP.GROW,,0.185025645,1.375205748,2.413835889,2.327855775,2.333163885,2.549259068,2.406841946,2.460970637,2.561693662,2.558489766,2.614274684,2.343833794,2.218316634,2.065158186,1.832263336,1.661095833,1.53552639,1.514026575,1.524924597,1.476659571,1.501978061,1.625619532,1.607644886,1.509620707,1.511205149,1.55764937,1.618792785,1.61441148,1.556839926,1.504262677,1.444842252,1.340330641,1.285601292,1.266502897,1.233423787,1.21070451,1.17573257,1.119224538,1.012983524,0.942759366,0.899894074,0.840585717,0.793411829,0.757360332,0.744135947,0.752157371,0.757697101,0.755127291,0.715386129,0.700770611,0.729414027,0.81496844,0.796731297,0.760790273,0.717905028,0.702994192,0.705272469,0.602464921,0.517740213,0.408472469,0.240142919,0.189259906,0.202531877,0.162505932,
Europe & Central Asia (excluding high income),ECA,Population growth (annual %),SP.POP.GROW,,2.156127374,2.092032022,2.05274558,2.010546102,1.90677995,1.876847241,1.851384249,1.799918066,1.765208299,1.587766592,1.59684554,1.64049903,1.572273973,1.528964665,1.477483581,1.486807231,1.512072831,1.479083996,1.384944818,1.407987759,1.335094279,1.365516239,1.442985882,1.457934038,1.434124687,1.439167787,1.433363648,1.387136078,1.342184096,1.198074259,0.935156077,0.882619977,0.641062565,0.436708463,0.365618005,0.411552836,0.309683175,0.199487921,0.218653757,0.415829789,0.433164003,0.438893612,0.452437671,0.456768866,0.424810619,0.47227903,0.266361649,0.668118779,0.759249215,0.809647378,0.814554974,0.810010126,0.864218198,0.883800327,0.871845478,0.887739373,0.856871159,0.852581511,0.879315733,0.711353855,0.603916502,-0.538786451,-0.718285809,0.625303406,
Europe & Central Asia,ECS,Population growth (annual %),SP.POP.GROW,,1.140562127,1.146914228,1.141959338,1.132044923,1.084844387,0.952056839,0.935106181,0.896874063,0.878315025,0.771817065,0.769833275,0.84214698,0.802231632,0.759696721,0.723121869,0.718564887,0.708182541,0.695601612,0.674015767,0.693998159,0.64911124,0.586013461,0.581960906,0.604335525,0.613818477,0.627463713,0.635538448,0.637110444,0.629882458,0.522930719,0.457861692,0.410747599,0.338331821,0.253358198,0.207330214,0.182342477,0.146411166,0.113876462,0.114529411,0.125518588,0.138363606,0.189546148,0.263935065,0.29135368,0.285303565,0.296854664,0.283077293,0.404370813,0.396899265,0.365344249,0.226370505,0.391715258,0.37771377,0.405208577,0.438015173,0.445442496,0.381772325,0.395192876,0.352371468,0.187722981,0.077551665,-0.015859544,0.058307159,0.376645435,
Ecuador,ECU,Population growth (annual %),SP.POP.GROW,,2.822841074,2.858548145,2.889303848,2.919973866,2.947348477,2.968072415,2.980693142,2.986081105,2.982085133,2.970403843,2.955933694,2.937202942,2.913163882,2.881889595,2.845251469,2.80728612,2.773759862,2.74338363,2.712330909,2.693447594,2.670802672,2.640290496,2.625898547,2.616531034,2.571367852,2.490897273,2.41448752,2.339842508,2.281715328,2.238231257,2.160137143,2.105686637,2.029972984,1.934877404,1.901548806,1.884006233,1.847014078,1.812537732,1.776692529,1.736220015,1.730781231,1.748519702,1.764113179,1.752351565,1.729878696,1.718254175,1.707891732,1.705197788,1.705770208,1.677088053,1.641536977,1.592134406,1.497408961,1.432058866,1.430930598,1.458091478,1.52946084,1.71572391,1.689354796,1.181252582,0.774314024,0.796723652,0.872456027,0.860548499,
"Egypt, Arab Rep.",EGY,Population growth (annual %),SP.POP.GROW,,2.585292258,2.632052155,2.628988935,2.602497032,2.54692638,2.506322987,2.483721936,2.460321809,2.434776174,2.37424119,2.310718064,2.30151178,2.300294264,2.311556864,2.357217792,2.339549085,2.367283635,2.454510099,2.500003132,2.608877958,2.68667729,2.753468192,2.927764609,3.011411213,2.976014283,2.858770448,2.773373591,2.780294069,2.722212463,2.929609448,2.756975161,2.3894925,2.30727793,2.154005171,2.10420542,2.073361963,2.072559343,2.184807595,2.230564166,2.160919785,2.123803623,2.103723597,2.09545323,2.064377349,2.022209527,1.952913423,1.887532171,1.867404133,1.888365224,1.917951241,2.104460762,2.244757955,2.305263643,2.276439566,2.098925548,2.034682949,1.998178439,1.897138318,1.754974382,1.62495387,1.490805391,1.486096975,1.688341269,1.733242053,
Euro area,EMU,Population growth (annual %),SP.POP.GROW,,0.85657992,0.855945948,0.865975378,0.867675505,0.857227206,0.801960701,0.700779962,0.664110176,0.682318104,0.568709075,0.57461154,0.682921612,0.636223862,0.553748844,0.484198708,0.427546061,0.402573461,0.412757219,0.415357915,0.441775942,0.4009883,0.250783991,0.207724427,0.162366462,0.184061281,0.242791331,0.272715294,0.335565921,0.433680786,0.460721739,0.417021472,0.419732172,0.410210625,0.302882627,0.243968603,0.235948478,0.228493969,0.207045023,0.248349317,0.309783223,0.328373127,0.490892859,0.551544595,0.559694384,0.527789533,0.478625381,0.53012279,0.50143137,0.34114092,0.254268113,-0.186517465,0.215209593,0.157855395,0.172265135,0.277766866,0.277164836,0.196591609,0.305339591,0.182555333,0.141183349,0.063685143,0.28557785,0.447751496,0.399248576,
Eritrea,ERI,Population growth (annual %),SP.POP.GROW,,2.340004743,2.403159074,2.451015726,2.47558096,2.493466731,2.394941597,2.404897711,2.519160018,2.529062306,2.561617395,2.595868029,2.559212988,2.521642685,2.429454559,2.336542473,2.496398069,2.649032076,2.649989024,2.654585488,2.680076563,2.711811099,2.721636272,2.372109764,2.028069248,2.016301651,2.044867555,2.330418575,2.591573558,2.484643538,2.274864166,-5.728143723,-6.501085624,3.133599978,3.072401531,5.655066129,4.969904911,1.105977985,1.305668749,1.47325834,1.536014572,2.85373305,3.439149563,4.131033775,4.100227397,2.393155829,1.57651842,1.458517234,2.630041175,2.509084658,1.964757271,1.793518811,1.275907368,1.223051473,0.674705167,0.334574416,0.614809318,0.817496698,1.337314098,1.474745807,1.564060781,1.774115885,1.753513685,1.771687152,1.861688514,
Spain,ESP,Population growth (annual %),SP.POP.GROW,,0.929015535,0.920032287,0.877043252,0.993696426,1.085844742,1.024027852,1.230665818,1.307655786,0.98543056,1.110631449,1.205084833,1.10413659,1.104937604,1.09260761,1.081293603,1.056851725,1.029131809,0.96287655,0.881584501,0.802963562,0.710878011,0.600390137,0.487183211,0.415255702,0.362365565,0.298782367,0.259329063,0.212064999,0.156776198,0.101828843,0.254527425,0.489757905,0.518543521,0.476100555,0.44136575,0.416515798,0.419119517,0.413847481,0.405323026,0.447137015,0.694068084,1.412595405,1.808454468,1.725466303,1.689349047,1.690352556,1.851081308,1.595330499,0.885735981,0.460408305,0.355338396,0.064925963,-0.36166878,-0.308309722,-0.082749238,0.077165873,0.243134087,0.451573725,0.716697775,0.51001019,0.178046695,0.718854879,1.178366187,1.021212609,
Estonia,EST,Population growth (annual %),SP.POP.GROW,,1.11138977,1.34156956,1.378477164,1.437675372,1.359458372,1.078006708,0.787736187,0.925837507,1.048781817,1.096145451,1.233395893,1.123907965,0.960032301,0.865266081,0.785459176,0.712743107,0.73604373,0.685613147,0.556254915,0.603352238,0.704718276,0.719876655,0.687096402,0.652187283,0.667063356,0.743509962,0.778102309,0.621622035,0.398143548,0.066490191,-0.502159185,-1.824181555,-2.574319978,-2.138588635,-1.785399536,-1.475364638,-1.14091924,-0.960559005,0.294482276,0.483707162,-0.636963124,-0.633433796,-0.627622448,-0.59782051,-0.572255525,-0.58965556,-0.456188535,-0.26813372,-0.192768077,-0.228057969,-0.303582824,-0.357944411,-0.355891803,-0.262256175,0.06555253,0.029112226,0.121070631,0.348039138,0.371554389,0.197559185,0.105996956,1.336551511,1.577451336,0.149856352,
Ethiopia,ETH,Population growth (annual %),SP.POP.GROW,,2.446401178,2.519892308,2.577263521,2.632578783,2.685038856,2.60686291,2.64024773,2.762603628,2.751096958,2.756216685,2.732718216,2.672020358,2.661085699,2.586647876,2.444195013,2.524863078,1.926506223,1.696017316,1.48314016,0.552993504,2.511149549,3.881529243,2.793028352,2.602003556,2.816282235,2.956503848,3.407329056,3.904823839,3.841092231,3.701514173,4.331323225,4.207628875,3.515135756,3.481160248,3.404388319,3.299817353,3.205154252,3.140460714,3.124484261,3.068233025,3.033511323,3.044034773,3.021022331,2.994747129,2.966022472,2.937290315,2.930159257,2.89435689,2.839660104,2.83517458,2.843544575,2.803903934,2.718472318,2.682997818,2.684801861,2.707882508,2.725240971,2.696751795,2.691239783,2.710772848,2.672495388,2.622695009,2.603624198,2.583504112,
European Union,EUU,Population growth (annual %),SP.POP.GROW,,0.827167778,0.835567668,0.85766409,0.872381491,0.827299446,0.782017815,0.753510076,0.703940215,0.691209058,0.565755303,0.554147511,0.678141192,0.647882837,0.603815417,0.572180561,0.523894628,0.487082261,0.46286979,0.44401782,0.460391875,0.425219144,0.307910336,0.263380591,0.224519581,0.233299522,0.271157511,0.291022481,0.325467026,0.346216816,0.338877065,0.288803395,0.290682833,0.324733603,0.249393275,0.189216678,0.162952006,0.150392657,0.133802888,0.164734794,0.119607067,0.13270785,0.235772787,0.368018915,0.387751738,0.366879333,0.337818094,0.349793827,0.335518874,0.253579724,0.15840531,-0.152627121,0.14844891,0.080475703,0.11183825,0.19677128,0.19886646,0.144811184,0.226283711,0.129990341,-0.008837508,-0.144127718,0.218330558,0.378277783,0.295986184,
Fragile and conflict affected situations,FCS,Population growth (annual %),SP.POP.GROW,,2.135148151,2.174796608,2.196021943,2.207935171,2.20882692,2.202878775,2.216410127,2.244130937,2.24894781,2.243689304,2.265845653,2.27651542,2.324586059,2.370707596,2.369054614,2.368453761,2.329724556,2.444767078,2.489367435,2.275927528,2.125009992,2.241011441,2.312697093,2.351426165,2.375753789,2.312901219,2.299928031,2.264224803,2.307272842,2.679865922,2.284411034,2.522585623,2.685594057,2.804470133,2.657237487,2.276044212,2.19146332,2.309381898,2.362593944,2.282655961,2.292128717,2.447560467,2.489760211,2.421317886,2.428325334,2.418405483,2.358456271,2.412182024,2.486281738,2.476270672,2.446596333,2.447486673,2.417912052,2.315057435,2.215953921,2.216539749,2.213527123,2.191050187,2.201115205,2.22230381,2.187761929,1.897788047,1.972253981,2.313025827,
Finland,FIN,Population growth (annual %),SP.POP.GROW,,0.705711484,0.6799954,0.706977468,0.556315625,0.333374795,0.374800826,0.541550206,0.448972198,-0.058030841,-0.378718238,0.126203706,0.595195266,0.567909198,0.523542996,0.443863076,0.301448639,0.279738313,0.28712237,0.255579028,0.311078416,0.426515645,0.560285844,0.595991321,0.534342931,0.417068904,0.324794896,0.283626732,0.290689051,0.361018799,0.443382074,0.546172018,0.561909851,0.483854089,0.431048903,0.381655333,0.328037914,0.29737733,0.265472962,0.232116249,0.207606515,0.227687342,0.24238105,0.23845724,0.290350362,0.342248594,0.383777136,0.425429832,0.465549285,0.478246393,0.457494535,0.463558707,0.475809487,0.460723773,0.413560208,0.329383886,0.287421402,0.234670532,0.132641041,0.11019169,0.143641197,0.207288594,0.271944527,0.499192375,0.642640054,
Fiji,FJI,Population growth (annual %),SP.POP.GROW,,3.045135341,3.097157482,3.141504686,3.113036666,3.062010691,2.901371529,2.514137455,2.206309294,2.094568323,1.975567704,1.852690618,1.71822259,1.572139243,1.467483385,1.472308703,1.657979844,2.074036244,2.361635045,2.384545645,2.382294141,2.385129449,2.395963992,2.409214203,2.417644932,2.383233951,2.125068093,1.508103914,1.080954075,0.999865381,0.908661994,0.816503481,0.727158824,0.637554001,0.555409783,0.498897501,0.629379907,1.033471085,1.238270665,1.157147426,1.085776092,1.027749278,0.990026504,0.955390067,0.928394422,0.912261663,0.900982209,0.835147738,0.61813479,0.424160518,0.349901163,0.281889923,0.211061144,0.156612656,0.134464836,0.108160343,0.063991505,-0.044289077,-0.172010115,-0.249006858,0.006995063,0.190863716,0.295294728,0.5123774,0.500721797,
France,FRA,Population growth (annual %),SP.POP.GROW,,1.034468838,1.004279689,1.003535998,1.06620875,0.959388414,0.866189193,0.813893398,0.766314048,0.824238755,0.910071022,0.942308081,0.877674177,0.808254039,0.661593219,0.475700888,0.424132385,0.467415655,0.453327774,0.448113601,0.533919143,0.593754111,0.365202346,0.53887577,0.488491582,0.49984578,0.511141506,0.543092055,0.578107857,0.596976457,0.547228307,0.502041653,0.498024783,0.434948885,0.374521802,0.364159563,0.357448008,0.356761848,0.370540231,0.515860144,0.68633572,0.728993949,0.727033003,0.705638837,0.732625503,0.751885117,0.696338575,0.618225683,0.558020613,0.513351013,0.492976371,0.482667411,0.483714919,0.516915013,0.474847846,0.35556924,0.263868789,0.290202116,0.358494582,0.332559129,0.324557781,0.356902332,0.502320929,0.275093143,0.261995242,
Faroe Islands,FRO,Population growth (annual %),SP.POP.GROW,,1.252127477,1.168022485,1.216719107,1.280233101,1.385178809,1.282086367,1.042998998,0.957713107,0.919613726,0.950437736,1.127694744,1.204508945,1.177559034,1.178815286,1.145362944,1.108017415,1.086229282,1.198537766,1.309064842,1.287506248,1.278016887,1.241516226,1.123367021,1.048878908,1.246053459,0.923371616,1.228040252,1.390683296,1.265321719,-0.455600696,-0.61563223,-0.337788233,-1.734239985,-3.903137789,-2.455222643,-0.068813655,1.256386734,1.220653401,1.051000545,1.337753723,1.907211259,1.48986474,1.461747587,0.730172511,-0.051683327,-0.049641137,0.088922901,0.348723593,0.501346876,-0.275018645,-0.234568009,-0.520479519,-0.09322851,0.376523605,0.967878753,1.148818588,1.437140868,1.613065734,1.548849891,1.481480184,1.381078242,1.149180619,0.926838605,0.489482622,
"Micronesia, Fed. Sts.",FSM,Population growth (annual %),SP.POP.GROW,,3.534033406,3.541128346,3.248407198,2.965396547,3.010290889,3.058271024,2.993513126,2.947982525,2.998395167,3.0622638,2.867424075,2.671945731,2.705607602,2.718015239,2.52159001,2.375603557,2.437854096,2.788894891,3.11239671,3.086936132,3.037109788,2.993810525,2.949302736,2.904961741,2.861974025,2.812690569,2.755772699,2.347704223,1.943967387,1.886083795,1.832679141,1.97732401,2.133444458,1.859025227,1.053337297,0.43450779,0.32554666,0.275120651,0.271679603,0.325401228,0.286084978,0.07383915,-0.145061053,-0.32112779,-0.459396251,-0.614926693,-0.769691347,-0.86283074,-0.902755413,-0.387012831,0.146814251,0.178117568,0.213878078,0.254021761,0.294778945,0.32967416,0.371529921,0.390173247,0.338797096,0.573243642,0.636292252,0.438013018,0.459189929,0.469463637,
Gabon,GAB,Population growth (annual %),SP.POP.GROW,,1.154700181,1.22408436,1.288341569,1.346612145,1.410391456,1.481715852,1.547136144,1.611675195,1.907229653,2.132175671,2.076484223,2.051958097,2.077440035,2.13726628,2.214936398,2.303537005,2.385044069,2.456805005,2.51710475,2.573489323,2.636801335,2.68378297,2.714548,2.736068263,2.748324557,2.760457557,2.774136235,2.781667388,2.766682236,2.740795362,2.715964773,2.690190233,2.663137216,2.620544426,2.569470549,2.531925473,2.5220604,2.532085511,2.548664239,2.585402093,2.631864207,2.678103224,2.729056967,2.80043793,2.903808194,3.018030874,3.126300836,3.220725161,3.327653333,3.449942679,3.547397199,3.577469045,3.520092964,3.358440017,3.114656253,2.86485541,2.658895725,2.536882898,2.47279132,2.389223598,2.306124358,2.247639013,2.198912897,2.156365098,
United Kingdom,GBR,Population growth (annual %),SP.POP.GROW,,0.760459939,0.848661388,0.748366449,0.650257749,0.642468779,0.551303249,0.53854377,0.48676828,0.415803269,0.398722458,0.417666617,0.339057516,0.193198186,0.06305921,-0.007423363,-0.024603833,-0.032873848,0.005359908,0.089728661,0.119517254,0.034821732,-0.035842794,0.034101374,0.158261863,0.226951225,0.23161023,0.212637261,0.222063894,0.26031145,0.298930554,0.309247932,0.270431182,0.239745439,0.254586487,0.264547417,0.254626384,0.257553323,0.291406085,0.333405882,0.357300887,0.38497597,0.42333708,0.465641114,0.568943113,0.686611306,0.735048678,0.778666112,0.787032622,0.75639086,0.783888647,0.781506562,0.712282568,0.669537112,0.747135715,0.721624003,0.794219715,0.54570602,0.488451313,0.514596381,0.169447088,0.35893793,0.921336799,1.304979723,1.065956447,
Georgia,GEO,Population growth (annual %),SP.POP.GROW,,1.578435862,1.519342186,1.473021724,1.410306472,1.316771037,1.143478098,0.980879611,0.907052603,0.935667821,0.96583761,1.040707699,1.010966631,0.880708361,0.868346221,0.73801073,0.721090302,0.681625222,0.58382341,0.736305278,0.842900505,0.820316229,0.846666493,0.878842348,0.853879671,0.876678995,0.888192529,0.825576239,0.990127868,0.262664316,-0.027068389,0.703475649,0.77451105,0.768558451,-1.539430121,-3.757716068,-3.62954608,-3.207518172,-2.474222976,-2.057376879,-1.944629157,-1.551238397,-0.897253673,-0.675365806,-0.61926241,-0.635292218,-0.568484712,-0.521646734,-0.303790529,-0.888185043,-0.729475257,-0.80216404,-0.736565519,-0.300972141,0.0469539,0.157481405,0.059816599,0.013386075,-0.039036546,-0.17156574,0.068656249,-0.379636607,0.104889951,0.080264033,-0.429560043,
Ghana,GHA,Population growth (annual %),SP.POP.GROW,,2.852836957,2.409875158,2.388181603,2.380383381,2.399176079,2.405498861,2.415225184,2.434086696,2.501034469,2.6730404,2.767273417,2.814375651,2.886775185,2.900573315,2.89537295,2.878285914,2.947729892,3.03790622,3.05380908,2.924694147,2.809595304,2.905715248,3.007332556,2.581571407,2.150430203,2.200791731,2.29278306,2.40254861,2.498124316,2.551561856,2.519831776,2.485769411,2.469518199,2.404156515,2.360103481,2.335654971,2.378959574,2.432367719,2.441208076,2.51243584,2.663105441,2.7501377,2.699996233,2.648564224,2.622757231,2.599672365,2.577428818,2.537779829,2.495284986,2.43301424,2.404971455,2.41990908,2.409279309,2.364985531,2.307127331,2.276212039,2.195357928,2.075171366,2.0078052,1.991819851,1.959045844,1.920290343,1.908602897,1.875000103,
Gibraltar,GIB,Population growth (annual %),SP.POP.GROW,,0.15099177,1.474986463,2.473986022,2.439992543,2.386060266,2.342725411,2.309085791,2.225696207,2.09686974,1.948729067,1.438873745,0.994300219,0.901022018,0.788544924,0.703697299,0.65258322,0.588299531,0.51457485,0.452465653,0.349345333,0.226421764,0.086948966,-0.111308231,-0.31372028,-0.458403392,-0.647433648,-0.822349736,-0.918930217,-1.065318924,-1.256775273,-1.11650389,-0.074382628,0.71179955,0.622366626,0.505347494,0.40099208,0.345022042,0.246234192,0.151783485,0.061370735,-0.187840968,0.627164685,1.579214711,1.547697987,1.548114819,1.467085557,1.382572358,1.347278692,1.339101596,1.369420959,1.309868032,1.158768795,1.173270644,1.245032949,1.151423199,1.391175897,1.728979936,1.762733959,1.819575987,1.894931608,1.875970722,2.017069205,2.266132725,2.205744953,
Guinea,GIN,Population growth (annual %),SP.POP.GROW,,1.75030596,1.772323489,1.793698775,1.816743747,1.841555729,1.869951523,1.898984492,1.921859712,1.917852178,1.869722765,1.799362437,1.732065592,1.679055416,1.632860209,1.589007514,1.559498514,1.555548439,1.585447874,1.655580479,1.761584969,1.881554014,2.009198602,2.11447233,2.219334607,2.349458668,2.469881624,2.56698877,2.615838401,2.595191352,3.455834862,4.002989602,3.191682433,3.045424534,2.997885574,2.794342457,2.829686705,2.055111352,1.881234695,2.240648386,1.961359643,1.309811432,1.558133038,2.242518772,2.140711575,2.000419546,2.090586581,2.314972964,2.41908605,2.441584894,2.4592931,2.476973527,2.454161563,2.444714985,2.480193464,2.531512776,2.566908693,2.556523182,2.543855729,2.561004517,2.551399536,2.506104194,2.482504091,2.4619905,2.395958023,
"Gambia, The",GMB,Population growth (annual %),SP.POP.GROW,,2.694124456,2.709873898,2.722019876,2.72564289,2.726818194,2.718271183,2.75187241,2.801207256,2.821103391,2.837996271,2.874311759,2.919939477,2.94886987,2.944722864,2.966336902,3.058442603,3.162512255,3.250105355,3.342969913,3.438695027,3.470594797,3.539260929,3.688478838,3.840349066,3.947428656,4.010479871,4.062998912,4.110398949,4.158726607,4.195958031,4.202033264,4.063989843,3.6665608,3.217792504,2.977255381,2.891940043,2.839187351,2.80576133,2.778213076,2.738372127,2.706993376,2.684687794,2.693123485,2.732402056,2.781210107,2.852561853,2.901570356,2.906646313,2.904298539,2.9073793,2.923376927,2.945919358,2.928941434,2.844758394,2.734288399,2.628194051,2.525881385,2.422943009,2.35622072,2.368661292,2.367747784,2.319921098,2.301240497,2.277302572,
Guinea-Bissau,GNB,Population growth (annual %),SP.POP.GROW,,0.844540064,1.184649428,0.835216175,-0.993278443,-2.327125474,-1.418170334,0.370273303,1.596817697,0.593217694,0.479069331,0.310603825,0.068039916,1.049331842,3.404560143,5.95412429,6.428972528,6.631769737,6.511011737,3.496717846,1.144345698,1.570735784,1.585008478,1.588110455,1.588866077,1.591979798,1.594554354,1.602654874,1.626534115,1.655747487,1.644390697,2.13084471,2.943954418,3.302012197,3.095502078,2.524388336,2.084119324,1.906444699,1.863873104,1.896307323,2.007063844,2.126029691,2.198333633,2.262191707,2.305405455,2.345055447,2.411225163,2.489968289,2.522590074,2.542772739,2.584920321,2.629227665,2.659527392,2.662291019,2.627311557,2.570459578,2.511552965,2.436325752,2.374059972,2.340959948,2.288950008,2.239038787,2.242353886,2.245291873,2.205205636,
Equatorial Guinea,GNQ,Population growth (annual %),SP.POP.GROW,,1.868595574,1.941766612,2.005891527,2.068572669,2.133667306,2.195754917,2.252861778,2.233964407,1.143821154,-0.532862046,-1.527490543,-2.069762793,-2.349764587,-2.454102673,-2.419935057,-2.415168751,-1.524562972,-0.08964234,1.191652145,3.095464301,4.937004815,6.065798509,6.373497166,6.066350319,5.504250219,4.855213138,4.302627991,3.973971391,3.828194096,3.752204243,3.713446241,3.699971487,3.70010108,3.724875401,3.768229372,3.817228503,3.867185449,3.907306413,3.934218081,5.26428496,6.410083232,6.220019533,6.066317541,5.958465015,5.138402086,4.436479006,4.511354519,4.573709944,4.607871333,4.595867705,4.340602064,4.074845548,3.996059955,3.905019246,3.791604842,3.66421838,3.531293626,3.399452421,3.271454421,2.733908232,2.435510716,2.513037421,2.410572328,2.40472649,
Greece,GRC,Population growth (annual %),SP.POP.GROW,,0.792901847,0.595777103,0.370892005,0.362612547,0.467787696,0.737804081,0.814411517,0.65053289,0.365420763,0.228196508,0.433844788,0.650037188,0.454133112,0.368183314,0.938660354,1.553213563,1.301109489,1.296604359,1.246698067,0.982220016,0.896616063,0.61646204,0.581724932,0.498156576,0.388288979,0.330759074,0.334358494,0.363197987,0.52185098,1.057808012,1.200352537,0.763882722,0.588261919,0.500703438,0.467197289,0.440670531,0.493267145,0.554211903,0.383471312,0.409041838,0.519884464,0.366566462,0.238643175,0.247413543,0.293249074,0.300331801,0.254757582,0.265457837,0.263026401,0.128880433,-0.147951277,-0.540752951,-0.725120807,-0.66611329,-0.658861361,-0.415913028,-0.197783225,-0.202880238,-0.105339393,-0.214592107,-1.21680249,-1.259889457,-0.283349546,-0.02130452,
Grenada,GRD,Population growth (annual %),SP.POP.GROW,,1.348539125,1.084982737,0.847243793,0.579622561,0.313542312,0.05504924,-0.056068956,0.012235908,0.128386727,0.213612263,0.237488821,0.130682556,-0.068865644,-0.22617216,-0.366203896,-0.50470586,-0.631908765,-0.736598234,-0.849870857,-1.001965989,-0.515404927,0.351315138,0.596840113,0.577593154,0.639846867,0.703990964,0.757532596,0.798639824,0.823591869,0.839876746,0.832881527,0.799431121,0.764769591,0.735698141,0.706259246,0.686008649,0.675636394,0.677705597,0.675017605,0.676075748,0.497591981,0.385413918,0.441810667,0.402370769,0.37524524,0.364763059,0.350771013,0.337822901,0.322305028,0.297971859,0.440838574,0.61907035,0.629360962,0.566738037,0.475508745,0.395116394,0.267166461,0.218925449,0.250354079,0.309914935,0.29781723,0.192636221,0.14359345,0.107559937,
Greenland,GRL,Population growth (annual %),SP.POP.GROW,,3.625774802,3.785022413,3.922071315,3.243527575,4.16726964,3.262522732,3.398385282,3.517361418,3.397835364,3.286166448,1.709443336,2.303766807,1.438873745,1.015237146,0.201816416,0.201409937,-0.605450891,-0.40568007,0.809721023,1.202419297,1.581060603,0.975617495,1.158314109,1.145050679,0.94429408,0.562325755,1.115253195,1.28560081,0.908271457,0.541029273,-0.18001805,-0.361011222,-0.180995525,0.542006747,0.539084863,0.179051077,0.178731057,0.178412179,0,0.151400483,0.344693138,0.382389334,0.275263527,0.258691378,0.065007513,-0.281417827,-0.388247201,-0.402186877,-0.008876974,0.37392496,0.627735169,-0.140721219,-0.577265865,-0.333398667,-0.322038549,0.128227978,-0.024920344,-0.265609141,0.359917714,0.252238303,0.506106194,0.014120056,0.359389425,-0.051010986,
Guatemala,GTM,Population growth (annual %),SP.POP.GROW,,2.971082513,2.961839757,2.93017965,2.904201091,2.886248906,2.849430091,2.808871584,2.758407479,2.679050408,2.626101407,2.586058144,2.575235074,2.58468451,2.532399406,2.436699868,2.157642312,2.197054415,2.468973598,2.502333272,2.530438597,2.510689367,2.29954637,2.44763149,2.804641728,2.829719744,2.778041747,2.757709091,2.800347279,2.813358572,2.800436191,2.708873784,2.65707563,2.668220043,2.663231832,2.645748304,2.589379376,2.558083789,2.558600198,2.516032165,2.37572059,2.297222236,2.291883752,2.251980172,2.222941478,2.164414785,2.115588781,2.106564032,2.052718639,1.992457954,1.981564659,1.993863863,1.991386736,1.953601891,1.895112319,1.832507679,1.842560602,1.818760915,1.666022733,1.520629553,1.471377105,1.380758706,1.406237102,1.539869719,1.541293997,
Guam,GUM,Population growth (annual %),SP.POP.GROW,,2.53641931,2.603553216,2.566785328,2.51553339,2.467740975,2.393464946,2.292794995,2.204749699,2.153715233,2.244199261,2.349812587,2.352021468,2.307466304,2.251294747,2.161352732,2.106729,2.085528283,2.037229932,2.076485009,2.300619889,2.475882264,2.457551736,2.38847657,2.330283502,2.294136527,2.26867888,2.253008784,2.239516113,2.233914443,2.04883829,1.761325267,1.631162557,1.564483366,1.508603778,1.467524541,1.3996516,1.335598735,1.302635249,1.3048391,1.115750658,0.786577545,0.609313351,0.50514469,0.411688103,0.338234496,0.287967538,0.259310791,0.257433065,0.289273583,0.209801847,0.012610151,-0.127375541,-0.219683083,-0.289634901,-0.351704858,-0.408339927,-0.453432486,-0.49728924,-0.536848682,0.216072141,0.964756108,0.881705873,0.799555642,0.760437189,
Guyana,GUY,Population growth (annual %),SP.POP.GROW,,2.331419617,2.188997864,2.172182037,2.150288368,2.126595386,2.106055996,2.08481208,2.069450029,2.058499936,1.79224398,1.407008113,1.248727251,1.173903014,1.078750002,0.989053868,0.916110747,0.847310694,0.778870039,0.713652022,0.557489033,0.269019133,0.033351254,-0.105757889,-0.229677224,-0.340841486,-0.438953013,-0.519248428,-0.584993101,-0.633598857,-0.660706211,-0.271473138,0.273740099,0.406421315,0.378715275,0.338922931,0.281517112,0.225772717,0.175773116,0.117403089,0.04564135,-0.046426197,-0.107975188,-0.072179327,-0.089543302,-0.197461944,-0.256336167,-0.277736358,-0.29838583,-0.333444259,-0.378060197,-0.415004116,0.018091167,0.498962145,0.559482929,0.601716279,0.626279284,0.643724559,2.958739191,2.014674003,-0.022784318,0.985982406,0.751934221,0.572335132,0.571243951,
High income,HIC,Population growth (annual %),SP.POP.GROW,,1.224724213,1.230483686,1.207575605,1.196065207,1.145189091,1.006561538,0.958435182,0.940555725,0.948855735,0.937549725,1.089480374,0.952242178,0.913774961,0.887367759,0.855368827,0.812992612,0.801061535,0.797613089,0.818066526,0.79332395,0.778999638,0.718262217,0.676119025,0.656132623,0.657294498,0.665298686,0.675239508,0.681277805,0.703778055,0.629927284,0.710612934,0.723430011,0.669560806,0.622866219,0.59015406,0.580703023,0.564399049,0.545967004,0.519178202,0.505295214,0.508177774,0.511001413,0.522142633,0.544906571,0.541181121,0.600588418,0.667569623,0.694053579,0.612949147,0.445325901,0.443067325,0.588031427,0.573539512,0.54264122,0.625470746,0.603644277,0.438210791,0.345942843,0.336377587,0.266061997,-0.119081012,0.443557187,0.726145835,0.68306234,
"Hong Kong SAR, China",HKG,Population growth (annual %),SP.POP.GROW,,2.339583059,4.236494673,3.44066885,2.417271694,2.627395063,0.885475776,2.527097364,2.123526741,1.596569535,2.431443203,2.156424527,1.917085484,2.821398831,3.160575854,1.8961131,1.256197195,1.44371142,1.811706419,5.465453784,2.670080965,2.348226768,1.55249627,1.519407906,0.982973567,1.074258772,1.245826983,1.006753152,0.840468541,1.03591232,0.321315033,0.829228336,0.839650031,1.717770734,2.252030431,1.980132777,4.438607795,0.832512855,0.834808807,0.955125814,0.881594076,0.736962668,0.442846827,-0.197404126,0.779918562,0.436871406,0.642270483,0.859633272,0.598238787,0.215353334,0.734446396,0.672543292,1.103957997,0.401982536,0.702370951,0.851197911,0.619366345,0.768513878,0.800230597,0.739283471,-0.358932662,-0.911776749,-0.907914524,2.553524667,-0.159360467,
Honduras,HND,Population growth (annual %),SP.POP.GROW,,2.829628306,2.826945167,2.837995886,2.853357527,2.872048384,2.885578619,2.896122759,2.911523896,2.934921768,2.967417163,3.004560039,3.038373762,3.013446304,2.892452793,2.968498949,3.120716287,3.113840589,3.094284365,3.076399095,3.056343773,3.028524282,2.998748127,2.972657767,2.939947115,2.897990392,2.862793555,2.836744811,2.817048247,2.809982029,2.82334775,2.836691172,2.840707277,2.839321965,2.835784252,2.834304304,2.822632803,2.797581916,2.648920084,2.628301555,2.73259067,2.702971428,2.64113993,2.565983383,2.493934483,2.427631758,2.358547317,2.297677254,2.24385865,2.188788545,2.12597244,2.066798237,2.022512708,1.979143185,1.936782093,1.903652414,1.87756676,1.850076112,1.829946431,1.810637738,1.754564325,1.668250632,1.67679658,1.714773884,1.684691298,
Heavily indebted poor countries (HIPC),HPC,Population growth (annual %),SP.POP.GROW,,2.405510148,2.437774891,2.46773077,2.509605813,2.554355755,2.579802837,2.628950038,2.684035987,2.695978365,2.708839367,2.702539195,2.653821207,2.718907119,2.77380529,2.740903431,2.723064611,2.644345311,2.806602063,2.843101093,2.39495897,2.186931794,2.515677512,2.760012563,2.755923872,2.727102203,2.688465312,2.737271319,2.773101367,2.789400765,2.688042878,2.661217115,2.943755595,3.176116033,3.014550482,2.881011649,2.865884363,2.788826328,2.834715013,2.840709624,2.714489522,2.704477306,2.882667055,2.918462842,2.823751735,2.840943733,2.857039888,2.757612582,2.782580118,2.82877093,2.771111882,2.776864469,2.794706851,2.80676665,2.859087322,2.849453479,2.877001929,2.928693161,2.862286934,2.782351994,2.761998161,2.698376043,2.603930556,2.58382569,2.594275568,
Croatia,HRV,Population growth (annual %),SP.POP.GROW,,0.652691769,0.703493717,0.687764981,0.641644859,0.657318059,0.693189535,0.647030994,0.619120481,0.59065266,0.471663947,0.430213632,0.434347669,0.439359615,0.45752584,0.475900352,0.527232827,0.51975241,0.470732948,0.298457162,0.108846981,0.254622427,0.491578573,0.516977875,0.471830569,0.450494713,0.425115597,0.386822818,0.325689138,0.25314882,0.211805086,-1.866573531,-2.443855137,0.537147004,1.114544311,-0.690119514,-1.371540059,-0.487835515,-0.061431194,-0.432031162,-0.986434859,-3.847670727,0.058871291,0.028469923,0.027904279,0.128732789,0.023523124,-0.02185266,-0.011879458,-0.105027517,-0.226821271,-0.345264228,-0.474278461,-0.622679128,-0.766382113,-1.194101859,-1.086345981,-1.606755205,-1.310873245,-0.992302961,-0.894863744,-0.904000889,-0.603521952,0.104856226,0.168627949,
Haiti,HTI,Population growth (annual %),SP.POP.GROW,,1.812884185,1.829545754,1.770849022,1.780634035,1.853706767,1.848862352,1.85046379,1.860947859,1.863817675,1.8682103,1.883290003,1.90050673,1.910946262,1.918666636,1.926426005,1.928130614,1.926533362,1.92686695,1.925052366,1.922414934,1.926852696,1.941501832,1.954056874,1.965633937,1.984259022,2.003107836,2.021830854,2.042906993,2.055082998,2.059314269,2.036317434,1.997247118,1.964855946,1.926722582,1.905971181,1.899337016,1.885962174,1.864848292,1.846755221,1.84581483,1.823146995,1.778374589,1.753556208,1.701789921,1.680585947,1.699246509,1.686271234,1.666113624,1.652525294,1.166726714,1.132062798,1.549888603,1.503970787,1.465125763,1.435740358,1.398627233,1.361606624,1.327909594,1.294236606,1.241099932,1.156043394,1.127898287,1.156332636,1.154726712,
Hungary,HUN,Population growth (annual %),SP.POP.GROW,,0.444205979,0.327217725,0.269217562,0.31560145,0.277287713,0.302244758,0.372155583,0.383062187,0.417504517,0.379781402,0.286176099,0.298102515,0.322277028,0.446325662,0.588081809,0.550182989,0.464581043,0.344923733,0.180747382,0.065093729,0.006777772,-0.058952116,-0.150240753,-0.200097849,-0.181847163,-0.170579145,-0.167798788,-0.153272936,-1.088983893,-1.033117297,-0.005668183,-0.039136583,-0.114035594,-0.136883104,-0.139220004,-0.171771609,-0.201458936,-0.232679337,-0.28326061,-0.259764908,-0.229379183,-0.284751377,-0.286433268,-0.221439379,-0.198878843,-0.155716485,-0.154915158,-0.175097367,-0.154908814,-0.226013876,-0.283360436,-0.516437607,-0.481259647,-0.402887577,-0.359466253,-0.388598015,-0.338685889,-0.20368727,-0.125143122,-0.252049643,-0.409163639,-0.268850151,-0.134269182,-0.314510077,
IBRD only,IBD,Population growth (annual %),SP.POP.GROW,,1.150268855,1.793253427,2.355228165,2.304832784,2.269347087,2.335854127,2.27991677,2.287974745,2.316605071,2.326784962,2.315302266,2.214200751,2.160262276,2.089877451,2.004114634,1.940079392,1.876108735,1.851009821,1.842550862,1.838961797,1.863753324,1.923674501,1.901881406,1.866562911,1.860260213,1.872749629,1.887656634,1.860963458,1.80937831,1.744778863,1.66046201,1.567304751,1.502691053,1.450909912,1.415909612,1.389238248,1.364691487,1.339683277,1.290348969,1.232836028,1.19167654,1.138311153,1.110911124,1.107196136,1.08331442,1.056197462,1.010194955,1.02139935,1.033597174,1.026852784,1.041228452,1.085902699,1.094100172,1.056161159,0.992030937,0.953226968,0.931910507,0.860957218,0.789332313,0.683339753,0.550229089,0.467464056,0.486132478,0.547934947,
IDA & IBRD total,IBT,Population growth (annual %),SP.POP.GROW,,1.383332525,1.921822156,2.389999686,2.353874529,2.330333844,2.387652863,2.346202425,2.357879287,2.380644802,2.379875896,2.344649496,2.265834637,2.253542042,2.201134891,2.120076806,2.06091502,2.006125247,2.000919794,2.014141922,2.007768631,2.018938549,2.082688264,2.069734644,2.030937029,2.029273233,2.039368483,2.05108304,2.023284876,1.978554409,1.922201457,1.850783214,1.791292701,1.753563391,1.7021221,1.670614417,1.649596813,1.62077926,1.594724556,1.547260854,1.498009549,1.467185748,1.430246552,1.408155436,1.399565646,1.381424348,1.369830073,1.342711774,1.347483759,1.353173798,1.347405436,1.353370509,1.371174546,1.340517854,1.31718285,1.271454893,1.25294112,1.247783808,1.204615745,1.161643659,1.089756754,0.987844192,0.917750691,0.934540926,0.982261958,
IDA total,IDA,Population growth (annual %),SP.POP.GROW,,2.491840633,2.527016144,2.552914626,2.583103534,2.614508523,2.62824676,2.653062043,2.680255849,2.674868606,2.622999735,2.478733275,2.501212582,2.677060877,2.703430859,2.640351922,2.599554377,2.58174702,2.659609572,2.76161108,2.736460775,2.683104325,2.757636842,2.776143703,2.716765318,2.728423787,2.722719505,2.715740874,2.678040636,2.655309111,2.625842264,2.598743439,2.662656807,2.718301226,2.656542288,2.626682647,2.615053083,2.558977232,2.518069514,2.466492399,2.435582632,2.429487807,2.437071153,2.420009099,2.382049356,2.370447412,2.396770099,2.416632612,2.386138674,2.357507512,2.341602947,2.309061959,2.234109851,2.078017252,2.090546271,2.090558786,2.121621304,2.152428477,2.17643432,2.20023305,2.206972277,2.17204922,2.116479888,2.108901129,2.101819882,
IDA blend,IDB,Population growth (annual %),SP.POP.GROW,,2.548728405,2.597781257,2.646212385,2.672687687,2.700956801,2.717970747,2.717546809,2.734471598,2.761319668,2.77595897,2.727897963,2.743675163,2.833443899,2.887279988,2.946975844,2.976084448,3.013872658,3.042332813,3.149654771,3.553254927,3.611077908,3.308795003,3.058282955,2.956256803,3.071447187,3.110091819,3.096862313,3.069675313,3.021901948,3.036933146,2.992772679,2.818244722,2.727604342,2.700891239,2.709432786,2.723606035,2.677023317,2.645990711,2.573164263,2.599043784,2.637240716,2.506893835,2.469933557,2.515900733,2.487558308,2.487409804,2.601600163,2.622065041,2.582376062,2.552233335,2.440737086,2.276404505,2.127838069,2.076924007,2.024016849,1.960372859,1.978759514,2.001422392,1.984557121,2.003035668,2.015814441,1.967328007,1.899327895,1.873052234,
Indonesia,IDN,Population growth (annual %),SP.POP.GROW,,2.786730505,2.806984218,2.825096823,2.855542078,2.529001092,2.366701456,2.599661507,2.707510275,2.764212168,2.752319372,2.709185938,2.662250343,2.627164069,2.573798069,2.526107426,2.494203253,2.455218444,2.438469557,2.423094483,2.388619453,2.345215555,2.312379899,2.280231022,2.229708398,2.136305067,2.017499734,1.941418421,1.908866983,1.874583531,1.814426049,1.770136895,1.733225716,1.701584426,1.685951872,1.662785463,1.645461826,1.62630782,1.580718,1.503170964,1.432440078,1.388018928,1.355725755,1.323781977,1.271011395,1.283806612,1.325255023,1.320865324,1.29735043,1.266986251,1.260541401,1.276688306,1.285838166,1.240380016,1.175360912,1.122339818,1.0744882,1.022329398,0.96974341,0.935604959,0.849801187,0.704601322,0.74605047,0.842666137,0.813871513,
IDA only,IDX,Population growth (annual %),SP.POP.GROW,,2.465701295,2.494470002,2.509953887,2.54179766,2.574597249,2.586769783,2.623218844,2.655143299,2.634783531,2.551952154,2.362658014,2.387851582,2.603731166,2.617006202,2.495691725,2.421017466,2.37562248,2.475947163,2.574329411,2.338706702,2.225295212,2.482703558,2.634522493,2.596079249,2.554805736,2.525572179,2.52064585,2.476388184,2.46546247,2.411689925,2.392217218,2.58076467,2.713398458,2.633160693,2.583012857,2.557682557,2.49648139,2.450218052,2.409810237,2.348544459,2.31855032,2.39970723,2.39326866,2.310254874,2.307510847,2.347981545,2.316858904,2.25846395,2.235383744,2.226826548,2.237119706,2.210970563,2.050740989,2.098006376,2.126977259,2.209717435,2.247065147,2.271546405,2.317091763,2.317113656,2.256194357,2.196621882,2.221198714,2.223990912,
Isle of Man,IMN,Population growth (annual %),SP.POP.GROW,,-0.856980758,0.48796152,0.946459911,0.959754674,0.932664836,1.307052592,1.935859068,2.198268809,2.212028677,2.241942969,2.017485883,1.652145775,1.537786633,1.504351382,1.377039006,1.310608691,1.334268789,1.342345347,1.338797586,1.31486794,0.808261053,0.139230542,-0.086609551,-0.157946114,-0.197007719,0.455475783,1.384604443,1.637509469,1.650963356,1.647368023,1.286024471,0.777681019,0.593801568,0.557983694,0.483597217,0.743943247,1.189340436,1.297286028,1.249923774,1.155221589,1.074056403,1.03935219,0.996634656,0.947463429,0.91467904,0.973663909,1.056742634,1.081051858,1.103255456,1.119835216,0.605035871,-0.0557146,-0.230299966,-0.296370573,-0.357047279,-0.152042122,0.171180649,0.234150178,0.181209143,0.127365049,0.049949457,0.030908594,0.039216386,-0.005940888,
India,IND,Population growth (annual %),SP.POP.GROW,,2.396427702,2.371829249,2.346170045,2.341545782,2.251155212,2.139613512,2.14680271,2.14844716,2.113211729,2.219823787,2.216133259,2.195018242,2.250362553,2.300095067,2.361699217,2.352627775,2.358940447,2.3027301,2.325480377,2.384825791,2.349732026,2.333969644,2.340694095,2.345933005,2.327054084,2.308264588,2.280800256,2.250539235,2.234673403,2.213130886,2.167776687,2.129985193,2.099860694,2.044354181,2.012966329,1.997759094,1.966425184,1.935963844,1.902029192,1.879398262,1.870608221,1.811294241,1.734382044,1.703570468,1.631421469,1.564125225,1.505991444,1.438771817,1.44601732,1.454603619,1.416827615,1.374056166,1.332704305,1.261290271,1.192855634,1.191629664,1.162396143,1.097299067,1.040013951,0.973438647,0.82264822,0.790200541,0.88328954,0.890706547,
Not classified,INX,Population growth (annual %),SP.POP.GROW,,,,,,,,,,,,,,,,,,,,,,,,,,,,,,,,,,,,,,,,,,,,,,,,,,,,,,,,,,,,,,,,,,
Ireland,IRL,Population growth (annual %),SP.POP.GROW,,-0.148593694,0.411628632,0.583614784,0.486082927,0.374313833,0.398883656,0.471401693,0.450327334,0.584796988,0.835333131,1.169898876,1.48620228,1.603875761,1.656675285,1.645353656,1.509145575,1.35426325,1.418806793,1.332288816,1.150818338,1.171034967,0.94541547,0.708938993,0.619707471,0.160073466,0.045438028,0.010367602,-0.427686064,-0.396250752,0.084413021,0.574927781,0.682256778,0.499840487,0.394187639,0.512695055,0.791271347,1.002814735,1.043076836,1.127299556,1.333042666,1.59215149,1.685148857,1.628950962,1.828313818,2.178703014,2.696005644,2.890960005,2.038708011,1.015663276,0.544884384,0.436072439,0.423743803,0.526556159,0.731001377,0.944845307,1.284054851,1.349798866,1.451410795,1.588654096,1.26378913,1.395799666,1.981016641,1.875739002,1.573758437,
"Iran, Islamic Rep.",IRN,Population growth (annual %),SP.POP.GROW,,3.006417798,3.036627017,3.070154363,3.113792717,3.140710717,3.115449295,3.047117213,2.992720103,3.00176154,3.036246905,2.987914317,2.927540787,2.927691937,2.960240119,3.022808299,3.013906221,3.097331106,3.26708126,3.437509717,3.622272411,5.248534536,5.294049819,3.892764777,3.761681109,3.673362659,3.689989523,3.584341472,3.227701834,2.920685201,2.911406766,2.715178052,1.977506176,0.356575348,0.190450849,1.107245178,1.080432486,1.1987693,1.373655268,1.424300182,1.476195633,1.543828189,0.825780986,1.108388828,2.139220557,2.213049509,2.154440929,1.635088653,1.214476845,1.241851061,1.251673922,1.235867545,1.251307434,1.306905057,1.343129076,1.361594788,1.433485586,1.438704421,1.275246569,1.078317209,0.768757498,0.831029237,1.201002859,1.204081856,1.052869222,
Iraq,IRQ,Population growth (annual %),SP.POP.GROW,,2.426872892,3.002903266,3.369319088,3.35518698,3.379679056,3.39170597,3.403542832,3.427887913,3.444018384,3.472375324,3.454547783,3.436611486,3.44615682,3.38675844,3.310340397,3.272476882,3.326082917,3.367422693,3.217485563,3.151156591,3.00322157,2.813753645,2.971308802,3.119044977,2.405065527,2.460733953,2.742318434,2.320005527,2.659499082,1.240017963,1.052655325,2.959018981,4.802528304,4.772578764,3.349717939,3.191889139,3.092298816,3.141804875,3.233785771,3.277527852,3.11897283,3.159049888,3.015232358,2.851283058,2.963743471,0.733263441,-0.78904254,2.020299895,3.683912963,3.231385218,3.531816785,4.538921682,4.721566834,3.531019332,2.727109769,2.391512274,2.230550464,2.332357697,2.275011157,2.219386695,2.241273471,2.293696592,2.251488908,2.124767849,
Iceland,ISL,Population growth (annual %),SP.POP.GROW,,1.948719743,1.853365244,1.77978836,1.777772399,1.732678311,1.693452457,1.613441336,1.36770413,0.929223669,0.524268808,0.808703279,1.463775579,1.509090126,1.352920811,1.27890789,0.992857359,0.744426487,0.780538211,0.978479646,1.058896411,1.140583261,1.336610409,1.32404443,1.06362548,0.787667614,0.732588891,1.095629101,1.566217581,1.238396064,0.777662199,1.15914942,1.256632077,1.016811928,0.866835947,0.542467998,0.539913017,0.819197091,1.070859043,1.209238786,1.369192833,1.329295255,0.892596377,0.69249762,0.877936158,1.582891978,2.34742243,2.530085489,1.859572171,0.341241979,-0.143903,0.305468368,0.532100735,0.9458859,1.112504755,1.041940387,1.388081496,2.345582676,2.678142769,2.198932258,1.623086251,1.63931664,2.513773433,0.953546915,0.218346071,
Israel,ISR,Population growth (annual %),SP.POP.GROW,,3.302448041,4.824517533,3.681922745,3.95601647,3.493805136,2.542509837,4.317752921,2.090919722,2.605781239,3.315976347,3.14439276,2.541555492,4.046614977,2.975426108,2.283471582,2.232491116,2.239108379,2.108800589,2.568359473,2.400950403,1.991385694,1.878107037,1.819125877,1.306891786,1.763630078,1.547147598,1.615171246,1.65705755,1.696469257,3.094603009,6.017008783,3.455466899,2.658091779,2.589262849,2.668286957,2.616505943,2.498395043,2.28687869,2.546433887,2.642331913,2.357117299,2.014058394,1.805519759,1.767623642,1.762897661,1.767805874,1.776100869,1.776579106,2.390207338,1.82675241,1.848077862,1.846151321,1.866052895,1.919543799,1.981288976,1.960348962,1.938725674,1.926622865,1.90898264,1.763679392,1.681905517,1.966368848,3.00437406,1.26518834,
Italy,ITA,Population growth (annual %),SP.POP.GROW,,0.668382874,0.67662299,0.729553242,0.8226237,0.842108617,0.777304407,0.723778173,0.631737253,0.566058509,0.528877032,0.466452872,0.567712499,0.678187648,0.654388936,0.597247219,0.498851058,0.424722057,0.35631295,0.289147208,0.205999752,0.12005432,0.07408186,0.036294637,0.022350913,0.028899939,0.005449282,0.01020512,0.048320597,0.075009005,0.083708573,0.069231189,0.067924433,0.061135853,0.020372074,0.001588562,0.028104408,0.05290695,0.028774016,0.016820844,0.045303631,0.061224157,0.197854296,0.540420008,0.744609563,0.583653376,0.400079311,0.608396959,0.771291301,0.579748621,0.442226157,0.346167211,0.273513088,0.199772918,0.01507722,-0.151143561,-0.190090486,-0.188100913,0.243703643,-0.700011056,-0.487095092,-0.515599999,-0.202300867,-0.049917846,-0.053438738,
Jamaica,JAM,Population growth (annual %),SP.POP.GROW,,1.39960988,1.404749773,1.414112553,1.411696385,1.344294106,1.251635769,1.18691639,1.146276362,1.158192693,1.235858436,1.350232733,1.450457862,1.524757105,1.502359282,1.400311718,1.308746146,1.218555808,1.160932046,1.169833777,1.227265879,1.30388033,1.37384585,1.394253041,1.32153053,1.145687667,0.932877567,0.762099175,0.682868345,0.685646376,0.757565161,0.878194948,0.987746267,1.034552044,1.02755427,1.002184909,0.967723679,0.922071446,0.85540886,0.77755521,0.693820205,0.633651756,0.614211875,0.606020701,0.585569135,0.553843332,0.516033524,0.473963945,0.435156176,0.415917475,0.421944554,0.432960044,0.431454273,0.405211604,0.360811345,0.313958648,0.263022586,0.207939419,0.153765356,0.112486031,0.264166648,0.244971341,0.051507657,0.022609893,-0.021518021,
Jordan,JOR,Population growth (annual %),SP.POP.GROW,,5.040294406,4.675455538,4.588218032,5.04236284,5.978136616,6.932268199,7.58243217,7.665678712,7.076427376,6.062094808,4.983855431,4.13250455,3.638843236,3.377890347,3.203548647,3.065754437,3.058939153,3.149143727,3.317702824,3.660516048,4.0065424,4.26834681,4.447743436,4.52238513,4.569564484,4.609147031,4.625130306,4.6607576,4.787586848,7.815196245,7.785242866,5.286526779,5.200191381,4.791034027,4.095487454,3.320045031,2.686609482,2.311413859,2.148591838,2.072604791,2.056854723,2.108443768,2.214620774,2.412958417,2.477130681,6.388707243,6.035299827,2.354279761,2.149687861,2.151093317,2.482027727,1.41635205,5.196414679,9.539208986,8.217983292,4.723252544,2.2516003,2.204129984,1.983438225,1.795432282,1.834191627,1.701517028,1.612250502,0.988722042,
Japan,JPN,Population growth (annual %),SP.POP.GROW,,0.896033677,0.929166208,1.013460226,1.040449628,1.076708459,0.913610314,1.034578744,1.126996845,1.188814867,1.151640472,2.194253507,1.400779181,1.407188741,1.329582019,1.272707553,1.07155981,0.968032726,0.910030976,0.846614503,0.788153476,0.728460836,0.693656149,0.695583303,0.648316737,0.625935964,0.532357366,0.482035497,0.416110342,0.399761165,0.331782885,0.392819832,0.371192387,0.324167599,0.279192364,0.234590173,0.226884732,0.238271218,0.27172961,0.182586374,0.167275578,0.240952588,0.232527187,0.213980949,0.033662258,0.009392097,0.063373589,0.114908848,0.048425395,-0.012494631,0.017960542,-0.185226486,-0.159710676,-0.144271883,-0.132694222,-0.106124994,-0.051137415,-0.081874296,-0.126880068,-0.140464978,-0.294194618,-0.459952416,-0.443851919,-0.487370782,-0.435651699,
Kazakhstan,KAZ,Population growth (annual %),SP.POP.GROW,,3.256107866,3.20054379,3.117612626,2.970090552,2.793772328,2.655247246,2.58339566,2.512567387,2.30528585,2.139183285,2.117330342,2.082916909,1.959724748,1.84869576,1.81385385,2.150981891,2.501025976,2.465185448,1.799962796,1.156624158,1.116515254,1.100184882,1.110192991,1.13659759,1.169988818,1.434430316,1.616440379,1.521863653,1.278031744,0.919690778,0.723421106,0.312182212,-0.335989057,-1.344587339,-1.854924699,-1.897743902,-2.296985102,-2.495888928,-1.234024816,0.292205742,0.479119437,0.519509431,0.577653086,0.650552959,0.741451488,0.845600612,0.948669591,1.036065761,1.170011711,1.29700375,1.352073637,1.39710899,1.436497842,1.468856105,1.492398798,1.533352974,1.55792352,1.494233229,1.45157996,1.408915638,1.333257227,1.46316879,1.464151517,1.282763646,
Kenya,KEN,Population growth (annual %),SP.POP.GROW,,3.730095942,3.826051588,3.883722954,3.927032248,3.982075963,3.986045239,3.966867565,3.95367414,3.923159834,3.847405239,3.628678044,3.477379963,3.452513207,3.386781369,3.3228335,3.247198015,3.320171542,3.442140365,3.465019144,3.544262361,3.575172962,3.577485664,3.653201932,3.677578705,3.642622074,3.580008375,3.526968804,3.52708554,3.506839317,3.440456354,3.239976247,3.064831685,2.968837132,2.903399231,2.839065572,2.752780216,2.732764967,2.75957646,2.884300501,3.012939945,3.136292065,3.14626442,3.085288988,3.104824764,3.072231234,3.047048674,3.022209212,3.029649383,3.021108603,2.901588455,2.750137437,2.608074418,2.472107524,2.339011922,2.227032943,2.207756846,2.17412855,2.030837442,1.963815498,1.961976337,1.900408589,1.922976082,1.982960285,1.957514316,
Kyrgyz Republic,KGZ,Population growth (annual %),SP.POP.GROW,,3.776249233,3.3777425,3.383440848,3.324812257,3.078015946,3.136852074,3.012208894,2.945413469,2.678215772,2.223945997,2.086264695,2.157026598,2.101967808,2.19837318,2.102497532,1.993721223,1.92262579,1.829019298,1.84403799,1.824471061,1.873206267,1.974517144,2.079679038,2.014330426,1.869355155,1.891626258,1.90236035,1.764962711,2.090178019,1.925304701,1.635249604,1.153054405,0.030490988,-0.037821726,1.000171083,1.479726619,1.458128311,1.533905535,1.486212239,1.189895651,0.949086384,0.918525462,1.048523401,1.210201466,1.128384592,1.073759092,0.953819649,0.951050106,1.324478393,1.426166292,1.444197176,1.884012766,2.18875702,2.203256496,2.246692574,2.215364566,2.104830825,2.15497986,2.242364151,2.048385454,1.835810169,1.793654599,1.769570373,1.705407304,
Cambodia,KHM,Population growth (annual %),SP.POP.GROW,,2.199535663,2.243293524,2.177964819,2.093135004,2.098697426,2.101234751,2.101723294,2.09972068,2.102288026,0.520346115,-0.27604715,0.797400734,0.981697231,0.643559263,-3.021178162,-7.023447113,-7.907508164,-8.403644961,-2.385346146,2.159039144,1.61430514,2.834590203,3.608764851,3.639599999,3.342352856,3.92459581,4.240500535,3.800671415,3.766377185,4.17106847,4.144880217,5.396686714,6.018721508,6.978602997,8.098189551,7.52306354,6.883669247,4.124227501,1.706658914,1.59016993,1.561668659,1.54239258,1.511071915,1.47375057,1.457614537,1.475943055,1.475544331,1.51791486,1.576656181,1.556217454,1.518392423,1.499984187,1.49510213,1.482437252,1.46023763,1.458607676,1.381765961,1.243682774,1.26258301,1.470629886,1.476778362,1.330888131,1.283206776,1.225939863,
Kiribati,KIR,Population growth (annual %),SP.POP.GROW,,2.442517738,2.483241404,2.497912171,2.52154224,2.560622054,1.828279064,1.043684819,0.964495149,1.485428022,2.01991587,1.966282939,1.901602518,1.734674764,0.647315093,-0.379687215,-0.535973925,-0.65162972,-0.670936747,0.513180506,1.60900273,1.578694089,1.617535566,1.626077634,1.636859656,1.925297088,2.323318057,2.429868735,2.400228573,2.379516588,2.30817939,1.999775679,1.654497249,1.533752794,1.485593411,1.504477851,1.695421339,1.827717725,1.778568002,1.700439738,1.692322693,1.924640852,2.11290507,2.050072065,2.007846281,2.009134138,2.001561377,2.029908629,2.088398164,2.131183851,2.0793514,1.771636163,1.468642247,1.374500903,1.298651544,1.282858625,1.413580252,1.505349825,1.492854481,1.49349334,1.742304693,1.790393476,1.616440317,1.567338424,1.488898419,
St. Kitts and Nevis,KNA,Population growth (annual %),SP.POP.GROW,,-0.856551699,-1.590269863,-1.890660755,-2.108486216,-2.294596397,-2.456649371,-2.625451552,-2.837957804,-3.257042332,-2.490802579,-0.900785265,-0.392117367,-0.34807174,-0.324134594,-0.30225339,-0.284769621,-0.285582875,-0.325729425,-0.426667314,-0.426161818,-0.355356431,-0.389534694,-0.466618809,-0.523406408,-0.569137236,-0.613234327,-0.650871328,-0.69409331,-0.743098017,-0.803058879,-0.18319104,0.880693468,1.286057966,1.286485738,1.307954248,1.293399719,1.276884274,1.303978397,1.361210196,1.440218997,1.127372971,0.564388463,0.338409798,0.300570011,0.263067255,0.283852845,0.293755237,0.275815058,0.1727982,-0.149314249,0.085349726,0.313035957,0.076512724,0.042481787,-0.004247367,-0.025487989,-0.053120851,-0.089306604,-0.119199674,-0.174799132,-0.228551999,-0.115542635,0.10484985,0.181622041,
"Korea, Rep.",KOR,Population growth (annual %),SP.POP.GROW,,2.967243973,2.859320812,2.784820053,2.615394635,2.542150951,2.514387432,2.335013693,2.320351091,2.263434039,2.184173947,1.971323658,1.87599937,1.768292712,1.71270542,1.682000055,1.596558594,1.559039386,1.519196719,1.516874868,1.558462678,1.560203992,1.545468533,1.474218821,1.234018311,0.984565597,0.994723868,0.985133112,0.979189224,0.989093268,0.985130494,0.989785982,1.039161356,1.015821437,1.006157245,1.006200855,0.952779422,0.937713809,0.721865018,0.710794593,0.836180864,0.767241775,0.577957277,0.518321453,0.396331437,0.211997784,0.52519994,0.505234033,0.759316682,0.514682828,0.498225084,0.768971759,0.525713661,0.455218622,0.628149861,0.527288497,0.396851823,0.280968018,0.433519028,0.347874969,0.137869266,-0.128757315,-0.187486567,0.077477253,0.074317867,
Kuwait,KWT,Population growth (annual %),SP.POP.GROW,,10.62939833,10.69505443,10.51776394,10.09305013,9.674547122,9.408596919,9.251194786,9.069408584,8.596631078,7.659754904,6.68775425,6.193884122,6.039961864,6.022851731,6.209228285,6.470012314,6.511997258,6.336620423,6.022081727,5.551957461,5.094281677,4.871960942,4.803999916,4.286398908,3.960430688,4.049315459,3.998730238,3.903018525,3.80366037,-27.47078648,-22.05177875,19.04785987,2.249187074,-0.46695556,1.025271738,2.856961157,3.265677304,3.118051816,2.976878939,2.837165773,2.695812572,2.549390238,2.393818643,2.223516281,3.617419764,5.562421093,5.877544677,5.565515676,5.290953529,5.155060491,6.23757793,6.317322112,4.989674043,4.406572078,4.4991022,4.325949068,3.69493434,3.980154823,2.710713324,-0.951064117,-0.899478872,5.113181109,5.588136781,0.899286655,
Latin America & Caribbean (excluding high income),LAC,Population growth (annual %),SP.POP.GROW,,2.78302087,2.792870974,2.78578289,2.767082574,2.735186245,2.694245403,2.649919474,2.604961194,2.563661006,2.514027233,2.477222727,2.456741246,2.43221244,2.401383446,2.364128736,2.329849158,2.316043589,2.308956311,2.28164967,2.250172101,2.203973566,2.166592218,2.157697373,2.133295155,2.08586857,2.033236784,1.988362524,1.955199847,1.917696723,1.886207286,1.835621221,1.78927838,1.748346912,1.701101419,1.66907392,1.628443701,1.591492824,1.570400352,1.532960244,1.464409255,1.396276974,1.340572005,1.290239048,1.248406987,1.216684541,1.188051773,1.169883044,1.1530934,1.127302415,1.09312878,1.07898135,1.068460326,1.045112283,1.021003629,0.987219044,0.968867582,0.986579806,1.018711345,0.981674475,0.830265805,0.653934285,0.644881794,0.721497404,0.721104693,
Lao PDR,LAO,Population growth (annual %),SP.POP.GROW,,2.250316917,2.283350061,2.278046865,2.253742466,2.27180252,2.283467538,2.302737006,2.330694611,2.351284335,2.378244776,2.40285563,2.421668666,2.429956276,2.381662412,2.212264513,1.955618114,1.748063812,1.679258328,1.76449927,1.974400009,2.224321507,2.446922618,2.602768829,2.698146805,2.769067714,2.81379366,2.842127574,2.864104861,2.865130348,2.845823241,2.816282439,2.769076699,2.71337335,2.615618637,2.468419377,2.331293269,2.085508863,1.851061244,1.747472234,1.678985478,1.648398906,1.606287149,1.539640952,1.457937448,1.508841189,1.583387985,1.548123525,1.51959405,1.49588633,1.471928721,1.448149498,1.42735442,1.407554774,1.378768427,1.458364749,1.563175613,1.570297226,1.55377802,1.525763046,1.493386752,1.441416409,1.409716701,1.392376672,1.35832703,
Lebanon,LBN,Population growth (annual %),SP.POP.GROW,,3.055699551,3.165123177,3.131166074,3.010930899,2.830133438,2.80536328,2.685402278,2.666631519,2.689927638,2.458827474,2.491630064,2.559237731,2.487249145,2.390611762,2.177334768,1.22806295,1.300380674,2.167632464,2.10173096,2.132353207,2.157314475,1.515552321,1.302960728,1.848657102,2.029293576,2.546694791,2.548478315,2.02030086,2.02404239,1.963138465,2.030249164,2.11593671,1.936525255,1.793770534,1.807212876,1.852241105,1.808285017,1.758278359,1.754220087,1.725524567,1.662524958,1.389375276,1.379572825,1.616971604,1.549546607,1.69887292,1.938143808,1.663096479,1.349797119,0.976748359,1.079823792,2.704872967,9.254906493,9.992304727,1.957695836,-2.335437494,-2.610571165,-2.898842971,-3.21837129,-1.603862582,0.275364168,0.460053063,0.503630954,0.560805065,
Liberia,LBR,Population growth (annual %),SP.POP.GROW,,2.44416843,2.480044697,2.505850963,2.520567572,2.542274828,2.540874948,2.538661124,2.550679438,2.555808611,2.560043353,2.518080515,2.53352604,2.617847713,2.665246002,2.702456505,2.724334235,2.811433493,2.914498921,2.95153315,2.974469975,2.942614489,2.887445943,2.988527846,3.093350713,3.046419065,2.988626603,2.933279571,2.890314935,2.856986706,-12.42509051,-12.79912722,5.757042727,3.911240053,-0.241483732,0.890656465,2.868659857,7.783871157,10.12586853,5.520895656,3.702568448,2.935237571,2.600553744,0.79655231,1.190500873,4.464199764,5.589721529,4.980556075,4.058018063,3.143600246,2.896058116,3.920469879,3.534486944,2.198276931,2.082175325,2.062970967,2.043121555,1.943247767,1.956452314,1.982254929,2.074833406,2.110987385,2.143881704,2.203906961,2.157253465,
Libya,LBY,Population growth (annual %),SP.POP.GROW,,4.121112363,4.171033216,4.13636121,3.672380309,2.829202679,2.466428783,2.62265176,2.834896853,3.101375491,3.33435659,3.34983824,3.313691888,3.881389813,4.973968956,5.571044296,5.657539317,5.723588786,5.764700038,5.77026964,5.724770841,5.596458946,2.811932375,-0.15594344,1.459386972,3.261650856,2.998096749,2.757853488,2.581943904,2.451328505,2.328670286,2.206206991,2.089451972,1.977853316,1.86276943,1.743430859,1.628256686,1.536953336,1.490717335,1.49314341,1.653226142,1.841888491,1.920339978,1.994852545,2.065837117,2.10615512,2.051138853,2.055069468,2.124099597,2.083154076,2.039057706,-2.408581416,-2.617431823,2.007443919,1.926310832,1.613838978,1.523995146,1.595199924,1.623327086,1.477959507,1.348449803,1.266199795,1.234504479,1.126743092,1.026299357,
St. Lucia,LCA,Population growth (annual %),SP.POP.GROW,,0.972733721,1.079826445,1.067243742,1.02696399,1.018576008,0.990026254,1.051700127,1.169966238,1.188832786,1.254381364,1.346967589,1.365863773,1.401428088,1.457264423,1.500476284,1.523668285,1.509562564,1.477617342,1.451847135,1.488090023,1.560400293,1.572991619,1.577425295,1.604883104,1.632969712,1.597588491,1.503435183,1.322033817,1.113774441,0.980439316,1.199104415,1.491827039,1.478247867,1.494420387,1.576377943,1.492105206,1.407920816,1.372211894,1.300684085,1.214027431,1.016778243,0.872385751,0.822512392,0.771973334,0.734635033,0.716076161,0.669266876,0.623950967,0.626557736,0.6086146,0.52231325,0.45646269,0.452081381,0.442581735,0.439488106,0.422763651,0.395468543,0.382048184,0.36314669,0.330981924,0.152478363,0.144975019,0.281512533,0.255689791,
Latin America & Caribbean,LCN,Population growth (annual %),SP.POP.GROW,,2.757571971,2.765107087,2.758293042,2.73320427,2.696190952,2.651431148,2.603342093,2.558042725,2.51734233,2.471306993,2.439349982,2.420213638,2.398870716,2.369129157,2.332452256,2.298918079,2.282772684,2.275010289,2.247788471,2.218667427,2.174114814,2.139291751,2.130865301,2.108606385,2.065999027,2.019467183,1.979464746,1.948760319,1.913381007,1.884386268,1.836019,1.790974965,1.75177581,1.705223855,1.671963798,1.633356218,1.594209028,1.567934369,1.528678015,1.460066858,1.393447544,1.340366127,1.291767145,1.249847423,1.207945076,1.187475789,1.166859019,1.148224321,1.120726698,1.088737947,1.071953602,1.060445118,1.037698352,1.011231024,0.977351891,0.943927001,0.904629117,0.847126274,0.812117996,0.705164689,0.577399781,0.594629198,0.687927068,0.692510866,
Least developed countries: UN classification,LDC,Population growth (annual %),SP.POP.GROW,,2.393633169,2.435774252,2.452195366,2.487009983,2.524288438,2.536860884,2.577565096,2.616571472,2.600060504,2.520188727,2.325906126,2.367581047,2.616968092,2.632822855,2.49726034,2.412191449,2.361412226,2.473615661,2.585256464,2.332716511,2.218157506,2.51967269,2.703832696,2.682948542,2.637718812,2.582131474,2.570139662,2.524388539,2.514896308,2.474567235,2.452239297,2.651327898,2.809760946,2.725078685,2.659800523,2.626556354,2.569256174,2.547482025,2.496769569,2.405857227,2.383478706,2.489203936,2.491782913,2.399056665,2.397738906,2.401252967,2.319560604,2.32409933,2.351137985,2.325427133,2.349798467,2.369804887,2.378649019,2.36910387,2.336053973,2.352016655,2.364573626,2.362070675,2.381913214,2.392906857,2.329456228,2.26507403,2.286320073,2.295331206,
Low income,LIC,Population growth (annual %),SP.POP.GROW,,2.325862152,2.354608997,2.38821692,2.446160672,2.492143586,2.53285021,2.604605565,2.646666375,2.632862337,2.62800866,2.608490413,2.540733083,2.605800407,2.66398228,2.6293402,2.602760009,2.612917221,2.883990573,2.986473199,2.509124358,1.856770422,2.124294331,2.664212473,2.691131043,2.626410176,2.534591127,2.501493892,2.415999246,2.478742434,2.399893938,2.255799419,2.705361939,3.082565814,2.825676066,2.762357044,2.862010068,2.75586524,2.752918991,2.776619416,2.619409688,2.630765966,2.905374809,2.949632394,2.824186513,2.860006705,2.981770645,2.934616322,2.852675575,2.845492817,2.818816995,2.787948136,2.679480982,2.489403734,2.417999051,2.45405293,2.595718753,2.705020498,2.802050042,2.877610646,2.833356905,2.715619968,2.638973054,2.717385927,2.732015084,
Liechtenstein,LIE,Population growth (annual %),SP.POP.GROW,,2.556548262,3.298667378,3.65867011,3.59352604,2.318944492,2.138981176,2.840457395,3.219005072,1.188019412,0.265252145,2.152633425,2.433121035,2.907789968,2.881071319,1.670335048,0.885109319,1.583538244,2.369223412,2.16201137,-0.246638213,0.629092629,2.24165911,0.724847104,0.565591041,1.054727958,1.330494902,1.164352966,1.408905388,1.311669032,1.489713664,1.611741331,1.420922676,1.547354873,1.258293654,0.999257245,0.831598897,0.639205581,1.386349708,1.731170658,1.307329075,1.667743206,1.495064327,1.136157884,1.074055213,0.884398828,0.813874674,0.640125089,0.596594687,0.755462415,0.780339504,0.801840224,0.945614085,0.888098068,0.711286542,0.658266807,0.590348743,0.650125179,0.745332025,0.825428791,0.872668969,0.719750043,0.790598335,0.889858277,1.504461972,
Sri Lanka,LKA,Population growth (annual %),SP.POP.GROW,,2.433389408,2.438682583,2.447062269,2.455003913,2.443919285,2.415974642,2.415177759,2.403901382,2.339227771,2.248992858,2.132209984,2.029120786,1.946020612,1.856772954,1.811957421,1.812294383,1.81431193,1.838991223,1.865671329,1.823917336,1.679251016,1.231853378,0.666511331,0.344242146,0.660261572,1.196494192,1.17115206,1.012941946,1.051360347,0.63741176,0.748734482,1.589272508,1.697847894,1.456834411,1.655010885,1.922578451,1.898543627,1.888022013,1.857918022,1.821928939,1.580290069,1.042436511,0.733298047,0.679757715,0.639733163,0.669909172,0.686177994,0.665501489,0.614014272,0.589181271,0.620507028,0.760628048,-2.799682733,0.933207943,0.919811027,1.133277498,1.143887584,1.006431981,0.611875946,0.53062656,1.075449957,0.11277264,-0.65132077,-0.550589519,
Lower middle income,LMC,Population growth (annual %),SP.POP.GROW,,2.483854088,2.480405793,2.481665248,2.47973166,2.433731642,2.374517001,2.37926667,2.38062038,2.357325687,2.381251101,2.308382966,2.317281036,2.418573709,2.444075459,2.459458619,2.447915657,2.464274631,2.44561075,2.484538631,2.59653985,2.607202215,2.570256235,2.54692992,2.525146062,2.515311479,2.494200912,2.461491667,2.425809508,2.393937729,2.514121946,2.352573067,2.281571124,2.252645575,2.209831647,2.179509499,2.147619005,2.117521163,2.094681987,2.047858211,2.021844706,1.997936029,1.920855632,1.866070262,1.849893938,1.797702647,1.775902276,1.781670484,1.739516183,1.720426509,1.719184624,1.69326745,1.655053594,1.606784249,1.600875306,1.528787431,1.492549533,1.462250692,1.416593167,1.377166022,1.349230407,1.266843365,1.227049956,1.261803675,1.25676756,
Low & middle income,LMY,Population growth (annual %),SP.POP.GROW,,1.393422755,1.984967014,2.49667077,2.45513768,2.433931459,2.526018923,2.471207294,2.483283936,2.510187443,2.511826245,2.472132607,2.379765864,2.362412909,2.300577516,2.209042939,2.135866029,2.082723664,2.081410135,2.098547018,2.098949332,2.090863768,2.146622848,2.145572342,2.098942262,2.094290964,2.10580175,2.113483269,2.080586366,2.037996575,2.044660093,1.91344712,1.857004709,1.820779805,1.762724287,1.730144598,1.712384826,1.681267452,1.651090999,1.604036181,1.562846517,1.531571112,1.489806326,1.458456695,1.446520729,1.426275115,1.410332015,1.379577278,1.380891275,1.381391802,1.375614248,1.376510085,1.392003946,1.361183855,1.335526379,1.287802493,1.269239679,1.26926808,1.234348351,1.190746478,1.120475077,1.014961936,0.930421994,0.941953848,0.989514171,
Lesotho,LSO,Population growth (annual %),SP.POP.GROW,,2.986063055,2.984699414,2.968866355,2.944163324,2.928941727,3.20080782,3.576622475,3.665437801,3.634933681,3.603031463,3.563148463,3.517717648,3.47032255,3.446847405,3.455659146,3.208487124,2.890518522,2.848496143,2.890887431,2.910880713,2.911166525,2.903632973,2.888062299,2.863497138,2.834272003,2.538278455,2.211200965,2.117334664,2.025229683,1.91128488,1.789879591,1.663003085,1.510942325,1.353408829,1.223481057,1.069417701,0.793429719,0.4976706,0.259167017,0.033889448,-0.152817947,-0.309045449,-0.483449852,-0.704216158,-0.920090941,-0.411119834,0.420949997,0.677229463,0.7266543,0.772821659,0.885634152,1.005106078,1.082912996,1.140322752,1.17199707,1.218943021,1.24492807,1.220690194,1.174698371,1.18432063,1.148042669,1.080480169,1.103286783,1.116448944,
Late-demographic dividend,LTE,Population growth (annual %),SP.POP.GROW,,0.189405579,1.298211024,2.291864604,2.204841073,2.216009269,2.39184513,2.267024756,2.27801994,2.34684296,2.341539064,2.333957864,2.165910076,2.053660315,1.913553796,1.72946169,1.610703129,1.49830794,1.479537771,1.449428517,1.401763687,1.413409963,1.516936009,1.489096647,1.415519198,1.438754388,1.502121785,1.557826944,1.5409374,1.47975028,1.351592184,1.268754826,1.199679951,1.114434578,1.07374051,1.032149262,0.996330361,0.971374462,0.932791246,0.864803939,0.783673441,0.732255751,0.677726687,0.65113786,0.634259966,0.626338128,0.637879071,0.648669347,0.651284273,0.618438046,0.562341467,0.624147032,0.733601388,0.7074638,0.721745429,0.667279758,0.650110367,0.659615209,0.546388196,0.455107617,0.314567007,0.171481787,0.158140022,0.107401571,0.100178205,
Lithuania,LTU,Population growth (annual %),SP.POP.GROW,,1.606574959,1.399730954,1.235633443,1.242699159,1.227445511,1.224197913,1.201180912,1.125231323,0.920478953,1.036281026,1.245582855,1.081907096,0.954349569,0.903795649,0.844284714,0.814807302,0.789147833,0.726941155,0.540861205,0.451032941,0.576822232,0.703386263,0.807019735,0.829019019,0.859591157,0.965016473,1.041052831,1.063956866,0.795883483,0.36799903,0.170116869,-0.108586325,-0.474107543,-0.694003963,-0.769728018,-0.760343408,-0.737830358,-0.724436207,-0.709489234,-0.70338544,-0.824008723,-0.802765711,-0.812278097,-1.122991275,-1.628401126,-1.596378318,-1.187947957,-1.028483175,-1.110345754,-2.09694342,-2.258463899,-1.295492765,-0.937390958,-0.813668566,-0.894068259,-1.167306516,-1.212819702,-0.82796893,-0.288120401,-0.02561613,-0.070798681,0.824789131,1.400844618,0.579633465,
Luxembourg,LUX,Population growth (annual %),SP.POP.GROW,,0.911525536,1.224930819,1.039010665,1.11990125,1.137668698,0.719876267,0.328903405,0.254902537,0.49008786,0.493889467,0.953656918,1.213040312,1.104666566,1.304058168,1.092447839,0.494942519,0.173662847,0.179439197,0.234251269,0.355980932,0.294773135,0.082107428,0.026533652,0.102785608,0.193256819,0.448670999,0.648083393,0.725614579,0.972627746,1.251745707,1.33968317,1.328347571,1.342387029,1.361840137,1.404742464,1.361143941,1.253502484,1.243870803,1.350621285,1.344082996,1.190456345,1.047660816,1.21520088,1.421332565,1.530054663,1.595051918,1.544386847,1.787496632,1.85177523,1.825405804,2.222660503,2.4015419,2.311176253,2.356978705,2.359951181,2.155311988,2.430976418,1.928837514,1.96284492,1.666358674,1.518349367,2.016667902,2.020025747,1.575389017,
Latvia,LVA,Population growth (annual %),SP.POP.GROW,,1.483626751,1.333809317,1.335613098,1.3345686,1.122646396,0.760499724,0.785400368,0.968646698,0.838010969,0.680132523,0.727478965,0.808250226,0.837374915,0.880573503,0.77428454,0.603153488,0.568356002,0.515675053,0.321031541,0.229111155,0.306890036,0.46169759,0.588173151,0.627872772,0.654593344,0.811742391,1.02138562,1.017088826,0.5082722,-0.142736398,-0.473114694,-1.376795066,-1.971932096,-1.673828701,-1.425810812,-1.126375096,-0.996762289,-0.942918937,-0.813961204,-0.963935407,-1.291486944,-1.161838224,-0.966400801,-1.091312956,-1.080571457,-0.917272957,-0.816175507,-1.050939544,-1.651024968,-2.08130509,-1.820767002,-1.240359153,-1.071034803,-0.941743354,-0.818626341,-0.913885332,-0.886215573,-0.779138396,-0.69523914,-0.701211571,-0.843294678,-0.271369578,0.229970501,-0.937968397,
"Macao SAR, China",MAC,Population growth (annual %),SP.POP.GROW,,0.004615766,2.555865872,2.403260588,21.42591139,16.31008434,-1.017465212,-0.962624345,-0.960737081,-1.023703554,0.815292929,-3.960929507,-0.95441886,-0.922421217,-0.931009104,-0.981731122,-1.097520514,-1.131161351,-0.236381329,1.197619105,1.874330958,2.126202503,3.944850269,5.593594649,4.909072197,2.392918299,2.16824542,3.583066986,2.938318475,2.839061372,2.984843964,4.86550958,5.329612174,3.471006809,3.278982282,3.101600809,1.407107156,0.528593254,1.191057434,1.200438095,0.745924205,0.763450787,1.031764283,1.179151984,2.471460535,4.05140518,5.225376224,4.315240988,3.730651164,-1.059784949,0.373134761,2.31926464,3.275460598,4.139235481,4.911995958,3.353152987,1.482194805,-0.630334934,1.606398806,1.96865626,1.974426892,-0.424008238,-0.764822084,0.221222714,1.200775886,
St. Martin (French part),MAF,Population growth (annual %),SP.POP.GROW,,3.149866706,3.164181846,3.174179526,3.242389296,3.441243558,4.251791352,4.848867453,3.959316965,3.027651031,3.004842101,2.949297268,2.864799855,2.876015218,3.06062555,3.425437871,3.696118374,3.577573569,3.287931801,3.034541937,2.752298981,2.502215618,11.08291784,19.0381816,17.87598594,15.87069692,14.23922982,12.87511526,11.78883088,10.78291491,6.48031064,2.020270732,0.970965283,0.68879528,0.446376071,0.193604327,-0.091660591,-0.408399982,-0.739349594,0.606259671,2.402274765,2.654804839,2.567160703,2.472039504,2.367191033,2.256463194,2.128794705,1.940199443,1.742101706,1.50154629,0.965137403,0.576261317,0.556864712,0.382890889,0.082811315,-0.216522626,-0.520499136,-0.91337175,-2.26505586,-4.966942431,-7.515685066,-5.912940535,-3.709354225,-4.807168316,-5.16855019,
Morocco,MAR,Population growth (annual %),SP.POP.GROW,,2.599499115,2.663113414,2.613134909,2.523128865,2.603898421,2.667402537,2.692756703,2.682199268,2.657153468,2.64680544,2.595182536,2.527592583,2.490454507,2.46577303,2.461086749,2.438688976,2.476030661,2.535635203,2.555127021,2.625932559,2.664390934,2.641346025,2.599303733,2.499666305,2.380354913,2.177666985,1.987085697,1.916642518,1.85035032,1.805439979,1.722327256,1.653473975,1.582332079,1.496619805,1.521422822,1.536196064,1.500284224,1.48926291,1.457490483,1.403926301,1.366971448,1.322138168,1.270310816,1.282190216,1.343473016,1.351365506,1.340581014,1.338696045,1.332600982,1.352742862,1.36305169,1.335971286,1.287810153,1.227238741,1.170756399,1.194507263,1.200343364,1.103642101,1.030223159,1.025654864,1.006918479,1.008636227,1.021951812,0.972827595,
Monaco,MCO,Population growth (annual %),SP.POP.GROW,,0.425542293,0.804933972,1.38094541,1.335690244,1.117770859,0.824800647,0.427083758,0.887142339,1.667128397,1.656300868,1.422009414,1.15701764,0.841115224,0.648023418,1.044653237,1.537144771,1.449189601,1.255737217,1.072967656,0.851636206,0.628505239,0.97714709,1.437318741,1.406373063,1.313803121,1.25209162,1.206048203,1.131252883,1.012286269,0.906660524,0.875659466,0.851871454,0.80293226,0.764669145,0.743049272,0.718724526,0.707358192,0.634231879,0.442198101,0.138749733,-0.024652553,-0.077078423,-0.148157321,-0.20717065,-0.300696167,-0.476139509,-0.688643282,-0.003141049,1.6448969,2.438810268,2.333623012,2.228561286,2.098198356,1.90295648,1.726049574,1.402100421,1.072668182,1.255423177,-0.11801268,-0.15493904,1.245820989,1.043155422,0.064195568,-0.837774114,
Moldova,MDA,Population growth (annual %),SP.POP.GROW,,2.177602125,2.065686544,1.921960805,1.770747178,1.659713966,1.602080878,1.544313066,1.502033857,1.48055362,1.201857036,0.93998468,0.975913813,1.034656418,1.092558961,1.129613776,1.142379532,1.141433193,1.132542121,1.004794523,0.951096898,1.003266285,0.986135146,1.012051903,1.044643726,1.067454049,1.125609302,1.146655738,1.111142056,0.714591657,0.264729975,0.122628205,-0.020159224,-0.167838143,-0.310329996,-0.457606401,-0.200220625,-0.369835352,-0.040397573,-0.157010552,-0.203371722,-0.223625637,-0.231580062,-0.281602495,-0.247447154,-0.243318712,-0.277922768,-0.231718325,-0.190349156,-0.126263392,-0.099832974,-0.057836265,-0.013109544,-0.026783769,-0.06097206,-0.76704956,-1.163022378,-1.727058466,-1.757004421,-1.600316536,-1.098031659,-1.503429523,-2.621107605,-2.842742127,-2.283061471,
Madagascar,MDG,Population growth (annual %),SP.POP.GROW,,2.609524537,2.59634531,2.585727872,2.584822418,2.598340498,2.631506091,2.678884454,2.732747196,2.786828586,2.847209126,2.907920358,2.948303329,2.975339454,2.996323432,3.011691538,3.022531899,3.030146323,3.037991695,3.041078293,3.026119716,2.986039278,2.958911029,2.942093468,2.918536551,2.903709173,2.869493188,2.85028376,2.87457496,2.908494093,2.95165872,2.988924036,3.009137972,3.050253563,3.10719839,3.16254821,3.217392739,3.255054712,3.271598133,3.24667519,3.172972608,3.079898477,2.989993505,2.93067077,2.916108611,2.929269371,2.937691079,2.934949508,2.935329273,2.936041173,2.909196621,2.839657144,2.766263126,2.7196484,2.680779482,2.639484347,2.613359357,2.603454951,2.60334538,2.601366335,2.567788704,2.515373609,2.482078362,2.462015304,2.435247601,
Maldives,MDV,Population growth (annual %),SP.POP.GROW,,2.449225813,2.485702768,2.494666127,2.453814716,3.360281772,4.14434993,3.638739254,3.103445434,2.961525896,3.011146713,3.049937905,3.049037951,2.996614111,2.939648756,2.963326819,3.004873753,2.942223551,2.74548305,2.654656882,2.752368579,2.8096726,2.792556379,2.713337074,2.791063191,3.19018845,3.496057456,3.49717213,3.346751484,3.197954394,3.174955944,3.084149441,2.866602858,2.623504146,2.395889517,2.296586843,2.195866232,2.02250439,1.85635292,1.704713771,1.647067878,1.669559479,1.676782897,1.657899553,1.646455347,1.650466359,2.393227009,3.330246811,3.539616529,3.53754132,3.53092174,3.508214455,3.457053863,3.368523362,3.330089307,3.454251908,3.478184411,3.323083736,3.18090435,3.045935545,2.907112747,2.757001874,1.528878337,0.359585189,0.342572358,
"Middle East, North Africa, Afghanistan & Pakistan",MEA,Population growth (annual %),SP.POP.GROW,,2.58466734,2.632000182,2.662900249,2.694734252,2.704452997,2.737177208,2.818307228,2.810039192,2.837667955,2.847410544,2.788108619,2.776888791,2.856835543,2.874078158,2.973398802,3.050690991,3.048871914,3.069115091,3.103876334,3.157196906,3.186216859,3.16698594,3.18409396,3.222660004,3.198497796,3.162370672,3.121540367,3.046813049,3.010966906,3.330423832,2.822615204,2.898752289,2.746976772,2.595086815,2.503091447,2.450658398,2.416809727,2.397546893,2.382895283,2.33477473,2.322606592,2.286654635,2.316846288,2.375222744,2.387767061,2.431197291,2.400396287,2.37925034,2.368749012,2.053524513,2.251127987,2.200703452,2.148967628,1.966056927,1.966156564,1.82563396,1.664127783,1.583554137,1.677090908,1.826565049,1.466337201,1.906070984,1.955836161,1.905108049,
Mexico,MEX,Population growth (annual %),SP.POP.GROW,,3.124310062,3.217865204,3.25562846,3.280215571,3.302207882,3.31367366,3.306875274,3.281166986,3.230140113,3.162259086,3.095555744,3.039633813,2.985005627,2.925958889,2.858689192,2.780653998,2.705210644,2.645788276,2.576468845,2.484488754,2.337642915,2.212396614,2.160099999,2.111194997,2.068825466,2.034275324,2.00496771,1.975428171,1.928262608,1.917549323,1.925793274,1.893863194,1.852684909,1.814950806,1.780232696,1.735030446,1.682317919,1.63934798,1.598928028,1.542725282,1.483030917,1.437705268,1.398263628,1.365308315,1.348578958,1.353749207,1.407890584,1.460156328,1.461917205,1.439744726,1.415348839,1.357163279,1.29730808,1.21002703,1.069563762,0.969124205,0.935239396,0.946602355,0.95014433,0.820454118,0.667405375,0.753116989,0.872178518,0.860515444,
Marshall Islands,MHL,Population growth (annual %),SP.POP.GROW,,3.449309266,3.461312796,3.413002446,3.318154444,3.211579803,2.972281413,3.98062504,6.269415181,7.013342847,5.590596749,3.643421985,2.643846715,2.425334535,2.867249367,3.335586202,3.261219899,3.2227378,3.184611885,3.173785095,3.424448836,3.95968341,4.219906385,4.14673532,4.089208485,4.045131034,3.959139733,3.849989923,3.591529622,2.945258111,2.364787406,2.082184385,1.78350893,1.508356493,1.305856856,1.154444045,1.049050748,0.987420553,0.925483489,0.970793961,0.998938025,0.8190247,0.588994175,0.415276542,0.293918804,0.221800143,0.165547017,0.08267085,-0.009609379,-0.021143884,0.048047818,-0.263585881,-0.944590187,-1.445666706,-1.761642739,-2.020434666,-2.261025352,-2.504428523,-2.709992229,-2.862713965,-3.000928659,-3.185596406,-3.168085785,-3.168672277,-3.349576643,
Middle income,MIC,Population growth (annual %),SP.POP.GROW,,1.338812324,1.963168429,2.503075375,2.455667476,2.430495057,2.525615517,2.463323907,2.473613399,2.50291536,2.504930313,2.464028344,2.370183888,2.347893587,2.278828722,2.183784583,2.107675097,2.050541001,2.032347909,2.043778352,2.0734742,2.105416421,2.148009033,2.113289409,2.061863097,2.060773335,2.078654458,2.088810822,2.059176239,2.0097464,2.021794285,1.891328505,1.801845514,1.737812211,1.69195946,1.660653845,1.634082727,1.607200674,1.574258467,1.521268516,1.487372725,1.452139551,1.386122959,1.347517404,1.342433754,1.316301031,1.287827773,1.256290161,1.262282166,1.261514229,1.255573624,1.257281361,1.281642564,1.263196792,1.240375764,1.184025324,1.14959065,1.137796378,1.088419504,1.030904921,0.955116866,0.847679629,0.759184402,0.760566615,0.808003328,
North Macedonia,MKD,Population growth (annual %),SP.POP.GROW,,1.391745614,1.132535211,1.147933789,1.477739027,1.482503306,1.545448392,1.601580299,1.656854205,1.689573436,1.688423844,1.609846224,1.536081105,1.526720746,1.521159346,1.537195427,1.53753151,1.484574019,1.430997219,1.409077368,1.381169436,1.337446001,1.010211432,0.652002621,0.575577891,0.54418923,0.515021578,0.513561967,0.518514997,0.483349741,0.39035448,-0.373572867,-1.148155081,-1.270955671,-0.709488114,0.294047115,0.699015358,-0.782361148,0.532116992,0.478003427,0.455448702,0.420168685,-0.726260079,0.127038105,-0.323800436,-0.539897211,-0.552204277,-0.57095312,-0.578593804,-0.646827223,-0.639374483,-0.458327098,-0.39185832,-0.368848271,-0.268678977,-0.267729528,-0.320367473,-0.402421587,-0.507220757,-0.679308689,-1.07910572,-1.029458047,-0.294481336,-0.212923714,-0.189311905,
Mali,MLI,Population growth (annual %),SP.POP.GROW,,1.465055571,1.478073658,1.475212297,1.46828659,1.478718589,1.480130909,1.49168123,1.525189031,1.545213831,1.586135778,1.603774919,1.644955675,1.733572291,1.777768911,1.797845571,1.793291253,1.850328744,1.93673511,1.994120546,2.08314632,2.131697418,2.153088132,2.192103503,2.144994025,2.002857475,1.852821912,1.741656385,1.745183931,1.861022805,1.968205711,1.985404438,2.015797653,2.084626993,2.152470988,2.166913981,2.155348304,2.272536092,2.532613698,2.780168827,2.913088742,3.007011656,3.106768618,3.178940014,3.237946088,3.275222992,3.280438795,3.287960784,3.28621889,3.257805694,3.248514009,3.23250831,2.919987285,2.920782575,3.160656917,3.12892801,3.167012913,3.188236494,3.125423237,3.018144943,3.017513615,3.060357966,3.009425926,2.974005376,2.941150848,
Malta,MLT,Population growth (annual %),SP.POP.GROW,,-0.398895896,-0.415929122,-0.41766632,-0.403852677,-0.765568929,-1.135658893,-1.164751899,-1.178478406,-1.176099803,-0.543703457,0.016519369,-0.082624147,-0.082692471,-0.067527758,0.73439258,0.508856894,0.390375595,1.040919904,1.013602381,1.048602675,0.735340233,2.144977411,1.409482493,0.020873764,1.75674825,1.670898162,0.688607248,0.821039289,0.973294582,0.978313699,2.695092892,1.031640278,0.998755132,0.935263919,0.697143007,0.656524534,0.756792687,0.649936279,0.592860774,0.645267231,0.751106498,0.745506921,0.657732334,0.671628455,0.637436918,0.364336947,0.348755082,0.650655461,0.753906931,0.491182811,0.423700885,0.899209212,1.132063442,2.020595582,2.447196925,2.288897945,2.734729798,3.532826077,4.051717624,2.271625497,0.5146871,2.4710029,3.992558769,2.871111286,
Myanmar,MMR,Population growth (annual %),SP.POP.GROW,,2.186349792,2.200399139,2.215725442,2.231823976,2.258124846,2.268465332,2.268806792,2.269659133,2.265251628,2.260881578,2.233548762,2.209030887,2.081937517,1.950708645,1.935319603,1.911086003,1.922806221,1.9486494,1.931540854,1.916248344,1.882949595,1.826700003,1.952085429,2.073187056,1.99535757,1.87203866,1.744623276,1.643793785,1.577329372,1.525067515,1.438481093,1.367509039,1.339179373,1.322973007,1.299786487,1.281549096,1.275436752,1.248205987,1.190261507,1.11707426,1.054891304,1.003258368,0.935506769,0.856837525,0.782152324,0.728331836,0.708807825,0.550688224,0.555720176,0.745099608,0.803379211,0.841507088,0.849578653,0.830118073,0.800670953,0.792792539,0.772302033,0.724432843,0.702425163,0.711376906,0.696558039,0.690074759,0.698879396,0.674364863,
"Middle East, North Africa, Afghanistan & Pakistan (excluding high income)",MNA,Population growth (annual %),SP.POP.GROW,,2.543819518,2.568223944,2.613976711,2.641275337,2.657762699,2.705541721,2.761500862,2.775933217,2.785383089,2.780403096,2.715768982,2.705978845,2.761502351,2.790219062,2.898342017,2.966932308,2.950772725,2.968203103,2.995721394,3.055211547,3.099251778,3.082843909,3.101069366,3.155567244,3.124952685,3.082653403,3.036780598,2.967367645,2.937755169,3.435210125,2.807659878,2.756330044,2.679907658,2.542492012,2.447443639,2.377075098,2.332139205,2.318559471,2.304984166,2.224899131,2.188315099,2.156697361,2.198446057,2.266302724,2.272588912,2.277945525,2.18320418,2.166279557,2.211065149,2.163497567,2.099401756,2.001547449,1.907380574,1.844220237,1.712635016,1.6368311,1.678168142,1.762750955,1.785683433,1.753989334,1.707536591,1.696047826,1.738963139,1.715264019,
Montenegro,MNE,Population growth (annual %),SP.POP.GROW,,2.173759257,2.298183662,2.136174232,1.612149735,0.872839676,0.0174781,-0.690614297,-1.021852112,-0.803441582,-0.181916254,0.591913436,1.221726016,1.603638911,1.624172144,1.39767834,1.10551247,0.903317262,0.801868466,0.854425178,1.003961057,1.186938495,1.295577453,1.270428519,1.067109566,0.748418872,0.381334703,0.071225601,-0.120274095,-0.138716842,-0.032812754,0.120809886,0.232144827,0.271440062,0.199581093,0.052816572,-0.115971437,-0.243010698,-0.305295583,-0.419325616,-0.027974019,0.402363248,0.400750772,0.399151169,0.177216476,0.147929262,0.124299813,0.138110348,0.177475867,0.214529296,0.183239906,0.147930334,0.17281885,0.187941422,0.185665017,0.145306599,0.112319652,0.10053264,0.072819026,0.050271668,-0.026010438,-0.245597311,-0.234174139,-0.009942908,-0.000641512,
Mongolia,MNG,Population growth (annual %),SP.POP.GROW,,3.190097371,3.13670431,2.832252455,2.659214823,2.773579911,2.83923032,2.816409812,2.714217231,2.596552123,2.579793329,2.651161256,2.725528123,2.790692885,2.844116694,2.879614007,2.890632853,2.850726632,2.705226404,2.511681129,2.419872546,2.411248372,2.409659529,2.419735284,2.444173028,2.485201784,2.540985356,2.595941969,2.611536903,2.279014015,-1.206532913,3.125544638,0.112989877,-0.122780958,1.114484411,1.610694626,1.541445168,1.416906996,1.389193187,1.410263294,1.327111441,1.225637215,1.285303359,1.271855244,1.124052834,1.109862906,1.205483314,1.341938467,1.576795221,1.79649232,1.749926831,1.72657779,1.897952145,2.066947081,2.187076054,2.128669517,2.027369576,1.925778838,1.864801928,1.837150731,1.805420087,1.684959051,1.46704738,1.370888669,1.245902995,
Northern Mariana Islands,MNP,Population growth (annual %),SP.POP.GROW,,2.92164484,3.11926794,3.338058266,3.381469711,3.358580074,3.334280896,1.282729072,-2.648974232,-4.683849712,1.795772251,10.27908452,11.43168277,9.389907214,5.433261908,2.759259842,2.445782995,2.235481402,2.149407559,2.195195145,6.668550511,11.76758589,11.98321134,10.94862214,10.05970227,9.285104718,8.614070481,8.025726692,7.4993042,6.97835105,4.818700524,2.395965756,1.759484513,1.692072894,1.678898329,3.047461503,7.07128572,9.036448239,8.044493843,7.199795439,3.634813864,-0.545695941,-1.789869839,-2.053037714,-2.292944402,-2.508603978,-2.718071031,-2.911017015,-3.085755333,-3.24545043,-2.255707252,-0.896950275,-0.700102071,-0.898187033,-1.105446951,-1.280733473,-1.448889816,-1.616204818,-1.781217576,-1.950558724,-1.256589498,-1.16183177,-1.936508068,-2.050038358,-1.934728938,
Mozambique,MOZ,Population growth (annual %),SP.POP.GROW,,1.78976365,1.947686584,1.995407984,2.022124205,2.064803238,2.091928797,2.113695401,2.152369008,2.184833307,2.249893999,2.463920424,2.759689075,2.961675969,3.099157426,3.246016047,3.363791616,3.561621957,3.774096187,3.793663039,2.749214842,2.025064631,2.190901209,2.087698184,1.985585723,1.874142197,1.75070143,0.406328002,-0.171844764,0.826879463,1.443756197,1.947780657,1.937550447,3.165880067,6.759729283,5.981427462,3.278571995,2.736225244,2.277595805,2.246950338,2.203665172,2.225917569,2.243577403,2.264126947,2.283077372,2.313005667,2.3486042,2.379441111,2.465641206,2.590956438,2.676859035,2.786152536,2.871010748,2.89055495,2.898954986,2.901060671,2.930664347,2.988459279,2.98089903,2.93974159,2.964900343,2.95777681,2.947343171,2.95358093,2.919940494,
Mauritania,MRT,Population growth (annual %),SP.POP.GROW,,2.618462464,2.683810083,2.750531245,2.817700196,2.883415214,2.950117459,3.00184319,3.031358646,3.047117178,3.051340783,3.035458356,3.010839241,2.991800976,2.974819469,2.950898081,2.932018447,2.879966934,2.836182778,2.834761468,2.840770756,2.864465034,2.878576742,2.877163235,2.879995296,2.885592666,2.879691461,2.879589903,2.888795262,2.510914968,2.533517471,2.921237928,3.826695779,4.044832818,3.396786882,2.743278362,1.97732238,2.227498192,2.593086654,2.673298564,2.783538221,2.468625706,2.211292309,2.288294066,2.349655154,2.424304593,2.506582485,2.600528191,2.874808734,3.128994509,3.191594036,3.245124735,3.264135039,3.135806546,3.012189491,3.006059241,2.997958425,2.987787893,2.973564031,2.953472979,2.92092559,2.887033459,2.929564664,2.966530792,2.88395899,
Mauritius,MUS,Population growth (annual %),SP.POP.GROW,,0.062596983,2.837336795,2.608923274,2.407963286,2.231757997,2.078253918,1.945538042,1.832286003,1.737297686,1.659578923,1.589003125,1.516392669,1.487150501,1.5174192,1.57717041,1.613261959,1.627270866,1.306843091,1.740419116,1.686012316,1.481968308,1.222428188,0.919667982,1.04573546,0.817321395,0.764515986,0.7480991,0.688400518,0.765914828,0.712313471,1.079463625,1.315743114,1.185540614,1.400064494,0.859933461,1.022764541,1.25209761,1.051421625,1.271248552,0.982676166,0.790047581,0.694240135,0.723661766,0.627103982,0.59209966,0.466403526,0.455526401,0.361630847,0.265537673,0.237886693,0.160140421,0.277321026,0.242165627,0.181022098,0.13240433,0.068708233,0.090167266,0.054535454,0.032233064,0.00229068,0.025272988,-0.301401217,-1.105153473,-0.229952804,
Malawi,MWI,Population growth (annual %),SP.POP.GROW,,2.380394291,2.413701831,2.444686058,2.451409574,2.442883303,2.454137672,2.47246488,2.479842057,2.466024327,2.46344349,2.503812588,2.556593912,2.62127961,2.708795993,2.800722802,2.90805359,3.103763429,3.416472947,3.693623647,3.85234956,3.926734083,3.948138609,3.945824975,3.908879971,3.848423564,3.683964227,4.775009039,5.39936641,4.718892423,3.949135946,3.077847741,2.911738265,1.458904848,-1.165160404,-0.145478657,1.971652973,2.00642058,2.16203188,2.334538833,2.398085276,2.419394275,2.448687959,2.503113189,2.586312039,2.678011002,2.755070307,2.821037713,2.904261646,2.956425455,2.947796087,2.915044272,2.870645899,2.838089664,2.804790124,2.753591835,2.725957877,2.708089491,2.671175686,2.650595676,2.635737351,2.594158288,2.567947783,2.571357086,2.57641467,
Malaysia,MYS,Population growth (annual %),SP.POP.GROW,,2.583738422,2.607993325,2.614489517,2.596114285,2.549809608,2.489401821,2.367219105,2.269000099,2.260223078,2.2976308,2.375104092,2.401807791,2.394900134,2.396922525,2.390711943,2.395970856,2.401681748,2.400751982,2.401980937,2.776312609,3.152645895,3.184721145,3.223108782,3.258014916,3.287388167,3.27741127,3.223524014,3.143987214,3.039622194,2.948725779,2.815854656,2.647530828,2.558459024,2.543532369,2.541305988,2.523102985,2.48740927,2.456090593,2.385278799,2.344802412,2.403512895,2.418555471,2.366245719,2.311724529,2.267729849,2.22705351,2.173504618,2.095316748,1.992060212,1.870406127,1.751280082,1.702695132,1.70946282,1.714740728,1.733194456,1.767310548,1.76466064,1.701747319,1.596466533,1.333633231,1.152513044,1.197772001,1.234028692,1.22058891,
North America,NAC,Population growth (annual %),SP.POP.GROW,,1.6886698,1.56737262,1.477893093,1.434582753,1.301745838,1.220430547,1.155041051,1.056069593,1.013312659,1.187002123,1.424048712,1.079003768,0.98001391,0.959876635,1.031511272,0.985478094,1.021578411,1.053154758,1.092312989,0.991529649,1.00589654,0.976352774,0.921586079,0.873442094,0.888793787,0.930945637,0.935453547,0.946274049,1.028592815,1.167245669,1.326805962,1.366498239,1.296694763,1.213163362,1.17518502,1.15157544,1.183051849,1.132500027,1.115265912,1.09487429,0.999111328,0.943123173,0.863298112,0.926016513,0.924079327,0.968958,0.952856907,0.959364165,0.903011206,0.872248323,0.810385885,0.826549509,0.785955297,0.816364812,0.793988784,0.82007568,0.743268119,0.671925189,0.611473517,0.477755737,0.198231863,0.703165039,1.049757314,1.18928068,
Namibia,NAM,Population growth (annual %),SP.POP.GROW,,1.94257916,2.082735155,2.221157232,2.345414347,2.456356336,2.55533765,2.677600454,2.762598407,2.835285143,2.911607908,2.953312949,3.005305725,3.0037885,3.017253113,3.078811677,2.856988741,2.670714383,1.721212888,1.628856374,1.914309594,1.121224512,1.778350128,2.656934062,2.707843126,2.857589605,3.069490981,3.202403304,3.517124273,6.345651759,6.047624529,3.331095527,3.172869895,3.190485892,3.106741503,2.904518095,2.705171587,2.588225488,2.541392511,2.486397409,2.352198772,2.089531215,1.757282575,1.444252371,1.275711385,1.253641698,1.278592221,1.332126914,1.399846159,1.471156017,1.548414643,1.715870727,2.226732583,2.601985898,2.612880801,2.652958709,2.697278909,2.735273534,2.772463372,2.799322236,2.910198877,2.953145564,2.776005814,2.509478991,2.237152273,
New Caledonia,NCL,Population growth (annual %),SP.POP.GROW,,3.329123505,3.352016188,3.133186666,2.857145292,2.783142288,2.816372072,2.846797562,2.853794161,3.304387118,4.192278186,4.625308453,4.621949114,4.606624274,4.565894582,4.47057493,3.312018214,1.749669665,1.232356115,1.181581293,1.131078113,1.078156086,1.024834716,1.300001425,1.650783201,1.668294324,1.648899124,1.675289068,1.707049041,2.071544809,2.540848626,2.673953114,2.632261094,2.539076095,2.461887314,2.406724362,2.296524574,2.18342755,2.118552254,2.071395962,2.070156011,2.044857799,1.96943812,1.894647154,1.748206942,1.45458459,1.28719801,1.2756258,1.228833221,1.340332153,1.669943516,1.878777156,1.891630908,1.892280984,1.577680445,0.688885628,0.090012025,0.043388616,-0.001763398,0.022921747,0.200781353,0.364601117,0.667091968,0.952185124,0.950722086,
Niger,NER,Population growth (annual %),SP.POP.GROW,,2.899371569,2.905096249,2.901431944,2.885393864,2.852384766,2.820530969,2.794456372,2.763934734,2.734699492,2.714857232,2.67241279,2.657300658,2.675888911,2.684787576,2.708255097,2.744436031,2.792396056,2.862969168,2.941374486,2.984377248,2.986822501,2.972246739,2.963781388,2.956859683,2.97255475,3.007698281,3.025532376,3.029857881,3.045774477,3.079484547,3.099418003,3.118482255,3.160764641,3.216323989,3.309824697,3.343766454,3.320291014,3.384347008,3.44057933,3.467163828,3.508786243,3.531481024,3.562276923,3.598249044,3.629704142,3.657093714,3.681108278,3.702032448,3.717080443,3.725350774,3.721383032,3.773246396,3.758372076,3.689280805,3.6964059,3.674261375,3.560070448,3.450880505,3.366548555,3.299773916,3.254252399,3.251706422,3.294891758,3.281014801,
Nigeria,NGA,Population growth (annual %),SP.POP.GROW,,2.055204648,2.099988265,2.124147766,2.141515406,2.169128903,2.175291938,2.135406095,2.156070956,2.219374603,2.283592404,2.33564372,2.395394676,2.494808386,2.623324173,2.768857941,2.871435147,2.983906528,3.063984282,3.084517192,3.120663557,3.074953359,2.992318839,2.593771411,2.562882956,2.833145469,2.71663331,2.664630936,2.674406243,2.692104836,2.702888043,2.641103164,2.625287607,2.650147754,2.641357235,2.636629275,2.614296823,2.603087054,2.613376398,2.635929218,2.674397845,2.716395465,2.741470566,2.756735064,2.770539678,2.768833852,2.761246989,2.771800999,2.784533844,2.787308209,2.795149361,2.8027852,2.774229303,2.714689911,2.642213994,2.536173486,2.471832391,2.431709369,2.31217263,2.194401923,2.130297143,2.096186852,2.092816871,2.098389169,2.082977762,
Nicaragua,NIC,Population growth (annual %),SP.POP.GROW,,2.989096536,2.996868479,3.010731819,3.031137271,3.062065792,3.094367987,3.119800047,3.136283873,3.138593613,3.129987416,3.11874617,2.907641915,2.899000148,3.07742437,3.059086065,3.038553271,3.008273302,2.891101972,2.69714255,2.73911424,2.82740603,2.743841119,2.62711752,2.484872695,2.385588799,2.337988241,2.293047833,2.295757677,2.342646984,2.335325265,2.3053916,2.260576914,2.195268187,2.12344956,2.036895585,1.857385781,1.668860113,1.528560814,1.430504956,1.37553337,1.28961326,1.212861382,1.178563092,1.181809608,1.303699844,1.426476847,1.436215531,1.433132261,1.424516535,1.419167896,1.412232928,1.403327269,1.389287521,1.371717586,1.357676679,1.344689006,1.331849887,1.318782078,1.297421274,1.250847412,1.203253758,1.284660102,1.371678122,1.346871356,
Netherlands,NLD,Population growth (annual %),SP.POP.GROW,,1.315294588,1.424475067,1.348491965,1.337781332,1.372661105,1.305170731,1.133144073,1.038546961,1.157969109,1.238932661,1.189133543,1.01117285,0.827331016,0.78367225,0.891389955,0.784993389,0.594626001,0.615264577,0.690282252,0.791331808,0.686046798,0.458559864,0.379222596,0.39693319,0.46632652,0.554957726,0.634526879,0.646096228,0.599907213,0.688603823,0.788031035,0.756056593,0.69699133,0.602938474,0.493927373,0.461395748,0.514767002,0.616640531,0.665493187,0.714770363,0.754840058,0.638291666,0.471814399,0.347475412,0.233663148,0.160613669,0.217521601,0.389292461,0.514284545,0.512923101,0.466428782,0.370055035,0.294820793,0.359828173,0.443220089,0.53217888,0.591203366,0.583933409,0.655071575,0.55554079,0.523490508,0.953278923,0.990139687,0.64882328,
Norway,NOR,Population growth (annual %),SP.POP.GROW,,0.794353923,0.803401557,0.756123516,0.755402814,0.777327077,0.798379882,0.836536532,0.840602106,0.814728249,0.726516019,0.701293381,0.764803002,0.69950483,0.620349415,0.551888897,0.46901392,0.42266132,0.381788583,0.34056557,0.321225576,0.344079656,0.36727828,0.331060292,0.282202673,0.2994715,0.356688644,0.468049547,0.537922759,0.412807535,0.344151413,0.476503585,0.577180268,0.59522933,0.569388228,0.51912552,0.506881683,0.542219936,0.595410343,0.684759433,0.649044821,0.506046911,0.539290805,0.586532692,0.59093094,0.681072964,0.805392739,1.034734515,1.246333015,1.261127289,1.24566618,1.297189391,1.313440989,1.209141589,1.127736677,0.995084737,0.880969815,0.807673182,0.660090844,0.675061373,0.588757324,0.534772282,0.898395221,1.138311427,0.949855138,
Nepal,NPL,Population growth (annual %),SP.POP.GROW,,1.905326062,1.945596372,1.964230938,1.998330954,2.052703375,2.084016077,2.116218713,2.152553027,2.166551147,2.188044268,2.178311426,2.171658267,2.17901035,2.184556853,2.203220195,2.188836924,2.24250408,2.321393371,2.337047223,2.358413995,2.346807018,2.331323593,2.371534693,2.345809976,2.271027496,2.209301835,2.117440763,2.104522103,2.223886198,2.419699219,2.588178418,2.820656814,2.730266883,2.505257296,2.401957865,2.207036828,2.078348227,1.965503653,1.861100998,1.731274864,1.617382848,1.520576121,1.410423007,1.268348401,1.119154601,0.968206396,0.836183404,0.74954056,0.675732338,0.619710468,0.447181721,0.256079255,0.199840752,0.298119921,0.545118125,0.472697719,0.199389989,0.24400028,1.183773026,1.925831066,1.740024118,0.812385574,-0.070095887,-0.146800969,
Nauru,NRU,Population growth (annual %),SP.POP.GROW,,3.560764196,4.204453974,4.841709944,5.382548561,5.5888342,3.554058267,1.510950078,3.09741523,3.920247901,1.941224151,0.77197533,0.736705851,0.789593224,0.826750666,0.920207787,1.096018373,1.391742433,1.867145038,2.302688767,2.394769466,2.453635487,2.531780798,2.165438944,1.940638255,2.055838,2.209076127,2.306750857,2.418537628,2.425341193,2.440685006,2.341931191,1.721143589,0.805053297,0.345867235,0.275835068,0.176921611,0.137389619,0.009806325,-0.107922503,-0.186686372,-0.374421563,-0.47496626,-0.228389951,0.009940852,-0.10940376,-0.1493801,-0.139623041,-0.109840742,0.069912612,0.269206005,0.546151003,1.659748388,2.405812722,2.116829595,1.954339488,1.773481154,1.548486934,1.342066545,0.953874732,0.482136104,0.565263581,0.782649678,0.625107628,0.604485091,
New Zealand,NZL,Population growth (annual %),SP.POP.GROW,,1.999440499,2.542112124,1.986582544,2.094972265,1.649506117,1.791047632,1.785232597,0.877166547,0.894787618,1.357592266,1.493750959,1.768358888,1.95737,2.085288594,1.945433727,0.884790066,0.311361736,0.032044093,-0.391641218,0.125363651,0.384751509,0.993480548,1.359494772,0.865186525,0.617838918,-0.024640404,0.861875993,0.274482468,0.480054396,0.923222729,,1.041735384,1.140231107,1.329237335,1.464363787,1.582661927,1.312358286,0.887279889,0.525484536,0.587564086,0.589286035,1.737174864,1.973558544,1.486219082,1.12877351,1.21898486,0.932407688,0.848701402,0.999728031,1.111726056,0.762479795,0.548220797,0.768347998,1.661012001,2.036033909,2.2460321,2.088722723,1.791240168,1.412255386,2.033387792,0.240228529,-0.057051239,2.301277431,1.668691879,
OECD members,OED,Population growth (annual %),SP.POP.GROW,,1.375870439,1.383119114,1.363288445,1.352076973,1.297294781,1.230957167,1.19272508,1.155553501,1.14824983,1.122293224,1.30955129,1.161453658,1.112586653,1.074113475,1.029851168,0.959074302,0.946889107,0.944574732,0.947630233,0.931580892,0.906603965,0.852228435,0.83276359,0.790411186,0.787147968,0.796117823,0.798731195,0.809322509,0.849656111,0.890400345,0.962637947,0.945948192,0.896172264,0.837094763,0.805342307,0.781063702,0.771759399,0.740037297,0.73610622,0.713186354,0.736132198,0.739737687,0.727683961,0.720285844,0.705153005,0.726517311,0.712694819,0.786225083,0.723981349,0.677505277,0.535651295,0.620463861,0.586652243,0.608723124,0.618839305,0.633792325,0.594079354,0.617004283,0.564229645,0.377835338,0.180575896,0.493072946,0.674656636,0.644919078,
Oman,OMN,Population growth (annual %),SP.POP.GROW,,1.750705019,1.851226711,1.960148032,2.073474413,2.186796048,2.291914787,2.394922907,2.492649883,2.583552705,2.664663157,2.744481484,2.819008537,2.896025349,3.516174798,4.178732708,4.498472693,4.864747822,5.126383109,5.2798541,5.347147581,5.449018279,5.551591425,5.549679645,5.456456456,6.045997804,6.423693396,6.011729581,5.670409373,5.37130495,5.101184915,4.842365835,4.579777445,4.214706278,2.932286026,1.841587829,1.701894563,1.554619701,1.439748209,1.359453103,1.288738553,1.223180394,1.158650011,1.134084178,1.720667111,2.260538639,2.21104304,2.17823116,2.168960177,2.189051537,2.675117096,10.95731813,14.22539895,7.775389291,4.301797264,4.457768872,4.804736532,3.282429987,1.3241396,-0.144431732,-1.508608296,-0.489266038,4.980136693,6.527049885,4.497386285,
Other small states,OSS,Population growth (annual %),SP.POP.GROW,,1.46067229,1.864165767,1.856941046,1.814179763,1.723405961,1.591745507,1.47125413,1.470940177,1.532698208,1.610736351,1.707278236,1.756054669,1.725414119,1.603653145,1.653044075,1.790078922,1.88042352,1.84788917,1.844818276,1.831899884,1.76802888,1.753950372,1.688927372,1.668637773,1.78901388,1.864206385,1.888792988,1.912755402,1.996930479,2.074546649,2.010875819,0.768068189,0.516147074,0.851399278,0.659566951,1.093192396,1.315342347,1.316602309,0.125281857,0.304071119,1.756417091,1.736103145,1.307722453,0.983525087,1.043465475,1.152774687,1.209603269,1.225180605,1.16169893,1.112117303,1.018403801,1.062090687,1.056501634,1.080868709,1.12551812,1.09883403,1.153046263,1.209566776,1.201136241,1.096611533,0.998084267,1.244948212,0.964925236,0.852252956,
Pakistan,PAK,Population growth (annual %),SP.POP.GROW,,2.616924289,2.597715914,2.646868324,2.697925256,2.735875046,2.776057466,2.821479372,2.849083728,2.86375308,2.876053709,2.755877007,2.767106116,2.911928718,2.940629165,2.989319441,3.060994768,3.135963919,3.203209372,3.464072678,4.085149646,4.178102012,3.759574402,3.462200721,3.135091607,3.16928342,3.380571891,3.409439196,3.361485824,3.26806216,3.343048542,3.306453451,2.862542071,2.772505532,2.892696578,2.890311732,2.91068987,2.828270348,2.761285673,2.721937104,2.824759835,2.796158309,2.45080309,2.353916139,2.468091176,2.403773504,2.382005287,2.642031252,2.677156931,2.541283109,2.470817015,2.236909403,1.906199813,1.627224148,1.500324054,1.402501136,1.302163938,1.414099904,1.623714833,1.691871247,1.803751413,1.886777972,1.747997398,1.548804586,1.509598763,
Panama,PAN,Population growth (annual %),SP.POP.GROW,,2.963195967,3.009010664,3.034147289,3.032857087,3.00693483,2.977237634,2.940640443,2.897144686,2.857728412,2.827575912,2.802978152,2.76600083,2.711322512,2.655684197,2.600082442,2.538858924,2.47939741,2.42798111,2.395172235,2.377004027,2.366822648,2.359324056,2.351688789,2.336762418,2.304168605,2.264574879,2.224634629,2.18612312,2.143262939,2.130506893,2.122707148,2.093771829,2.077295795,2.060646519,2.039742559,2.022673295,2.010706307,1.9970269,1.98126957,1.964005579,1.946407328,1.929666203,1.913701548,1.904990442,1.885165334,1.854046425,1.833911849,1.820654032,1.804231204,1.78385793,1.774688617,1.764519377,1.742341117,1.7304638,1.730374896,1.728668762,1.713200689,1.673115652,1.590977271,1.37340967,1.207238092,1.266124235,1.309026888,1.266249875,
Peru,PER,Population growth (annual %),SP.POP.GROW,,2.915527886,2.911709532,2.901388624,2.893036973,2.873164085,2.851643682,2.831272039,2.813171807,2.793892806,2.508530741,2.464196193,2.653301408,2.58910596,2.530211822,2.492031621,2.466099567,2.469737833,2.49050254,2.493940916,2.495078416,2.490794658,2.484212502,2.486858405,2.475050691,2.439339846,2.35853586,2.286116161,2.269145325,2.244364685,2.21460822,2.108030082,2.036450869,2.016641939,1.977894145,1.938364678,1.880654101,1.848802027,1.819017453,1.727197344,1.560430591,1.367646226,1.193006558,1.065364141,0.980296012,0.889996951,0.791526842,0.725382869,0.657968681,0.617089075,0.652636898,0.746934823,0.836916934,0.901339196,0.994129279,1.128473819,1.333570651,1.473365351,1.812535772,1.714869348,1.192504953,0.961612354,0.959183909,1.099753208,1.093787132,
Philippines,PHL,Population growth (annual %),SP.POP.GROW,,3.17829225,3.182005086,3.150003131,3.107874517,3.057058505,2.994839693,2.943272892,2.895240349,2.828595629,2.588637097,2.354836522,2.284027835,2.222274919,2.16094703,2.272702663,2.533264139,2.66426933,2.684785381,2.66694787,2.607688106,2.605007697,2.767930951,2.913819199,2.892100016,2.729811687,2.56065402,2.634969699,2.683116524,2.522701735,2.561221128,2.401278593,2.369683847,2.404634252,2.180490577,2.188242116,2.303641802,2.352715159,2.514783275,2.556057211,2.379265889,2.206045319,2.027669856,1.982113551,1.943267567,1.859412172,1.682083808,1.734634073,1.767334664,1.801550616,2.047954252,1.964738525,1.942262379,1.879715797,1.642832838,1.478753843,1.341907095,1.288301867,1.236860333,1.216155346,1.145514086,0.905660311,0.760479216,0.810000999,0.825602489,
Palau,PLW,Population growth (annual %),SP.POP.GROW,,2.404394808,2.460326705,2.461042009,2.508862959,2.447456487,2.416753066,1.679477827,0.833791309,0.710466588,1.855604359,3.381651405,3.632512264,2.893598795,1.069783173,-0.252545316,-0.45143228,-0.581142423,-0.680955966,-0.831421022,-0.536412209,1.061899493,2.327169096,2.428134856,2.513133819,2.597740895,2.425061103,2.186418995,2.146464271,2.027781546,2.079269717,2.299845479,2.373303811,2.367157283,2.40190172,2.502706805,2.634374271,2.539144298,2.271335904,2.01476421,1.454895801,0.903198458,0.777252658,0.796694884,0.815628018,-0.005045536,-1.146871395,-1.49636421,-1.529616626,-1.590785972,-1.687144183,-1.74375203,-1.74654999,-0.660776696,0.378927581,0.309990385,0.15182616,0.084248369,0.011227755,-0.089857358,-0.033717337,-0.050597331,-0.135051509,-0.180352864,-0.180678723,
Papua New Guinea,PNG,Population growth (annual %),SP.POP.GROW,,2.524955127,2.308869181,2.241118331,2.168779795,2.147164015,2.209664669,2.239097408,2.253362085,2.320365879,2.370645015,2.39729196,2.387514935,2.33875246,2.279671775,2.232660336,2.196342179,2.165906148,2.132872332,2.096153954,2.070489249,2.070285813,2.082377441,2.102011275,2.124038741,2.142341222,2.15703338,2.163612026,2.160553285,2.242994167,2.610540964,3.166492531,3.538535218,3.633311813,3.621224018,3.596645031,3.575966847,3.561597855,3.516261419,3.47976948,3.449251614,3.397797313,3.357003331,3.32025851,3.277572167,3.232011298,3.189384748,3.145529229,3.105743919,3.063222045,3.019984677,2.915392813,2.786049057,2.701663478,2.623961032,2.546138405,2.468043308,2.3925158,2.323868777,2.257540455,2.128663097,1.988603122,1.882449614,1.811031625,1.782607338,
Poland,POL,Population growth (annual %),SP.POP.GROW,,1.095789675,1.143154014,1.322525647,1.382204638,0.976289384,0.747873419,0.961728386,0.956732069,0.782340329,0.355759845,0.364260164,0.826716475,0.908113633,0.95978577,0.993595532,0.997795383,0.963866723,0.794064583,0.802185476,0.923267472,0.907868488,0.920284572,0.937688926,0.904590692,0.803585475,0.681065577,0.564203449,0.414457483,0.361655505,0.392398205,0.354679168,0.306681391,0.254450914,0.211012329,0.135721034,0.076074182,0.065455369,0.035753301,-0.008302753,-1.044335398,-0.027587125,-0.046318937,-0.067492702,-0.058512735,-0.043948953,-0.063370574,-0.054305021,0.01363738,0.067763227,-0.285609122,0.053769709,-0.000239076,-0.060360017,-0.074846229,-0.066641101,-0.042985131,0.012480099,-0.000200133,-0.024427107,-1.191640262,-1.43414085,-0.433070696,-0.365658527,-0.349832361,
Pre-demographic dividend,PRE,Population growth (annual %),SP.POP.GROW,,2.313946913,2.38277134,2.431928585,2.47269389,2.510814992,2.535281307,2.559877766,2.598882579,2.621939454,2.65047176,2.672357014,2.665804754,2.756674431,2.839640156,2.852430832,2.843145212,2.873802166,3.066773763,3.121793163,2.850997986,2.453890449,2.561311647,2.802281881,2.832544292,2.829722311,2.752235363,2.724019115,2.640766719,2.673942642,2.586867328,2.487502338,2.800356389,3.120284145,3.316006658,3.128486581,2.668526204,2.618741152,2.808940565,2.863829979,2.801534789,2.832642798,2.98432231,3.000035921,2.91607232,2.940812098,2.861773653,2.721881031,2.872956521,2.987900526,2.935124373,2.950631605,2.980731033,2.979676159,2.910778604,2.815205584,2.792308008,2.789993655,2.758616277,2.708917802,2.671161966,2.603057901,2.527995139,2.538143971,2.539102691,
Puerto Rico (US),PRI,Population growth (annual %),SP.POP.GROW,,1.75390952,2.086654718,2.188164769,1.958550691,1.55144868,1.187790539,0.784686199,0.617590849,0.826234253,1.253221144,1.612752762,1.973951823,2.160531592,2.080244004,1.843916845,1.651418965,1.462257716,1.310095062,1.228024793,1.189580284,1.13366199,1.070592227,1.022534059,0.993257484,0.976322961,0.959374955,0.942762657,0.92681889,0.909864623,0.890295757,0.707415569,0.645450037,0.842176258,0.928877577,0.923749876,1.121862669,0.929312007,0.57478869,0.500714523,0.276558689,0.214145951,0.128937306,0.062589906,0.020462636,-0.144242361,-0.423467205,-0.585620757,-0.586677392,-0.545401894,-0.427201373,-0.835844627,-0.88161453,-0.812294181,-1.286246795,-1.400267592,-1.560411609,-2.019870829,-3.586044649,0.364032148,-0.640952968,-0.576961615,-1.313453965,-0.508879699,-0.015514071,
"Korea, Dem. People's Rep.",PRK,Population growth (annual %),SP.POP.GROW,,2.258371862,2.24445428,2.450189002,2.535510719,2.524912907,2.611160412,2.828318881,2.87582858,2.760042624,2.706609592,2.60010734,2.552554264,2.322102407,1.954755822,1.771134405,1.592311538,1.435689214,1.380693704,1.385681223,1.398776034,1.439996665,1.475774237,1.468036568,1.464031132,1.465008068,1.469583072,1.468894282,1.462506616,1.458384721,1.468517179,1.488016332,1.492739001,1.47154474,1.442086035,1.221981321,0.993936643,0.935020972,0.864820763,0.794869925,0.713737031,0.629505065,0.538597624,0.609594776,0.680784098,0.581650142,0.523597022,0.495725213,0.478578548,0.45812829,0.436879111,0.441712642,0.452614172,0.465850679,0.479753932,0.486366779,0.479685661,0.463479822,0.438418123,0.409804314,0.37827356,0.367478437,0.366471008,0.338821175,0.304699893,
Portugal,PRT,Population growth (annual %),SP.POP.GROW,,0.805085264,0.721622436,0.403565949,0.055464162,-0.407786764,-0.754120303,-0.634300161,-0.427640384,-0.897396123,-0.886270251,-0.423397124,-0.154288053,0.03093226,1.394878048,3.80041404,2.844096717,1.061754967,1.078956555,1.071993612,1.081432067,0.867080703,0.611332101,0.463965044,0.38455308,0.273538752,0.090953758,-0.026945439,-0.103951995,-0.145920471,-0.21794848,-0.230481754,-0.077749267,0.122316595,0.269089468,0.346203938,0.375996187,0.446460605,0.505389233,0.565630442,0.702859953,0.705230637,0.54766794,0.375411415,0.23912899,0.185532267,0.180332441,0.196304384,0.14419128,0.095330859,0.045910037,-0.147084879,-0.405421788,-0.548815211,-0.539190467,-0.414141102,-0.315459017,-0.24388941,-0.160104021,0.023733495,0.105114125,0.626850165,0.697256448,1.36912986,1.095369332,
Paraguay,PRY,Population growth (annual %),SP.POP.GROW,,2.302965034,2.345228295,2.442100026,2.501212189,2.480085649,2.436091232,2.378288954,2.322468281,2.27848873,2.245945576,2.256933248,2.320587751,2.419450388,2.487980488,2.483620594,2.465520621,2.471634094,2.493344367,2.543845181,2.63045962,2.725776706,2.784211315,2.808112136,2.819023209,2.823426938,2.830881196,2.82327996,2.804454549,2.768663755,2.711143281,2.655792424,2.601634427,2.532453168,2.461514574,2.395127852,2.325192544,2.254250849,2.178923407,2.082440881,1.934600538,1.68775973,1.409514774,1.229888024,1.1524391,1.105963578,1.041728108,0.980401605,0.969992283,1.021949007,1.169858012,1.327080396,1.406863616,1.438424364,1.449812057,1.460368221,1.451046391,1.422577567,1.389991173,1.35488117,1.35198907,1.210783579,1.134768719,1.23021616,1.234389515,
West Bank and Gaza,PSE,Population growth (annual %),SP.POP.GROW,,,,,,,,,,,,,,,,,,,,,,,,,,,,,,,,4.477887603,4.477886073,4.477884235,4.477852498,4.477872882,4.477878002,4.477872045,2.555269478,2.55526837,2.555235698,2.55526757,2.555284566,2.555247556,2.555275892,2.555262373,2.555258675,2.55525196,2.751358802,2.667950749,2.597032218,2.525186831,2.46768715,2.40084832,2.344077211,2.290480058,2.246105276,1.988686349,2.533011484,2.511782463,2.486549938,2.457038653,2.425537776,2.393264765,2.360279084,
Pacific island small states,PSS,Population growth (annual %),SP.POP.GROW,,2.823848274,2.856355483,2.868462078,2.833780526,2.803454449,2.679774721,2.39764997,2.232091023,2.227815559,2.156753106,2.039262832,1.955740956,1.890937196,1.93077748,2.01524869,2.105841133,2.174552712,2.192787366,2.236125789,2.24168235,2.24921677,2.240173019,2.211856942,2.211232794,2.21397028,2.122843882,1.891091432,1.697565842,1.596181096,1.515531743,1.449452264,1.425459651,1.399435914,1.332529355,1.258023321,1.283152634,1.458418876,1.534082241,1.471840066,1.379761338,1.30483873,1.257157493,1.201143984,1.167966092,1.136557561,1.1106607,1.086244206,1.00961416,0.964522672,1.183838882,1.366527291,1.327910597,1.309752601,1.309388685,1.302441067,1.291910808,1.291370654,1.267235854,1.042809164,1.040484754,1.148103548,1.157099231,1.241299592,1.228577838,
Post-demographic dividend,PST,Population growth (annual %),SP.POP.GROW,,1.193736035,1.199484358,1.162441111,1.14162862,1.093501337,1.014527779,0.960502702,0.924419269,0.917520862,0.903474521,1.108244116,0.932535404,0.871144653,0.832586578,0.781164286,0.69784567,0.681924545,0.681677991,0.707890548,0.677772969,0.668681519,0.602295315,0.563715057,0.522684488,0.519831617,0.541676096,0.556062077,0.575768519,0.616843163,0.644464826,0.715033305,0.697246433,0.643085034,0.570363319,0.534884886,0.550879595,0.524712979,0.49415354,0.483856477,0.506639541,0.484093599,0.50516728,0.502572879,0.51887612,0.502564816,0.54535615,0.594784935,0.607735102,0.51616051,0.474124528,0.302401978,0.436781344,0.389474489,0.421858542,0.444076528,0.46134709,0.379583275,0.380062376,0.316344378,0.188955928,-0.03802873,0.072691514,0.350275071,0.627845757,
French Polynesia,PYF,Population growth (annual %),SP.POP.GROW,,2.085170608,2.115947961,2.797954245,3.381128383,3.383080521,3.382170152,3.399082142,3.442596793,3.472519792,3.479721593,3.393225027,3.286776754,3.237793068,3.176259847,3.094885367,2.990386662,2.994942612,3.118530051,3.182680909,3.182972248,3.167160438,3.132950839,3.016812904,2.710529245,2.528550717,2.553478778,2.541892368,2.460437049,2.254195886,2.04905798,1.928520111,1.819736694,1.715219496,1.621855224,1.53341056,1.506260507,1.597887102,1.632028466,1.577928566,1.569228648,1.552358219,1.495538901,1.546649654,1.583739496,1.49587094,1.421790446,1.213998948,0.725858947,0.409772633,0.406991624,0.423008263,0.498155436,0.600207712,0.602054022,0.533692559,0.471058813,0.325069797,-0.097159868,-0.279503232,0.062696713,0.208586465,0.209222277,0.263581728,0.244792945,
Qatar,QAT,Population growth (annual %),SP.POP.GROW,,9.705060476,11.75589962,12.11879923,12.11209371,11.91829849,11.94310435,12.05250373,11.92023139,11.59150895,12.16312125,12.12321729,10.92313206,9.954798853,9.157846996,8.494802279,7.944216031,7.478324248,7.07777555,6.74090952,6.45324806,6.197260355,5.945990909,5.669233598,5.364139635,5.061754194,4.405532537,3.742416416,3.528646899,3.437267084,3.356436022,3.280191471,3.202835122,3.120766523,3.031520636,2.932984872,2.816898668,3.980260813,5.313174872,5.359023754,5.168431997,4.980339997,4.792405219,4.599656707,3.775117024,6.516935769,16.43325679,21.70034294,16.60723618,12.00216905,0.491609879,0.489204895,5.838000102,10.6721264,11.58171478,8.581733062,5.49972977,2.735902933,1.36210561,2.2196221,5.725715448,-10.92744243,5.90701825,-0.048970851,7.322651652,
Romania,ROU,Population growth (annual %),SP.POP.GROW,,0.802690192,0.651595836,0.647377536,0.643086646,0.592612643,0.961514846,1.645428266,1.350447671,1.051581683,1.198522854,1.037389838,0.955222601,0.856637766,0.925588793,1.248292206,1.204587762,0.944235679,0.893984021,0.63132743,0.527314448,0.65434187,0.547287798,0.376306457,0.354279947,0.407515551,0.455749591,0.491803436,0.470502242,0.449148207,0.174176628,-0.868693831,-0.903462928,-0.136109142,-0.145379065,-0.202318796,-0.288129486,-0.287897952,-0.206980242,-0.156978616,-0.12944004,-1.395429986,-1.830654994,-0.721262297,-0.569786273,-0.617530957,-0.59240256,-1.477222982,-1.666382643,-0.833088755,-0.593959184,-0.491866213,-0.445177936,-0.371323063,-0.374575498,-0.470052228,-0.573660845,-0.578007015,-0.587493307,-0.526814822,-0.550759893,-0.746036479,-0.38541268,0.065915215,-0.04858202,
Russian Federation,RUS,Population growth (annual %),SP.POP.GROW,,1.110601836,1.111455211,1.110532157,1.111100258,1.110725847,0.568815874,0.569499005,0.569376626,0.569238018,0.569083468,0.5742506,0.573246103,0.57450135,0.573468037,0.573923976,0.703185038,0.702683474,0.70288765,0.703053204,0.70965548,0.667503222,0.628287744,0.598250932,0.757352968,0.776688028,0.717573866,0.69738455,0.648303809,0.586603533,0.168017665,0.286681805,0.096978979,-0.053482028,-0.034267907,-0.021648763,-0.145451547,-0.165341654,-0.165486143,-0.309278192,-0.42061499,-0.424090525,-0.460024258,-0.453780668,-0.402681471,-0.381452795,-0.32744527,-0.171082033,-0.043949259,0.03010706,0.044896488,0.118045544,0.251575708,0.297503474,0.299667432,0.279352078,0.258751057,0.191382529,0.072135617,0.037947214,-0.143202032,-0.34372441,-0.35284311,-0.285217601,-0.203423664,
Rwanda,RWA,Population growth (annual %),SP.POP.GROW,,2.757035249,2.518756011,2.261258831,2.303625642,2.615580434,2.834410741,3.019329779,3.104111699,3.083917434,3.045349173,2.954780974,2.891680342,2.912206691,2.929724719,2.9401071,2.955757172,2.953985491,2.961516736,3.01977661,3.106028036,3.198125156,3.280347946,3.336185016,3.368620255,3.374218631,3.341445259,3.277243401,3.187103798,3.061617118,2.618292836,2.035451049,2.055267821,3.803553886,-16.12829827,-17.98821406,16.74995985,14.49537547,4.123140941,0.816180266,0.80699171,0.886774966,1.355376932,2.19817405,2.642910816,2.660098122,2.666835752,2.660081716,2.628376431,2.579220303,2.523651344,2.452628735,2.393801282,2.403400855,2.41721474,2.393225669,2.369978668,2.345567092,2.316307296,2.280860997,2.242448834,2.190935352,2.190466192,2.198498205,2.141768396,
South Asia,SAS,Population growth (annual %),SP.POP.GROW,,2.430760324,2.419612291,2.399630354,2.397315195,2.321404734,2.225310694,2.236192821,2.238825734,2.197510965,2.260212721,2.164138,2.162990682,2.309728959,2.347473003,2.377118467,2.360062855,2.361227512,2.310108281,2.326906965,2.375449752,2.361468385,2.359287717,2.349077224,2.335711941,2.312776438,2.292476596,2.254988865,2.214130007,2.194898325,2.167409738,2.124821914,2.104764537,2.076701475,2.022404184,1.996635152,1.98137773,1.955217392,1.930545108,1.900391109,1.870105257,1.839098518,1.764740124,1.682572445,1.64264883,1.566592007,1.496005313,1.435109987,1.367563821,1.364923182,1.36549214,1.334041621,1.301302858,1.21325531,1.203208132,1.146864496,1.147426629,1.113221834,1.052884144,1.017249455,0.970749727,0.842298209,0.805672048,0.880272547,0.886479317,
Saudi Arabia,SAU,Population growth (annual %),SP.POP.GROW,,3.666213991,3.674719988,3.686798583,3.704494235,3.714836722,3.723746257,3.787851802,3.897074371,4.012672977,4.165778933,4.435255926,4.76359736,5.009043756,5.156269485,5.241224768,5.375922457,5.564381963,5.713076163,5.807289311,5.861240644,5.977679672,6.101308732,6.08900149,5.946348564,5.736565821,5.685060134,5.650015603,5.320957084,5.054625285,4.934265871,4.771719598,4.604676806,4.428588174,4.279913766,4.142065263,3.995803887,3.85735211,3.736241032,3.618775439,4.459832445,5.201039099,4.976452278,4.774271463,4.591545684,4.427389452,4.280875786,4.149451092,4.028756558,3.91489466,-0.992481797,4.538671636,4.202642275,5.411491241,2.450431393,5.186855519,3.745065405,0.074782562,-2.553768258,-0.439701419,4.833138517,-2.464562615,4.418919945,4.638215727,4.631202327,
Sudan,SDN,Population growth (annual %),SP.POP.GROW,,3.182163421,3.237009313,3.297947544,3.339463277,3.372527124,3.386388962,3.403220488,3.423026577,3.429585023,3.451876148,3.443579298,3.429152848,4.078099704,3.99157188,3.502371918,3.527004796,3.486273268,3.953452085,4.121280179,4.211717155,4.143404577,3.894217896,3.315114309,2.259795216,1.821708883,1.902654568,2.032927117,2.072217777,2.058253849,2.034308939,2.019278423,2.011956885,2.235176366,2.520081966,2.579147094,2.241953023,2.227323028,2.522877336,2.506639405,2.497545616,2.485415778,2.465969175,2.257383588,2.185604952,2.283559249,2.308196368,2.383500342,2.590503087,2.772109263,2.415789333,2.030409822,2.141689686,2.309518352,2.708637804,3.046899717,3.040084743,3.464300916,3.488286755,2.935379024,2.688251257,2.694122024,2.7018952,1.326521757,0.808373216,
Senegal,SEN,Population growth (annual %),SP.POP.GROW,,2.817480969,2.820733268,2.822560295,2.8378577,2.878943252,2.931096063,2.971602578,2.984425597,2.982628829,2.9850982,2.989484429,2.991973054,2.982516766,2.910171241,2.772129994,2.629201617,2.437478748,2.335701124,2.392077638,2.472180145,2.559028175,2.629728782,2.684830091,2.727271339,2.790560643,2.874589432,2.913415934,2.896115804,2.874609982,2.868486394,2.841963098,2.79707003,2.751726427,2.676835523,2.564480107,2.4440133,2.359509955,2.33643949,2.370256622,2.410099177,2.424969437,2.449661536,2.406849622,2.346325157,2.339181364,2.327929292,2.322793844,2.339511847,2.36561416,2.386901953,2.527915199,2.677024252,2.963459546,3.167574703,3.070147924,2.97843134,2.887699087,2.800456986,2.717607931,2.633035725,2.538489194,2.467642818,2.387383488,2.320586035,
Singapore,SGP,Population growth (annual %),SP.POP.GROW,,3.344793407,2.769104695,2.527495482,2.562973705,2.430051183,2.486193007,2.20867874,1.724526396,1.504529551,1.554898734,1.833787635,1.85220872,1.86869708,1.664142592,1.460269916,1.347723378,1.385723469,1.209700789,1.26239248,1.269234299,4.807689009,4.388593633,1.298744662,1.890221986,0.136645171,-0.094490557,1.503833058,2.537773867,2.935743735,3.889093607,2.845482865,3.004256395,2.529806747,3.136586932,3.037813485,4.064318468,3.357442195,3.397212277,0.799148451,1.732042233,2.697355843,0.912639806,-1.474532842,1.251916673,2.350511289,3.129389156,4.166002864,5.321517083,3.015949915,1.771832879,2.084902456,2.45339033,1.619308099,1.298440178,1.186376937,1.297436099,0.08859547,0.469704299,1.144283307,-0.311904961,-4.1703363,3.308620524,4.858316078,1.994493656,
Solomon Islands,SLB,Population growth (annual %),SP.POP.GROW,,2.2817692,2.275333102,2.290914619,2.310178926,2.325047999,2.33832509,2.373216192,2.42819281,2.461695275,2.351027194,2.272112434,2.383389947,2.551049837,2.737590238,2.882067159,3.162508798,3.427182846,3.488062307,3.506693624,3.496279953,3.474735258,3.446245914,3.415909427,3.386204087,3.345055926,3.269331407,3.227217508,3.215990437,3.167460275,3.111246983,3.061264963,3.016903084,2.974581727,2.942722596,2.916315154,2.888735106,2.85401887,2.806322968,2.690696723,2.289274446,1.946117711,1.884933994,1.836546626,1.797946951,1.768675026,1.747090117,1.726687719,1.711530798,1.821204825,2.821397885,3.679715423,3.668421041,3.652621482,3.62509399,3.583379165,3.528420383,3.45614796,3.359859127,2.650498034,2.220721486,2.401167987,2.393780769,2.395832434,2.370783523,
Sierra Leone,SLE,Population growth (annual %),SP.POP.GROW,,1.568992225,1.636332804,1.694018709,1.753116894,1.809797742,1.845093304,1.880921834,1.899894717,1.890212675,1.895267268,1.860556842,1.834744104,1.850565972,1.849030478,1.838794253,1.804436649,1.849329483,1.9311865,1.951324118,1.993711312,2.022477249,2.052591336,2.132586576,2.190643712,2.214286108,2.441935429,2.681734828,2.69969585,2.497948179,3.956139033,1.171124216,-1.899605098,-0.22192607,0.383543071,0.145445272,0.47815966,1.289654149,0.984135555,0.516798096,2.415404052,5.905518844,5.769701151,4.064990063,3.380615704,2.689472804,2.206669372,2.196114256,2.497022146,2.693368573,2.721508599,2.609782639,2.532594917,2.457257305,2.389058321,2.318194028,2.354573427,2.385789529,2.347310391,2.321464579,2.308472027,2.274630215,2.225984624,2.195242588,2.122689133,
El Salvador,SLV,Population growth (annual %),SP.POP.GROW,,2.775320645,2.721769876,2.659124743,2.710145835,2.775591167,2.819569851,2.822864296,2.784613321,2.712607896,2.548306833,2.389642087,2.34894688,2.34408152,2.299448719,2.22774031,2.157414118,2.137079388,2.135884502,1.944373172,1.330149966,0.663311904,1.128644008,1.819801976,1.907106132,1.995442321,1.983645279,1.976661771,2.00996748,1.965720231,1.883405105,1.750438895,1.634086816,1.322282636,0.952558467,0.836549188,0.746151024,0.674551205,0.617518236,0.561593604,0.497012729,0.414627692,0.310690003,0.199712546,0.101172439,0.015103767,-0.054280947,0.124956904,0.32349566,0.314334857,0.329632682,0.359883978,0.390819912,0.405850185,0.392073398,0.335654632,0.276539935,0.205133928,0.100922206,0.040362881,0.198362575,0.33800242,0.391461928,0.465531145,0.451762523,
San Marino,SMR,Population growth (annual %),SP.POP.GROW,,2.376260654,2.401466164,2.423584117,2.366233712,1.913599026,1.251882664,0.937213983,0.973312137,0.919559521,0.784664467,1.372093573,1.978240075,1.085269658,0.199884344,0.084042446,0.335465248,4.637015426,4.917785465,1.388583214,1.235302971,1.174452187,0.979618268,0.785840915,0.524959142,0.62010861,0.669313906,0.220643486,0.689673054,1.352282711,1.376847331,1.362349722,1.368912491,1.428095962,1.424103589,1.340529468,1.279638314,1.240217137,1.251821836,1.270365479,1.276820831,1.275461286,1.273949213,1.27229099,5.634998457,1.278414524,1.159626457,3.345861412,1.434662687,4.338834048,0.61505259,-1.973049284,2.569404008,-1.287042274,-1.175123118,0.738348485,0.61820252,2.163668065,2.039662791,0.407603368,0.308211037,-1.500998886,-1.461640267,0.310582221,0.344944841,
"Somalia, Fed. Rep.",SOM,Population growth (annual %),SP.POP.GROW,,2.598567561,2.609145282,2.614614455,2.615822531,2.629801958,2.626442183,2.622897621,2.629813891,2.627591046,2.640806311,2.620033162,2.616668219,2.659032747,2.592419786,2.513826312,2.511384288,2.672245871,7.118695919,12.37399621,8.560787172,0.783542699,0.35023886,3.189676966,3.642792836,4.038142009,4.119655035,3.570222084,0.097596315,-1.680060606,-0.45086481,-3.872676579,-4.789497282,2.827827256,5.040358646,3.608741731,3.632157001,3.512306117,4.141933733,4.044912249,4.000978628,3.989838847,3.750808504,3.69115278,3.683805789,3.472043638,3.064792483,3.11334404,2.962950131,2.523952159,2.481698873,0.707617148,0.90552852,3.225086794,3.586140896,3.444414629,3.848910334,3.881449744,3.529333035,3.675257745,3.795920669,3.657200378,3.025127548,3.079392196,3.482154818,
Serbia,SRB,Population growth (annual %),SP.POP.GROW,,0.751575277,0.762319579,0.704988811,0.659361362,0.638523881,0.743886281,0.554940788,0.587717201,1.637066502,0.584314274,0.649984144,0.557202185,0.438776002,0.576882622,0.580807308,0.679703097,0.588776305,0.551007621,0.50485239,2.197204079,0.352744328,0.342552477,0.318491778,0.326235035,0.285671557,0.228455332,0.18067852,0.20557077,0.121295451,0.052559177,-3.902771429,0.110883786,0.134902587,0.110034513,0.072821577,-0.079722247,-0.310721364,-0.406072369,-0.361977305,-0.319524801,-0.171946647,-0.045349528,-0.259535431,-0.233328452,-0.300431133,-0.393204593,-0.405458542,-0.425705552,-0.400994905,-0.402005901,-0.756021912,-0.485136859,-0.48641352,-0.486295172,-0.511754333,-0.523694463,-0.532191341,-0.546351969,-0.536610018,-0.666107601,-0.94368817,-2.517057567,-0.621120944,-0.555761424,
Sub-Saharan Africa (excluding high income),SSA,Population growth (annual %),SP.POP.GROW,,2.396942007,2.442627598,2.472739691,2.510274452,2.545897144,2.570585682,2.597186194,2.631853391,2.651641298,2.673381954,2.687810014,2.681661467,2.766212716,2.844895768,2.859899307,2.851758872,2.872097878,3.033376403,3.160485872,3.164595765,3.039429719,3.011709134,2.987749078,2.898728912,2.907244717,2.881196228,2.842195893,2.738101496,2.701470427,2.692593117,2.542913673,2.543471289,2.661189084,2.570589801,2.566847025,2.608789458,2.563916825,2.607580533,2.616912053,2.613615505,2.635477793,2.650709388,2.662735453,2.686753724,2.706128912,2.710519226,2.723958986,2.750882849,2.75095482,2.746959873,2.729967115,2.721055946,2.743944742,2.71849791,2.699381689,2.647904963,2.625661062,2.64764084,2.597692181,2.55803335,2.518009272,2.470255826,2.44994314,2.426848243,
South Sudan,SSD,Population growth (annual %),SP.POP.GROW,,1.528900352,1.585893803,1.586426003,1.846024111,1.89623852,1.449951627,1.265738442,1.329882601,1.316142778,1.301274261,1.716522767,2.106752964,2.367960592,2.608790839,2.604208561,2.59373344,2.570560502,2.542554859,2.510770911,2.483317808,2.464005366,2.45241641,2.253812076,1.892344999,1.7458904,1.782501793,0.832795583,-2.33162565,-2.819899483,0.516440812,2.069027079,1.499490565,0.937654698,2.297495359,3.004046414,2.477533138,2.801768863,1.993595841,2.661042629,4.416870388,4.475775831,4.470494054,4.538890485,4.668505896,4.819087549,4.965254652,5.039307403,4.985900202,4.717160572,5.292546182,5.413664039,4.449728898,3.741202364,0.614232825,-1.141435557,-2.529656835,-5.415909905,-1.336258964,2.924395312,2.60487165,1.551794111,1.420020255,4.108164632,3.927924422,
Sub-Saharan Africa,SSF,Population growth (annual %),SP.POP.GROW,,2.401662244,2.449925548,2.482580922,2.521785654,2.55900329,2.573992804,2.601223389,2.644160308,2.660991914,2.681155481,2.691939826,2.680699588,2.756043556,2.820318776,2.820653274,2.820931454,2.78371987,2.909439508,3.007286644,2.930890738,2.992608109,3.088057169,2.97004337,2.872188101,2.898922447,2.887510715,2.892343578,2.841703956,2.803774182,2.784015806,2.707415917,2.698841271,2.741896629,2.657430594,2.64720633,2.675523228,2.626177464,2.659659139,2.666747648,2.658310466,2.674642655,2.689893618,2.698073194,2.71725875,2.731980302,2.733269499,2.744515565,2.765316695,2.759681543,2.755888042,2.740943332,2.729287707,2.741279252,2.714793294,2.697861637,2.65386426,2.635634217,2.652475599,2.607043443,2.573415264,2.53359221,2.487270392,2.465385732,2.442755705,
Small states,SST,Population growth (annual %),SP.POP.GROW,,1.808180145,2.042879519,2.051129082,1.99295526,1.907395773,1.803804567,1.6874074,1.656812864,1.675466804,1.66010271,1.658653043,1.606584097,1.508625437,1.425043135,1.456062663,1.546177283,1.605692101,1.583715614,1.581356417,1.583631667,1.550313074,1.535885356,1.495403236,1.484397983,1.576986407,1.621062789,1.585114294,1.565981945,1.601576502,1.619399334,1.590368476,0.852086464,0.689838922,0.889663783,0.782600913,1.061709244,1.215516503,1.220991687,0.467922089,0.563467412,1.453412648,1.440086402,1.168126846,0.944330014,0.613928796,1.008144678,1.054992808,1.05553601,0.985225775,1.008056715,0.979641177,0.99921024,1.003242808,1.015863827,1.036016069,1.014536949,1.036124708,1.156405276,1.087923428,0.920713681,0.891610041,1.042139376,0.897105994,0.806191277,
Sao Tome and Principe,STP,Population growth (annual %),SP.POP.GROW,,1.016692613,1.007900792,1.016386917,1.068269521,1.143511005,1.242252,1.395638777,1.57591846,1.74749886,2.007757298,2.17139447,2.133883214,2.144870706,2.238106198,2.376118324,2.521342924,2.640215947,2.693914764,2.586886409,2.353339677,2.079820297,1.863949239,1.80972419,1.911109812,2.105615058,2.267530549,2.460702913,2.616476178,2.566429615,2.470501306,2.185250844,1.901502091,1.823105135,1.721173649,1.616464033,1.520681706,1.420910946,1.307974724,1.194252752,1.100339245,1.623353015,2.394333693,2.562892139,2.4982119,2.463925437,2.443923062,2.422748801,2.38327636,2.309243056,2.196081638,2.093961135,2.020927884,1.938966145,1.856355322,1.775102143,1.682301173,1.597953443,1.542375544,1.513323921,1.876910541,2.060173547,1.93819562,1.997546602,2.000465504,
Suriname,SUR,Population growth (annual %),SP.POP.GROW,,3.306748539,3.995839677,4.518227938,3.962734381,3.484704161,3.420515142,3.426800171,3.424136497,3.407017057,3.359606802,3.238660287,1.388768686,-0.413775435,-0.53100519,-0.638598787,-0.739234038,-0.83325626,-0.930125195,-1.027536231,-0.590987657,0.02184232,0.291484142,0.58016768,0.905992091,1.242662237,1.375098339,1.160875182,1.330453167,1.52525174,0.995011267,0.609060911,0.618785018,0.421296748,0.718288233,1.697496454,2.124358476,2.083068046,2.062862432,2.057797085,2.061841303,2.059244093,2.032597331,1.966831933,1.471893221,1.043333545,1.088576405,1.139960433,1.166207621,1.170058491,1.16234547,1.147372177,1.137556037,1.128803232,1.110294324,1.081082266,1.048424837,1.008244044,0.972162135,1.037941551,1.075304778,0.907003624,0.848956801,0.914027369,0.877853399,
Slovak Republic,SVK,Population growth (annual %),SP.POP.GROW,,2.992367593,1.103731257,1.028834086,1.052910536,1.003466098,0.926446929,0.850944297,0.773470987,0.770721176,0.433176524,0.422751142,0.855864874,0.970405427,1.032645526,1.049610388,1.057918406,1.05907444,1.019963776,0.993954932,0.82353269,0.726099437,0.774370072,0.726754862,0.68746266,0.67395444,0.619376645,0.556839233,0.530027872,0.481564765,0.439617095,0.077472437,0.032465115,0.381719887,0.39405443,0.292632207,0.211674396,0.184629991,0.134121598,0.102053161,-0.135376488,-0.183012271,-0.036352551,-0.065821507,-0.02036172,0.009809134,0.004597119,0.029178401,0.0857553,0.133257321,0.093191273,0.128936463,0.170183855,0.107458009,0.097045422,0.095033879,0.12892233,0.155178996,0.13850816,0.135328073,0.085769476,-0.212358808,-0.28486096,-0.092314851,-0.08611084,
Slovenia,SVN,Population growth (annual %),SP.POP.GROW,,0.592102461,0.595289739,0.827298842,0.932146106,1.038996033,1.250067121,1.16824614,0.884959963,0.54575056,0.640755486,0.776389848,0.796321598,0.822072701,0.532626458,0.977621393,1.475912486,1.208328081,1.088885702,1.07078262,0.989248309,0.27396083,0.199273553,0.625521425,0.510213263,0.489804905,1.244921845,1.203935932,0.272022154,0.0578723,0.090624343,0.063438224,-0.146699403,-0.238300478,-0.115694093,0.0215615,-0.062536134,-0.134454343,-0.218117657,0.071430845,0.29607496,0.157498742,0.123915442,0.060296779,0.064066202,0.173208905,0.319114537,0.559207816,0.158140844,0.903875535,0.436079485,0.207732702,0.210024306,0.135726229,0.098351922,0.075190689,0.073197207,0.065159039,0.362584395,0.696304046,0.669754656,0.26885197,0.189424379,0.396216783,0.326705896,
Sweden,SWE,Population growth (annual %),SP.POP.GROW,,0.471081377,0.551534904,0.563633784,0.747117165,0.941845549,0.951566378,0.767228099,0.561996749,0.702745811,0.933484922,0.688095591,0.295500379,0.17236408,0.290164816,0.397275735,0.363686099,0.3551577,0.291145576,0.218223247,0.202996792,0.119920399,0.057191722,0.045273605,0.090869615,0.165170619,0.232568885,0.333678891,0.45959837,0.667182921,0.772602676,0.681643118,0.586529929,0.580838814,0.710705462,0.524703942,0.159147081,0.057262203,0.055512122,0.077927151,0.160575485,0.268470528,0.325438068,0.372092943,0.393298991,0.399942763,0.562483906,0.741552515,0.779033291,0.851904413,0.852524629,0.755150134,0.739763272,0.847348652,0.992219729,1.057454686,1.256453985,1.34744506,1.16164516,1.013722263,0.722703913,0.600591533,0.680582868,0.472717863,0.31343213,
Eswatini,SWZ,Population growth (annual %),SP.POP.GROW,,2.269490091,2.26728751,2.29629142,2.377669914,2.524280306,2.650383442,2.541616911,2.443074592,2.527277504,2.60400827,2.676146596,2.743457757,2.804933122,2.870490677,2.935270655,3.03747007,3.200113621,3.294454984,3.302916812,3.313352622,3.323717172,3.323488765,3.286560201,3.258532433,3.664921304,3.961298751,3.881456949,4.603881942,4.642021273,4.050072067,4.017237754,3.805482392,2.914658146,-0.010913602,-0.080241243,1.980196052,1.682404008,1.284928807,1.085536414,1.026166762,0.922357933,0.79384261,0.682836012,0.603686469,0.544843998,0.500496086,0.576423998,0.674894146,0.641056931,0.586161116,0.554659161,0.537986823,0.543692521,0.556770676,0.571627699,0.584038793,0.752960395,0.922518622,0.931970814,1.083630577,1.155672669,1.0162074,0.946270732,0.995913344,
Sint Maarten (Dutch part),SXM,Population growth (annual %),SP.POP.GROW,,8.976999943,9.439148429,9.352605801,9.012223266,8.781846239,8.545325888,8.366458776,8.121005543,7.830693636,7.542807267,7.129766585,6.899287149,7.023870758,7.011219765,6.849031156,6.615915574,6.456425156,6.309619434,6.011826705,5.694987513,6.941180065,9.358646601,9.936599782,9.235873538,8.641306684,8.154487055,7.751829944,7.411744665,7.175622157,6.980520784,6.834882868,4.938273049,1.443580177,-0.34092897,-0.455338443,-0.549157132,-0.615855411,-0.674156267,-0.694871704,-0.660731149,-0.152848044,0.758684701,1.178429679,1.152082819,1.151439455,1.150667887,1.113184037,1.07377882,1.038487033,0.900652592,1.389951999,2.182219659,2.345014831,2.255838426,2.155377937,2.055011567,1.934166063,1.819433226,1.680501987,1.530874073,1.363563916,1.357086889,1.437212562,1.396089993,
Seychelles,SYC,Population growth (annual %),SP.POP.GROW,,2.811425399,2.652834129,2.542224829,2.505103785,2.511270082,2.492878496,2.458292335,2.420821864,2.378879124,2.331063885,2.022322949,2.409711626,1.528531987,1.820147959,2.311817635,2.02350889,2.096732303,0.587401637,0.858731926,0.913088831,1.216078335,0.588566721,-0.121166946,0.592011152,0.81101698,0.623397692,4.245108175,0.373031455,0.597440909,0.490359666,1.331962012,0.458917818,2.083758339,2.665768473,1.47017209,1.467193026,1.173453648,1.95568619,1.964196367,0.892658567,0.087474518,3.057385326,-1.131516421,-0.370334935,0.463308214,2.080596735,0.510514983,2.236282715,0.392530948,2.792329069,-2.628656355,0.98098019,1.846876093,1.555395709,2.229795053,1.33763478,1.224033758,0.954291918,0.887925293,0.853707878,0.805183391,,-0.08762743,1.311360948,
Syrian Arab Republic,SYR,Population growth (annual %),SP.POP.GROW,,2.992456582,2.943984591,3.001812211,3.056631329,3.105154264,3.147218448,3.178565801,3.204369005,3.23255868,3.27277826,3.35172721,3.3961547,3.374815145,3.36796769,3.395521472,3.42163753,3.434887264,3.429280236,3.395167727,3.357422999,3.321509174,3.317109468,3.412484328,3.507629043,3.517627267,3.488082497,3.448743152,3.395413355,3.31227337,3.232720861,3.142766822,3.070437532,3.017859884,2.949028403,2.83254019,2.708478615,2.624954538,2.579511614,2.544083608,2.494059999,2.454617146,2.41609659,2.381290353,2.471151457,2.569205064,4.281055174,6.157263887,3.539536036,1.561038004,2.273867358,1.744631873,-0.518583749,-4.920766119,-6.646407776,-4.278122657,-1.195214906,0.160516444,1.82043237,3.885598799,3.361887612,2.71541292,3.780513133,4.918615268,4.468095397,
Turks and Caicos Islands,TCA,Population growth (annual %),SP.POP.GROW,,0.409946212,0.248712155,0.194983665,0.176928567,0.017675652,-0.070721361,0.053045709,-0.017678777,-0.070746377,0.265041237,1.523538794,2.75962323,2.915658429,2.960662739,2.983889717,3.002587827,3.017087763,3.140718459,3.09983816,3.470422242,4.447475451,4.801909837,4.708413493,4.606520998,4.445653672,4.316773393,4.138113804,3.917987872,3.805994692,4.327409154,5.144300939,5.263331449,5.095399242,4.973874555,4.817913643,4.628142027,4.447658334,4.333793864,4.248456706,4.203513442,4.417780968,5.084110798,5.341029263,5.065793818,4.834004038,4.623005591,4.464384248,4.310032597,4.145911969,3.947226636,3.654776658,4.068971579,4.640540708,4.067340832,4.340922962,4.565662132,4.086062094,4.041201898,3.793904399,2.787095606,1.912385765,1.326180376,0.76267413,0.726821053,
Chad,TCD,Population growth (annual %),SP.POP.GROW,,2.016010087,2.024738574,2.035665072,2.033365599,1.997791872,1.956975044,1.945807903,1.967652824,2.016350841,2.07937058,2.109872053,2.232031916,2.352059352,2.292857441,2.155854033,1.997160648,1.872834353,1.823193568,2.108873399,0.223238801,0.121862542,4.699290281,4.953813469,1.317121774,1.008230866,2.992297155,3.503649203,3.385979763,3.390116061,2.766507641,3.657015552,4.243112164,2.358050869,2.300983463,4.406749281,4.42916992,3.451931852,3.440283624,3.513206149,3.458862793,3.373238978,3.483192496,3.995806789,4.45463094,4.031101101,3.597637382,3.444755444,3.499220115,3.572969763,3.460770948,3.530201854,3.512654812,3.569478834,3.569986978,3.183361057,3.138686976,3.306395837,3.359560287,3.21991132,3.181970361,3.444238694,3.456689111,4.573992134,4.948530274,
East Asia & Pacific (IDA & IBRD countries),TEA,Population growth (annual %),SP.POP.GROW,,-0.0785514,1.311782447,2.54045477,2.436743751,2.441437008,2.716984812,2.571880573,2.60416108,2.700820629,2.699278026,2.674935583,2.456079427,2.316320017,2.139013202,1.895059218,1.723673342,1.589232952,1.571912821,1.576845024,1.53151149,1.556069385,1.702375836,1.693765,1.596011919,1.609897947,1.67313997,1.742987851,1.739999618,1.67133527,1.616554583,1.535538587,1.426881545,1.367834689,1.344014407,1.312205072,1.278948683,1.254817435,1.191982981,1.086105944,1.002607154,0.947946949,0.893646032,0.849673896,0.815425021,0.805430527,0.798097134,0.793915564,0.784611888,0.757583327,0.745622556,0.786862262,0.87929184,0.862640123,0.817847922,0.768433864,0.751293282,0.761249006,0.645371495,0.552005487,0.453261414,0.314012269,0.233295773,0.183862594,0.166308499,
Europe & Central Asia (IDA & IBRD countries),TEC,Population growth (annual %),SP.POP.GROW,,1.518479493,1.488951514,1.489660139,1.47935472,1.393775302,1.175328609,1.22631656,1.191566815,1.146995288,1.03604785,1.033148535,1.090749503,1.066243647,1.060864836,1.057045084,1.106929664,1.103579543,1.061668608,1.004122611,1.027384067,0.985877965,0.98439371,1.002768995,1.062256995,1.04776018,1.021877502,1.008574268,0.955280452,0.880817653,0.644574723,0.495653129,0.394569252,0.300285427,0.218516145,0.157691907,0.120853096,0.071273203,0.022159097,-0.019374608,-0.051698957,-0.073739692,-0.066997273,0.022605811,0.052532644,0.044989601,0.086919352,-0.007767314,0.239628391,0.356903827,0.369045723,0.430233519,0.469784322,0.488244906,0.511643063,0.492688776,0.494941794,0.45897213,0.421928355,0.43092938,0.196606052,0.056612549,-0.467968566,-0.508961143,0.246493282,
Togo,TGO,Population growth (annual %),SP.POP.GROW,,1.754104054,1.760514152,1.83611307,2.150446941,2.752599063,3.432846401,3.953965934,4.138647551,3.985790387,3.626995697,3.208998861,2.85022175,2.638067329,2.540642074,2.471902458,2.424099277,2.400928858,2.422549597,2.557413787,2.81370914,3.106079773,3.329210376,3.403862978,3.354262816,3.196467903,3.058196334,3.041150559,3.022452291,2.970732704,2.927067199,2.879034922,2.828179807,-0.619923393,0.367409145,4.353176585,3.716830623,3.164227011,2.835237022,2.826543064,2.75685669,2.636986353,2.5423944,2.533421659,2.566505352,2.567010652,2.801242841,2.913163218,2.874543034,2.833678897,2.721017166,2.694618859,2.629233845,2.567966978,2.534481353,2.520607466,2.513989965,2.498975657,2.471797986,2.443512093,2.412473937,2.37825003,2.35270896,2.333455065,2.241366784,
Thailand,THA,Population growth (annual %),SP.POP.GROW,,2.930692345,2.960079527,2.979230796,2.987471928,2.988733093,2.962904983,2.923038002,2.878342515,2.816287917,2.765299632,2.697254455,2.662169995,2.637601838,2.547908078,2.440666731,2.309468433,2.236261836,2.181709116,2.100371414,2.061827862,2.007818484,1.953326229,1.93657526,1.899108651,1.84510815,1.788305191,1.736129163,1.705026944,1.646494654,1.63811608,1.629207107,1.589459617,1.543627117,1.474329442,1.427059872,1.381039873,1.333721701,1.30564503,1.254098991,1.13127018,1.015848468,0.962026885,0.931947505,0.896077275,0.860087894,0.830063303,0.800044181,0.768156179,0.738542682,0.670617338,0.621807948,0.619591347,0.587325699,0.530129864,0.460976294,0.451266063,0.42296351,0.302929452,0.204609852,0.166540795,0.119758275,0.011148545,-0.045865189,-0.048021055,
Tajikistan,TJK,Population growth (annual %),SP.POP.GROW,,3.245512543,3.300898696,3.345155171,3.353637792,3.333656984,3.321132768,3.318022031,3.312165605,3.265981446,3.165438174,3.086531492,3.083659798,3.107697148,3.122669915,3.136517414,3.146403563,3.147309246,3.105787886,2.984930278,2.857918733,2.807738672,2.8347931,2.884376947,2.925210552,3.055003096,3.261575112,3.438019517,3.500042164,2.933296601,2.466256452,2.604120674,1.93373587,1.32919819,1.738084669,2.093103462,1.963241577,1.201126779,0.593820014,0.516328988,1.222529565,1.932630555,1.92125174,1.924299748,1.962600028,1.956612007,1.900261481,1.921341547,1.980759569,2.047826065,2.13859733,2.231078205,2.390423381,2.497109567,2.50974039,2.557793514,2.533518726,2.454670832,2.407375997,2.363856589,2.27553633,2.207389221,2.137285294,2.018120097,1.917323179,
Turkmenistan,TKM,Population growth (annual %),SP.POP.GROW,,3.111675109,3.124784299,3.099064214,3.041768849,2.962096243,2.871904289,2.784078355,2.708662334,2.65073632,2.611299474,2.585283355,2.55509021,2.541126308,2.54478335,2.539089247,2.53129875,2.525069665,2.5265519,2.541480865,2.569447259,2.613109294,2.660038211,2.708765238,2.78225543,2.919940331,3.041016292,3.085941009,3.041608417,2.855318347,2.643363458,2.503447243,2.276723048,2.199335091,2.067917267,1.79451641,1.717743266,1.695537034,1.686904094,1.834623238,1.994744397,2.003332035,1.991749374,1.959925006,1.918780166,1.881388314,1.859934656,1.86589171,1.90736323,1.974070602,2.047357865,2.11713816,2.177764501,2.226790309,2.263038804,2.286103859,2.294521278,2.285307112,2.255929155,2.205525751,2.122655358,2.024445374,1.929227878,1.839701,1.750641118,
Latin America & the Caribbean (IDA & IBRD countries),TLA,Population growth (annual %),SP.POP.GROW,,2.793570562,2.796576481,2.784745338,2.762669534,2.728941352,2.68821254,2.644351943,2.59863009,2.555379631,2.504543332,2.468285038,2.45104807,2.431509926,2.405921661,2.375172704,2.347493589,2.33806688,2.333621513,2.309452085,2.280281105,2.2334209,2.191142525,2.177859527,2.153643766,2.109273285,2.060421575,2.017844236,1.984433872,1.946705734,1.916281571,1.870988717,1.828694003,1.788830533,1.742329316,1.709292687,1.667782485,1.628818331,1.604863136,1.565072441,1.495788156,1.427413946,1.372332665,1.322018043,1.279219936,1.237697481,1.219765769,1.200834608,1.182190907,1.153689953,1.119731849,1.104323644,1.092726074,1.069595957,1.046196865,1.011291936,0.977702559,0.941276851,0.890295526,0.833705241,0.730174027,0.603142566,0.625181508,0.712391178,0.714412994,
Timor-Leste,TLS,Population growth (annual %),SP.POP.GROW,,1.520684714,1.562138721,1.600711435,1.636674582,1.665556707,1.693938209,1.721011695,1.743416763,1.760299289,1.771804564,1.773646785,1.760016134,1.711904498,1.358480849,1.233168274,1.569475347,1.744834977,1.677544572,1.5691126,1.73092736,1.621264422,1.302022993,1.270828533,1.329459868,1.429502412,1.498763675,1.584000135,1.693225964,1.912634942,2.058136654,2.331150918,2.667507725,2.729638147,2.768120173,2.7623456,2.742232283,2.752588032,2.725964262,-12.14989643,-11.35664525,8.630461119,7.91588253,4.200865218,1.321397031,2.049411634,2.939157221,2.855828689,2.703719071,2.520491249,2.416489984,2.326239374,2.198483979,2.076304762,1.983147949,1.946242341,1.905259439,1.886415497,1.919302866,1.939287072,1.911593734,1.800068931,1.408845874,1.08884744,1.174336386,
"Middle East, North Africa, Afghanistan & Pakistan (IDA & IBRD)",TMN,Population growth (annual %),SP.POP.GROW,,2.543819518,2.568223944,2.613976711,2.641275337,2.657762699,2.705541721,2.761500862,2.775933217,2.785383089,2.780403096,2.715768982,2.705978845,2.761502351,2.790219062,2.898342017,2.966932308,2.950772725,2.968203103,2.995721394,3.055211547,3.099251778,3.082843909,3.101069366,3.155567244,3.124952685,3.082653403,3.036780598,2.967367645,2.937755169,2.886203359,2.798387351,2.746608163,2.669572912,2.531156727,2.435311938,2.364259328,2.318766678,2.317066498,2.303401706,2.222804416,2.185980018,2.154151185,2.196158128,2.264443702,2.270765178,2.276151325,2.180789173,2.162463397,2.208069462,2.160642219,2.096585294,1.998450178,1.904085846,1.840866121,1.708736496,1.6326959,1.676050849,1.757470205,1.780667805,1.748891773,1.702282077,1.690895384,1.734309446,1.710646261,
Tonga,TON,Population growth (annual %),SP.POP.GROW,,2.782448682,2.758605679,2.742988824,2.73609999,2.730422018,2.700162743,2.296446028,1.909878301,1.86563942,1.8125145,1.755801226,1.685446127,1.645123132,2.092695374,2.541236368,2.45098336,1.457979484,0.49399623,0.349169537,0.230399512,0.143092247,0.072490036,0.018369409,-0.008163765,-0.006123261,0.026531425,0.372735759,0.600979792,0.437562451,0.298338267,0.195395738,0.127052744,0.080949411,0.062915381,0.058884882,0.049875313,0.397116208,0.706716722,0.646895106,0.616444658,0.593306428,0.56574233,0.566388827,0.579379768,0.569418171,0.549254887,0.444175978,0.275093041,0.170850044,0.183594876,0.158161637,-0.102311314,-0.356114445,-0.438960492,-0.483301678,-0.539650396,-0.159332355,0.200073079,0.096574455,0.033116813,-0.202657342,-0.425589151,-0.424539965,-0.404269322,
South Asia (IDA & IBRD),TSA,Population growth (annual %),SP.POP.GROW,,2.430760324,2.419612291,2.399630354,2.397315195,2.321404734,2.225310694,2.236192821,2.238825734,2.197510965,2.260212721,2.164138,2.162990682,2.309728959,2.347473003,2.377118467,2.360062855,2.361227512,2.310108281,2.326906965,2.375449752,2.361468385,2.359287717,2.349077224,2.335711941,2.312776438,2.292476596,2.254988865,2.214130007,2.194898325,2.167409738,2.124821914,2.104764537,2.076701475,2.022404184,1.996635152,1.98137773,1.955217392,1.930545108,1.900391109,1.870105257,1.839098518,1.764740124,1.682572445,1.64264883,1.566592007,1.496005313,1.435109987,1.367563821,1.364923182,1.36549214,1.334041621,1.301302858,1.21325531,1.203208132,1.146864496,1.147426629,1.113221834,1.052884144,1.017249455,0.970749727,0.842298209,0.805672048,0.880272547,0.886479317,
Sub-Saharan Africa (IDA & IBRD countries),TSS,Population growth (annual %),SP.POP.GROW,,2.401662244,2.449925548,2.482580922,2.521785654,2.55900329,2.573992804,2.601223389,2.644160308,2.660991914,2.681155481,2.691939826,2.680699588,2.756043556,2.820318776,2.820653274,2.820931454,2.78371987,2.909439508,3.007286644,2.930890738,2.992608109,3.088057169,2.97004337,2.872188101,2.898922447,2.887510715,2.892343578,2.841703956,2.803774182,2.784015806,2.707415917,2.698841271,2.741896629,2.657430594,2.64720633,2.675523228,2.626177464,2.659659139,2.666747648,2.658310466,2.674642655,2.689893618,2.698073194,2.71725875,2.731980302,2.733269499,2.744515565,2.765316695,2.759681543,2.755888042,2.740943332,2.729287707,2.741279252,2.714793294,2.697861637,2.65386426,2.635634217,2.652475599,2.607043443,2.573415264,2.53359221,2.487270392,2.465385732,2.442755705,
Trinidad and Tobago,TTO,Population growth (annual %),SP.POP.GROW,,2.131236749,1.956080077,1.869499433,1.785802198,1.679424805,1.550987026,1.419558364,1.307574784,1.200191664,1.091697846,1.11472447,1.222911232,1.265943794,1.248196144,1.213635177,1.211649993,1.234296485,1.272582286,1.295690722,1.265389411,1.186432666,1.120876329,1.092253699,1.067068532,1.218647911,1.318409887,1.17663581,1.038239995,0.933060507,0.850752262,0.792486108,0.750088861,0.688993141,0.613127002,0.528584437,0.443666739,0.376559274,0.335542949,0.341570955,0.384592208,0.437978261,0.484953791,0.501588638,0.49707843,-3.855661583,0.266158885,0.403209611,0.413435896,0.116012085,0.579036712,0.77899411,0.538824147,0.400859959,0.356379989,0.320889623,0.312772812,0.202027128,0.188524652,0.351942102,0.200680476,0.060930052,-0.128266918,0.124756951,0.060164273,
Tunisia,TUN,Population growth (annual %),SP.POP.GROW,,1.141496016,1.217182108,1.318646657,1.407178092,1.58027801,1.973262117,2.309250235,2.467309393,2.525234854,2.500087545,2.506843929,2.531497142,2.573538523,2.627723881,2.683063732,2.665392469,2.615766365,2.462299259,2.30358298,2.293301542,2.276116652,2.200408002,2.079338701,2.329456836,2.595630173,2.537050297,2.46513393,2.340223569,2.198016072,2.098246765,2.107702643,2.102980615,1.999995742,1.796141204,1.571124831,1.443200568,1.355438785,1.269830911,1.190744383,1.122225591,1.06692196,1.026540082,0.999023084,0.934209359,0.874656406,0.882818284,0.916799635,0.961991588,1.01963219,1.076732866,1.108961271,1.129111331,1.189251093,1.186033545,1.128719734,1.102539116,1.051160255,0.982378425,0.926946082,0.830022186,0.620790375,0.585173209,0.666925035,0.626519257,
Turkiye,TUR,Population growth (annual %),SP.POP.GROW,,2.748134199,2.699931267,2.673820421,2.621740463,2.511227422,2.541086841,2.596527714,2.526555763,2.449837238,2.349231812,2.373845837,2.400705208,2.313155721,2.214582785,2.074544369,2.041846103,2.062858432,2.018170989,1.962778199,1.998272793,1.989327459,2.137780852,2.350154744,2.298901487,2.220384168,2.128920892,2.0376987,1.997111975,1.960082552,1.872084576,1.75939857,1.704790779,1.725070844,1.738501144,1.636713544,1.507044095,1.445221266,1.392605583,1.336519053,1.282976487,1.244278566,1.205871536,1.160944167,1.115482546,1.068641817,1.027155194,0.160856263,1.265603365,1.380302716,1.519430938,1.467774164,1.27471802,1.284414747,1.3490889,1.33411577,1.345425935,1.296755712,1.353602986,1.429696881,0.970386031,0.910444903,0.984586244,0.406389351,0.225580501,
Tuvalu,TUV,Population growth (annual %),SP.POP.GROW,,0.88921091,0.898922066,0.908303188,0.017386769,-0.645332317,-0.508728402,-0.599754841,-0.496631031,0.124389176,0.566674086,0.387734007,0.123055303,-0.193440665,2.451657175,4.942793494,4.585101487,4.309299286,3.973255894,3.210798406,2.501848702,2.148887415,1.81703485,1.617844127,1.440341005,1.805918154,2.103010542,1.856817273,1.740821982,1.676407129,1.557878013,1.466798271,1.224550535,0.968957152,0.88365818,0.789748249,0.665881528,0.61893272,0.541086674,0.475010129,0.504202749,0.439101594,0.385236564,0.745422232,1.240341871,1.255331326,1.160245062,1.245198419,1.35591991,1.347340178,1.451982804,1.551868108,1.418463499,0.610897728,-0.154650929,-0.191370177,-0.30146645,-0.559660161,-1.091592708,-1.593883358,-1.735029224,-1.991033576,-2.001453909,-1.777106541,-1.747038576,
Tanzania,TZA,Population growth (annual %),SP.POP.GROW,,2.852128722,2.900911409,2.929394796,2.994638879,3.034958078,3.062546297,3.102102411,3.241667616,3.39068947,3.437863684,3.486893948,3.570456246,3.600277871,3.608489458,3.639083969,3.637558662,3.618661523,3.530771023,3.366440374,3.164384787,3.053179092,3.055578602,3.285389705,3.263048678,3.264131762,3.309984032,3.262838882,3.030178683,2.665338904,2.605235484,2.534531026,2.497093869,3.137377264,3.841798556,3.146528133,1.833646005,2.022743479,2.632614928,2.677766356,2.841524325,2.701520748,2.588507221,2.645256381,2.713260964,2.775139411,2.800556238,2.791333122,2.702859001,2.466936951,2.544485226,2.799850312,2.879943739,3.014557367,3.08040316,3.261810423,3.407295314,3.341430221,3.155721138,2.980609394,2.993051688,3.001139348,2.950466584,2.902500736,2.874266729,
Uganda,UGA,Population growth (annual %),SP.POP.GROW,,2.854367665,2.883583787,2.939862981,2.987215162,3.015215143,3.045639141,3.087481074,3.135678607,3.105440359,3.016928716,2.833099754,2.488874518,2.34635934,2.486804391,2.595332573,2.626588058,2.642900795,2.654210519,2.413495131,2.082265654,2.092421158,2.312739174,2.479170601,2.676551833,2.808047711,2.911846635,3.097408117,3.184963274,3.227257044,3.234459967,3.280859192,3.406475067,3.453786483,3.355933259,2.731614431,2.70145587,2.898930513,2.97399634,3.240069283,3.144183603,3.059068635,3.131587502,3.158223725,2.999445195,2.934921188,2.927459351,2.941066543,2.944486142,2.941291711,2.943891335,2.931949137,2.904226084,2.869551639,2.951444999,3.073292939,3.321924914,3.490595909,3.397410976,3.391321423,3.333417511,3.217736618,3.00759449,2.80083229,2.7537317,
Ukraine,UKR,Population growth (annual %),SP.POP.GROW,,1.335318462,1.245462809,1.173458096,1.093321961,0.964686284,0.911574872,0.898670922,0.85820985,0.773438524,0.604962317,0.657950049,0.782259634,0.686376057,0.618355276,0.592476427,0.521734523,0.438036173,0.373794192,0.403331277,0.469060112,0.467583508,0.424374323,0.463788584,0.493615222,0.433684745,0.409997829,0.38311517,0.405114493,0.372364438,0.262138263,0.224262873,0.292283165,0.050547513,-0.525019256,-0.791314942,-0.854165873,-0.861119151,-0.804922047,-0.803711705,-0.8435153,-0.911802334,-0.878622609,-0.746752569,-0.697090406,-0.824471243,-0.646951977,-0.45769125,-0.518999631,-0.41831808,-0.360396779,-0.319413471,-0.21141212,-0.180396113,-0.335269423,-0.40865263,-0.367748385,-0.397112648,-0.501151979,-0.557746011,-0.61903773,-0.857231073,-7.619320226,-8.423007774,0.337028626,
Upper middle income,UMC,Population growth (annual %),SP.POP.GROW,,0.514706477,1.585535571,2.518773997,2.438022406,2.428121268,2.636292923,2.524769321,2.541486773,2.608958833,2.594805526,2.576860462,2.408465886,2.296739618,2.15898961,1.983099518,1.858663686,1.745755839,1.725712124,1.714294034,1.679150201,1.723713127,1.824182211,1.778196488,1.70100152,1.70381594,1.749769314,1.79175878,1.764993908,1.699379473,1.620899885,1.512475406,1.404414764,1.307392084,1.254865561,1.218514503,1.192263073,1.163937033,1.117835074,1.05486611,1.009217936,0.958818558,0.897792802,0.869155963,0.869654479,0.863485643,0.824386653,0.752460959,0.800097287,0.812950151,0.798255018,0.823344492,0.906967734,0.915957203,0.873451577,0.83060884,0.795561604,0.800586206,0.745062564,0.666110612,0.536733852,0.398949428,0.253684711,0.213509143,0.313313419,
Uruguay,URY,Population growth (annual %),SP.POP.GROW,,1.260307086,1.212504734,1.168026553,1.11482303,1.049397287,0.982672928,0.905570477,0.813909218,0.700652943,0.604985222,0.559381399,0.53950785,0.547434143,0.590786204,0.641816831,0.661798147,0.62297936,0.55710546,0.483769235,0.409039759,0.381830391,0.412411437,0.445520474,0.457667008,0.483394565,0.522589894,0.560636879,0.590567988,0.594521021,0.58630446,0.576577815,0.554068644,0.528682164,0.521048221,0.522015798,0.52797568,0.529453064,0.493144265,0.453853561,0.373944816,0.246007398,0.140879525,0.070700651,0.059777582,0.079860937,0.113607393,0.171519934,0.212934707,0.239373352,0.256129913,0.248141512,0.257451631,0.297452387,0.328187101,0.347483698,0.333941294,0.270549143,0.179744267,0.078683817,0.051852705,-0.066895609,-0.170369338,-0.083552225,-0.044075955,
United States,USA,Population growth (annual %),SP.POP.GROW,,1.657730037,1.537997358,1.439164762,1.389046055,1.250171646,1.154893191,1.088881207,0.998461044,0.977242812,1.165002667,1.264333692,1.070522752,0.954476729,0.913660196,0.985986067,0.950220049,1.005771996,1.05957308,1.103576565,0.959589923,0.981415437,0.953317566,0.914378513,0.865817336,0.886129041,0.924164157,0.893829201,0.90799904,0.944405555,1.12965052,1.336260741,1.386885692,1.31868,1.226296089,1.190787091,1.16341162,1.203960297,1.165714526,1.148340047,1.112768997,0.989741382,0.927797486,0.859481713,0.925483969,0.921713167,0.964253917,0.951055243,0.945865287,0.876651299,0.846129866,0.792394333,0.798382901,0.756560083,0.796023798,0.797904713,0.785625486,0.692906253,0.586433075,0.515108555,0.408427567,0.157317409,0.57574452,0.831493188,0.976421685,
Uzbekistan,UZB,Population growth (annual %),SP.POP.GROW,,3.690325139,3.876325381,3.853668811,3.789021574,3.738456215,3.63815746,3.531755551,3.439269773,3.307544259,3.103860402,2.922808565,2.877689805,2.893456016,2.90314673,2.906178862,2.89977165,2.888190456,2.789057536,2.658912971,2.622768414,2.622778169,2.63235738,2.671113729,2.744317961,2.816833396,2.869059373,2.863901589,2.764178729,2.619732195,2.412318764,2.404072576,2.460452049,2.313559724,2.138766231,2.002222861,1.877712558,1.727790258,1.570040483,1.403324513,1.262812829,1.215913896,1.226774691,1.218060273,1.229575816,1.250819833,1.289477623,1.402030004,1.534792814,1.603935175,1.584336078,1.530181685,1.510595144,1.567055601,1.664603832,1.726570034,1.725621509,1.694424895,1.727068824,1.809744429,1.868306716,1.938209992,2.009990647,2.02114614,1.970653837,
St. Vincent and the Grenadines,VCT,Population growth (annual %),SP.POP.GROW,,1.740931329,1.578256507,1.46453155,1.375447999,1.304010154,1.229664798,1.157830362,1.067049917,0.988479407,0.948588952,0.941739831,0.943180287,0.917143455,0.872654304,0.831241689,0.803639534,0.789389717,0.757912347,0.681689694,0.707785189,0.821846507,0.849125182,0.816706998,0.791520273,0.757659978,0.71170756,0.656691007,0.595490727,0.553329038,0.484123518,0.366016281,0.255416615,0.200671339,0.162195974,0.114176987,0.06367005,0.019446654,0.034464323,0.164205099,0.157771141,-0.038758666,-0.135773755,-0.181908142,-0.270825386,-0.341789622,-0.388481492,-0.432128432,-0.452015741,-0.469450523,-0.498034749,-0.556296691,-0.562167608,-0.554247952,-0.556407055,-0.536144318,-0.572879411,-0.64713544,-0.69994445,-0.725995929,-0.617259162,-0.663868269,-0.776041418,-0.711025816,-0.700214311,
"Venezuela, RB",VEN,Population growth (annual %),SP.POP.GROW,,3.561099816,3.497233868,3.447430542,3.402296944,3.356221448,3.3169385,3.274128422,3.220417999,3.153752915,3.099132594,3.054594224,3.005001069,2.966965974,2.939581959,2.921688379,2.911170002,2.901203786,2.884236431,2.857290741,2.815918872,2.773303342,2.732570685,2.694630884,2.660997543,2.626140993,2.612003189,2.596216763,2.555053484,2.500924367,2.440849387,2.381688971,2.317456619,2.253297321,2.19027461,2.134159206,2.088058246,2.050882344,2.010004027,1.952133331,1.893794996,1.830973595,1.80801767,1.780863266,1.715931898,1.675153514,1.625208955,1.547855449,1.451769827,1.361636986,1.309342169,1.283196309,1.25510683,1.205314613,1.136466129,1.051804041,0.625202437,-0.653495207,-2.51030049,-2.960412931,-1.721904777,-0.727752243,-0.087895947,0.310851369,0.369232131,
British Virgin Islands,VGB,Population growth (annual %),SP.POP.GROW,,1.051060727,0.447094634,0.54374825,0.663311608,1.083724457,1.871680313,2.731865768,4.012779109,5.753488618,4.110308372,1.617770453,1.377296735,1.281446523,1.217598092,1.061621345,0.96646307,0.846162471,0.793142588,0.723082186,1.493578342,3.08751138,3.778227165,3.697263567,3.573226509,3.442403606,3.386135693,3.352749562,3.366668308,3.349274878,3.393668501,3.029299398,2.477246873,2.358515612,2.424889857,2.462815278,2.474729774,2.532327633,2.53737885,2.52528303,2.556993028,2.705041021,3.003114896,3.232307836,3.319198401,3.369029151,3.439019908,3.50223322,3.570286665,3.476595784,1.665095946,3.671601554,5.538626515,4.377955434,3.894406918,4.554596853,-1.813551518,-3.542133977,5.815522904,4.893167714,2.012851855,1.79872484,1.339868721,1.723110003,1.238926829,
Virgin Islands (U.S.),VIR,Population growth (annual %),SP.POP.GROW,,5.390526484,2.020270732,12.85188508,2.481516912,6.407885668,6.021885999,6.087923671,12.61211121,7.93519568,5.132977797,11.11302775,7.312976514,9.733431421,6.689766126,4.927660819,1.764535685,-3.129595483,2.882842449,0.264429237,3.527091819,0.217555941,0.215085041,0.279418991,0.250811287,0.158919382,0.081348404,0.058490259,0.050531824,0.088121871,2.850869155,0.808549694,0.859785174,0.815869616,0.691927808,0.464823089,0.256584969,0.242086123,0.165979733,0.057107068,0.039587371,-0.085638913,-0.036856509,-0.003686398,-0.035949505,-0.011986041,-0.077482916,-0.0295331,0.05536741,0.006457535,-0.043365735,-0.06185177,-0.094235911,-0.135966982,-0.14727475,-0.157703865,-0.182132487,-0.218811337,-0.261338012,-0.310759833,-0.355937434,-0.395928119,-0.43259582,-0.471640678,-0.516021671,
Viet Nam,VNM,Population growth (annual %),SP.POP.GROW,,2.660492996,2.598468009,2.762825454,2.666226931,2.531370871,2.382352178,2.262823929,2.135480668,2.110441297,2.176939745,2.321347568,2.282143185,2.233025027,2.234869304,2.327433515,2.553086847,2.628345812,2.610273732,2.22125406,2.141042736,2.349841067,2.341540861,2.382944209,2.399445449,2.320209262,2.154762376,2.030063573,2.023051321,2.053956898,2.093688681,2.095637847,2.025286559,1.924003555,1.80580242,1.673254947,1.524076786,1.452621242,1.434914955,1.303284915,1.129509842,1.051237474,1.024450559,0.999847905,0.969589432,0.928402391,1.322583364,1.767798458,1.827455213,1.496487238,1.144402597,1.151834061,1.170987408,1.180297555,1.214234636,1.239754031,1.259883665,1.244204736,1.107913952,0.968366699,0.927434296,0.868883561,0.750756665,0.671429251,0.631267006,
Vanuatu,VUT,Population growth (annual %),SP.POP.GROW,,2.805187955,2.841649719,2.870083434,2.893907435,2.918809714,2.957525361,2.998083221,2.987085132,2.957766696,2.953967554,2.964905862,2.993173388,3.012211129,3.024935524,3.046876944,3.063232677,3.076345183,3.089159256,2.75977928,2.291311435,2.213771795,2.328718929,2.418567647,2.477954963,2.522418317,2.547889231,2.559689706,2.568293627,2.551085394,2.509911004,2.487989173,2.482227371,2.447189609,2.386280769,2.31391073,2.232911779,2.150359094,2.089388892,2.072995553,2.298589779,2.517943218,2.49797167,2.462499211,2.443184382,2.424777418,2.420181731,2.448892846,2.508097161,2.539151745,2.342886778,2.169801269,2.197274588,2.224720006,2.237417559,2.22716538,2.224593213,2.332132561,2.395434581,2.330489157,2.326611311,2.318509214,2.319650826,2.324816009,2.273519443,
World,WLD,Population growth (annual %),SP.POP.GROW,,1.356155386,1.767127905,2.116767043,2.088245241,2.062226411,2.089783322,2.042335003,2.051319077,2.077344478,2.080220101,2.097734569,1.997489779,1.978555015,1.930226594,1.858002018,1.797786948,1.754454696,1.753903187,1.773065928,1.762934818,1.771737459,1.812441743,1.796668214,1.759301875,1.761559871,1.777054423,1.792743046,1.777155901,1.752866597,1.74350564,1.670166409,1.631378624,1.587706387,1.534933537,1.504369128,1.489917949,1.463692261,1.437932079,1.397656407,1.364048959,1.341651628,1.311506191,1.290605266,1.286888423,1.271333394,1.271347927,1.260975128,1.267407365,1.252288603,1.216836916,1.218794193,1.259254443,1.231951431,1.206251795,1.184265557,1.165000122,1.131110833,1.080361054,1.043933487,0.981789958,0.833796684,0.86776286,0.928305595,0.959548936,
Samoa,WSM,Population growth (annual %),SP.POP.GROW,,2.637156852,2.649529381,2.635355395,2.538063246,2.43929966,2.389604575,2.032263329,1.672488055,1.613873345,1.555482439,1.486756053,1.417939664,1.359218875,1.970011032,2.584901579,2.428152807,1.666358075,1.010197674,0.92951631,0.880190521,0.821822807,0.485306316,0.138056073,0.049173939,0.031770295,0.126980341,0.358506846,0.407730166,0.250360543,0.162221403,0.192665761,0.566974044,0.843605652,0.803058822,0.812128813,0.85557871,0.834803982,0.76195761,0.76285241,0.779095553,0.811842716,0.709942406,0.518518278,0.440703578,0.390647476,0.390192842,0.554639075,0.71477895,0.736861989,0.785366135,0.871732675,0.91255736,0.89673977,0.888269859,0.868555728,0.847318415,0.93712322,1.049411926,1.05329202,1.02627263,0.862068229,0.690847424,0.649190563,0.623906395,
Kosovo,XKX,Population growth (annual %),SP.POP.GROW,,2.662626796,2.492743933,2.456394369,2.557771622,2.705330207,2.852943944,2.998276512,2.210113377,1.410844494,1.458703059,1.860532797,2.21853269,2.248461927,2.371562868,2.503962125,2.626321002,2.72085644,2.794973533,2.830975172,2.846108104,2.568094522,2.1985244,2.120869723,2.161897721,2.206777392,2.254657177,2.346699352,1.963589475,1.472871994,1.400538029,1.586904072,1.698942123,1.602072206,1.560233856,1.520639657,1.450887648,1.306970423,-5.535235952,-10.51166205,-3.758236554,0.967073946,0.518048843,-0.165650264,-0.2006464,-0.242727165,-0.290519126,-0.330647483,-0.345681218,-0.343592773,-0.331415174,0.179071579,0.843388369,0.606471215,-0.293645848,-1.361508282,-0.600477092,0.753859368,0.338173258,-0.457058942,0.070409906,-0.227725944,-1.011945301,-4.952263242,-5.391261766,
"Yemen, Rep.",YEM,Population growth (annual %),SP.POP.GROW,,2.197731134,2.220673056,2.204999542,2.289077058,2.410960192,2.485182797,2.563876756,2.636336855,2.732438427,2.71759246,2.683767514,2.753434852,2.811655665,2.877437524,2.954792274,3.033522146,3.101514514,3.168026428,3.279579988,3.40156003,3.490613687,3.564830496,3.648029766,3.73394149,3.810416582,3.830205591,3.864128114,3.883194009,3.847853198,3.843767677,3.830808077,3.80262537,3.760547383,3.69122014,3.593729887,3.366335807,3.187567446,3.150468724,3.113795308,3.077428936,3.021568132,2.966221921,2.93835979,2.933690639,3.096667613,3.250648886,3.238812704,3.212328121,3.196935086,3.138563898,3.049744684,3.037729069,3.045626871,3.068323795,3.040258732,3.00213847,3.012227862,2.960378966,2.966334752,2.873204148,2.74426153,2.873343585,3.009807657,2.982103969,
South Africa,ZAF,Population growth (annual %),SP.POP.GROW,,2.806110087,2.974517009,3.031022163,3.054030725,3.074750777,3.098315165,3.119824138,3.117286155,3.088611436,3.031616851,2.928682802,2.86717848,2.859292219,2.819981799,2.769835063,2.705324625,2.704117244,2.730033281,2.706732847,3.042879894,3.404220441,3.457093033,3.493389911,3.462593507,3.334774763,3.197071823,3.117451078,3.046026653,2.939495739,2.781380372,2.284661819,1.79631209,1.99129598,1.619674612,1.213885353,1.296994204,1.197989573,1.212415869,1.089697786,0.914659168,0.859492168,0.94703694,0.996556488,1.007422797,1.012609462,1.021724907,1.055065112,1.153095517,1.193904507,1.18290957,1.236314587,1.474794344,1.652651995,1.661445407,2.009888402,0.940521898,0.653837463,1.68236992,1.649574955,1.622164314,1.540557438,1.41397228,1.328100941,1.249514261,
Zambia,ZMB,Population growth (annual %),SP.POP.GROW,,3.132587525,3.14636026,3.15993188,3.1554854,3.166239713,3.19631628,3.209734692,3.230749212,3.183801094,2.925538563,2.756990011,2.813908148,2.877333338,2.934659187,2.997122887,3.034712698,3.037436458,3.025791914,2.998376745,2.992992434,3.062417019,3.212728022,3.223308306,3.07784306,3.00084419,2.985791212,2.889389437,2.745311486,2.640571837,2.562066231,2.479620243,2.414104325,2.383603333,2.387673685,2.413360002,2.454223884,2.554916868,2.621431447,2.680333855,2.810500956,3.02394158,3.078123509,3.103550452,3.177458317,3.301863201,3.444886034,3.52770643,3.566638552,3.538918466,3.461922742,3.325275684,3.242600262,3.202688457,3.172203429,3.120137279,3.094090541,3.067541377,3.006018618,2.961621662,2.904164937,2.815342406,2.76365043,2.794067587,2.811822585,
Zimbabwe,ZWE,Population growth (annual %),SP.POP.GROW,,3.127264747,3.144570146,3.152908218,3.154055121,3.154707237,3.151697021,3.146729974,3.153686354,3.16819355,3.070817114,2.998988754,3.073074796,3.160369313,3.23234488,3.170586591,3.043196342,2.550375864,1.447918317,1.576561612,5.754396995,6.292776571,3.895339801,3.799260324,3.555085352,3.458826988,3.348079489,3.307492914,3.163865169,2.897215848,2.724715342,2.604895963,2.82272702,1.461678741,0.118343013,0.928715709,1.660557204,1.877409942,1.955024712,1.618334425,0.917384655,0.669179058,0.962219774,1.189735602,1.086048652,0.945996419,1.218277402,1.317705277,1.203987326,1.40712941,1.61334322,1.772651405,1.623064676,1.407921698,1.371694053,1.339959276,1.388200293,1.442853821,1.487416378,1.563533516,1.659352809,1.726011143,1.706209286,1.677095914,1.780482298,